{"type":"FeatureCollection","features":[{"type":"Feature","id":"02013","properties":{"name":"Aleutians East","county_fips":"02013","state_abbr":"AK"},"geometry":{"type":"MultiPolygon","coordinates":[[[[-159.32007998299983,54.89727262661626],[-159.32366927699275,54.92819877547774],[-159.27700845508454,54.948816208052065],[-159.20522257522575,54.927339715787156],[-159.2375262211622,54.87665519404193],[-159.30572280702805,54.86376929868298],[-159.32007998299983,54.89727262661626]]],[[[-159.46006244872447,54.948816208052065],[-159.41699092080918,55.02183628175281],[-159.45647315473153,55.06135302752027],[-159.3452050409504,55.059634908139074],[-159.33084786497864,54.97458799876998],[-159.42775880278802,54.9419437305273],[-159.46006244872447,54.948816208052065]]],[[[-159.58568773847736,54.827688791677915],[-159.51031256462562,54.78903110560104],[-159.51390185861857,54.75982307612075],[-159.5964556204562,54.75638683735836],[-159.58568773847736,54.827688791677915]]],[[[-159.6610629123291,55.1902119811098],[-159.60004491444914,55.172171727607264],[-159.58209844448444,55.214265652446514],[-159.52108044660446,55.25378239821397],[-159.50313397663976,55.23488308502084],[-159.53184832858327,55.18505762296623],[-159.4995446826468,55.17388984698846],[-159.49595538865387,55.1360912206022],[-159.53184832858327,55.08368857947579],[-159.48518750667506,55.05791678875788],[-159.51031256462562,55.04159465463654],[-159.5713305625056,55.06049396782967],[-159.5785091504915,55.04245371432714],[-159.6502950303503,55.049326191851904],[-159.6610629123291,55.1902119811098]]],[[[-159.81899184801847,54.820816314153134],[-159.74361667416673,54.84229280641806],[-159.7041344402444,54.81652101570015],[-159.77592032010318,54.794185463744626],[-159.81899184801847,54.820816314153134]]],[[[-159.84770619996198,55.05533960968609],[-159.81540255402552,55.08884293761936],[-159.7328487921879,55.124064384933845],[-159.71490232222322,55.09313823607235],[-159.79745608406083,55.06049396782967],[-159.82975972999728,55.010668505775044],[-159.84770619996198,55.05533960968609]]],[[[-160.11331395543954,55.333674949439484],[-160.0630638395384,55.343124606036056],[-160.0451173695737,55.307044099030975],[-160.11331395543954,55.333674949439484]]],[[[-160.24970712717126,54.929916894858934],[-160.13126042540424,55.014104744537434],[-160.07742101551014,55.03729935618355],[-160.09536748547484,55.052762430614294],[-160.17433195331952,55.052762430614294],[-160.18868912929128,55.11805096709966],[-160.1097246614466,55.16100395162951],[-160.01281372363724,55.12320532524325],[-160.01640301763015,55.155849593485925],[-160.0630638395384,55.20052069739697],[-159.9553850197502,55.1893529214192],[-159.89077772787726,55.287285726147246],[-159.84770619996198,55.26752735326352],[-159.85488478794787,55.23058778656785],[-159.88718843388432,55.22886966718666],[-159.90513490384902,55.1644401903919],[-159.86206337593376,55.148977115961145],[-159.86206337593376,55.17732608575085],[-159.81540255402552,55.17818514544145],[-159.82975972999728,55.12664156400564],[-159.86924196391962,55.094856355453544],[-159.9482064317643,55.105165071740714],[-159.95179572575725,55.066507385663854],[-160.05229595755958,55.00551414763147],[-160.11690324943248,54.98489671505715],[-160.22817136321362,54.86376929868298],[-160.24970712717126,54.929916894858934]]],[[[-160.34661806498065,55.426453396023945],[-160.26765359713596,55.462533903029026],[-160.13843901339013,55.45050706736066],[-160.14202830738307,55.38350041149411],[-160.32149300703006,55.39380912778127],[-160.34661806498065,55.426453396023945]]],[[[-160.8562978119781,55.31821187500874],[-160.79886910809108,55.381782292112916],[-160.70913675826756,55.40325878437784],[-160.64452946639466,55.38350041149411],[-160.65170805438052,55.343983665726654],[-160.61581511445112,55.34827896417963],[-160.57274358653586,55.38865476963768],[-160.51890417664174,55.36116485953859],[-160.42558253282533,55.33882930758307],[-160.33226088900886,55.36030579984799],[-160.3071358310583,55.3036078602686],[-160.33943947699476,55.252064278832776],[-160.3896895928959,55.28642666645666],[-160.4686540607406,55.28900384552844],[-160.51890417664174,55.30876221841217],[-160.52967205862058,55.343124606036056],[-160.56556499854997,55.332815889748886],[-160.56556499854997,55.2735407710977],[-160.52608276462763,55.256359577285764],[-160.4866005307053,55.18162138420384],[-160.52608276462763,55.130077802768014],[-160.65529734837347,55.16014489193891],[-160.69119028830286,55.210829413684124],[-160.7557975801758,55.19536633925338],[-160.8204048720487,55.11805096709966],[-160.80604769607694,55.167876429154276],[-160.84194063600634,55.204815995849955],[-160.84194063600634,55.294158203672026],[-160.8562978119781,55.31821187500874]]],[[[-161.42699555685556,55.216842831518306],[-161.33008461904618,55.2194200105901],[-161.34444179501793,55.15842677255772],[-161.43776343883437,55.19880257801577],[-161.42699555685556,55.216842831518306]]],[[[-161.69260331233312,55.217701891208904],[-161.65671037240372,55.24433274161741],[-161.52749578865786,55.25120521914218],[-161.55979943459434,55.207393174921734],[-161.69260331233312,55.19880257801577],[-161.69260331233312,55.217701891208904]]],[[[-161.90437165791656,55.117191907409065],[-161.8900144819448,55.16100395162951],[-161.82899648406482,55.17818514544145],[-161.73926413424132,55.16186301132011],[-161.69619260632606,55.136950280292794],[-161.57056731657315,55.10086977328773],[-161.5490315526155,55.06564832597326],[-161.65671037240372,55.10344695235952],[-161.73926413424132,55.05448054999549],[-161.83976436604365,55.11805096709966],[-161.879246599966,55.085406698856985],[-161.90437165791656,55.117191907409065]]],[[[-162.43558716887168,54.92905783516834],[-162.3279083490835,54.985755774747744],[-162.23458670526705,54.962561163101626],[-162.23458670526705,54.891259208782074],[-162.2740689391894,54.84572904518045],[-162.3207297610976,54.827688791677915],[-162.41764069890698,54.87751425373253],[-162.43558716887168,54.92905783516834]]],[[[-162.83399880208802,54.45056158750586],[-162.83040950809507,54.494373631726305],[-162.58633751657516,54.44798440843408],[-162.5181409307093,54.41448108050079],[-162.42481928689284,54.41448108050079],[-162.36021199501994,54.39042740916409],[-162.43199787487873,54.37066903628035],[-162.46789081480813,54.34232006649066],[-162.5468552826528,54.37668245411453],[-162.6078732805328,54.368950916899166],[-162.71914139431394,54.400736125451246],[-162.78374868618684,54.37582339442393],[-162.86271315403152,54.42478979678796],[-162.83399880208802,54.45056158750586]]],[[[-163.17139243742437,55.42903057509574],[-163.1211423215232,55.42817151540514],[-163.1390887914879,55.39552724716246],[-163.17139243742437,55.42903057509574]]],[[[-164.865539202092,54.20658863537635],[-164.82246767417672,54.22548794856948],[-164.76503897028968,54.21002487413874],[-164.84041414414142,54.178239665586645],[-164.865539202092,54.20658863537635]]],[[[-158.89295399783998,56.80610325912258],[-158.89295399783998,56.75455967768677],[-159.05088293352932,56.75455967768677],[-159.05088293352932,56.66779464893648],[-159.27700845508454,56.66779464893648],[-159.27700845508454,56.581029620186186],[-159.5892770324703,56.581029620186186],[-159.5892770324703,56.49426459143591],[-159.9015456098561,56.49426459143591],[-159.9015456098561,56.32073453393534],[-159.80463467204672,56.32073453393534],[-159.80463467204672,55.97367441893418],[-159.86924196391962,55.97367441893418],[-159.86924196391962,55.88690939018389],[-159.5605626805268,55.88690939018389],[-159.55697338653385,55.63864113960139],[-159.61799138441384,55.59568815507154],[-159.7328487921879,55.56991636435363],[-159.72567020420203,55.61458746826467],[-159.63952714837149,55.61802370702706],[-159.6431164423644,55.652386094650936],[-159.6790093822938,55.655822333413326],[-159.67183079430794,55.75117795906958],[-159.607223502435,55.81303025679256],[-159.71131302823028,55.84653358472583],[-159.81181326003258,55.856842301013],[-159.8584740819408,55.84137922658226],[-159.84770619996198,55.8027215405054],[-159.89077772787726,55.784681287002854],[-159.9374385497855,55.803580600196],[-160.027170899609,55.79241282421823],[-160.05947454554544,55.72196992958929],[-160.18509983529833,55.65839951248512],[-160.27842147911477,55.64121831867318],[-160.41122535685355,55.665271990009884],[-160.4327611208112,55.640359258982585],[-160.39327888688885,55.60256063259632],[-160.46506476674764,55.532976797657966],[-160.46147547275473,55.50634594724946],[-160.53685064660647,55.47456073869738],[-160.57992217452173,55.56476200621006],[-160.61581511445112,55.57592978218781],[-160.6660652303523,55.544144573635734],[-160.70554746427462,55.556171409304085],[-160.77015475614755,55.529540558895576],[-160.6588866423664,55.51837278291782],[-160.6660652303523,55.459956723957234],[-160.78092263812636,55.45136612705126],[-160.8383513420134,55.47284261931618],[-160.8204048720487,55.50634594724946],[-160.86706569395693,55.52696337982378],[-160.94603016180162,55.50806406663065],[-161.01422674766746,55.43074869447693],[-161.2331736812368,55.3577286207762],[-161.32649532505323,55.359446740157395],[-161.36597755897557,55.38435947118471],[-161.459299202792,55.359446740157395],[-161.50596002470024,55.362882978919785],[-161.47006708477085,55.4968962906529],[-161.36597755897557,55.579366020950204],[-161.36238826498263,55.61888276671766],[-161.41622767487672,55.63262772176721],[-161.52749578865786,55.63090960238601],[-161.61363884448843,55.6059968713587],[-161.69978190031898,55.51923184260842],[-161.68542472434723,55.40841314252141],[-161.82899648406482,55.288144785837844],[-161.8541215420154,55.27783606955069],[-161.90437165791656,55.204815995849955],[-161.9797468317683,55.23574214471144],[-162.04794341763417,55.22543342842428],[-162.00128259572594,55.16959454853547],[-161.96538965579654,55.15499053379533],[-161.9618003618036,55.10688319112191],[-162.0515327116271,55.07423892287922],[-162.11972929749297,55.10258789266892],[-162.11972929749297,55.14124557874578],[-162.17715800138,55.15413147410473],[-162.2238188232882,55.10258789266892],[-162.18792588335882,55.06049396782967],[-162.2489438812388,55.02011816237162],[-162.29919399713995,55.043312774017735],[-162.41405140491403,55.036440296492955],[-162.47148010880107,55.0519033709237],[-162.52173022470222,55.11547378802787],[-162.40687281692817,55.120628146171455],[-162.4822479907799,55.16100395162951],[-162.51096234272342,55.25034615945158],[-162.58633751657516,55.298453502125014],[-162.6258197504975,55.3044669199592],[-162.68324845438454,55.27611795016949],[-162.71914139431394,55.2202790702807],[-162.69401633636335,55.19708445863458],[-162.6437662204622,55.19708445863458],[-162.57915892858927,55.136950280292794],[-162.6186411625116,55.09743353452534],[-162.56839104661046,55.01582286391863],[-162.56839104661046,54.97115176000759],[-162.64735551445514,54.9969235507255],[-162.71914139431394,54.98060141660416],[-162.7083735123351,54.95826586464864],[-162.7693915102151,54.93249407393073],[-162.83399880208802,54.92648065609656],[-162.91296326993267,54.95053432743326],[-162.97039197381972,55.001218849178485],[-162.95603479784796,55.03214499803997],[-163.0026956197562,55.0802523407134],[-163.07807079360794,55.11203754926548],[-163.18933890738907,55.090561057000556],[-163.22523184731847,55.04245371432714],[-163.0493564416644,54.96943364062639],[-163.03499926569265,54.9428027902179],[-163.21446396533963,54.84744716456164],[-163.3006070211702,54.829406911059095],[-163.372392901029,54.801057941269406],[-163.31496419714196,54.75295059859597],[-163.21805325933258,54.75466871797717],[-163.18574961339613,54.775286150551494],[-163.10678514555144,54.73233316602165],[-163.0601243236432,54.66103121170211],[-163.15344596745967,54.666185569845695],[-163.12473161551614,54.69539359932598],[-163.18574961339613,54.70054795746957],[-163.22164255332552,54.67649428613285],[-163.27907125721256,54.69539359932598],[-163.34008925509255,54.748655300143],[-163.42982160491604,54.71515197220971],[-163.42264301693015,54.655876853558524],[-163.48725030880308,54.65501779386793],[-163.58775054060538,54.61206480933808],[-163.67030430244301,54.627527883768835],[-163.8031081801818,54.636118480674796],[-163.96462640986408,54.63182318222181],[-164.08666240562405,54.61979634655346],[-164.2338234593346,54.585433958929585],[-164.33791298512983,54.5244407208972],[-164.3522701611016,54.46516560224602],[-164.45635968689686,54.41963543864438],[-164.6394136805368,54.39128646885467],[-164.74350320633204,54.393863647926466],[-164.84400343813437,54.41791731926318],[-164.87630708407082,54.443689109981094],[-164.9086107300073,54.50725952708527],[-164.9445036699367,54.533031317803164],[-164.94809296392964,54.580279600786],[-164.9193786119861,54.60519233181331],[-164.76144967629676,54.64041377912778],[-164.71119956039558,54.66189027139271],[-164.62864579855798,54.75638683735836],[-164.5604492126921,54.85088340332402],[-164.56403850668505,54.87579613435133],[-164.48507403884037,54.92218535764357],[-164.43482392293922,54.933353133621324],[-164.34509157311572,54.89383638785387],[-164.208698401384,54.927339715787156],[-164.1189660515605,54.96943364062639],[-164.029233701737,54.96943364062639],[-163.89642982399823,55.03901747556475],[-163.77439382823826,55.056198669376684],[-163.64517924449243,55.04417183370833],[-163.5339111307113,55.048467132161306],[-163.53032183671834,55.01668192360923],[-163.42982160491604,54.95482962588625],[-163.39751795897956,54.90242698475984],[-163.4154644289443,54.859474000229994],[-163.3185534911349,54.88009143280432],[-163.3472678430784,54.92476253671536],[-163.34008925509255,54.95654774526744],[-163.23241043530433,54.93077595454953],[-163.28624984519843,54.96685646155461],[-163.27907125721256,55.033004057730565],[-163.31496419714196,55.12664156400564],[-163.20010678936788,55.166158309773095],[-163.10678514555144,55.18419856327563],[-162.95603479784796,55.171312667916666],[-162.88065962399622,55.18333950358503],[-162.84476668406683,55.24261462223622],[-162.90219538795387,55.24605086099861],[-162.8878382119821,55.27010453233531],[-162.82323092010918,55.278695129241285],[-162.79810586215862,55.31133939748396],[-162.7334985702857,55.30790315872157],[-162.64017692646925,55.39295006809067],[-162.62940904449044,55.36546015799158],[-162.57556963459632,55.34827896417963],[-162.50019446074458,55.38951382932828],[-162.5181409307093,55.46081578364783],[-162.5899268105681,55.453084246432454],[-162.49301587275872,55.51150030539304],[-162.26330105721055,55.688466601656],[-162.14485435544356,55.733137705567046],[-162.06230059360593,55.78639940638405],[-161.99410400774008,55.79756718236182],[-161.8971930699307,55.833647689366884],[-161.8074607201072,55.89206374832747],[-161.71054978229782,55.904090583995824],[-161.58492449254493,55.93759391192911],[-161.45212061480615,55.95477510574105],[-161.1326734494345,56.01490928408283],[-161.02499462964627,56.007177746867455],[-160.98910168971688,56.02264082129821],[-160.8275834600346,56.026936119751184],[-160.7916905201052,56.01834552284522],[-160.863476399964,55.995150911199104],[-160.86706569395693,55.95477510574105],[-160.81681557805575,55.953056986359854],[-160.8275834600346,55.910963061520604],[-160.93167298582983,55.89549998708986],[-160.94244086780867,55.82247991338913],[-160.80604769607694,55.73829206371063],[-160.7665654621546,55.75719137690376],[-160.66965452434522,55.72368804897049],[-160.65529734837347,55.740010183091826],[-160.75938687416874,55.78554034669345],[-160.77015475614755,55.8585604203942],[-160.7916905201052,55.88605033049329],[-160.69836887628875,55.86199665915659],[-160.49377911869118,55.86457383822837],[-160.4686540607406,55.79069470483704],[-160.386100298903,55.79670812267122],[-160.29277865508655,55.76578197380972],[-160.26765359713596,55.784681287002854],[-160.3179037130371,55.81904367462674],[-160.22099277522773,55.83192956998569],[-160.42199323883239,55.90838588244881],[-160.53685064660647,55.93931203131031],[-160.53326135261352,55.98913749336492],[-160.59069005650056,55.98312407553075],[-160.4507075907759,56.12572798416983],[-160.3968681808818,56.23139232611325],[-160.35738594695945,56.279499668786684],[-160.27483218512185,56.31729829517295],[-160.145617601376,56.39976802547025],[-160.08101030950309,56.410935801448005],[-159.9374385497855,56.47450621855218],[-159.82975972999728,56.54409005349052],[-159.5354376225762,56.626559783787826],[-159.38827656886568,56.690130200892],[-159.2626512791128,56.723633528825275],[-159.01857928759287,56.814693856028555],[-158.95756128971288,56.85077436303362],[-158.89295399783998,56.80610325912258]]],[[[-165.22087930739306,54.10178335312352],[-165.14191483954838,54.130991382603824],[-165.02346813778138,54.12154172600725],[-164.9373250819508,54.13700480043799],[-164.9193786119861,54.116387367863666],[-164.95168225792256,54.077729681786806],[-165.045003901739,54.06656190580905],[-165.21370071940717,54.08975651745517],[-165.22087930739306,54.10178335312352]]],[[[-165.48289776887768,54.075152502715014],[-165.26754012930127,54.09576993528934],[-165.23523648336482,54.065702846118455],[-165.2890758932589,54.03821293601935],[-165.33573671516714,54.06999814457144],[-165.4577727109271,54.06656190580905],[-165.48289776887768,54.075152502715014]]],[[[-165.57621941269412,54.04164917478174],[-165.51520141481413,54.06656190580905],[-165.49007635686357,54.035635756947556],[-165.55468364873647,54.023608921279205],[-165.57621941269412,54.04164917478174]]],[[[-165.6838982324823,54.249541619906196],[-165.6372374105741,54.297648962579615],[-165.58698729467292,54.284763067220666],[-165.52238000280002,54.30022614165141],[-165.47930847488473,54.282185888148874],[-165.55827294272942,54.25383691835917],[-165.51161212082118,54.21260205321052],[-165.403933301033,54.21260205321052],[-165.40034400704005,54.17738060589605],[-165.48289776887768,54.17995778496784],[-165.5475050607506,54.11209206941068],[-165.6300588225882,54.132709501985005],[-165.6372374105741,54.19971615785157],[-165.57980870668706,54.22978324702247],[-165.6121123526235,54.246964440834404],[-165.66954105651055,54.22892418733187],[-165.6838982324823,54.249541619906196]]],[[[-166.10025633566335,54.14387727796277],[-166.08230986569865,54.174803426824255],[-165.98180963389632,54.22119265011649],[-165.87413081410813,54.21603829197291],[-165.86336293212932,54.166212829918294],[-165.7915770522705,54.17136718806188],[-165.74132693636935,54.158481292702916],[-165.71261258442584,54.120682666316654],[-165.6659517625176,54.13185044229441],[-165.6731303505035,54.09662899497994],[-165.76645199431994,54.065702846118455],[-165.80952352223522,54.075152502715014],[-165.87413081410813,54.036494816638154],[-165.89566657806577,54.06054848797487],[-165.98539892788926,54.06140754766547],[-166.04641692576925,54.04422635385353],[-166.11102421764215,54.12240078569785],[-166.10025633566335,54.14387727796277]]],[[[-166.19716727347273,53.984951235202345],[-166.17204221552214,53.997837130561294],[-166.07513127771276,53.969488160771604],[-166.18998868548684,53.96003850417503],[-166.19716727347273,53.984951235202345]]]]}},{"type":"Feature","id":"02016","properties":{"name":"Aleutians West","county_fips":"02016","state_abbr":"AK"},"geometry":{"type":"MultiPolygon","coordinates":[[[[179.4841478925789,51.98248309642095],[179.5272194204942,51.98076497703977],[179.57029094840948,52.010832066210654],[179.6636125922259,52.022858901879005],[179.77488070600702,51.9704562607526],[179.74257706007057,51.91204020179201],[179.65643400424,51.87595969478694],[179.6133624763247,51.871664396333955],[179.52363012650125,51.89657712736127],[179.4841478925789,51.92148985838857],[179.4841478925789,51.98248309642095]]],[[[178.62630662826626,51.637141100801],[178.64425309823093,51.65775853337533],[178.7375747420474,51.632845802348015],[178.80577132791325,51.63542298141981],[178.9026822657226,51.61480554884548],[178.91703944169439,51.58817469843697],[179.00318249752496,51.552094191431905],[179.10009343533432,51.48508753556534],[179.18982578515784,51.462751983609834],[179.22930801908018,51.413785581245804],[179.3872369547695,51.40433592464923],[179.46261212862123,51.37598695485954],[179.39800483674833,51.3596648207382],[179.36570119081188,51.371691656406554],[179.26161166501663,51.35794670135701],[179.2077722551225,51.39316814867148],[179.06061120141197,51.45502044639446],[178.95293238162378,51.54178547514475],[178.8452535618356,51.578725041840414],[178.78423556395563,51.571852564315634],[178.70527109611095,51.59332905658056],[178.62630662826626,51.637141100801]]],[[[178.44684192861928,51.978187797967976],[178.47914557455573,51.987637454564535],[178.55093145441452,51.97389249951499],[178.59041368833687,51.945543529725285],[178.5401635724357,51.903449604886035],[178.5042706325063,51.90001336612366],[178.44684192861928,51.978187797967976]]],[[[178.23866287702873,51.82785235211351],[178.30685946289458,51.82183893427934],[178.38223463674632,51.764281935009336],[178.30327016890163,51.7771678303683],[178.23866287702873,51.82785235211351]]],[[[178.09509111731114,52.033167618166175],[178.1202161752617,52.052066931359306],[178.18123417314172,52.033167618166175],[178.1920020551205,52.00395958868587],[178.13098405724054,51.98677839487394],[178.09509111731114,52.033167618166175]]],[[[177.20494620706205,51.89657712736127],[177.29108926289263,51.91977173900739],[177.3449286727867,51.96272472353722],[177.48491113851134,51.98506027549274],[177.506446902469,52.03918103600036],[177.56387560635602,52.12165076629765],[177.60335784027836,52.137113840728404],[177.67514372013716,52.09244273681736],[177.63207219222187,52.064952826718255],[177.60335784027836,52.01598642435424],[177.53157196041957,51.9704562607526],[177.6069471342713,51.95499318632186],[177.6069471342713,51.92492609715096],[177.56028631236308,51.916335500245],[177.4095359646596,51.93093951498514],[177.34851796677964,51.90430866457663],[177.33416079080786,51.84417448623485],[177.29467855688551,51.845892605616044],[177.20494620706205,51.88025499323993],[177.20494620706205,51.89657712736127]]],[[[175.8733181356813,52.37077807657076],[175.96663977949777,52.35961030059299],[175.90203248762487,52.336415688946886],[175.8733181356813,52.37077807657076]]],[[[174.06790325723256,52.73501938538385],[174.14686772507724,52.72814690785907],[174.15763560705602,52.70581135590355],[174.0714925512255,52.7186972512625],[174.06790325723256,52.73501938538385]]],[[[173.95304584945848,52.75134151950519],[174.0032959653596,52.74446904198041],[174.0032959653596,52.719556310953095],[173.95304584945848,52.75134151950519]]],[[[173.8669027936279,52.775395190841905],[173.9386886734867,52.75220057919579],[173.8956171455714,52.75048245981459],[173.8669027936279,52.775395190841905]]],[[[173.35722304663045,52.40514046419463],[173.37875881058807,52.43177131460314],[173.44695539645392,52.45496592624926],[173.52950915829155,52.44981156810567],[173.622830802108,52.507368567375664],[173.76999185581855,52.51166386582865],[173.70897385793853,52.47730147820478],[173.69102738797386,52.445516269652686],[173.72692032790326,52.356174061830615],[173.65154515405152,52.356174061830615],[173.59052715617156,52.40084516574164],[173.46490186641864,52.384523031620304],[173.35722304663045,52.40514046419463]]],[[[172.45989954839547,52.92744875607755],[172.62859636606362,53.00132788946888],[172.74704306783065,53.010777546065455],[173.10597246712462,52.99359635225352],[173.21006199291992,52.939475591745904],[173.29620504875044,52.926589696386955],[173.42183033850336,52.845838085470845],[173.42900892648925,52.830375011040104],[173.30338363673633,52.823502533515324],[173.2280084628846,52.856146801758015],[173.16699046500463,52.795153563725634],[173.13468681906818,52.783985787747866],[172.99829364733642,52.79687168310683],[172.90497200352002,52.761650235792345],[172.8080610657106,52.78914014589145],[172.76498953779537,52.823502533515324],[172.75422165581654,52.877623294022925],[172.63936424804245,52.92573063669636],[172.51373895828954,52.90511320412203],[172.45989954839547,52.92744875607755]]],[[[-167.85183180421802,53.31574373622735],[-167.79081380633806,53.335502109111076],[-167.71184933849338,53.381032272712716],[-167.62211698866986,53.3853275711657],[-167.4893131109311,53.419689958789576],[-167.45700946499463,53.442884570435695],[-167.35650923319233,53.42484431693316],[-167.30625911729115,53.4411664510545],[-167.27754476534764,53.47896507744076],[-167.19858029750296,53.46264294331942],[-167.18781241552415,53.5244952410424],[-167.10166935969357,53.51504558444583],[-167.16268735757356,53.60610591164911],[-167.09090147771477,53.633595821748216],[-167.06218712577123,53.619850866698656],[-167.00834771587714,53.6353139411294],[-167.07295500775007,53.665381030300296],[-167.05859783177831,53.69888435823357],[-166.99757983389833,53.7186427311173],[-166.89349030810308,53.7177836714267],[-166.8611866621666,53.65936761246611],[-166.8073472522725,53.665381030300296],[-166.8324723102231,53.70833401483014],[-166.78581148831486,53.73496486523864],[-166.97604406994068,53.77534067069669],[-167.02629418584183,53.75730041719416],[-167.14115159361592,53.826884252132515],[-167.14115159361592,53.86640099789997],[-167.02988347983478,53.94543448943489],[-166.8791331321313,53.988387473964735],[-166.74991854838547,54.01587738406383],[-166.72838278442782,54.00299148870488],[-166.64582902259022,54.01415926468263],[-166.58840031870318,53.96003850417503],[-166.64582902259022,53.923957997169964],[-166.62070396463963,53.893890907999065],[-166.55968596675964,53.878427833568324],[-166.5094358508585,53.923957997169964],[-166.48790008690085,53.89560902738026],[-166.43406067700676,53.920521758407574],[-166.4376499709997,53.955743205722044],[-166.37304267912677,54.00986396622966],[-166.31920326923267,53.96003850417503],[-166.27972103531033,53.98237405613055],[-166.20793515545154,53.92911235531355],[-166.23664950739507,53.88100501264012],[-166.31920326923267,53.86983723666236],[-166.40534632506325,53.80970305832058],[-166.54891808478084,53.749568879978796],[-166.54173949679495,53.71606555204551],[-166.419703501035,53.762454775337744],[-166.21152444944448,53.81743459553594],[-166.19716727347273,53.836333908729074],[-166.11820280562804,53.855233221922205],[-166.09307774767746,53.83891108780087],[-166.11102421764215,53.77705879007789],[-166.1684529215292,53.73324674585746],[-166.26177456534563,53.704038716377156],[-166.28331032930328,53.68428034349343],[-166.4448285589856,53.64046829927298],[-166.55250737877378,53.623287105461046],[-166.5094358508585,53.58377035969359],[-166.56686455474554,53.58291130000299],[-166.5812217307173,53.530508658876585],[-166.63865043460433,53.54511267361673],[-166.66377549255492,53.484978495274945],[-166.7355613724137,53.50645498753987],[-166.74991854838547,53.4411664510545],[-166.8791331321313,53.429998675076746],[-166.95809759997599,53.45577046579464],[-166.99399053990538,53.42913961538615],[-167.03706206782067,53.44889798826988],[-167.1124372416724,53.41711277971778],[-167.13397300563005,53.426562436314356],[-167.2919019413194,53.36385107890078],[-167.30266982329823,53.33722022849227],[-167.38522358513583,53.34065646725466],[-167.44265228902287,53.32089809437093],[-167.4893131109311,53.269354512935124],[-167.5898133427334,53.28911288581885],[-167.62211698866986,53.25045519974199],[-167.79799239432393,53.284817587365865],[-167.85183180421802,53.31574373622735]]],[[[-169.0542452918529,52.86301927928278],[-168.95733435404352,52.8862138909289],[-168.96092364803647,52.936898412674125],[-168.89631635616354,52.936898412674125],[-168.86042341623414,52.96782456153561],[-168.86042341623414,53.01679096389962],[-168.7850482423824,53.04513993368933],[-168.7671017724177,53.09410633605336],[-168.8029947123471,53.107851291102904],[-168.76351247842476,53.18258948418483],[-168.59840495474953,53.27364981138811],[-168.54097625086249,53.25131425943259],[-168.44406531305313,53.265059214482136],[-168.3435650812508,53.26248203541034],[-168.37586872718725,53.31832091529914],[-168.41894025510254,53.32261621375213],[-168.3866366091661,53.38876380992809],[-168.4081723731237,53.411099361883615],[-168.3435650812508,53.47638789836897],[-168.1999933215332,53.533944897638975],[-168.00617144591445,53.565730106191054],[-167.9020819201192,53.520199942589414],[-167.79081380633806,53.52105900228001],[-167.78363521835217,53.50130062939628],[-167.8590103922039,53.43773021229211],[-167.84106392223921,53.3861866308563],[-168.0384750918509,53.30457596024959],[-168.271779201392,53.242723662526615],[-168.33997578725786,53.18602572294722],[-168.3435650812508,53.15509957408574],[-168.44406531305313,53.08551573914738],[-168.49790472294723,53.03569027709277],[-168.58763707277072,53.027099680186794],[-168.68813730457305,52.96610644215441],[-168.74197671446714,52.95150242741427],[-168.7563338904389,52.907690383193824],[-168.810173300333,52.92573063669636],[-168.90708423814237,52.88363671185711],[-169.1009061137611,52.82436159320592],[-169.0542452918529,52.86301927928278]]],[[[-169.2696029314293,52.77281801177011],[-169.16551340563404,52.81491193660936],[-169.169102699627,52.7762542505325],[-169.26242434344343,52.75477775826758],[-169.2696029314293,52.77281801177011]]],[[[-169.76133620846207,52.978133277822764],[-169.74697903249032,53.02108626235261],[-169.67878244662444,53.03483121740217],[-169.66442527065269,52.997032591015895],[-169.69672891658917,52.958374904939035],[-169.73980044450443,52.95150242741427],[-169.76133620846207,52.978133277822764]]],[[[-169.7900505604056,56.617969186881865],[-169.6105858607586,56.6068014109041],[-169.50649633496334,56.611096709357085],[-169.47060339503395,56.599069873688734],[-169.5675143328433,56.540653814728145],[-169.65006809468093,56.54409005349052],[-169.68237174061738,56.58360679925798],[-169.75415762047618,56.592197396163954],[-169.7900505604056,56.617969186881865]]],[[[-169.77569338443382,53.0795023213132],[-169.74697903249032,53.045998993379925],[-169.8008184423844,53.05716676935768],[-169.77569338443382,53.0795023213132]]],[[[-170.00540819998199,52.84669714516144],[-169.944390202102,52.861301159901586],[-169.8618364402644,52.858723980829794],[-169.86901502825026,52.87504611495115],[-169.7721040904409,52.894804487834875],[-169.70390750457503,52.8862138909289],[-169.66801456464563,52.864737398663976],[-169.72903256252562,52.77453613115131],[-169.8367113823138,52.817489115681155],[-169.9264437321373,52.79257638465384],[-169.99464031800318,52.80460322032219],[-170.00540819998199,52.84669714516144]]],[[[-170.11308701977018,52.90167696535964],[-170.08437266782667,52.92401251731516],[-170.00181890598904,52.91026756226562],[-169.9982296119961,52.88363671185711],[-170.04847972789727,52.85700586144861],[-170.09514054980548,52.87075081649816],[-170.11308701977018,52.90167696535964]]],[[[-170.18487289962897,52.722992549715485],[-170.17051572365722,52.784844847438464],[-170.05206902189022,52.76938177300772],[-170.07719407984078,52.72041537064369],[-170.18487289962897,52.722992549715485]]],[[[-170.42176630316303,57.169485508245074],[-170.38946265722655,57.20642507494074],[-170.3104981893819,57.21931097029969],[-170.2674266614666,57.21072037339373],[-170.16333713567136,57.22961968658686],[-170.17051572365722,57.181512343913425],[-170.2853731314313,57.12825064309642],[-170.303319601396,57.15488149350493],[-170.42176630316303,57.169485508245074]]],[[[-170.83453511235112,52.600147013960125],[-170.81658864238642,52.63622752096521],[-170.6730168826688,52.69807981868817],[-170.56174876888767,52.67488520704207],[-170.55815947489472,52.65169059539595],[-170.60482029680296,52.60186513334132],[-170.6730168826688,52.603583252722515],[-170.7340348805488,52.581247700766994],[-170.7878742904429,52.54001283561834],[-170.84171370033698,52.55805308912089],[-170.83453511235112,52.600147013960125]]],[[[-171.15039298372983,52.584683939529384],[-171.11808933779338,52.55719402943029],[-171.1755180416804,52.55891214881147],[-171.15039298372983,52.584683939529384]]],[[[-171.31191121341212,52.49362361232612],[-171.25089321553213,52.529704119331186],[-171.1934645116451,52.497918910779106],[-171.23653603956038,52.45067062779627],[-171.30473262542625,52.44981156810567],[-171.31191121341212,52.49362361232612]]],[[[-172.6220035208352,52.29861706256062],[-172.5681641109411,52.349301584305834],[-172.44971740917407,52.391395509145084],[-172.4066458812588,52.38967738976389],[-172.30973494344943,52.356174061830615],[-172.31332423744237,52.32095261451613],[-172.41382446924467,52.2771405702957],[-172.52868187701876,52.25394595864958],[-172.60764634486344,52.25308689895898],[-172.6220035208352,52.29861706256062]]],[[[-174.04695323603235,52.132818542275416],[-173.92132794627946,52.132818542275416],[-173.80288124451243,52.10618769186691],[-173.77057759857598,52.13195948258482],[-173.7203274826748,52.13024136320362],[-173.6018807809078,52.15343597484974],[-173.51214843108428,52.152576915159145],[-173.53368419504193,52.12852324382243],[-173.49779125511253,52.103610512795115],[-173.46907690316903,52.11649640815408],[-173.3578087893879,52.09587897557975],[-173.27525502755026,52.1096239306293],[-173.23936208762086,52.10017427403274],[-173.12450467984678,52.1096239306293],[-173.10655820988208,52.09931521434214],[-172.95939715617155,52.09330179650796],[-173.04912950599504,52.07354342362423],[-173.10655820988208,52.078697781767815],[-173.15680832578323,52.059798468574684],[-173.3147372614726,52.058939408884086],[-173.39370172931729,52.02887231971319],[-173.4224160812608,52.04261727476273],[-173.47984478514783,52.026295140641395],[-173.5480413710137,52.029731379403785],[-173.6126486628866,52.05120787166871],[-173.7992919505195,52.0537850507405],[-173.83159559645594,52.04089915538155],[-173.93568512225121,52.05722128950289],[-173.9715780621806,52.09931521434214],[-174.01106029610295,52.098456154651544],[-174.04695323603235,52.132818542275416]]],[[[-175.3283311915119,52.02715420033199],[-175.1309200219002,52.058939408884086],[-175.09143778797787,52.03488573754737],[-175.00170543815437,52.07783872207722],[-174.99093755617554,52.058939408884086],[-174.9227409703097,52.09158367712676],[-174.904794500345,52.11649640815408],[-174.84018720847206,52.09158367712676],[-174.7432762706627,52.098456154651544],[-174.71456191871917,52.12766418413183],[-174.69302615476153,52.107046751557505],[-174.56740086500864,52.1388319601096],[-174.5638115710157,52.174912467114666],[-174.40588263532635,52.18350306402063],[-174.45254345723455,52.21872451133511],[-174.29820381553813,52.21442921288212],[-174.25154299362993,52.24363724236241],[-174.25513228762287,52.27456339122391],[-174.36998969539695,52.280576809058076],[-174.45254345723455,52.30548954008539],[-174.43459698726986,52.32782509204091],[-174.35922181341812,52.314080136991365],[-174.31615028550283,52.34500628585285],[-174.32332887348872,52.378509613786136],[-174.186935701757,52.41802635955359],[-174.06848899999,52.39053644945449],[-173.9895245321453,52.32524791296912],[-173.98593523815236,52.29861706256062],[-174.0613104120041,52.22559698885988],[-174.18334640776408,52.23246946638466],[-174.19770358373583,52.19552989968899],[-174.0792568819688,52.12766418413183],[-174.09002476394764,52.107046751557505],[-174.14386417384173,52.12508700506004],[-174.2048821717217,52.11649640815408],[-174.21923934769347,52.09330179650796],[-174.27666805158051,52.08986555774557],[-174.3484539314393,52.1096239306293],[-174.41665051730516,52.02801326002259],[-174.50638286712865,52.0546441104311],[-174.7360976826768,52.00739582744826],[-174.78275850458502,52.03230855847558],[-174.8868480303803,52.04261727476273],[-174.96940179221792,52.03746291661916],[-175.01606261412613,52.00739582744826],[-175.0950270819708,52.0005233499235],[-175.2134737837378,52.00567770806707],[-175.3283311915119,52.02715420033199]]],[[[-175.51138518515182,51.98248309642095],[-175.45036718727187,51.99708711116111],[-175.42524212932128,51.972174380133794],[-175.50420659716596,51.968738141371404],[-175.51138518515182,51.98248309642095]]],[[[-175.54009953709536,52.18350306402063],[-175.48267083320832,52.16718092989929],[-175.52215306713066,52.15687221361213],[-175.54009953709536,52.18350306402063]]],[[[-175.7411000007,51.96702002199021],[-175.7231535307353,51.974751559205586],[-175.5795817710177,51.972174380133794],[-175.57599247702476,51.94983882817827],[-175.6441890628906,51.952416007250065],[-175.7231535307353,51.93179857467574],[-175.7411000007,51.96702002199021]]],[[[-175.95286834628345,51.98334215611155],[-175.9133861123611,51.99536899177991],[-175.81288588055878,51.994509932089315],[-175.75904647066469,51.917194559935595],[-175.81647517455173,51.92148985838857],[-175.8774931724317,51.96358378322782],[-175.95286834628345,51.98334215611155]]],[[[-176.20052963179631,52.078697781767815],[-176.15027951589514,52.117355467844675],[-176.0569578720787,52.1096239306293],[-175.9744041102411,52.04089915538155],[-176.0461899900999,52.00825488713886],[-175.9923505802058,51.96014754446544],[-176.039011402114,51.93093951498514],[-176.10361869398693,51.929221395603946],[-176.16822598585983,51.94812070879708],[-176.15745810388103,51.99708711116111],[-176.18258316183162,51.9988052305423],[-176.21129751377512,52.064952826718255],[-176.20052963179631,52.078697781767815]]],[[[-176.2364225717257,51.826134232732315],[-176.218476101761,51.87424157540575],[-176.17540457384573,51.88283217231171],[-176.13951163391633,51.859637560665604],[-176.07131504805048,51.868228157571565],[-176.11438657596574,51.887127470764696],[-175.9923505802058,51.91289926148261],[-175.9564576402764,51.89314088859888],[-175.96363622826226,51.845892605616044],[-176.0461899900999,51.845892605616044],[-175.99952916819166,51.801221501705015],[-176.10361869398693,51.826134232732315],[-176.09644010600104,51.79177184510844],[-176.13951163391633,51.8020805613956],[-176.15745810388103,51.768577233462324],[-176.18258316183162,51.807234919539184],[-176.2364225717257,51.826134232732315]]],[[[-176.99017431024308,51.629409563585625],[-176.95069207632076,51.686966562855616],[-176.89685266642664,51.70071151790518],[-176.87172760847608,51.73163766676666],[-176.91838843038428,51.78833560634605],[-176.90403125441253,51.81153021799217],[-176.78917384663845,51.817543635826354],[-176.76404878868786,51.868228157571565],[-176.8107096105961,51.92750327622275],[-176.7748166706667,51.96616096229961],[-176.7209772607726,51.969597201062],[-176.65636996889967,51.952416007250065],[-176.58817338303382,52.003100528995276],[-176.55586973709737,51.991073693326925],[-176.54510185511853,51.92750327622275],[-176.61688773497733,51.90259054519544],[-176.62406632296322,51.859637560665604],[-176.57740550105498,51.84245636685365],[-176.50920891518913,51.845892605616044],[-176.397940801408,51.868228157571565],[-176.2902619816198,51.87252345602455],[-176.26513692366922,51.817543635826354],[-176.2902619816198,51.74194638305383],[-176.3441013915139,51.73163766676666],[-176.47331597525974,51.7471007411974],[-176.51997679716797,51.70242963728637],[-176.58458408904087,51.6921209209992],[-176.6312449109491,51.65689947368473],[-176.7137986727867,51.683530324093226],[-176.73533443674435,51.66205383182832],[-176.7137986727867,51.620818966679664],[-176.75328090670905,51.63542298141981],[-176.79994172861728,51.61308742946429],[-176.81429890458904,51.66033571244712],[-176.8645490204902,51.68524844347442],[-176.93274560635604,51.59246999688996],[-176.98299572225721,51.60191965348653],[-176.99017431024308,51.629409563585625]]],[[[-177.46396111731116,51.913758321173205],[-177.41730029540295,51.92148985838857],[-177.41012170741706,51.89915430643306],[-177.4603718233182,51.884550291692904],[-177.46396111731116,51.913758321173205]]],[[[-177.70444381483813,51.70758399542994],[-177.63983652296523,51.73593296521965],[-177.55369346713465,51.7213289504795],[-177.4603718233182,51.75053697995979],[-177.28090712367123,51.784040307893065],[-177.2055319498195,51.820979874588744],[-177.1983533618336,51.93093951498514],[-177.15528183391834,51.94468447003469],[-177.0978531300313,51.936093873128726],[-177.0440137201372,51.898295246742464],[-177.13733536395364,51.814107397063964],[-177.1193888939889,51.740228263672634],[-177.1445139519395,51.70758399542994],[-177.26296065370653,51.68095314502145],[-177.39217523745236,51.733355786147854],[-177.48908617526175,51.70500681635815],[-177.63265793497933,51.69641621945219],[-177.63624722897228,51.659476652756524],[-177.67214016890168,51.6637719512095],[-177.70444381483813,51.70758399542994]]],[[[-178.2248914438144,51.88025499323993],[-178.1961770918709,51.90516772426723],[-178.09208756607563,51.91977173900739],[-177.952105100351,51.9154764405544],[-177.91262286642865,51.87939593354933],[-177.91980145441454,51.85362414283142],[-177.85160486854866,51.826134232732315],[-177.79776545865457,51.84073824747247],[-177.73315816678166,51.826134232732315],[-177.61471146501464,51.855342262212616],[-177.65060440494403,51.820979874588744],[-177.79776545865457,51.79348996448964],[-177.84083698656985,51.732496726457256],[-177.8264798105981,51.70586587604875],[-177.86955133851336,51.67923502564025],[-177.8982656904569,51.6929799806898],[-177.93056933639335,51.65518135430354],[-177.90185498444984,51.606214951939506],[-177.93056933639335,51.60191965348653],[-177.9628729823298,51.65002699615995],[-178.01312309823098,51.629409563585625],[-178.07055180211802,51.67064442873428],[-178.11721262402622,51.67751690625906],[-178.10285544805447,51.701570577595774],[-177.95569439434394,51.723047069860684],[-177.96646227632274,51.7780268900589],[-178.03824815618154,51.778885949749494],[-178.08490897808977,51.80809397922978],[-178.2248914438144,51.864791918809175],[-178.2248914438144,51.88025499323993]]],[[[-178.6807317809178,51.6087921310113],[-178.5658743731437,51.59848341472414],[-178.57664225512255,51.58302034029339],[-178.6735531929319,51.58903375812757],[-178.6807317809178,51.6087921310113]]],[[[-178.85660718657186,51.57700692245922],[-178.75969624876248,51.562402907719076],[-178.7345711908119,51.54264453483535],[-178.82430354063538,51.54693983328832],[-178.85660718657186,51.57700692245922]]],[[[-178.87096436254362,51.79520808387083],[-178.82071424664244,51.839879187781875],[-178.74892836678364,51.809812098610976],[-178.74892836678364,51.75740945748457],[-178.81712495264952,51.748818860578595],[-178.87096436254362,51.79520808387083]]],[[[-178.99300035830356,51.38114131300313],[-178.96428600636006,51.40261780526805],[-178.92839306643066,51.38371849207492],[-178.91044659646596,51.34076550754507],[-178.95351812438122,51.33904738816388],[-178.98941106431062,51.31155747806477],[-178.99300035830356,51.38114131300313]]],[[[-179.13657211802118,51.28578568734686],[-179.0935005901059,51.301248761777615],[-179.07196482614825,51.25056424003239],[-179.13657211802118,51.229087747767466],[-179.13657211802118,51.28578568734686]]]]}},{"type":"Feature","id":"02020","properties":{"name":"Anchorage","county_fips":"02020","state_abbr":"AK"},"geometry":{"type":"MultiPolygon","coordinates":[[[[-149.43157503245033,61.46822019999199],[-149.3597891525915,61.48368327442273],[-149.2413424508245,61.48368327442273],[-149.2413424508245,61.45533430463304],[-149.18032445294452,61.45533430463304],[-149.18032445294452,61.42612627515274],[-148.46246565435652,61.42612627515274],[-148.47323353633536,61.166690248592474],[-148.47323353633536,60.84883816307162],[-148.73884129181292,60.84883816307162],[-148.74601987979878,60.73286510484104],[-149.03675269322693,60.73286510484104],[-149.03316339923398,60.843683804928034],[-149.0080383412834,60.8548515809058],[-149.08700280912808,60.9089723414134],[-149.19109233492333,60.9398984902749],[-149.32748550665505,60.927871654606534],[-149.51053950029498,60.981992415114135],[-149.59668255612556,60.98113335542355],[-149.74025431584315,61.01721386242862],[-149.82998666566664,61.07562992138921],[-149.9699691313913,61.1323278609686],[-150.07405865718655,61.15638153230532],[-150.00945136531365,61.20362981528814],[-149.92330830948308,61.211361352503516],[-149.81204019570194,61.31788475413754],[-149.72948643386434,61.33334782856828],[-149.7007720819208,61.38489141000409],[-149.53566455824557,61.408086021650206],[-149.42798573845738,61.446743707727066],[-149.43157503245033,61.46822019999199]]],[[[-150.24275547485473,61.13748221911219],[-150.2212197108971,61.170126487354864],[-150.15661241902419,61.16067683075829],[-150.22839829888298,61.123737264062626],[-150.24275547485473,61.13748221911219]]]]}},{"type":"Feature","id":"02050","properties":{"name":"Bethel","county_fips":"02050","state_abbr":"AK"},"geometry":{"type":"MultiPolygon","coordinates":[[[[-165.12755766357662,60.92099917708177],[-165.00193237382373,60.9639521616116],[-164.9911644918449,60.94848908718086],[-164.79734261622616,60.98285147480473],[-164.61787791657915,60.97941523604236],[-164.6035207406074,60.943334729037275],[-164.52814556675565,60.9407575499655],[-164.39175239502393,60.97254275851758],[-164.24100204732045,60.98714677325772],[-164.1548589914899,61.02236822057219],[-164.147680403504,61.07477086169861],[-164.21228769537694,61.082502398913974],[-164.23023416534164,61.121160084990834],[-164.20151981339814,61.15122717416173],[-164.12255534555345,61.127173502825016],[-164.01846581975818,61.192462039310385],[-163.9215548819488,61.21050229281292],[-163.92514417594174,61.24830091919918],[-163.98257287982878,61.243146561055596],[-163.97539429184292,61.30328073939738],[-164.00769793777937,61.32303911228111],[-163.99334076180762,61.37200551464514],[-163.7851617102171,61.36685115650155],[-163.65594712647126,61.33592500764007],[-163.52314324873248,61.3548243208332],[-163.53032183671834,61.401213544125426],[-163.46930383883839,61.4089450813408],[-163.48725030880308,61.43299875267752],[-163.42982160491604,61.46220678215781],[-163.35803572505725,61.47423361782617],[-163.29342843318432,61.45619336432364],[-163.17139243742437,61.44932088679886],[-163.06371361763615,61.48024703566034],[-162.86271315403152,61.4939919907099],[-162.75503433424333,61.54295839307392],[-162.71914139431394,61.53694497523975],[-162.50737304873047,61.55670334812348],[-162.46789081480813,61.54295839307392],[-162.47506940279402,61.50430070699706],[-162.39969422894228,61.49914634885347],[-162.3279083490835,61.51804566204662],[-162.12690788547883,61.49742822947229],[-162.01205047770478,61.476810796897965],[-161.90078236392364,61.48024703566034],[-161.69619260632606,61.53007249771497],[-161.59928166851668,61.53350873647736],[-161.4485313208132,61.56873018379183],[-161.1254948614486,61.59965633265331],[-161.02858392363922,61.653777093160926],[-160.87065498794988,61.71391127150271],[-160.7737440501405,61.73882400253001],[-160.59786864448643,61.76030049479493],[-160.46147547275473,61.79981724056239],[-160.3502073589736,61.81871655375552],[-160.20304630526303,61.81012595684956],[-160.18868912929128,61.835038687876875],[-160.2532964211642,61.85737423983238],[-160.32149300703006,61.84620646385463],[-160.4686540607406,61.86940107550075],[-160.53326135261352,61.94585738796387],[-159.26624057310573,61.94585738796387],[-159.26624057310573,62.03262241671416],[-158.53043530455304,62.03262241671416],[-158.53043530455304,62.11938744546444],[-157.63311180631806,62.11938744546444],[-157.0624140614406,62.11938744546444],[-157.0624140614406,62.03262241671416],[-155.8671791617916,62.03262241671416],[-155.06317730737305,62.03262241671416],[-154.409925800658,62.03262241671416],[-153.76026358793587,62.03262241671416],[-153.76026358793587,62.11938744546444],[-153.394155600656,62.11938744546444],[-153.394155600656,62.20615247421473],[-153.0711191412914,62.20615247421473],[-153.0711191412914,62.292917502965025],[-152.9993332614326,62.292917502965025],[-152.9993332614326,61.42612627515274],[-153.4838879504795,61.42612627515274],[-153.4838879504795,61.165831188901876],[-153.4408164225642,61.165831188901876],[-153.4408164225642,60.90639516234161],[-154.2591754529545,60.90639516234161],[-154.94831989959897,60.90639516234161],[-155.99998303953038,60.90639516234161],[-157.16650358723587,60.90639516234161],[-157.16650358723587,60.9931601910919],[-157.52184369253692,60.9931601910919],[-157.52184369253692,60.90639516234161],[-157.7013083921839,60.90639516234161],[-157.7013083921839,60.81963013359133],[-157.87718379783797,60.81963013359133],[-157.87718379783797,60.90639516234161],[-158.94320411374113,60.90639516234161],[-158.94320411374113,60.81963013359133],[-159.01498999359993,60.81963013359133],[-159.01498999359993,60.73286510484104],[-159.190865399254,60.73286510484104],[-159.190865399254,60.64610007609075],[-159.36674080490803,60.64610007609075],[-159.36674080490803,60.472570018590176],[-159.43493739077388,60.472570018590176],[-159.43493739077388,60.38580498983988],[-159.607223502435,60.38580498983988],[-159.607223502435,60.21313399202991],[-159.78309890808907,60.21313399202991],[-159.78309890808907,60.12636896327962],[-159.84411690596906,60.12636896327962],[-159.84411690596906,59.952838905779046],[-160.01640301763015,59.952838905779046],[-160.01640301763015,59.779308848278475],[-160.24970712717126,59.779308848278475],[-160.24970712717126,59.605778790777904],[-160.41840394483944,59.605778790777904],[-160.41840394483944,59.43310779296792],[-160.47583264872648,59.43310779296792],[-160.47583264872648,59.34634276421764],[-160.64452946639466,59.34634276421764],[-160.64452946639466,59.259577735467346],[-160.81322628406284,59.259577735467346],[-160.81322628406284,59.086047677966775],[-160.863476399964,59.086047677966775],[-160.863476399964,58.99928264921648],[-161.03217321763216,58.99928264921648],[-161.0357625116251,58.83863848707486],[-161.0716554515545,58.82575259171591],[-161.36597755897557,58.82575259171591],[-161.36597755897557,58.73898756296562],[-161.34085250102498,58.73898756296562],[-161.37315614696146,58.70806141410414],[-161.37315614696146,58.66596748926489],[-161.520317200672,58.633323221022195],[-161.5490315526155,58.61098766906669],[-161.6279960204602,58.60239707216071],[-161.68183543035428,58.56459844577445],[-161.75362131021308,58.5517125504155],[-161.76797848618486,58.59896083339832],[-161.8720680119801,58.63761851947518],[-162.06588988759887,58.62043732566325],[-162.16997941339412,58.64878629545295],[-161.99410400774008,58.689162100911005],[-161.94026459784595,58.655658772977716],[-161.87565730597305,58.66596748926489],[-161.85771083600835,58.708920473794734],[-161.76797848618486,58.775068069970686],[-161.75721060420602,58.82661165140651],[-161.78592495614956,58.89963172510724],[-161.7823356621566,58.9692155600456],[-161.83976436604365,59.03278597714976],[-161.82181789607895,59.05082623065229],[-161.879246599966,59.06800742446424],[-161.98333612576124,59.15133621445213],[-162.05512200562003,59.2707455114451],[-161.9510324798248,59.38070515184151],[-161.87565730597305,59.40046352472524],[-161.78951425014247,59.46832924028239],[-161.70337119431193,59.49066479223791],[-161.75721060420602,59.556812388413874],[-161.82181789607895,59.59461101480014],[-161.87565730597305,59.649590834998335],[-161.91155024590245,59.74151022189221],[-162.09101494554943,59.88067789176891],[-162.10178282752827,59.944248308873085],[-162.19151517735176,60.001805308143076],[-162.22740811728116,60.05592606865068],[-162.33508693706935,60.12894614235141],[-162.37097987699875,60.16674476873767],[-162.44994434484343,60.17447630595305],[-162.48942657876577,60.14269109740097],[-162.49660516675166,60.079120680296796],[-162.47506940279402,60.0473354717447],[-162.50378375473753,59.999228129071284],[-162.5468552826528,59.98118787556875],[-162.6437662204622,59.972597278662775],[-162.7083735123351,59.99063753216531],[-162.77657009820098,59.944248308873085],[-162.9057846819468,59.91933557784577],[-163.0852493815938,59.86091951888518],[-163.3472678430784,59.81968465373653],[-163.66312571445712,59.795630982399814],[-163.93232276392763,59.80422157930579],[-164.11537675756756,59.83686584754847],[-164.1620375794758,59.86435575764757],[-164.208698401384,59.949402667016656],[-164.1261446395464,59.96486574144741],[-164.1907519314193,60.0241408600986],[-164.38457380703807,60.0774025609156],[-164.49943121481215,60.17018100750006],[-164.51737768477685,60.199389036980364],[-164.63582438654385,60.24320108120081],[-164.70043167841678,60.29646278201781],[-164.85118202612026,60.30333525954259],[-164.9624501399014,60.33941576654766],[-165.13114695756957,60.433912332513316],[-165.04859319573194,60.46140224261242],[-164.9624501399014,60.50865052559524],[-164.96962872788725,60.53957667445674],[-165.05577178371783,60.54473103260031],[-165.19216495544953,60.49834180930809],[-165.36445106711065,60.50693240621405],[-165.4218797709977,60.55074445043449],[-165.38239753707535,60.5782343605336],[-165.26754012930127,60.5790934202242],[-165.0629503717037,60.689053060620594],[-165.0270574317743,60.685616821858204],[-164.96603943389434,60.724274507935064],[-165.02346813778138,60.753482537415366],[-165.03782531375313,60.788703984729835],[-164.92296790597905,60.80932141730416],[-165.01987884378843,60.815334835138344],[-165.00193237382373,60.87546901348013],[-164.90502143601435,60.94247566934668],[-164.96603943389434,60.94505284841847],[-165.03064672576724,60.90381798326982],[-165.12755766357662,60.92099917708177]]],[[[-167.44265228902287,60.20969775326752],[-167.31702699926998,60.23117424553244],[-167.1124372416724,60.23117424553244],[-167.03347277382773,60.21399305172051],[-166.9509190119901,60.22258364862648],[-166.91861536605364,60.201966216052156],[-166.8432401922019,60.21055681295812],[-166.8073472522725,60.23632860367603],[-166.83606160421604,60.268972871918706],[-166.71402560845607,60.327388930879295],[-166.5812217307173,60.317939274282736],[-166.5812217307173,60.349724482834816],[-166.4914893808938,60.38924122860227],[-166.37304267912677,60.3548788409784],[-166.28689962329622,60.38236875107751],[-166.2043458614586,60.39010028829287],[-166.1505064515645,60.43648951158511],[-166.08230986569865,60.32309363242632],[-165.98539892788926,60.314503035520346],[-165.88130940209402,60.34371106500065],[-165.77721987629874,60.3265298711887],[-165.68030893848936,60.292167483564825],[-165.72338046640465,60.23632860367603],[-165.6838982324823,60.198529977289766],[-165.72338046640465,60.164167589665894],[-165.67671964449644,60.15471793306932],[-165.66236246852466,60.098879053180525],[-165.7090232904329,60.06623478493783],[-165.63364811658116,60.01984556164561],[-165.62646952859527,59.97002009959098],[-165.55109435474353,59.97861069649696],[-165.59057658866587,59.949402667016656],[-165.58339800068,59.908167801868004],[-165.83823787417873,59.89012754836547],[-165.85977363813637,59.86091951888518],[-165.93155951799517,59.87724165300652],[-166.0248811618116,59.86177857857578],[-166.12538139361394,59.81195311652115],[-166.0966670416704,59.756973296322954],[-166.18998868548684,59.750100818798174],[-166.27254244732447,59.811094056830555],[-166.40893561905617,59.85146986228861],[-166.61352537665374,59.84803362352622],[-166.66377549255492,59.87810071269712],[-166.76427572435722,59.89356378712786],[-166.8611866621666,59.94338924918249],[-166.9868119519195,59.979469756187555],[-167.1303837116371,59.995791890308894],[-167.2452411194112,60.05764418803187],[-167.33497346923468,60.06623478493783],[-167.34215205722057,60.12636896327962],[-167.44265228902287,60.20969775326752]]],[[[-173.0634866819668,60.502637107761075],[-173.04195091800918,60.56191222641226],[-172.95221856818566,60.60658333032329],[-172.91273633426334,60.6040061512515],[-172.9270935102351,60.55418068919688],[-172.8840219823198,60.507791465904646],[-172.76557528055278,60.44765728756286],[-172.5932891688917,60.39353652705526],[-172.514324701047,60.38150969138691],[-172.4245923512235,60.39267746736466],[-172.22000259362594,60.31192585644855],[-172.29537776747767,60.295603722327215],[-172.32768141341413,60.327388930879295],[-172.51073540705406,60.334261408404075],[-172.6040570508705,60.31965739366393],[-172.72250375263752,60.35917413943139],[-172.93068280422804,60.476006257352566],[-173.0634866819668,60.502637107761075]]],[[[-173.09220103391033,60.699361776907764],[-173.0634866819668,60.69506647845478],[-173.0455402120021,60.62290546444463],[-173.11732609186092,60.65898597144971],[-173.09220103391033,60.699361776907764]]]]}},{"type":"Feature","id":"02060","properties":{"name":"Bristol Bay","county_fips":"02060","state_abbr":"AK"},"geometry":{"type":"Polygon","coordinates":[[[-156.9906281815818,58.885886770057695],[-156.31225161691617,58.885886770057695],[-156.31225161691617,58.617001086900856],[-157.25623593705936,58.617001086900856],[-157.07677123741237,58.70806141410414],[-157.0624140614406,58.75702781646815],[-156.99421747557474,58.836920367693665],[-156.9906281815818,58.885886770057695]]]}},{"type":"Feature","id":"02068","properties":{"name":"Denali","county_fips":"02068","state_abbr":"AK"},"geometry":{"type":"Polygon","coordinates":[[[-152.9993332614326,62.72760170640706],[-152.67988609606095,62.98188337482374],[-152.42863551655515,63.182903342423415],[-152.42863551655515,63.30403075879758],[-152.61886809818097,63.30403075879758],[-152.61886809818097,63.347842803018025],[-152.81268997379973,63.347842803018025],[-152.81268997379973,63.47756081629815],[-152.87370797167972,63.47756081629815],[-152.87370797167972,63.65109087379872],[-152.22763505295052,63.65109087379872],[-152.22763505295052,63.82376187160871],[-152.0553489412894,63.82376187160871],[-152.04817035330353,63.99729192910928],[-151.82922341973418,63.99729192910928],[-151.86152706567066,64.0187684213742],[-151.79333047980478,64.06945294311942],[-151.56361566425664,64.06945294311942],[-151.4882404904049,64.04454021209212],[-151.5169548423484,64.0204865407554],[-151.40927602256022,63.99729192910928],[-151.2836507328073,63.99729192910928],[-150.9498463914639,64.2137749711397],[-150.73089945789457,64.35809699915998],[-149.98073701337012,64.35809699915998],[-149.1336636310363,64.35809699915998],[-149.1336636310363,64.34349298441984],[-148.0461075511755,64.34349298441984],[-148.00303602326022,64.34692922318222],[-147.8666428515285,64.28765410453103],[-147.7589640317403,64.25758701536014],[-147.00162299923,64.25758701536014],[-147.00162299923,63.479278935679346],[-147.11648040700408,63.47756081629815],[-148.02457178721787,63.47756081629815],[-148.02457178721787,63.33323878827787],[-149.1157171610716,63.33323878827787],[-149.52489667626676,63.33323878827787],[-150.26070194481943,63.16658120830208],[-151.2728828508285,62.93893039029389],[-151.8938307116071,62.798044601036],[-151.8938307116071,62.72588358702586],[-152.93831526355262,62.72588358702586],[-152.9993332614326,62.72760170640706]]]}},{"type":"Feature","id":"02070","properties":{"name":"Dillingham","county_fips":"02070","state_abbr":"AK"},"geometry":{"type":"MultiPolygon","coordinates":[[[[-160.3179037130371,58.694316459054576],[-160.2999572430724,58.72953790636906],[-160.24970712717126,58.65823595204951],[-160.27483218512185,58.636759459784585],[-160.3179037130371,58.694316459054576]]],[[[-160.43635041480414,58.68400774276742],[-160.4076360628606,58.75015533894339],[-160.3896895928959,58.701188936579356],[-160.43635041480414,58.68400774276742]]],[[[-155.99998303953038,60.90639516234161],[-155.99998303953038,59.69254381952818],[-156.1650905632056,59.69254381952818],[-156.1650905632056,59.605778790777904],[-156.5060734925349,59.605778790777904],[-156.5060734925349,59.51987282171821],[-156.6747703102031,59.51987282171821],[-156.6747703102031,59.43310779296792],[-156.77168124801247,59.43310779296792],[-156.77168124801247,59.34634276421764],[-157.10548558935588,59.34634276421764],[-157.10548558935588,59.259577735467346],[-157.27418240702406,59.259577735467346],[-157.27418240702406,59.086047677966775],[-157.19521793917937,59.086047677966775],[-157.19880723317232,58.84551096459964],[-157.35314687486874,58.818021054500534],[-157.42852204872048,58.791390204092025],[-157.53261157451573,58.772490890898894],[-157.55055804448043,58.75445063739636],[-157.69771909819096,58.73039696605966],[-157.85564803388033,58.67799432493324],[-158.1392022593226,58.61528296751966],[-158.23252390313903,58.61957826597265],[-158.33302413494133,58.66510842957429],[-158.35097060490602,58.727819786987865],[-158.42275648476485,58.769913711827115],[-158.56632824448243,58.80255798006979],[-158.55914965649654,58.84207472583725],[-158.5196674225742,58.856678740577394],[-158.48736377663775,59.00014170890708],[-158.53043530455304,58.99756452983529],[-158.62016765437653,58.910799501084995],[-158.76732870808706,58.86441027779277],[-158.7888644720447,58.814584815738144],[-158.77091800208,58.76475935368353],[-158.79963235402352,58.732974145131436],[-158.8498824699247,58.72266542884428],[-158.8606503519035,58.695175518745174],[-158.82834670596705,58.62645074349743],[-158.77091800208,58.54827631165311],[-158.70272141621416,58.48298777516774],[-158.7960430600306,58.408249582085816],[-158.8965432918329,58.39020932858328],[-159.04729363953638,58.417699238682374],[-159.18727610526105,58.556007848868475],[-159.35597292292923,58.73469226451263],[-159.44929456674566,58.79740362192621],[-159.53184832858327,58.833484128931275],[-159.6431164423644,58.84465190490904],[-159.58568773847736,58.90049078479784],[-159.6431164423644,58.9382894111841],[-159.7328487921879,58.93055787396872],[-159.75438455614554,58.855819680886796],[-159.80822396603963,58.86183309872098],[-159.80463467204672,58.80599421883218],[-159.90872419784196,58.78022242811427],[-159.9948672536725,58.84808814367143],[-159.9840993716937,58.870423695626954],[-160.05229595755958,58.88674582974829],[-160.0917781914819,58.86097403903038],[-160.14920689536893,58.866128397173966],[-160.15279618936188,58.91681291891918],[-160.23176065720656,58.901349844488436],[-160.32149300703006,58.95375248561484],[-160.25688571515713,58.9941282910729],[-160.3179037130371,59.07058460353602],[-160.47583264872648,59.02591349962499],[-160.6409401724017,58.96406120190201],[-160.75220828618285,58.910799501084995],[-160.82399416604164,58.8291888304783],[-160.87065498794988,58.87815523284232],[-161.0357625116251,58.83863848707486],[-161.03217321763216,58.99928264921648],[-160.863476399964,58.99928264921648],[-160.863476399964,59.086047677966775],[-160.81322628406284,59.086047677966775],[-160.81322628406284,59.259577735467346],[-160.64452946639466,59.259577735467346],[-160.64452946639466,59.34634276421764],[-160.47583264872648,59.34634276421764],[-160.47583264872648,59.43310779296792],[-160.41840394483944,59.43310779296792],[-160.41840394483944,59.605778790777904],[-160.24970712717126,59.605778790777904],[-160.24970712717126,59.779308848278475],[-160.01640301763015,59.779308848278475],[-160.01640301763015,59.952838905779046],[-159.84411690596906,59.952838905779046],[-159.84411690596906,60.12636896327962],[-159.78309890808907,60.12636896327962],[-159.78309890808907,60.21313399202991],[-159.607223502435,60.21313399202991],[-159.607223502435,60.38580498983988],[-159.43493739077388,60.38580498983988],[-159.43493739077388,60.472570018590176],[-159.36674080490803,60.472570018590176],[-159.36674080490803,60.64610007609075],[-159.190865399254,60.64610007609075],[-159.190865399254,60.73286510484104],[-159.01498999359993,60.73286510484104],[-159.01498999359993,60.81963013359133],[-158.94320411374113,60.81963013359133],[-158.94320411374113,60.90639516234161],[-157.87718379783797,60.90639516234161],[-157.87718379783797,60.81963013359133],[-157.7013083921839,60.81963013359133],[-157.7013083921839,60.90639516234161],[-157.52184369253692,60.90639516234161],[-157.52184369253692,60.9931601910919],[-157.16650358723587,60.9931601910919],[-157.16650358723587,60.90639516234161],[-155.99998303953038,60.90639516234161]]],[[[-161.0824233335333,58.589511176801764],[-161.05729827558275,58.702047996269954],[-160.91731580985808,58.746719100181],[-160.84194063600634,58.75187345832457],[-160.7019581702817,58.817161994809936],[-160.684011700317,58.81544387542874],[-160.88142286992868,58.58092057989579],[-160.96038733777337,58.55343066979668],[-161.07524474554745,58.54999443103431],[-161.0824233335333,58.589511176801764]]],[[[-161.0716554515545,58.82575259171591],[-161.34085250102498,58.73898756296562],[-161.36597755897557,58.73898756296562],[-161.36597755897557,58.82575259171591],[-161.0716554515545,58.82575259171591]]]]}},{"type":"Feature","id":"02090","properties":{"name":"Fairbanks North Star","county_fips":"02090","state_abbr":"AK"},"geometry":{"type":"Polygon","coordinates":[[[-144.06916980699805,64.68368062189622],[-144.072759100991,64.65447259241591],[-144.19120580275802,64.64072763736637],[-144.3168310925109,64.64502293581934],[-144.32042038650386,64.61753302572025],[-144.46040285222853,64.58317063809638],[-144.55372449604494,64.60035183190831],[-144.7834393115931,64.58059345902458],[-144.84804660346603,64.56684850397502],[-144.93418965929658,64.5771572202622],[-145.1172436529365,64.50413714656146],[-145.36131564445643,64.48523783336833],[-145.37208352643526,64.46032510234102],[-145.53360175611755,64.41823117750177],[-145.71665574975748,64.45431168450683],[-145.92842409534094,64.41909023719236],[-146.00020997519974,64.3838687898779],[-146.10071020700207,64.38730502864027],[-146.2191569087691,64.36582853637536],[-146.2478712607126,64.30998965648655],[-146.3376036105361,64.28164068669686],[-146.47399678226782,64.28164068669686],[-146.63192571795716,64.25930513474134],[-147.00162299923,64.25758701536014],[-147.7589640317403,64.25758701536014],[-147.8666428515285,64.28765410453103],[-148.00303602326022,64.34692922318222],[-148.0461075511755,64.34349298441984],[-148.17532213492134,64.40104998368983],[-148.27223307273073,64.4921103108931],[-148.40144765647656,64.53162705666055],[-148.42657271442712,64.5745800411904],[-148.55219800418004,64.61753302572025],[-148.6491089419894,64.58574781716815],[-148.6491089419894,64.86322409723097],[-148.65987682396823,65.21028421223211],[-147.55437427414273,65.20856609285092],[-147.2815879306793,65.27814992778927],[-146.99803370523705,65.27900898747987],[-146.71806877378773,65.30993513634135],[-146.54937195611956,65.34429752396522],[-146.49194325223252,65.37951897127971],[-146.52424689816897,65.42419007519074],[-146.16890679286792,65.44394844807447],[-146.09353161901618,65.40357264261641],[-146.00020997519974,65.40872700076],[-145.97508491724915,65.38982768756686],[-146.12583526495263,65.31508949448494],[-146.11506738297382,65.27127745026449],[-145.9966206812068,65.22402916728166],[-145.90329903739035,65.20684797346972],[-145.67717351583514,65.182794302133],[-145.63410198791988,65.13640507884078],[-145.76690586565866,65.08486149740496],[-145.6735842218422,65.06853936328362],[-145.64486986989868,65.03245885627855],[-145.50488740417404,65.06682124390242],[-145.38644070240701,65.08400243771436],[-145.24286894268943,65.07111654235541],[-145.00238624516243,65.1278144819348],[-144.86599307343073,65.1303916610066],[-144.7654928416284,65.10290175090749],[-144.65422472784726,65.09688833307332],[-144.4675814402144,65.07197560204601],[-144.3886169723697,65.07970713926139],[-144.2809381525815,65.11406952688526],[-143.9902053391534,65.11922388502884],[-143.89688369533695,65.09001585554854],[-143.9112408713087,65.07025748266481],[-144.09429486494864,65.01355954308542],[-143.9937946331463,64.97576091669916],[-143.99738392713925,64.94311664845648],[-144.072759100991,64.9087542608326],[-144.072759100991,64.87181469413693],[-144.11583062890628,64.80137179950799],[-144.0296875730757,64.77474094909948],[-144.1086520409204,64.72663360642605],[-144.06916980699805,64.68368062189622]]]}},{"type":"Feature","id":"02100","properties":{"name":"Haines","county_fips":"02100","state_abbr":"AK"},"geometry":{"type":"MultiPolygon","coordinates":[[[[-135.35077469814698,59.01990008179081],[-135.29693528825288,58.95890684375843],[-135.29693528825288,58.91939009799097],[-135.33282822818228,58.944302829018284],[-135.35077469814698,59.01990008179081]]],[[[-135.71688268542684,59.73120150560504],[-135.37589975609757,59.349779002980014],[-135.02773823878238,59.34548370452704],[-134.96313094690947,59.28019516804167],[-134.70111248542486,59.247550899798995],[-134.68316601546013,59.19085296021959],[-134.56830860768608,59.128141602806025],[-134.4821655518555,59.128141602806025],[-134.37807602606026,59.03536315622155],[-134.3996117900179,58.976088037570364],[-134.3278259101591,58.963202142211415],[-135.06004188471883,58.966638380973805],[-134.9846667108671,58.87385993438933],[-135.00261318083182,58.81544387542874],[-135.02773823878238,58.781940547495466],[-135.02414894478943,58.73211508544084],[-135.14977423454235,58.84551096459964],[-135.17848858648586,58.99756452983529],[-135.20720293842936,59.0765980213702],[-135.2825781122811,59.19257107960078],[-135.39743552005518,59.29222200371002],[-135.52665010380105,59.32400721226212],[-135.54459657376572,59.31026225721256],[-135.44409634196342,59.27761798896988],[-135.42973916599163,59.24239654165541],[-135.36872116811168,59.208893213722135],[-135.29693528825288,59.09635639425393],[-135.35077469814698,59.105806050850504],[-135.47281069390692,59.22607440753407],[-135.5517751617516,59.25700055639555],[-135.6307396295963,59.26559115330153],[-135.48357857588576,59.186557661766614],[-135.43691775397753,59.11353758806587],[-135.37589975609757,59.08862485703857],[-135.40102481404813,59.005296067050665],[-135.36872116811168,58.92969881427814],[-135.32206034620344,58.90994044139441],[-135.34000681616817,58.889323008820085],[-135.24309587835876,58.782799607186064],[-135.23232799637995,58.73555132420323],[-135.14259564655646,58.61614202721026],[-135.13541705857057,58.58865211711117],[-135.18566717447175,58.598101773707725],[-135.08875623666236,58.42285359682596],[-135.05645259072588,58.34983352312523],[-135.05286329673297,58.29055840447404],[-135.09593482464823,58.29743088199881],[-135.09952411864117,58.2450282408724],[-135.05645259072588,58.1900484206742],[-135.16054211652116,58.20980679355793],[-135.228738702387,58.23729670365702],[-135.27898881828818,58.23386046489463],[-135.3435961101611,58.27080003159031],[-135.44768563595636,58.39965898517984],[-135.49434645786457,58.48728307362073],[-135.43332845998458,58.51305486433863],[-135.3543639921399,58.49157837207372],[-135.3184710522105,58.50704144650446],[-135.40820340203402,58.58092057989579],[-135.40461410804107,58.61871920628205],[-135.53023939779396,58.65737689235891],[-135.54818586775866,58.695175518745174],[-135.6953469214692,58.73211508544084],[-135.74559703737037,58.72953790636906],[-135.70970409744098,58.82575259171591],[-135.68098974549744,58.84894720336203],[-135.58407880768806,58.86183309872098],[-135.53023939779396,58.8833095909859],[-135.60202527765276,58.90306796386963],[-135.56613233772336,58.963202142211415],[-135.6953469214692,59.027631619006186],[-135.72047197941978,59.07316178260781],[-135.70611480344803,59.10322887177871],[-135.78148997729977,59.140168438474376],[-135.82815079920798,59.140168438474376],[-135.89634738507385,59.17624894547944],[-136.0435084387844,59.17710800517004],[-136.10452643666434,59.214047571865706],[-136.1440086705867,59.185698602076016],[-136.18708019850197,59.2149066315563],[-136.3521877221772,59.23122876567764],[-136.37372348613485,59.249269019180176],[-136.48858089390893,59.259577735467346],[-136.4670451299513,59.28449046649466],[-136.47422371793718,59.46403394182941],[-136.36654489814896,59.447711807708075],[-136.30193760627606,59.46403394182941],[-136.2337410204102,59.525027179861794],[-136.23733031440315,59.55853050779507],[-136.3521877221772,59.598906313253124],[-136.19066949249492,59.64014117840178],[-135.946597500975,59.66419484973849],[-135.71688268542684,59.73120150560504]],[[-135.9214724430244,59.410772241012396],[-135.9214724430244,59.410772241012396],[-135.9214724430244,59.410772241012396],[-135.9214724430244,59.410772241012396]]]]}},{"type":"Feature","id":"02105","properties":{"name":"Hoonah-Angoon","county_fips":"02105","state_abbr":"AK"},"geometry":{"type":"MultiPolygon","coordinates":[[[[-133.59919922959227,57.86016949948498],[-133.17566253842537,58.150531674906745],[-133.07516230662304,57.99933716936168],[-132.8705725490255,57.842988305673046],[-132.75571514125141,57.704679695486945],[-132.64803632146322,57.60932406983069],[-132.65162561545614,57.58612945818457],[-132.72341149531493,57.57582074189742],[-132.82391172711726,57.58011604035039],[-132.88851901899017,57.61276030859308],[-132.84185819708196,57.6608676512665],[-132.899286900969,57.68663944198441],[-132.8921083129831,57.727015247442466],[-132.9531263108631,57.7459145606356],[-133.0069657207572,57.7158474714647],[-133.07157301263013,57.74161926218261],[-133.10746595255952,57.727015247442466],[-133.18643042040418,57.74076020249201],[-133.2833413582136,57.79402190330903],[-133.35153794407944,57.772545411044106],[-133.4197345299453,57.78629036609365],[-133.49152040980408,57.82237087309872],[-133.55253840768407,57.773404470734704],[-133.57048487764877,57.859310439794385],[-133.59919922959227,57.86016949948498]]],[[[-133.69611016740166,57.79402190330903],[-133.63509216952167,57.83525676845767],[-133.63868146351462,57.79058566454664],[-133.69611016740166,57.79402190330903]]],[[[-133.88275345503453,57.300921640906395],[-133.82891404514044,57.32239813317132],[-133.7786639292393,57.29404916338163],[-133.87557486704867,57.26741831297312],[-133.88275345503453,57.300921640906395]]],[[[-134.7154696613966,58.22355174860748],[-134.77289836528365,58.16685380902808],[-134.78366624726246,58.09641091439913],[-134.6975231914319,58.03198143760437],[-134.62932660556606,58.06118946708466],[-134.57907648966489,58.05431698955988],[-134.53959425574254,58.098129033780324],[-134.4713976698767,58.094692795017934],[-134.4175582599826,58.11445116790166],[-134.17707556245563,58.15826321212211],[-134.18784344443444,58.08352501904018],[-134.09811109461094,58.01909554224541],[-134.09093250662505,57.97442443833438],[-134.0155573327733,57.92975333442334],[-133.96530721687216,57.85501514134141],[-133.90428921899218,57.807766858358576],[-133.89711063100629,57.685780382293814],[-133.82173545715455,57.634236800858005],[-133.8073782811828,57.578397920969195],[-133.83968192711927,57.576679801588],[-133.85762839708397,57.617055607046055],[-133.9940215688157,57.720142769917686],[-134.0299145087451,57.81893463433633],[-134.09811109461094,57.850719842888424],[-134.1304147405474,57.89625000649005],[-134.20578991439913,57.89625000649005],[-134.1124682705827,57.80948497773977],[-134.09811109461094,57.78027694825947],[-134.14477191651915,57.76051857537574],[-134.01914662676626,57.65657235281351],[-133.93659286492863,57.61447842797428],[-133.94377145291452,57.56121672715726],[-133.85762839708397,57.46414298211981],[-133.92582498294982,57.469297340263395],[-133.87198557305572,57.381673251822505],[-133.87198557305572,57.358478640176386],[-133.96171792287922,57.30521693935938],[-134.033503802738,57.327552491314904],[-134.094521800618,57.32669343162431],[-134.08016462464624,57.29748540214402],[-134.15553979849798,57.208143194321934],[-134.2919329702297,57.1368412400024],[-134.37807602606026,57.11536474773747],[-134.38525461404612,57.08701577794777],[-134.49652272782726,57.03117689805897],[-134.60061225362253,57.033754077130766],[-134.63291589955898,57.11021038959389],[-134.64727307553073,57.22618344782447],[-134.571897901679,57.29490822307223],[-134.5180584917849,57.314666595955956],[-134.57548719567194,57.34129744636445],[-134.57907648966489,57.400572565015636],[-134.52882637376374,57.40572692315922],[-134.48575484584845,57.37222359522595],[-134.4642190818908,57.391981968109675],[-134.6077908416084,57.51310938448384],[-134.61138013560134,57.562934846538454],[-134.67598742747427,57.61447842797428],[-134.69393389743897,57.684921322603216],[-134.7334161313613,57.72186088929888],[-134.70470177941777,57.8292433506235],[-134.74777330733306,57.89882718556184],[-134.75854118931187,57.98043785616855],[-134.7980234232342,58.05861228801287],[-134.78366624726246,58.09641091439913],[-134.85545212712125,58.17630346562464],[-134.91647012500124,58.2149611517015],[-134.9487737709377,58.28110874787747],[-134.97030953489534,58.36787377662776],[-134.95595235892358,58.40996770146701],[-134.8052020112201,58.32148455333552],[-134.7800769532695,58.28110874787747],[-134.72982683736836,58.27337721066209],[-134.7154696613966,58.22355174860748]]],[[[-135.72765056740568,58.36529659755597],[-135.67022186351863,58.38075967198671],[-135.60202527765276,58.37474625415253],[-135.54459657376572,58.3300751502415],[-135.648686099561,58.32492079209791],[-135.72765056740568,58.36529659755597]]],[[[-135.9214724430244,59.410772241012396],[-135.9214724430244,59.410772241012396],[-135.9214724430244,59.410772241012396],[-135.9214724430244,59.410772241012396]]],[[[-136.15477655256552,58.59724271401713],[-136.12247290662907,58.60926954968549],[-136.09734784867848,58.55858502794027],[-136.15477655256552,58.59724271401713]]],[[[-136.15477655256552,58.28368592694926],[-136.04709773277733,58.31890737426373],[-136.0363298507985,58.27337721066209],[-136.09375855468554,58.25705507654075],[-136.15477655256552,58.28368592694926]]],[[[-135.10670270662706,57.76825011259112],[-135.2179708204082,57.758800455994546],[-135.27539952429524,57.773404470734704],[-135.42614987199872,57.843847365363644],[-135.53023939779396,57.88078693205931],[-135.71688268542684,57.92975333442334],[-135.90352597305971,58.001055288742876],[-135.97890114691145,57.89023658865588],[-136.0255619688197,57.83869300722006],[-136.3701341921419,57.83182052969529],[-136.45986654196543,57.854156081650814],[-136.484991599916,57.89625000649005],[-136.57472394973948,57.927176155351546],[-136.55677747977478,58.0766525415154],[-136.49934877588774,58.105001511305105],[-136.47063442394423,58.09726997408973],[-136.36654489814896,58.14881355552555],[-136.35577701617015,58.192625599745995],[-136.39884854408544,58.27165909128091],[-136.28399113631136,58.269940971899715],[-136.28399113631136,58.22355174860748],[-136.24091960839607,58.17200816717167],[-136.14041937659374,58.224410808298074],[-136.0363298507985,58.21925645015449],[-135.97531185291854,58.20207525634255],[-135.91429385503855,58.2441691811818],[-135.78507927129272,58.28712216571165],[-135.73482915539154,58.239873882728816],[-135.587668101681,58.214102092010904],[-135.4979357518575,58.16857192840928],[-135.54100727977277,58.101565272542715],[-135.65227539355394,58.036276736057346],[-135.63791821758218,57.99418281121811],[-135.5948466896669,57.98988751276512],[-135.56613233772336,58.04143109420093],[-135.4512749299493,58.13420954078539],[-135.39743552005518,58.14451825707256],[-135.27539952429524,58.09726997408973],[-135.11029200062,58.088679377183766],[-135.07080976669766,58.06118946708466],[-134.9667202409024,58.04744451203511],[-134.9128808310083,57.97957879647795],[-134.92723800698008,57.92202179720796],[-135.00620247482473,57.8842231708217],[-135.1390063525635,57.92631709566095],[-135.1748992924929,57.91944461813617],[-135.13182776457762,57.885082230512296],[-135.06722047270472,57.869619156081555],[-134.9487737709377,57.805189679286784],[-135.10670270662706,57.76825011259112]]],[[[-137.9422449610496,58.80943045759457],[-137.52588685786856,58.909081381703814],[-137.4469223900239,58.90994044139441],[-137.26386839638394,59.00271888797887],[-136.86545676316763,59.13845031909318],[-136.8259745292453,59.15820869197691],[-136.58190253772537,59.16508116950169],[-136.48858089390893,59.259577735467346],[-136.37372348613485,59.249269019180176],[-136.3521877221772,59.23122876567764],[-136.18708019850197,59.2149066315563],[-136.1440086705867,59.185698602076016],[-136.10452643666434,59.214047571865706],[-136.0435084387844,59.17710800517004],[-135.89634738507385,59.17624894547944],[-135.82815079920798,59.140168438474376],[-135.78148997729977,59.140168438474376],[-135.70611480344803,59.10322887177871],[-135.72047197941978,59.07316178260781],[-135.6953469214692,59.027631619006186],[-135.56613233772336,58.963202142211415],[-135.60202527765276,58.90306796386963],[-135.53023939779396,58.8833095909859],[-135.58407880768806,58.86183309872098],[-135.68098974549744,58.84894720336203],[-135.70970409744098,58.82575259171591],[-135.74559703737037,58.72953790636906],[-135.6953469214692,58.73211508544084],[-135.54818586775866,58.695175518745174],[-135.53023939779396,58.65737689235891],[-135.40461410804107,58.61871920628205],[-135.40820340203402,58.58092057989579],[-135.3184710522105,58.50704144650446],[-135.3543639921399,58.49157837207372],[-135.43332845998458,58.51305486433863],[-135.49434645786457,58.48728307362073],[-135.44768563595636,58.39965898517984],[-135.51229292782926,58.385914030130294],[-135.6307396295963,58.42886701466014],[-135.72765056740568,58.39708180610805],[-135.90711526705266,58.38075967198671],[-135.89634738507385,58.450343506925066],[-135.98607973489734,58.46408846197461],[-136.0004369108691,58.48041059609595],[-135.8927580910809,58.513913924029225],[-135.9286510310103,58.57318904268041],[-135.9107045610456,58.61871920628205],[-136.01120479284793,58.71235671255711],[-136.01120479284793,58.743282861418606],[-136.0901692606926,58.81544387542874],[-136.0435084387844,58.83606130800307],[-136.05068702677025,58.91337668015679],[-136.11888361263613,58.968356500355],[-136.1619551405514,58.97694709726096],[-136.1081157306573,58.86441027779277],[-136.15118725857258,58.75702781646815],[-136.24809819638196,58.752732518015165],[-136.39884854408544,58.81286669635695],[-136.49217018790188,58.83863848707486],[-136.54600959779597,58.9674974406644],[-136.58549183171831,58.909081381703814],[-136.63215265362652,58.89018206851068],[-136.7900815893159,58.936571291802906],[-136.84033170521704,58.91939009799097],[-136.87622464514644,58.96234308252082],[-136.91929617306172,58.946880008090076],[-136.93006405504053,58.90049078479784],[-136.76854582535825,58.870423695626954],[-136.74342076740766,58.87643711346112],[-136.58190253772537,58.83863848707486],[-136.46345583595834,58.781940547495466],[-136.35577701617015,58.69259833967338],[-136.3952592500925,58.65479971328712],[-136.48140230592304,58.617001086900856],[-136.45986654196543,58.6075514303043],[-136.3414198401984,58.64535005669056],[-136.3162947822478,58.67112184740847],[-136.21938384443843,58.671980907099055],[-136.19425878648786,58.58177963958639],[-136.10093714267143,58.51477298371982],[-136.0435084387844,58.37990061229611],[-136.11170502465023,58.34210198590985],[-136.26604466634666,58.31461207581074],[-136.305526900269,58.32320267271672],[-136.27322325433255,58.36357847817477],[-136.33783054620545,58.37732343322432],[-136.38090207412074,58.362719418484176],[-136.35577701617015,58.3292160905509],[-136.39166995609955,58.29743088199881],[-136.54600959779597,58.31633019519194],[-136.58549183171831,58.29657182230821],[-136.56754536175362,58.2450282408724],[-136.59625971369712,58.2149611517015],[-136.70034923949237,58.21925645015449],[-136.7290635914359,58.28626310602105],[-136.85827817518174,58.31633019519194],[-136.84751029320293,58.3292160905509],[-136.94801052500523,58.39278650765506],[-137.00902852288522,58.40910864177641],[-137.11311804868046,58.39278650765506],[-137.23874333843338,58.452920685996844],[-137.29617204232042,58.46580658135581],[-137.49717250592505,58.55772596824967],[-137.68022649956498,58.62215544504444],[-137.68740508755087,58.66510842957429],[-137.79508390733906,58.72524260791607],[-137.90276272712725,58.76561841337413],[-137.9422449610496,58.80943045759457]]]]}},{"type":"Feature","id":"02110","properties":{"name":"Juneau","county_fips":"02110","state_abbr":"AK"},"geometry":{"type":"MultiPolygon","coordinates":[[[[-134.7154696613966,58.22355174860748],[-134.70111248542486,58.1616994508845],[-134.63291589955898,58.162558510575096],[-134.55754072570724,58.19520277881777],[-134.5180584917849,58.175444405934044],[-134.4462726119261,58.17372628655285],[-134.37089743807437,58.14881355552555],[-134.17707556245563,58.15826321212211],[-134.4175582599826,58.11445116790166],[-134.4713976698767,58.094692795017934],[-134.53959425574254,58.098129033780324],[-134.57907648966489,58.05431698955988],[-134.62932660556606,58.06118946708466],[-134.6975231914319,58.03198143760437],[-134.78366624726246,58.09641091439913],[-134.77289836528365,58.16685380902808],[-134.7154696613966,58.22355174860748]]],[[[-135.02773823878238,58.51992734186341],[-134.9021129490295,58.48126965578655],[-134.8052020112201,58.37388719446193],[-134.8410949511495,58.369591896008956],[-134.92005941899419,58.4683837604276],[-135.00261318083182,58.48470589454894],[-135.02773823878238,58.51992734186341]]],[[[-134.3278259101591,58.963202142211415],[-134.3278259101591,58.91939009799097],[-134.24886144231442,58.85839685995859],[-133.83968192711927,58.727819786987865],[-133.7248245193452,58.62559168380683],[-133.55971699566993,58.5225045209352],[-133.38025229602295,58.428007954969544],[-133.46280605786058,58.385914030130294],[-133.34435935609355,58.27080003159031],[-133.17566253842537,58.150531674906745],[-133.59919922959227,57.86016949948498],[-133.63509216952167,57.83525676845767],[-133.69611016740166,57.79402190330903],[-133.7104673433734,57.79316284361843],[-133.85044980909808,57.93576675225751],[-134.04786097870976,58.06204852677526],[-134.0873432126321,58.182316883458824],[-134.05503956669565,58.23815576334762],[-134.06221815468155,58.28282686725866],[-133.96530721687216,58.31804831457313],[-134.01196803878037,58.40395428363283],[-134.0406823907239,58.40223616425163],[-134.07298603666035,58.3292160905509],[-134.14477191651915,58.30344429983299],[-134.14477191651915,58.26736379282792],[-134.1017003886039,58.24846447963479],[-134.1483612105121,58.19949807727076],[-134.1842541504415,58.208088674176736],[-134.26321861828617,58.1909074803648],[-134.35295096810967,58.20035713696136],[-134.4821655518555,58.22956516644166],[-134.5072906098061,58.2166792710827],[-134.63291589955898,58.24760541994419],[-134.7764876592766,58.39708180610805],[-134.79084483524835,58.49157837207372],[-134.94159518295183,58.61184672875727],[-134.98825600486003,58.67971244431443],[-134.92005941899419,58.68057150400503],[-134.95954165291653,58.8300478901689],[-135.00261318083182,58.81544387542874],[-134.9846667108671,58.87385993438933],[-135.06004188471883,58.966638380973805],[-134.3278259101591,58.963202142211415]]]]}},{"type":"Feature","id":"02122","properties":{"name":"Kenai Peninsula","county_fips":"02122","state_abbr":"AK"},"geometry":{"type":"MultiPolygon","coordinates":[[[[-150.77397098580985,59.33259780916808],[-150.66988146001458,59.4099131813218],[-150.61604205012048,59.395309166581654],[-150.61963134411343,59.3557924208142],[-150.72013157591576,59.29222200371002],[-150.77397098580985,59.308544137831376],[-150.77397098580985,59.33259780916808]]],[[[-151.52772272432725,59.147899975689754],[-151.43440108051078,59.13587314002139],[-151.44516896248962,59.104946991159906],[-151.52772272432725,59.147899975689754]]],[[[-151.71795530595304,59.132436901259],[-151.63899083810838,59.117832886518855],[-151.66411589605895,59.089483916729165],[-151.71436601196012,59.101510752397516],[-151.71795530595304,59.132436901259]]],[[[-151.86152706567066,59.16594022919229],[-151.78974118581183,59.16422210981109],[-151.80768765577653,59.13501408033079],[-151.86152706567066,59.16594022919229]]],[[[-149.03316339923398,60.843683804928034],[-149.03675269322693,60.73286510484104],[-148.74601987979878,60.73286510484104],[-148.6562875299753,60.73286510484104],[-148.6562875299753,60.472570018590176],[-148.66346611796118,60.415013019320185],[-148.56296588615885,60.415013019320185],[-148.56296588615885,60.12636896327962],[-148.5845016501165,59.937375831348305],[-148.63475176601764,59.91589933908338],[-148.75678776177762,59.95885232361323],[-148.86087728757286,59.92448993598936],[-148.91471669746696,59.969161039900385],[-149.01162763527634,59.95112078639785],[-149.09059210312103,59.95541608485084],[-149.12289574905748,59.979469756187555],[-149.03675269322693,60.04304017329173],[-149.06905633916338,60.05506700896008],[-149.16596727697276,60.0224227407174],[-149.270056802768,59.872087294862936],[-149.3777356225562,59.83600678785787],[-149.41003926849268,59.85146986228861],[-149.3597891525915,59.898718145271445],[-149.3131283306833,59.97087915928158],[-149.3669677405774,60.118637426064254],[-149.42439644446443,60.12293272451724],[-149.44234291442913,60.098879053180525],[-149.4387536204362,60.02929521824217],[-149.39209279852798,59.98376505464054],[-149.42798573845738,59.98032881587815],[-149.46387867838678,59.918476518155174],[-149.52489667626676,59.92792617475173],[-149.55361102821027,59.910744980939796],[-149.57155749817497,59.85232892197921],[-149.6110397320973,59.837724907239064],[-149.59668255612556,59.79734910178101],[-149.50695020630206,59.7707182513725],[-149.52848597025968,59.707147834268326],[-149.62539690806906,59.73463774436743],[-149.66846843598435,59.84373832507325],[-149.63975408404082,59.875523533625326],[-149.67923631796316,59.94253018949189],[-149.74025431584315,59.94768454763546],[-149.7187185518855,59.90301344372443],[-149.74743290382904,59.86091951888518],[-149.72948643386434,59.69254381952818],[-149.74743290382904,59.637563999329984],[-149.84434384163842,59.70113441643416],[-149.84793313563134,59.73807398312982],[-149.90536183951838,59.76212765446654],[-150.02739783527835,59.788758504875034],[-150.0166299532995,59.75439611725116],[-149.93048689746897,59.72346996838968],[-149.9340761914619,59.669349207882064],[-150.18173747697477,59.533617776767755],[-150.29659488474883,59.45544334492344],[-150.29659488474883,59.424517196061956],[-150.35402358863587,59.41592659915598],[-150.38632723457232,59.34204746576465],[-150.4293987624876,59.343765585145846],[-150.44016664446644,59.40389976348763],[-150.31813064870647,59.58516135820358],[-150.31813064870647,59.61007408923088],[-150.4114522925229,59.55423520934208],[-150.4796488783888,59.45887958368583],[-150.52272040630405,59.46832924028239],[-150.55502405224053,59.59031571634715],[-150.60168487414873,59.54564461243612],[-150.64116710807107,59.547362731817316],[-150.58373840418403,59.4941010310003],[-150.60168487414873,59.42537625575255],[-150.7416673398734,59.42537625575255],[-150.7703816918169,59.37297361462613],[-150.8349889836898,59.35235618205181],[-150.9139534515345,59.305107899068986],[-150.88882839358394,59.26816833237332],[-150.94266780347803,59.23294688505884],[-151.00009650736507,59.224356288152876],[-151.00009650736507,59.2707455114451],[-151.0575252112521,59.301671660306596],[-151.10418603316032,59.263013974229736],[-151.10777532715326,59.217483810628096],[-151.18673979499795,59.20287979588795],[-151.2728828508285,59.22951064629645],[-151.30518649676495,59.20975227341272],[-151.3805616706167,59.24239654165541],[-151.40568672856728,59.279336108351075],[-151.44875825648256,59.24840995948959],[-151.5241334303343,59.22521534784347],[-151.50259766637666,59.195148258672575],[-151.57438354623545,59.195148258672575],[-151.59233001620015,59.1616449307393],[-151.73949106991068,59.15563151290512],[-151.76102683386833,59.220920049390486],[-151.839991301713,59.208893213722135],[-151.91536647556475,59.227792526915266],[-151.90459859358592,59.2466918401084],[-151.97997376743766,59.25356431763316],[-151.9907416494165,59.31369849597495],[-151.96202729747296,59.34462464483644],[-151.90459859358592,59.360087719267185],[-151.88665212362122,59.421080957299566],[-151.77179471584714,59.447711807708075],[-151.73949106991068,59.4382621511115],[-151.63540154411544,59.48207419533195],[-151.5169548423484,59.48465137440374],[-151.5169548423484,59.5233090604806],[-151.39850814058138,59.54134931398313],[-151.27647214482144,59.59461101480014],[-151.1652040310403,59.58687947758477],[-151.20468626496265,59.64615459623596],[-151.12572179711796,59.66849014819147],[-151.11495391513915,59.69598005829057],[-150.98215003740037,59.78360414673146],[-151.02881085930858,59.79649004209041],[-151.11495391513915,59.77759072889728],[-151.33031155471554,59.68395322262222],[-151.43799037450373,59.666772028810286],[-151.50259766637666,59.633268700877],[-151.6425801321013,59.64701365592656],[-151.79691977379773,59.70457065519655],[-151.85075918369182,59.73893304282042],[-151.86870565365652,59.77844978858788],[-151.80409836178362,59.87895977238772],[-151.75743753987538,59.917617458464576],[-151.7035981299813,60.03187239731396],[-151.6066871921719,60.09973811287112],[-151.54566919429192,60.12808708266081],[-151.42004390453903,60.21313399202991],[-151.3805616706167,60.29732184170841],[-151.3805616706167,60.35831507974079],[-151.29800790877908,60.38580498983988],[-151.28006143881439,60.51981830157301],[-151.26570426284263,60.54301291321913],[-151.33031155471554,60.58081153960539],[-151.40927602256022,60.72083826917269],[-151.26929355683555,60.75090535834357],[-151.25134708687085,60.77409996998969],[-151.02522156531563,60.79729458163581],[-150.70577439994398,60.938180370893704],[-150.3755593525935,61.03954941438414],[-150.19250535895358,60.90124080419804],[-150.04534430524305,60.88749584914848],[-149.99868348333482,60.86430123750236],[-149.87664748757487,60.960515922849225],[-149.76896866778668,60.96738840037399],[-149.63975408404082,60.92873071429713],[-149.57155749817497,60.93732131120311],[-149.34543197661975,60.896086446054454],[-149.11212786707867,60.87890525224252],[-149.03316339923398,60.843683804928034]]],[[[-152.08406329323293,60.346288244072426],[-151.97997376743766,60.41415395962959],[-151.95125941549415,60.51036864497644],[-151.839991301713,60.485455913949124],[-151.9404915335153,60.430476093750926],[-151.9727951794518,60.388382168911676],[-151.9548487094871,60.36776473633735],[-152.08406329323293,60.346288244072426]]],[[[-152.6404038621386,60.16502664935648],[-152.57938586425863,60.17018100750006],[-152.56143939429393,60.09458375472754],[-152.6404038621386,60.16502664935648]]],[[[-153.55926312433124,59.39101386812867],[-153.4121020706207,59.41506753946538],[-153.34749477874777,59.37812797276972],[-153.36544124871247,59.336893107621066],[-153.4121020706207,59.32314815257152],[-153.51619159641595,59.32057097349973],[-153.573620300303,59.37125549524494],[-153.55926312433124,59.39101386812867]]],[[[-153.4408164225642,60.90639516234161],[-153.4408164225642,61.165831188901876],[-153.4838879504795,61.165831188901876],[-153.4838879504795,61.42612627515274],[-152.9993332614326,61.42612627515274],[-152.13431340913408,61.42612627515274],[-151.33390084870848,61.42612627515274],[-151.33390084870848,61.25259621765217],[-150.97497144941448,61.25259621765217],[-150.97497144941448,61.19160297961979],[-151.02522156531563,61.17871708426084],[-151.1652040310403,61.046421891908906],[-151.29441861478614,61.03611317562175],[-151.362615200652,61.00948232521324],[-151.48106190241901,61.01120044459444],[-151.62104436814366,60.957079684086835],[-151.79333047980478,60.86344217781176],[-151.79691977379773,60.83852944678446],[-151.7035981299813,60.73200604515044],[-151.71077671796718,60.71224767226671],[-151.84716988969888,60.73372416453164],[-151.91536647556475,60.718261090100896],[-152.02304529535294,60.67358998618985],[-152.09842046920468,60.59455649465494],[-152.19533140701407,60.569643763627624],[-152.31018881478815,60.50607334652345],[-152.33172457874576,60.44336198910989],[-152.30301022680226,60.41415395962959],[-152.2348136409364,60.39353652705526],[-152.378385400654,60.34542918438183],[-152.41068904659045,60.28787218511184],[-152.45734986849868,60.28443594634945],[-152.55785010030098,60.22430176800768],[-152.62604668616686,60.218288350173495],[-152.6583503321033,60.24234202151021],[-152.7480826819268,60.23289236491364],[-152.73372550595505,60.17447630595305],[-152.676296802068,60.163308529975296],[-152.68706468404682,60.137536739257385],[-152.59733233422332,60.10145623225232],[-152.56861798227982,60.07138914308142],[-152.6116895101951,60.00867778566784],[-152.67988609606095,59.96830198020979],[-152.70501115401152,59.915040279392784],[-152.79474350383504,59.89700002589025],[-152.8091006798068,59.87810071269712],[-152.94908314553143,59.876382593315924],[-153.00292255542553,59.88669130960308],[-153.14649431514314,59.860060459194585],[-153.21110160701605,59.86263763826638],[-153.27929819288192,59.811094056830555],[-153.1967444310443,59.824839011880115],[-153.1429050211502,59.807657818068165],[-153.0890656112561,59.833429608786076],[-153.02086902539025,59.834288668476674],[-152.99574396743967,59.791335683946826],[-153.0531726713267,59.691684759837585],[-153.12136925719255,59.67793980478804],[-153.214690901009,59.634127760567594],[-153.31519113281132,59.66591296911969],[-153.29724466284662,59.63670493963939],[-153.34390548475483,59.621241865208646],[-153.40851277662776,59.63670493963939],[-153.38338771867717,59.666772028810286],[-153.3762091306913,59.73120150560504],[-153.45517359853596,59.792194743637424],[-153.44440571655716,59.68996664045639],[-153.4767093624936,59.64271835747357],[-153.54131665436654,59.62983246211461],[-153.58797747627474,59.65130895437953],[-153.6095132402324,59.621241865208646],[-153.55208453634535,59.59718819387193],[-153.5843881822818,59.55165803027029],[-153.76026358793587,59.54306743336433],[-153.69924559005588,59.463174882138816],[-153.72795994199942,59.43568497203971],[-153.8248708798088,59.417644718537176],[-153.8607638197382,59.424517196061956],[-153.94690687556874,59.385859509985096],[-153.98997840348403,59.39702728596285],[-154.11919298722987,59.36524207741077],[-154.10124651726517,59.34290652545525],[-154.02946063740637,59.32744345102451],[-154.11201439924398,59.2999535409254],[-154.13713945719456,59.263013974229736],[-154.12996086920867,59.210611333103316],[-154.17303239712396,59.17281270671705],[-154.2591754529545,59.14274561754617],[-154.17303239712396,59.12041006559065],[-154.1945681610816,59.06972554384542],[-154.1586752211522,59.018181962409614],[-154.06176428334282,59.072302722917215],[-153.84999593775936,59.052544350033486],[-153.79256723387232,59.07144366322662],[-153.74949570595706,59.052544350033486],[-153.69565629606296,59.07402084229841],[-153.61669182821828,59.00701418643186],[-153.5484952423524,58.98381957478574],[-153.48029865648655,58.994987350763495],[-153.39774489464892,58.96577932128321],[-153.33313760277602,58.92024915768157],[-153.30442325083249,58.87471899407993],[-153.25776242892428,58.8549606211962],[-153.6382275921759,58.8549606211962],[-153.6382275921759,58.739846622656216],[-153.8176922918229,58.739846622656216],[-153.8176922918229,58.653081593905924],[-154.30583627486274,58.653081593905924],[-154.6432299101991,58.653081593905924],[-154.6432299101991,58.739846622656216],[-154.69348002610025,58.739846622656216],[-154.69348002610025,59.086047677966775],[-154.74731943599434,59.086047677966775],[-154.74731943599434,59.259577735467346],[-154.41351509465093,59.259577735467346],[-154.41351509465093,59.43310779296792],[-154.1227822812228,59.43310779296792],[-154.1227822812228,59.51987282171821],[-153.95408546355463,59.51987282171821],[-153.95408546355463,59.69254381952818],[-153.7817993518935,59.69254381952818],[-153.7817993518935,59.779308848278475],[-153.65617406214062,59.779308848278475],[-153.65617406214062,60.12636896327962],[-153.52695947839476,60.12636896327962],[-153.52695947839476,60.472570018590176],[-153.39774489464892,60.472570018590176],[-153.39774489464892,60.81963013359133],[-153.4408164225642,60.81963013359133],[-153.4408164225642,60.90639516234161]]]]}},{"type":"Feature","id":"02130","properties":{"name":"Ketchikan Gateway","county_fips":"02130","state_abbr":"AK"},"geometry":{"type":"MultiPolygon","coordinates":[[[[-131.24103307623076,55.09227917638175],[-131.20872943029428,55.11203754926548],[-131.1728364903649,55.087983877928764],[-131.19078296032959,55.043312774017735],[-131.24821166421663,55.07252080349802],[-131.24103307623076,55.09227917638175]]],[[[-131.48510506775068,54.95053432743326],[-131.26615813418132,54.99864167010669],[-131.24103307623076,54.929916894858934],[-131.19437225432253,54.91789005919058],[-131.26615813418132,54.859474000229994],[-131.3523011900119,54.8586149405394],[-131.4707478917789,54.912735701047],[-131.48510506775068,54.95053432743326]]],[[[-131.62149823948238,54.94623902898029],[-131.52817659566594,55.00207790886908],[-131.49946224372243,54.98060141660416],[-131.59278388753887,54.93077595454953],[-131.62149823948238,54.94623902898029]]],[[[-131.86915952499524,55.36460109830098],[-131.8548023490235,55.421299037880374],[-131.83326658506584,55.42215809757097],[-131.64662329743297,55.30618503934039],[-131.68969482534825,55.282131368003675],[-131.69328411934117,55.22371530904309],[-131.7471235292353,55.12835968338682],[-131.8296772910729,55.19193010049099],[-131.86198093700938,55.28900384552844],[-131.86915952499524,55.36460109830098]]],[[[-132.19937457234573,55.633486781457805],[-132.10605292852927,55.65668139310392],[-132.0809278705787,55.702211556705564],[-131.98042763877638,55.69533907918078],[-131.98042763877638,55.75203701876018],[-131.93735611086112,55.79928530174301],[-132.00555269672697,55.84825170410703],[-131.93376681686817,55.91611741966419],[-131.89069528895288,55.92384895687955],[-131.87633811298113,55.95391604605045],[-131.90505246492464,55.97796971738717],[-131.83326658506584,56.05442602985029],[-131.66456976739767,56.06473474613745],[-131.68969482534825,56.09222465623655],[-131.60714106351062,56.087929357783565],[-131.49228365573654,56.017486463154626],[-131.3810155419554,56.014050224392236],[-131.3702476599766,56.07160722366223],[-131.43844424584245,56.1343185810758],[-131.35947977799776,56.15751319272192],[-131.26615813418132,56.20647959508594],[-131.24462237022368,56.17984874467744],[-131.0938720225202,56.20476147570474],[-131.0005503787038,56.27090907188071],[-131.04003261262613,56.321593593625934],[-131.10463990449904,56.34392914558144],[-131.08669343453434,56.407499562685615],[-130.78160344513444,56.36712375722756],[-130.6236745094451,56.26833189280892],[-130.46574557375573,56.23998292301923],[-130.42626333983338,56.140331998909986],[-130.34370957799578,56.12744610355102],[-130.2467986401864,56.09737901438014],[-130.2898701681017,56.04755355232551],[-130.21808428824286,56.00030526934269],[-130.2898701681017,55.9977280902709],[-130.3185845200452,55.96937912048119],[-130.390370399904,55.94360732976328],[-130.2898701681017,55.88690939018389],[-130.2934594620946,55.8577013607036],[-130.14988770237701,55.76664103350032],[-130.14629840838407,55.71509745206451],[-130.11040546845467,55.682453183821835],[-130.12835193841937,55.5810841403314],[-130.08528041050408,55.49174193250931],[-130.04579817658174,55.452225186741856],[-130.02426241262413,55.33797024789247],[-129.98119088470884,55.28384948738487],[-130.09604829248292,55.197943518325175],[-130.18219134831347,55.09313823607235],[-130.1857806423064,55.06478926628266],[-130.2575665221652,54.98747389412894],[-130.34012028400284,54.92132629795297],[-130.47292416174162,54.83799750796507],[-130.56983509955097,54.790749224982235],[-130.63803168541685,54.778722389313884],[-130.62726380343804,54.73920564354643],[-130.6954603893039,54.7194472706627],[-130.73853191721918,54.75380965828657],[-130.7421212112121,54.80191700096],[-130.78878203312033,54.82253443353433],[-130.79237132711327,54.78473580714807],[-130.83544285502853,54.765836493954936],[-130.90005014690146,54.78129956838568],[-130.94671096880967,54.82597067229672],[-130.96106814478145,54.91874911888118],[-130.9503002628026,54.96771552124521],[-131.0113182606826,54.9960644910349],[-130.98260390873907,55.08454763916639],[-131.01490755467555,55.08970199730996],[-131.0723362585626,55.13780933998339],[-131.0938720225202,55.19278916018159],[-130.986193202732,55.24690992068919],[-130.92517520485205,55.301030681196806],[-130.87133579495793,55.294158203672026],[-130.88210367693677,55.3585876804668],[-130.9215859108591,55.42903057509574],[-130.87133579495793,55.53383585734856],[-130.9036394408944,55.69705719856198],[-130.9395323808238,55.75461419783197],[-131.0938720225202,55.89549998708986],[-131.1728364903649,55.9427482700727],[-131.21590801828017,55.98398313522134],[-131.24103307623076,55.95477510574105],[-131.15847931439313,55.901513404924046],[-131.06874696456964,55.8284933312233],[-131.04362190661905,55.76664103350032],[-130.9646574387744,55.6893256613466],[-130.92876449884497,55.57678884187841],[-130.986193202732,55.539849275182746],[-130.9933717907179,55.471983559625585],[-130.9682467327673,55.39295006809067],[-130.92876449884497,55.339688367273666],[-130.96106814478145,55.31563469593695],[-131.0005503787038,55.398104426234255],[-131.0292647306473,55.40841314252141],[-131.01849684866846,55.34827896417963],[-131.03285402464024,55.28470854707547],[-131.16206860838608,55.19708445863458],[-131.21231872428723,55.19278916018159],[-131.2984617801178,55.23488308502084],[-131.23026519425193,55.297594442434416],[-131.19078296032959,55.36030579984799],[-131.20155084230842,55.39295006809067],[-131.2912831921319,55.38435947118471],[-131.25539025220252,55.32250717346173],[-131.28410460414602,55.28642666645666],[-131.40255130591305,55.23831932378323],[-131.42767636386364,55.23917838347383],[-131.51023012570124,55.33195683005829],[-131.54971235962358,55.29329914398143],[-131.63944470944708,55.339688367273666],[-131.70046270732706,55.35515144170441],[-131.74353423524235,55.398104426234255],[-131.84403446704465,55.456520485194844],[-131.84403446704465,55.52180902168021],[-131.73276635326351,55.54843987208871],[-131.65380188541883,55.59225191630915],[-131.72558776527765,55.63262772176721],[-131.70046270732706,55.69705719856198],[-131.73276635326351,55.73056052649525],[-131.6502125914259,55.768359152881516],[-131.63944470944708,55.78897658545584],[-131.70405200132,55.78983564514644],[-131.71481988329882,55.85340606225061],[-131.68969482534825,55.89034562894628],[-131.8368558790588,55.875741614206134],[-131.81532011510114,55.837083928129275],[-131.7758378811788,55.82333897307973],[-131.77942717517175,55.791553764527634],[-131.82608799707995,55.7185336908269],[-131.8296772910729,55.66699010939108],[-131.89787387693877,55.60427875197752],[-131.96248116881168,55.61544652795527],[-131.93735611086112,55.53555397672976],[-131.9732490507905,55.498614410034094],[-132.05939210662106,55.543285513945136],[-132.14912445644455,55.56218482713827],[-132.19937457234573,55.633486781457805]]]]}},{"type":"Feature","id":"02150","properties":{"name":"Kodiak Island","county_fips":"02150","state_abbr":"AK"},"geometry":{"type":"MultiPolygon","coordinates":[[[[-151.89024141761416,58.21925645015449],[-151.86152706567066,58.25791413623135],[-151.78974118581183,58.246746360253596],[-151.81845553775537,58.18403500284002],[-151.87229494764946,58.169430988099876],[-151.89024141761416,58.21925645015449]]],[[[-152.0732954112541,58.924544456134555],[-152.03022388333883,58.94859812747127],[-151.9548487094871,58.914235739847385],[-152.0732954112541,58.91251762046619],[-152.0732954112541,58.924544456134555]]],[[[-152.35684963669635,58.91509479953798],[-152.3065995207952,58.96234308252082],[-152.24199222892227,58.9382894111841],[-152.15943846708467,58.93485317242171],[-152.27788516885167,58.90650420263202],[-152.35684963669635,58.91509479953798]]],[[[-153.41928065860657,58.06376664615645],[-153.31519113281132,58.140222958619574],[-153.26135172291723,58.14537731676316],[-153.1680300791008,58.088679377183766],[-153.1500836091361,58.1058605709957],[-153.22545878298783,58.1616994508845],[-153.20392301903019,58.208088674176736],[-153.17161937309373,58.2166792710827],[-153.07470843528435,58.19520277881777],[-152.9993332614326,58.211524912939126],[-153.10342278722786,58.25791413623135],[-153.04599408334082,58.30602147890478],[-152.94190455754557,58.27939062849627],[-152.88806514765147,58.28282686725866],[-152.93831526355262,58.330934209932096],[-152.89524373563734,58.34553822467224],[-152.82345785577854,58.3283570308603],[-152.7732077398774,58.36701471693716],[-152.8378150317503,58.37216907508075],[-152.88447585365853,58.40051804487044],[-152.81268997379973,58.40309522394223],[-152.73372550595505,58.46065222321222],[-152.6116895101951,58.47611529764296],[-152.65476103811037,58.50618238681386],[-152.6655289200892,58.56459844577445],[-152.56861798227982,58.621296385353844],[-152.54349292432923,58.594665534945335],[-152.3532603427034,58.63847757916578],[-152.32813528475285,58.6324641613316],[-152.3712068126681,58.531095117841176],[-152.41786763457634,58.51563204341042],[-152.51118927839278,58.42714889527895],[-152.49324280842808,58.3549878812688],[-152.36402822468224,58.36443753786537],[-152.35684963669635,58.42371265651656],[-152.27788516885167,58.41598111930118],[-152.20250999499993,58.3549878812688],[-152.13072411514113,58.39622274641745],[-152.08765258722588,58.36787377662776],[-152.14867058510583,58.26736379282792],[-152.11636693916938,58.24846447963479],[-152.08406329323293,58.31031677735777],[-151.98715235542355,58.350692582815824],[-151.96202729747296,58.3292160905509],[-151.9727951794518,58.23042422613226],[-152.08047399923998,58.15396791366912],[-152.19533140701407,58.17372628655285],[-152.2348136409364,58.243310121491206],[-152.31018881478815,58.220974569535684],[-152.26352799287992,58.13592766016659],[-152.3424924607246,58.11874646635465],[-152.48247492644924,58.12991424233242],[-152.53990363033628,58.08352501904018],[-152.56861798227982,58.11445116790166],[-152.56143939429393,58.17802158500584],[-152.59733233422332,58.17973970438703],[-152.62963598015978,58.081806899658986],[-152.6583503321033,58.06118946708466],[-152.76961844588445,58.046585452344516],[-152.76243985789856,58.01480024379242],[-152.8198685617856,57.99590093059929],[-152.9813867914679,57.98473315462154],[-153.29006607486073,58.050021691106906],[-153.36544124871247,58.03885391512914],[-153.41928065860657,58.06376664615645]]],[[[-154.1586752211522,56.691848320273195],[-154.04740710737107,56.730506006350055],[-154.01869275542754,56.6892711412014],[-154.15149663316632,56.681539603986025],[-154.1586752211522,56.691848320273195]]],[[[-154.36326497874978,56.542371934109326],[-154.291479098891,56.595633634926344],[-154.2232825130251,56.61281482873828],[-154.18380027910277,56.60336517214171],[-154.09406792927928,56.617969186881865],[-154.07612145931458,56.58360679925798],[-154.00792487344873,56.5518215907059],[-153.8787102897029,56.565566545755445],[-153.88588887768876,56.533781337203365],[-153.95408546355463,56.507150486794856],[-154.11919298722987,56.50199612865127],[-154.23405039500395,56.49082835267352],[-154.348907802778,56.51230484493844],[-154.36326497874978,56.542371934109326]]],[[[-154.77962308193082,57.366210177391764],[-154.707837202072,57.38081419213191],[-154.69348002610025,57.44610272861728],[-154.62887273422734,57.51053220541205],[-154.53914038440382,57.539740234892335],[-154.52119391443912,57.5775388612786],[-154.46735450454503,57.57066638375383],[-154.34531850878508,57.630800562095615],[-154.22687180701806,57.6617267109571],[-154.08688934129339,57.64884081559815],[-153.98279981549814,57.649699875288746],[-153.98279981549814,57.553485189941895],[-153.8894781716817,57.504518787577865],[-153.87512099570995,57.543176473654725],[-153.81410299782996,57.588706637256365],[-153.8787102897029,57.62994150240502],[-153.85717452574525,57.65141799466994],[-153.66694194411943,57.639391159001576],[-153.67770982609824,57.669458248172475],[-153.8643531137311,57.70725687455874],[-153.932549699597,57.70382063579635],[-153.93613899358994,57.81292121650216],[-153.8248708798088,57.86532385762857],[-153.72078135401352,57.89023658865588],[-153.64899547415473,57.87992787236871],[-153.57003100631005,57.83182052969529],[-153.5484952423524,57.717565590845894],[-153.4946558324583,57.72873336682366],[-153.46235218652185,57.79488096299963],[-153.48029865648655,57.84212924598245],[-153.35467336673366,57.80948497773977],[-153.32954830878307,57.849860783197826],[-153.46235218652185,57.88078693205931],[-153.5377273603736,57.930612394113936],[-153.512602302423,57.9684110205002],[-153.45158430454302,57.96325666235661],[-153.2685303109031,57.888518469274686],[-153.23622666496664,57.891954708037076],[-153.12854784517845,57.85673326072259],[-153.0890656112561,57.86532385762857],[-153.20033372503724,57.92975333442334],[-153.27211960489603,57.958961363903626],[-153.29724466284662,57.99675999028989],[-153.23622666496664,57.99675999028989],[-153.12854784517845,57.946934528235275],[-153.02445831938317,57.95724324452243],[-152.87729726567264,57.93233051349513],[-152.85217220772208,57.97442443833438],[-152.72295762397624,57.98731033369333],[-152.75167197591975,57.93318957318573],[-152.8916544416444,57.84212924598245],[-152.91677949959498,57.77082729166291],[-152.84858291372913,57.739901142801415],[-152.84858291372913,57.82151181340812],[-152.7911542098421,57.85845138010379],[-152.73372550595505,57.81635745526454],[-152.71577903599035,57.855874201031995],[-152.65476103811037,57.8833641111311],[-152.63681456814567,57.91858555844557],[-152.58656445224452,57.927176155351546],[-152.55067151231512,57.90054530494304],[-152.47170704447043,57.962397602666016],[-152.41068904659045,57.969270080190796],[-152.42504622256223,57.930612394113936],[-152.3245459907599,57.916867439064376],[-152.36402822468224,57.8842231708217],[-152.4035104586046,57.901404364633635],[-152.4681177504775,57.888518469274686],[-152.39992116461164,57.85759232041319],[-152.41786763457634,57.81549839557394],[-152.3496710487105,57.834397708767085],[-152.31018881478815,57.79058566454664],[-152.21327787697876,57.79144472423724],[-152.2994209328093,57.7459145606356],[-152.35684963669635,57.7742635304253],[-152.4429926925269,57.77598164980648],[-152.49683210242102,57.734746784657844],[-152.43940339853398,57.727015247442466],[-152.4681177504775,57.681485083840826],[-152.37479610666105,57.67461260631606],[-152.4681177504775,57.598156293852924],[-152.3855639886399,57.61276030859308],[-152.33890316673165,57.65313611405114],[-152.32095669676696,57.62306902488024],[-152.15225987909878,57.61963278611785],[-152.16302776107761,57.58441133880338],[-152.29224234482342,57.517404682936814],[-152.33890316673165,57.42290811697116],[-152.47529633846338,57.434075892948925],[-152.48247492644924,57.4675792208822],[-152.51836786637864,57.43235777356773],[-152.60092162821627,57.4684382805728],[-152.66193962609626,57.46328392242921],[-152.74449338793386,57.50537784726846],[-152.79833279782798,57.49421007129071],[-152.88447585365853,57.51053220541205],[-152.91319020560204,57.47101545964459],[-152.81627926779265,57.47187451933519],[-152.76243985789856,57.45727050459503],[-152.60092162821627,57.3825323115131],[-152.62963598015978,57.32239813317132],[-152.7121897419974,57.27772702926028],[-152.75167197591975,57.30865317812177],[-152.8198685617856,57.265700193591925],[-152.88806514765147,57.29147198430984],[-152.90960091160912,57.324116252552514],[-152.98497608546086,57.339579326983255],[-153.05676196531965,57.3292706106961],[-153.1177799631996,57.29748540214402],[-153.01369043740436,57.2992035215252],[-152.94190455754557,57.257109596685964],[-153.07829772927727,57.211579433084324],[-153.20033372503724,57.22188814937148],[-153.214690901009,57.204706955559544],[-153.1249585511855,57.17549892607926],[-153.07470843528435,57.18666670205701],[-152.94908314553143,57.18752576174761],[-152.87011867768678,57.15058619505194],[-152.90960091160912,57.12653252371523],[-152.99574396743967,57.11966004619045],[-153.1177799631996,57.09131107640076],[-153.14649431514314,57.100760732997315],[-153.214690901009,57.075848001970016],[-153.20392301903019,57.033754077130766],[-153.30083395683957,56.99080109260092],[-153.34749477874777,57.007982286412854],[-153.3223697207972,57.037190315893156],[-153.4049234826348,57.08014330042299],[-153.37979842468422,57.120519105881044],[-153.28288748687487,57.17378080669806],[-153.31160183881838,57.19439823927239],[-153.36544124871247,57.176357985769855],[-153.48747724447244,57.08615671825717],[-153.49824512645125,57.065539285682846],[-153.57720959429594,57.09302919578195],[-153.65617406214062,57.08443859887598],[-153.67412053210532,57.05437150970509],[-153.58079888828888,57.04921715156151],[-153.54490594835949,56.995096391053906],[-153.6023346522465,56.942693749927486],[-153.69206700207002,56.92551255611555],[-153.68847770807707,56.865378377773766],[-153.77821005790057,56.830156930459296],[-153.82128158581585,56.84132470643705],[-153.90383534765346,56.77088181180811],[-153.97203193351933,56.7451100210902],[-154.03663922539224,56.76315027459273],[-154.14790733917337,56.745969080780796],[-154.06894287132872,56.84562000489004],[-154.02946063740637,56.85506966148661],[-153.93613899358994,56.91606289951899],[-153.84999593775936,56.942693749927486],[-153.85717452574525,56.97447895847958],[-153.97562122751225,56.95472058559585],[-153.96485334553344,56.99939168950688],[-153.88588887768876,57.08701577794777],[-153.7817993518935,57.13168688185881],[-153.8069244098441,57.15745867257672],[-153.8607638197382,57.11880098649985],[-153.98279981549814,57.06639834537344],[-154.07612145931458,56.97018366002659],[-154.16226451514513,56.91949913828137],[-154.2125146310463,56.91004948168481],[-154.230461101011,56.872250855298546],[-154.29865768687685,56.846479064580635],[-154.3130148628486,56.918640078590784],[-154.40633650666507,56.9684655406454],[-154.52478320843207,56.991660152291516],[-154.51401532645326,57.07756612135121],[-154.52837250242501,57.16862644855448],[-154.57503332433322,57.239928402874014],[-154.61451555825556,57.26741831297312],[-154.6970693200932,57.28459950678506],[-154.79398025790258,57.288894805238044],[-154.7437301420014,57.314666595955956],[-154.7975695518955,57.346451804508035],[-154.77962308193082,57.366210177391764]]],[[[-154.80474813988138,56.434130413094124],[-154.707837202072,56.52089544184442],[-154.52478320843207,56.604224231832305],[-154.44940803458033,56.600787993069915],[-154.3919793306933,56.55439876977769],[-154.43505085860858,56.53464039689396],[-154.63246202822026,56.471929039480386],[-154.73655155401553,56.404063323923225],[-154.80474813988138,56.434130413094124]]],[[[-155.7487324600246,55.82591615215151],[-155.65541081620816,55.86113759946599],[-155.63746434624346,55.89378186770867],[-155.59080352433523,55.9126811809018],[-155.56208917239172,55.88519127080269],[-155.58362493634934,55.84825170410703],[-155.56567846638467,55.78983564514644],[-155.59080352433523,55.76148667535675],[-155.72001810808106,55.7726544513345],[-155.7487324600246,55.82591615215151]]],[[[-156.75014548405483,56.037244836038354],[-156.73219901409013,56.07762064149641],[-156.68194889818898,56.09909713376133],[-156.63528807628074,56.04841261201611],[-156.68194889818898,55.99429185150851],[-156.75014548405483,56.037244836038354]]],[[[-154.30583627486274,58.653081593905924],[-153.8176922918229,58.653081593905924],[-153.8176922918229,58.739846622656216],[-153.6382275921759,58.739846622656216],[-153.6382275921759,58.8549606211962],[-153.25776242892428,58.8549606211962],[-153.35108407274072,58.843792845218445],[-153.40133418864187,58.74242380172801],[-153.44440571655716,58.708920473794734],[-153.55208453634535,58.68744398152981],[-153.5915667702677,58.640195698546975],[-153.67770982609824,58.61184672875727],[-153.84999593775936,58.61184672875727],[-153.90383534765346,58.59724271401713],[-153.91819252362524,58.51649110310102],[-153.9612640515405,58.48814213331133],[-154.05817498934988,58.489001193001926],[-154.07612145931458,58.47181999918999],[-154.04022851938518,58.40395428363283],[-154.00074628546284,58.37646437353372],[-154.09765722327222,58.34553822467224],[-154.16944310313102,58.35842412003119],[-154.1766216911169,58.31976643395433],[-154.1048358112581,58.28024968818687],[-154.14431804518046,58.21066585324853],[-154.2196932190322,58.18489406253062],[-154.2412289829898,58.15654509274091],[-154.20892533705336,58.13592766016659],[-154.291479098891,58.13592766016659],[-154.34172921479214,58.09125655625556],[-154.43505085860858,58.14795449583495],[-154.46735450454503,58.14194107800077],[-154.44940803458033,58.09297467563675],[-154.46376521055208,58.05861228801287],[-154.53914038440382,58.056035108941074],[-154.5822119123191,58.01909554224541],[-154.6432299101991,58.03284049729497],[-154.6432299101991,58.056035108941074],[-154.7150157900579,58.05517604925048],[-154.72937296602964,58.0216727213172],[-154.80833743387433,58.001055288742876],[-154.89089119571196,58.027686139151385],[-154.99139142751426,58.01308212441124],[-155.11701671726718,57.953807005760055],[-155.06317730737305,57.90913590184901],[-155.09548095330953,57.86532385762857],[-155.23905271302712,57.827525231242305],[-155.33955294482945,57.82580711186111],[-155.3359636508365,57.78027694825947],[-155.28571353493533,57.758800455994546],[-155.30724929889297,57.724438068370674],[-155.37903517875176,57.71069311332113],[-155.5082497624976,57.76137763506634],[-155.54414270242702,57.78714942578425],[-155.61592858228582,57.769968231972314],[-155.63387505225052,57.7158474714647],[-155.63028575825757,57.65657235281351],[-155.723607402074,57.63337774116741],[-155.73437528405282,57.550048951179505],[-155.96767939359393,57.54403553334532],[-156.04305456744567,57.56465296591965],[-156.05023315543156,57.501082548815475],[-156.02151880348802,57.440089310783094],[-156.09330468334682,57.440089310783094],[-156.1363762112621,57.47187451933519],[-156.21175138511384,57.47445169840698],[-156.2261085610856,57.44094837047369],[-156.34096596885968,57.41775375882757],[-156.48094843458432,57.33872026729266],[-156.53478784447844,57.3284115510055],[-156.55273431444314,57.29061292461924],[-156.5060734925349,57.28116326802267],[-156.33737667486673,57.33614308822088],[-156.32301949889498,57.29319010369103],[-156.34455526285262,57.24765994008939],[-156.39839467274672,57.24164652225521],[-156.39839467274672,57.215015671846714],[-156.3337873808738,57.18237140360402],[-156.35532314483143,57.1600358516485],[-156.4701805526055,57.15574055319553],[-156.75014548405483,57.162613030720294],[-156.75014548405483,57.23563310442104],[-156.67118101621014,57.23477404473044],[-156.67118101621014,57.29319010369103],[-156.620930900309,57.292331044000434],[-156.61734160631605,57.33528402853028],[-156.53837713847136,57.33356590914909],[-156.55273431444314,57.36449205801057],[-156.50248419854196,57.362773938629374],[-156.50966278652785,57.43493495263952],[-156.4594126706267,57.434075892948925],[-156.4594126706267,57.478746996859954],[-156.37326961479613,57.49335101160011],[-156.36968032080318,57.5225590410804],[-156.2081620911209,57.5225590410804],[-156.13278691726916,57.50967314572145],[-156.13278691726916,57.53888117520174],[-156.07176891938917,57.55606236901369],[-156.07176891938917,57.58441133880338],[-155.95332221762217,57.598156293852924],[-155.95332221762217,57.553485189941895],[-155.9210185716857,57.55434424963249],[-155.87076845578454,57.59987441323412],[-155.8205183398834,57.59987441323412],[-155.84564339783395,57.62908244271442],[-155.89948280772808,57.62822338302382],[-155.89948280772808,57.66774012879128],[-155.7666789299893,57.66859918848188],[-155.7487324600246,57.739901142801415],[-155.69130375613756,57.73904208311082],[-155.69489305013047,57.798317201762],[-155.54055340843408,57.8000353211432],[-155.53696411444113,57.82580711186111],[-155.44723176461764,57.82666617155171],[-155.44723176461764,57.87133727546275],[-155.3287850628506,57.87649163360632],[-155.33237435684356,58.04830357172571],[-155.2821242409424,58.04744451203511],[-155.27853494694946,58.108437750067495],[-155.33237435684356,58.1075786903769],[-155.33237435684356,58.19348465943659],[-155.22110624306242,58.19348465943659],[-155.22110624306242,58.236437643966426],[-155.0559987193872,58.236437643966426],[-155.0595880133801,58.26478661375613],[-155.005748603486,58.26478661375613],[-155.00933789747896,58.29055840447404],[-154.86935543175431,58.29055840447404],[-154.86935543175431,58.305162419214184],[-154.72937296602964,58.30430335952359],[-154.72937296602964,58.33265232931329],[-154.5714440303403,58.33265232931329],[-154.5714440303403,58.36100129910298],[-154.46735450454503,58.36100129910298],[-154.43146156461563,58.41941735806357],[-154.35249709677095,58.417699238682374],[-154.3560863907639,58.46065222321222],[-154.3022469808698,58.46065222321222],[-154.30583627486274,58.653081593905924]]],[[[-156.80398489394892,56.19702993848938],[-156.77168124801247,56.227097027660264],[-156.76091336603366,56.156654133031324],[-156.79680630596306,56.15579507334073],[-156.80398489394892,56.19702993848938]]]]}},{"type":"Feature","id":"02158","properties":{"name":"Kusilvak","county_fips":"02158","state_abbr":"AK"},"geometry":{"type":"Polygon","coordinates":[[[-162.59351610456105,63.272245550245486],[-162.38174775897758,63.27138649055489],[-162.38174775897758,63.18548052149521],[-162.19151517735176,63.18548052149521],[-162.19151517735176,63.098715492744915],[-162.00128259572594,63.098715492744915],[-162.00128259572594,63.01195046399464],[-160.8562978119781,63.01195046399464],[-160.94244086780867,62.999064568635674],[-160.94244086780867,62.898554584835836],[-160.99628027770277,62.898554584835836],[-160.99628027770277,62.55235352952529],[-161.04653039360392,62.55235352952529],[-161.04653039360392,62.20615247421473],[-160.91731580985808,62.20615247421473],[-160.91731580985808,61.94585738796387],[-160.53326135261352,61.94585738796387],[-160.4686540607406,61.86940107550075],[-160.32149300703006,61.84620646385463],[-160.2532964211642,61.85737423983238],[-160.18868912929128,61.835038687876875],[-160.20304630526303,61.81012595684956],[-160.3502073589736,61.81871655375552],[-160.46147547275473,61.79981724056239],[-160.59786864448643,61.76030049479493],[-160.7737440501405,61.73882400253001],[-160.87065498794988,61.71391127150271],[-161.02858392363922,61.653777093160926],[-161.1254948614486,61.59965633265331],[-161.4485313208132,61.56873018379183],[-161.59928166851668,61.53350873647736],[-161.69619260632606,61.53007249771497],[-161.90078236392364,61.48024703566034],[-162.01205047770478,61.476810796897965],[-162.12690788547883,61.49742822947229],[-162.3279083490835,61.51804566204662],[-162.39969422894228,61.49914634885347],[-162.47506940279402,61.50430070699706],[-162.46789081480813,61.54295839307392],[-162.50737304873047,61.55670334812348],[-162.71914139431394,61.53694497523975],[-162.75503433424333,61.54295839307392],[-162.86271315403152,61.4939919907099],[-163.06371361763615,61.48024703566034],[-163.17139243742437,61.44932088679886],[-163.29342843318432,61.45619336432364],[-163.35803572505725,61.47423361782617],[-163.42982160491604,61.46220678215781],[-163.48725030880308,61.43299875267752],[-163.46930383883839,61.4089450813408],[-163.53032183671834,61.401213544125426],[-163.52314324873248,61.3548243208332],[-163.65594712647126,61.33592500764007],[-163.7851617102171,61.36685115650155],[-163.99334076180762,61.37200551464514],[-164.00769793777937,61.32303911228111],[-163.97539429184292,61.30328073939738],[-163.98257287982878,61.243146561055596],[-163.92514417594174,61.24830091919918],[-163.9215548819488,61.21050229281292],[-164.01846581975818,61.192462039310385],[-164.12255534555345,61.127173502825016],[-164.20151981339814,61.15122717416173],[-164.23023416534164,61.121160084990834],[-164.21228769537694,61.082502398913974],[-164.147680403504,61.07477086169861],[-164.1548589914899,61.02236822057219],[-164.24100204732045,60.98714677325772],[-164.39175239502393,60.97254275851758],[-164.52814556675565,60.9407575499655],[-164.6035207406074,60.943334729037275],[-164.61787791657915,60.97941523604236],[-164.79734261622616,60.98285147480473],[-164.9911644918449,60.94848908718086],[-165.00193237382373,60.9639521616116],[-165.12755766357662,60.92099917708177],[-165.19575424944247,60.97426087789877],[-165.11678978159782,61.01635480273802],[-165.01987884378843,61.01120044459444],[-164.95168225792256,61.030958817478165],[-164.95168225792256,61.069616503555025],[-165.01270025580254,61.05157625005249],[-165.12037907559073,61.0790661601516],[-165.17780777947777,61.12545538344382],[-165.1706291914919,61.14521375632755],[-165.2424150713507,61.15122717416173],[-165.2890758932589,61.18129426333262],[-165.3249688331883,61.169267427664266],[-165.3680403611036,61.08422051829517],[-165.41829047700475,61.0790661601516],[-165.55468364873647,61.092811115201144],[-165.59057658866587,61.11085136870368],[-165.62646952859527,61.16754930828307],[-165.62288023460232,61.27836800837008],[-165.66236246852466,61.29469014249142],[-165.8167021102211,61.30328073939738],[-165.88130940209402,61.335065947949474],[-165.91720234202342,61.41925379762796],[-165.76645199431994,61.457052424014236],[-165.7449162303623,61.48969669225691],[-165.80593422824228,61.52921343802437],[-165.91361304803047,61.55584428843288],[-166.07513127771276,61.53264967678676],[-166.07513127771276,61.493132931019304],[-166.1505064515645,61.51289130390303],[-166.18281009750098,61.58848855667556],[-166.15409574555744,61.71477033119331],[-166.1325599815998,61.724219987789866],[-166.1397385695857,61.632300600896],[-165.80952352223522,61.67267640635406],[-165.80952352223522,61.688998540475396],[-165.9351488119881,61.70617973428733],[-166.0069346918469,61.73023340562405],[-166.09307774767746,61.80067630025299],[-166.0858991596916,61.81613937468374],[-165.95668457594576,61.83246150880508],[-165.75927340633405,61.8255890312803],[-165.64082670456702,61.847065523545226],[-165.7449162303623,61.96217952208521],[-165.75927340633405,62.001696267852665],[-165.74850552435524,62.073857281862814],[-165.6731303505035,62.140004878038766],[-165.31061165721655,62.378823472024706],[-165.2962544812448,62.40373620305202],[-165.19934354343542,62.469883799227986],[-165.09525401764017,62.52228644035439],[-165.07730754767547,62.582420618696176],[-165.01270025580254,62.63997761796617],[-164.9373250819508,62.66918564744647],[-164.86912849608495,62.66574940868408],[-164.8368248501485,62.68550778156781],[-164.87630708407082,62.78429964598645],[-164.78298544025438,62.94580286781867],[-164.71837814838148,63.005937046160454],[-164.58198497664975,63.05833968728686],[-164.64659226852268,63.07895711986119],[-164.6322350925509,63.09785643305432],[-164.4240560409604,63.2121113719037],[-164.208698401384,63.25162811767116],[-164.03641228972288,63.26107777426773],[-163.8856619420194,63.22242008819087],[-163.731322300323,63.2129704315943],[-163.61646489254892,63.140809417584165],[-163.53032183671834,63.13565505944058],[-163.50878607276073,63.11331950748506],[-163.31496419714196,63.037722254712534],[-163.05294573565735,63.05833968728686],[-162.83399880208802,63.16486308892088],[-162.81964162611624,63.20523889437894],[-162.6617126904269,63.23015162540625],[-162.59351610456105,63.272245550245486]]]}},{"type":"Feature","id":"02164","properties":{"name":"Lake and Peninsula","county_fips":"02164","state_abbr":"AK"},"geometry":{"type":"MultiPolygon","coordinates":[[[[-157.3244325229252,56.540653814728145],[-157.24905734907347,56.58188867987678],[-157.07677123741237,56.579311500805005],[-156.98703888758885,56.53292227751277],[-157.11266417734177,56.552680650396496],[-157.1700928812288,56.530345098440975],[-157.3244325229252,56.52519074029739],[-157.3244325229252,56.540653814728145]]],[[[-157.90230885578853,56.34822444403443],[-157.83411226992268,56.36970093629935],[-157.79463003600034,56.32073453393534],[-157.8269336819368,56.311284877338764],[-157.90230885578853,56.34822444403443]]],[[[-158.8965432918329,55.82591615215151],[-158.8678289398894,55.88089597234972],[-158.79963235402352,55.891204688636876],[-158.70272141621416,55.84137922658226],[-158.73143576815767,55.82591615215151],[-158.8068109420094,55.8577013607036],[-158.8965432918329,55.82591615215151]]],[[[-159.14420457734576,55.87660067389673],[-159.08677587345872,55.83450674905748],[-159.1836868112681,55.84481546534464],[-159.14420457734576,55.87660067389673]]],[[[-159.38468727487273,55.749459839688384],[-159.35597292292923,55.807016838958376],[-159.32007998299983,55.81560743586435],[-159.2805977490775,55.76234573504735],[-159.38468727487273,55.749459839688384]]],[[[-158.89295399783998,56.80610325912258],[-158.78527517805176,56.78033146840467],[-158.67400706427063,56.79665360252602],[-158.64529271232712,56.84733812427123],[-158.69195353423532,56.88771392972929],[-158.69913212222122,56.927230675496745],[-158.64529271232712,57.03203595774957],[-158.54120318653185,57.12481440433403],[-158.3940421328213,57.23649216411164],[-158.30789907699076,57.28975386492864],[-158.22893460914608,57.32153907348072],[-158.0853628494285,57.356760520795206],[-158.00998767557675,57.401431624706234],[-157.93102320773207,57.476169817788175],[-157.88077309183092,57.489055713147124],[-157.78745144801448,57.54231741396413],[-157.67977262822626,57.56379390622905],[-157.65105827628275,57.50022348912488],[-157.58645098440982,57.48733759376593],[-157.57209380843807,57.5225590410804],[-157.60798674836747,57.61276030859308],[-157.6905405102051,57.61104218921189],[-157.71207627416274,57.640250218692174],[-157.70489768617685,57.72186088929888],[-157.6725940402404,57.772545411044106],[-157.5828616904169,58.123900824498236],[-157.53261157451573,58.1599813315033],[-157.39621840278403,58.17372628655285],[-157.35314687486874,58.21925645015449],[-157.42493275472754,58.211524912939126],[-157.5469687504875,58.27767250911508],[-157.55773663246632,58.330934209932096],[-157.52543298652986,58.414262999919984],[-157.45364710667104,58.505323327123264],[-157.3567361688617,58.533672296912954],[-157.25623593705936,58.617001086900856],[-156.31225161691617,58.617001086900856],[-156.31225161691617,58.885886770057695],[-156.9906281815818,58.885886770057695],[-156.97627100561004,58.940866590255894],[-156.9296101837018,58.97351085849857],[-157.00139606356063,58.97351085849857],[-157.04087829748295,58.94602094839948],[-157.06959264942648,58.88760488943889],[-157.19880723317232,58.84551096459964],[-157.19521793917937,59.086047677966775],[-157.27418240702406,59.086047677966775],[-157.27418240702406,59.259577735467346],[-157.10548558935588,59.259577735467346],[-157.10548558935588,59.34634276421764],[-156.77168124801247,59.34634276421764],[-156.77168124801247,59.43310779296792],[-156.6747703102031,59.43310779296792],[-156.6747703102031,59.51987282171821],[-156.5060734925349,59.51987282171821],[-156.5060734925349,59.605778790777904],[-156.1650905632056,59.605778790777904],[-156.1650905632056,59.69254381952818],[-155.99998303953038,59.69254381952818],[-155.99998303953038,60.90639516234161],[-154.94831989959897,60.90639516234161],[-154.2591754529545,60.90639516234161],[-153.4408164225642,60.90639516234161],[-153.4408164225642,60.81963013359133],[-153.39774489464892,60.81963013359133],[-153.39774489464892,60.472570018590176],[-153.52695947839476,60.472570018590176],[-153.52695947839476,60.12636896327962],[-153.65617406214062,60.12636896327962],[-153.65617406214062,59.779308848278475],[-153.7817993518935,59.779308848278475],[-153.7817993518935,59.69254381952818],[-153.95408546355463,59.69254381952818],[-153.95408546355463,59.51987282171821],[-154.1227822812228,59.51987282171821],[-154.1227822812228,59.43310779296792],[-154.41351509465093,59.43310779296792],[-154.41351509465093,59.259577735467346],[-154.74731943599434,59.259577735467346],[-154.74731943599434,59.086047677966775],[-154.69348002610025,59.086047677966775],[-154.69348002610025,58.739846622656216],[-154.6432299101991,58.739846622656216],[-154.6432299101991,58.653081593905924],[-154.30583627486274,58.653081593905924],[-154.3022469808698,58.46065222321222],[-154.3560863907639,58.46065222321222],[-154.35249709677095,58.417699238682374],[-154.43146156461563,58.41941735806357],[-154.46735450454503,58.36100129910298],[-154.5714440303403,58.36100129910298],[-154.5714440303403,58.33265232931329],[-154.72937296602964,58.33265232931329],[-154.72937296602964,58.30430335952359],[-154.86935543175431,58.305162419214184],[-154.86935543175431,58.29055840447404],[-155.00933789747896,58.29055840447404],[-155.005748603486,58.26478661375613],[-155.0595880133801,58.26478661375613],[-155.0559987193872,58.236437643966426],[-155.22110624306242,58.236437643966426],[-155.22110624306242,58.19348465943659],[-155.33237435684356,58.19348465943659],[-155.33237435684356,58.1075786903769],[-155.27853494694946,58.108437750067495],[-155.2821242409424,58.04744451203511],[-155.33237435684356,58.04830357172571],[-155.3287850628506,57.87649163360632],[-155.44723176461764,57.87133727546275],[-155.44723176461764,57.82666617155171],[-155.53696411444113,57.82580711186111],[-155.54055340843408,57.8000353211432],[-155.69489305013047,57.798317201762],[-155.69130375613756,57.73904208311082],[-155.7487324600246,57.739901142801415],[-155.7666789299893,57.66859918848188],[-155.89948280772808,57.66774012879128],[-155.89948280772808,57.62822338302382],[-155.84564339783395,57.62908244271442],[-155.8205183398834,57.59987441323412],[-155.87076845578454,57.59987441323412],[-155.9210185716857,57.55434424963249],[-155.95332221762217,57.553485189941895],[-155.95332221762217,57.598156293852924],[-156.07176891938917,57.58441133880338],[-156.07176891938917,57.55606236901369],[-156.13278691726916,57.53888117520174],[-156.13278691726916,57.50967314572145],[-156.2081620911209,57.5225590410804],[-156.36968032080318,57.5225590410804],[-156.37326961479613,57.49335101160011],[-156.4594126706267,57.478746996859954],[-156.4594126706267,57.434075892948925],[-156.50966278652785,57.43493495263952],[-156.50248419854196,57.362773938629374],[-156.55273431444314,57.36449205801057],[-156.53837713847136,57.33356590914909],[-156.61734160631605,57.33528402853028],[-156.620930900309,57.292331044000434],[-156.67118101621014,57.29319010369103],[-156.67118101621014,57.23477404473044],[-156.75014548405483,57.23563310442104],[-156.75014548405483,57.162613030720294],[-156.4701805526055,57.15574055319553],[-156.35532314483143,57.1600358516485],[-156.43428761267612,57.127391583405824],[-156.441466200662,57.085297658566574],[-156.53478784447844,57.04749903218031],[-156.56350219642195,57.020009122081206],[-156.55632360843606,56.98392861507614],[-156.67118101621014,56.9959554507445],[-156.78244912999128,56.97190177940779],[-156.79680630596306,56.911767601066],[-156.83987783387832,56.90145888477883],[-156.9080744197442,56.965888361573604],[-156.9367887716877,56.920358197971964],[-157.03369970949709,56.8842776909669],[-157.07318194341943,56.83874752736527],[-157.15932499924998,56.833593169221686],[-157.14137852928528,56.79064018469184],[-157.20239652716526,56.76744557304572],[-157.29212887698876,56.804385139741385],[-157.3782719328193,56.861942139011376],[-157.457236400664,56.84819718396183],[-157.457236400664,56.804385139741385],[-157.41775416674164,56.8000898412884],[-157.41416487274873,56.769163692426915],[-157.51825439854397,56.76057309552094],[-157.56491522045218,56.70301609625095],[-157.54337945649456,56.675526186151856],[-157.47877216462163,56.67037182800827],[-157.46082569465693,56.62570072409723],[-157.59004027840277,56.62226448533484],[-157.67618333423331,56.60937858997589],[-157.7372013321133,56.675526186151856],[-157.92025532575326,56.642881917909165],[-157.98486261762616,56.599069873688734],[-158.0422913215132,56.59649269461694],[-158.07459496744966,56.55439876977769],[-158.0063983815838,56.553539710087094],[-157.90948744377442,56.57501620235202],[-157.83770156391563,56.560412187611874],[-157.816165799958,56.514022964319636],[-157.87359450384503,56.47364715886158],[-158.02793414554145,56.511445785247844],[-158.11048790737905,56.52089544184442],[-158.12843437734375,56.46076126350263],[-158.24688107911078,56.465915621646204],[-158.3294348409484,56.48395587514874],[-158.4012207208072,56.45560690535905],[-158.4981316586166,56.38000965258652],[-158.4909530706307,56.342211026200246],[-158.32225625296252,56.32502983238831],[-158.20739884518844,56.29410368352683],[-158.21816672716727,56.269190952499514],[-158.33302413494133,56.23311044549445],[-158.3294348409484,56.21335207261072],[-158.26482754907548,56.20991583384833],[-158.17509519925198,56.23654668425684],[-158.11766649536494,56.230533266422654],[-158.31507766497663,56.16352661055609],[-158.39763142681426,56.10940585004849],[-158.3940421328213,56.06473474613745],[-158.44070295472955,56.107687730667294],[-158.47659589465894,56.09308371592715],[-158.4191671907719,56.03638577634776],[-158.44070295472955,55.99343279181791],[-158.4658280126801,56.026936119751184],[-158.5017209526095,56.02521800036999],[-158.5088995405954,55.97968783676836],[-158.5986318904189,56.04841261201611],[-158.5986318904189,56.130023282622815],[-158.66682847628476,56.07847970118701],[-158.63811412434123,56.01576834377343],[-158.65247130031298,55.95821134450344],[-158.73861435614356,55.953056986359854],[-158.72784647416472,56.00288244841448],[-158.85347176391764,56.003741508105065],[-158.91090046780465,55.93501673285732],[-159.00063281762817,55.92728519564194],[-159.26982986709865,55.89034562894628],[-159.37391939289392,55.87144631575315],[-159.39904445084449,55.852547002560016],[-159.40981233282332,55.78897658545584],[-159.47083033070328,55.8284933312233],[-159.4528838607386,55.89721810647106],[-159.5354376225762,55.88089597234972],[-159.4995446826468,55.85512418163181],[-159.49595538865387,55.76578197380972],[-159.5533840925409,55.70478873577734],[-159.53184832858327,55.665271990009884],[-159.55697338653385,55.63864113960139],[-159.5605626805268,55.88690939018389],[-159.86924196391962,55.88690939018389],[-159.86924196391962,55.97367441893418],[-159.80463467204672,55.97367441893418],[-159.80463467204672,56.32073453393534],[-159.9015456098561,56.32073453393534],[-159.9015456098561,56.49426459143591],[-159.5892770324703,56.49426459143591],[-159.5892770324703,56.581029620186186],[-159.27700845508454,56.581029620186186],[-159.27700845508454,56.66779464893648],[-159.05088293352932,56.66779464893648],[-159.05088293352932,56.75455967768677],[-158.89295399783998,56.75455967768677],[-158.89295399783998,56.80610325912258]]]]}},{"type":"Feature","id":"02170","properties":{"name":"Matanuska-Susitna","county_fips":"02170","state_abbr":"AK"},"geometry":{"type":"Polygon","coordinates":[[[-152.9993332614326,62.72760170640706],[-152.93831526355262,62.72588358702586],[-151.8938307116071,62.72588358702586],[-151.8938307116071,62.798044601036],[-151.2728828508285,62.93893039029389],[-150.26070194481943,63.16658120830208],[-149.52489667626676,63.33323878827787],[-149.1157171610716,63.33323878827787],[-148.02457178721787,63.33323878827787],[-148.02457178721787,63.47756081629815],[-147.11648040700408,63.47756081629815],[-147.00162299923,63.479278935679346],[-146.48835395823957,63.482715174441736],[-146.48476466424663,63.18032616335162],[-146.49553254622546,63.16915838737387],[-146.49553254622546,62.95782970348702],[-146.44887172431723,62.95782970348702],[-146.43810384233842,62.85731971968718],[-146.43810384233842,62.51025960468604],[-146.42374666636664,62.250823578125775],[-146.98008723527235,62.250823578125775],[-146.98008723527235,62.16405854937548],[-146.96214076530765,62.16405854937548],[-146.96214076530765,61.81699843437434],[-146.94419429534295,61.81699843437434],[-146.94419429534295,61.47079737906378],[-147.20621275682757,61.47079737906378],[-147.20621275682757,61.42612627515274],[-148.04969684516846,61.42612627515274],[-148.46246565435652,61.42612627515274],[-149.18032445294452,61.42612627515274],[-149.18032445294452,61.45533430463304],[-149.2413424508245,61.45533430463304],[-149.2413424508245,61.48368327442273],[-149.3597891525915,61.48368327442273],[-149.43157503245033,61.46822019999199],[-149.61462902609026,61.493132931019304],[-149.76896866778668,61.438153110821105],[-149.808450901709,61.396059185981855],[-149.87664748757487,61.38403235031349],[-149.91971901549016,61.323898171971706],[-149.91971901549016,61.26376399362992],[-149.98432630736306,61.23713314322143],[-150.07405865718655,61.253455277342766],[-150.2032732409324,61.25946869517695],[-150.46888099640995,61.24486468043679],[-150.5622026402264,61.281804247132456],[-150.66270287202872,61.295549202182016],[-150.71295298792987,61.250878098270974],[-150.97497144941448,61.19160297961979],[-150.97497144941448,61.25259621765217],[-151.33390084870848,61.25259621765217],[-151.33390084870848,61.42612627515274],[-152.13431340913408,61.42612627515274],[-152.9993332614326,61.42612627515274],[-152.9993332614326,62.292917502965025],[-153.00292255542553,62.71901110950108],[-152.9993332614326,62.72760170640706]]]}},{"type":"Feature","id":"02180","properties":{"name":"Nome","county_fips":"02180","state_abbr":"AK"},"geometry":{"type":"MultiPolygon","coordinates":[[[[-162.68324845438454,63.58408421793217],[-162.61505186851866,63.621882844318435],[-162.53967669466692,63.63562779936798],[-162.45353363883638,63.62102378462784],[-162.3745691709917,63.62617814277142],[-162.34226552505524,63.59439293421933],[-162.34585481904818,63.55143994968948],[-162.61505186851866,63.54027217371173],[-162.6796591603916,63.556594307833066],[-162.68324845438454,63.58408421793217]]],[[[-164.39534168901687,66.58134347842477],[-164.39534168901687,66.47653819617196],[-164.31996651516513,66.47653819617196],[-164.31996651516513,66.1303371408614],[-164.2445913413134,66.1303371408614],[-164.2445913413134,65.78327702586024],[-163.96462640986408,65.78327702586024],[-163.96462640986408,65.61060602805027],[-163.75644735827356,65.61060602805027],[-163.75644735827356,65.4370759705497],[-162.82323092010918,65.4370759705497],[-162.33149764307643,65.4370759705497],[-161.459299202792,65.4370759705497],[-160.63376158441582,65.4370759705497],[-159.80104537805377,65.4370759705497],[-159.80104537805377,65.52384099929998],[-159.59286632646325,65.52384099929998],[-159.38468727487273,65.52384099929998],[-159.37750868688687,65.26440497273971],[-159.58209844448444,65.26440497273971],[-159.58209844448444,65.09087491523914],[-159.5713305625056,64.91734485773857],[-159.77592032010318,64.91734485773857],[-159.77592032010318,64.74467385992858],[-159.96256360773606,64.74467385992858],[-159.96256360773606,64.39761374492744],[-159.9482064317643,64.05141268961688],[-159.73643808618084,64.05141268961688],[-159.73643808618084,63.791976663056616],[-159.93384925579255,63.791976663056616],[-159.93384925579255,63.70521163430634],[-160.1097246614466,63.70521163430634],[-160.11331395543954,63.618446605556045],[-160.49736841268412,63.618446605556045],[-160.49736841268412,63.53168157680575],[-160.69119028830286,63.53168157680575],[-160.69119028830286,63.35815151930518],[-160.6660652303523,63.35815151930518],[-160.6660652303523,63.272245550245486],[-160.8562978119781,63.272245550245486],[-160.8562978119781,63.01195046399464],[-162.00128259572594,63.01195046399464],[-162.00128259572594,63.098715492744915],[-162.19151517735176,63.098715492744915],[-162.19151517735176,63.18548052149521],[-162.38174775897758,63.18548052149521],[-162.38174775897758,63.27138649055489],[-162.59351610456105,63.272245550245486],[-162.43558716887168,63.37790989218891],[-162.35303340703405,63.45436620465203],[-162.27047964519645,63.48786953258532],[-162.3027832911329,63.537694994639935],[-162.25253317523175,63.54199029309292],[-162.15203294342942,63.517936621756206],[-162.07306847558473,63.51364132330322],[-162.02640765367653,63.44749372712727],[-161.83976436604365,63.44749372712727],[-161.67824613636134,63.4646749209392],[-161.58492449254493,63.44749372712727],[-161.30854885508853,63.47154739846397],[-161.13626274342744,63.50419166670666],[-161.10395909749096,63.548003710927105],[-160.90295863388633,63.6579633513235],[-160.7665654621546,63.77393640955408],[-160.7665654621546,63.83492964758646],[-160.8096369900699,63.90451348252482],[-160.8921907519075,63.98612415313153],[-160.95320874978748,64.09007037569374],[-160.95679804378042,64.19143941918418],[-160.97474451374512,64.23611052309522],[-161.22958438724385,64.37098289451893],[-161.26188803318033,64.39847280461804],[-161.40904908689086,64.42252647595475],[-161.50596002470024,64.42338553564535],[-161.47006708477085,64.50671432563324],[-161.37315614696146,64.53506329542294],[-161.3229060310603,64.51358680315802],[-161.1972807413074,64.49640560934608],[-161.01422674766746,64.50241902718027],[-161.05011968759686,64.54107671325713],[-160.93885157381573,64.54966731016309],[-160.7916905201052,64.61925114510144],[-160.7845119321193,64.71718394982949],[-160.93526227982278,64.82198923208232],[-161.10395909749096,64.8804052910429],[-161.19369144731445,64.92164015619156],[-161.1972807413074,64.89415024609245],[-161.29419167911678,64.8529153809438],[-161.36597755897557,64.77903624755247],[-161.51672790667905,64.75326445683456],[-161.66747825438253,64.78934496383962],[-161.879246599966,64.70945241261411],[-162.16997941339412,64.68024438313383],[-162.23458670526705,64.61925114510144],[-162.53967669466692,64.53076799696996],[-162.61505186851866,64.47063381862817],[-162.63299833848336,64.38558690925909],[-162.79092727417273,64.3254527309173],[-162.80528445014448,64.40534528214282],[-162.85912386003858,64.49984184810847],[-162.9416776218762,64.54279483263832],[-163.04217785367854,64.54021765356653],[-163.02782067770676,64.56942568304682],[-163.14267808548084,64.60894242881427],[-163.1749817314173,64.63986857767577],[-163.31137490314902,64.58832499623995],[-163.25394619926197,64.54966731016309],[-163.17857102541024,64.54365389232892],[-163.1211423215232,64.51015056439563],[-163.03499926569265,64.5196002209922],[-163.02782067770676,64.47836535584355],[-163.10678514555144,64.4087815209052],[-163.1749817314173,64.39933186430864],[-163.25394619926197,64.46977475893758],[-163.4513573688737,64.53506329542294],[-163.59851842258422,64.56341226521265],[-163.82823323813236,64.5745800411904],[-163.97539429184292,64.55138542954428],[-164.07230522965227,64.56169414583145],[-164.25894851728515,64.56427132490325],[-164.42046674696746,64.5453720117101],[-164.80811049820497,64.44915732636325],[-165.0162895497955,64.4345533116231],[-165.41470118301183,64.49812372872728],[-165.75209481834818,64.53678141480414],[-165.92079163601636,64.54880825047249],[-166.23664950739507,64.58317063809638],[-166.4125249130491,64.65103635365352],[-166.4843107929079,64.73350608395083],[-166.480721498915,64.797076501055],[-166.40893561905617,64.82800264991648],[-166.4304713830138,64.8829824701147],[-166.53097161481614,64.9371032306223],[-166.69248984449843,64.98521057329572],[-166.69607913849137,65.03589509504094],[-166.8611866621666,65.09087491523914],[-166.897079602096,65.13898225791257],[-166.75709713637136,65.11063328812287],[-166.63865043460433,65.11321046719466],[-166.60634678866788,65.13640507884078],[-166.5202037328373,65.14929097419973],[-166.4627750289503,65.17678088429884],[-166.4735429109291,65.22402916728166],[-166.3479176211762,65.27643180840808],[-166.4843107929079,65.33055256891568],[-166.55250737877378,65.33828410613106],[-166.65659690456903,65.3245391510815],[-166.7965793702937,65.33742504644046],[-167.02629418584183,65.38209615035149],[-167.3995807611076,65.40013640385403],[-167.57545616676165,65.44480750776506],[-167.71184933849338,65.49892826827268],[-167.90926050810506,65.55047184970849],[-168.0743680317803,65.5762436404264],[-168.13538602966028,65.64067311722116],[-168.10308238372383,65.6853442211322],[-167.98104638796386,65.72829720566205],[-167.53956322683226,65.8210756522465],[-167.31343770527704,65.88464606935068],[-167.14115159361592,65.94821648645485],[-166.97963336393363,65.99632382912829],[-166.82888301623015,66.05130364932648],[-166.5273823208232,66.14150491683915],[-166.3299711512115,66.18961225951259],[-165.80593422824228,66.33307522784227],[-165.1885756614566,66.46537042019419],[-164.71119956039558,66.54268579234791],[-164.39534168901687,66.58134347842477]]],[[[-171.8395374303743,63.548003710927105],[-171.8323588423884,63.579788919479185],[-171.7426264925649,63.65452711256111],[-171.75339437454375,63.718956589355884],[-171.7246800226002,63.734419663786625],[-171.7426264925649,63.783386066150655],[-171.66725131871317,63.78596324522245],[-171.63853696676966,63.749882738217366],[-171.65289414274142,63.70864787306873],[-171.60982261482613,63.679439843588426],[-171.380107799278,63.630473441224396],[-171.1037321618216,63.58923857607576],[-170.9063209922099,63.57205738226381],[-170.6981419406194,63.64679557534575],[-170.48996288902887,63.69662103740036],[-170.28178383743835,63.68459420173201],[-170.1776943116431,63.625319083080825],[-170.09514054980548,63.61243318772186],[-170.04130113991138,63.52309097989979],[-170.04847972789727,63.4904467116571],[-169.85824714627145,63.44233936898368],[-169.65724668266682,63.430312533315316],[-169.57828221482214,63.402822623216224],[-169.5459785688857,63.372755534045325],[-169.41676398513982,63.35557434023339],[-169.1009061137611,63.33839314642145],[-169.05065599785996,63.34354750456504],[-168.6845480105801,63.2962992215822],[-168.78145894838946,63.18376240211401],[-168.86042341623414,63.14682283541835],[-169.04347740987407,63.17688992458923],[-169.1978170515705,63.176030864898635],[-169.3772817512175,63.151118133871336],[-169.53521068690685,63.0746618214082],[-169.57110362683625,63.02225918028179],[-169.5675143328433,62.97672901668015],[-169.63930021270212,62.937212270912696],[-169.74697903249032,62.95611158410583],[-169.73621115051148,62.97672901668015],[-169.82953279432792,63.07895711986119],[-169.944390202102,63.13221882067819],[-170.123854901749,63.18376240211401],[-170.26383736747366,63.179467103661025],[-170.303319601396,63.23874222231221],[-170.36433759927598,63.28599050529505],[-170.55815947489472,63.35471528054279],[-170.86683875828757,63.41399039919398],[-171.10014286782865,63.42344005579055],[-171.26883968549683,63.38564142940429],[-171.33344697736976,63.33581596734966],[-171.4626615611156,63.30660793786937],[-171.56316179291792,63.33495690765906],[-171.73903719857196,63.36588305652056],[-171.82518025440254,63.437185010840096],[-171.8503053123531,63.48529235351353],[-171.8395374303743,63.548003710927105]]]]}},{"type":"Feature","id":"02185","properties":{"name":"North Slope","county_fips":"02185","state_abbr":"AK"},"geometry":{"type":"Polygon","coordinates":[[[-141.00391273702735,68.49876470783707],[-142.23145128261282,68.49962376752767],[-142.97084584515844,68.49962376752767],[-143.71741899568994,68.49962376752767],[-144.6578140218402,68.49962376752767],[-145.35413705647056,68.49962376752767],[-146.00020997519974,68.49962376752767],[-146.00020997519974,67.99965102760027],[-147.0554624091241,67.99965102760027],[-147.75178544375441,67.99965102760027],[-148.5234836522365,67.99965102760027],[-149.14443151301512,67.99965102760027],[-150.00227277732776,67.99965102760027],[-150.8313996896969,67.99965102760027],[-151.6784730720307,67.99965102760027],[-152.52554645436453,67.99965102760027],[-153.4049234826348,67.99965102760027],[-154.39556862468623,67.99965102760027],[-155.3180171808718,67.99965102760027],[-155.3180171808718,68.03487247491474],[-156.23687644306443,68.03487247491474],[-156.23687644306443,68.12163750366503],[-157.15573570525703,68.12163750366503],[-157.15573570525703,68.20840253241532],[-158.17868449324493,68.20840253241532],[-158.95397199571994,68.20840253241532],[-159.69336655826558,68.20840253241532],[-159.69336655826558,68.294308501475],[-160.15997477734777,68.294308501475],[-160.15997477734777,68.20840253241532],[-161.0896019215192,68.20754347272472],[-161.0896019215192,68.294308501475],[-161.5562101406014,68.294308501475],[-161.5562101406014,68.20754347272472],[-162.02281835968358,68.20754347272472],[-162.02281835968358,68.294308501475],[-162.72273068830688,68.294308501475],[-162.72273068830688,68.20754347272472],[-163.61646489254892,68.20754347272472],[-164.49943121481215,68.20754347272472],[-164.49943121481215,68.03487247491474],[-165.3859868310683,68.03487247491474],[-165.68748752647525,68.09071135480353],[-165.87054152011518,68.11046972768726],[-165.97463104591046,68.14053681685816],[-166.0428276317763,68.20067099519994],[-166.23664950739507,68.27283200921008],[-166.39816773707736,68.30719439683396],[-166.68890055050548,68.34241584414843],[-166.83965089820896,68.33726148600485],[-166.7068470204702,68.37162387362872],[-166.37663197311971,68.42230839537395],[-166.30484609326092,68.4618251411414],[-166.2940782112821,68.51079154350542],[-166.22588162541624,68.57608007999079],[-166.1863993914939,68.77881816697166],[-166.21511374343743,68.8793281507715],[-165.57263011870117,68.85269730036299],[-165.32855812718125,68.85785165850658],[-164.8116997921979,68.89393216551164],[-164.52814556675565,68.91798583684836],[-164.2517699292993,68.93087173220731],[-163.97539429184292,68.98499249271492],[-163.82823323813236,69.04083137260372],[-163.7241437123371,69.06660316332162],[-163.5339111307113,69.14134135640356],[-163.24317831728317,69.30628081699815],[-163.16780314343143,69.38531430853307],[-163.14267808548084,69.45318002409023],[-163.14985667346673,69.61296512654125],[-163.00987420774206,69.81312603445033],[-162.7083735123351,69.97033395782957],[-162.47506940279402,70.12410564244641],[-162.34226552505524,70.19025323862238],[-161.879246599966,70.32942090849907],[-161.53467437664375,70.29935381932819],[-161.2870130911309,70.2967766402564],[-161.04294109961097,70.33113902788027],[-160.81322628406284,70.37666919148191],[-160.47942194271943,70.46601139930398],[-160.21381418724187,70.55878984588844],[-160.0558852515525,70.63266897927979],[-159.64670573635735,70.794172201112],[-159.52825903459035,70.8208030515205],[-159.17291892928927,70.87492381202811],[-159.1477938713387,70.83454800657006],[-158.950382701727,70.7967493801838],[-158.65606059430593,70.78644066389663],[-158.411988602786,70.79932655925558],[-158.3653277808778,70.8199439918299],[-158.25047037310372,70.81736681275811],[-158.0315234395344,70.83197082749827],[-157.76950497804978,70.87578287171871],[-157.50389722257222,70.94880294541944],[-157.24905734907347,71.05274916798167],[-157.11984276532763,71.1283464207542],[-156.8111634819348,71.28727246351463],[-156.5670914904149,71.352561],[-156.5240199624996,71.2941449410394],[-156.35532314483143,71.26150067279671],[-156.2153406791068,71.25978255341552],[-156.07535821338212,71.24260135960358],[-156.01792950949508,71.17215846497464],[-155.9210185716857,71.20737991228911],[-155.56567846638467,71.16528598744986],[-155.51183905649054,71.08109813777136],[-155.7056609321093,71.02010489973898],[-155.8312862218622,70.96598413923138],[-155.97844727557273,70.96254790046899],[-155.93537574765747,70.83712518564185],[-155.64464293422932,70.82423929028289],[-155.48671399853998,70.87492381202811],[-155.51183905649054,70.94021234851347],[-155.4544103526035,70.94708482603825],[-155.34314223882237,71.00464182530824],[-155.26058847698476,71.01495054159541],[-155.1923918911189,70.97371567644676],[-155.17803471514713,71.02783643695436],[-155.27494565295652,71.06477600365002],[-155.14932036320363,71.11202428663286],[-155.0739451893519,71.0716484811748],[-155.0847130713307,71.1274873610636],[-155.0308736614366,71.14638667425673],[-154.77603378793788,71.08281625715256],[-154.61451555825556,71.02611831757316],[-154.56785473634736,70.9900378105681],[-154.6073369702697,70.9616888407784],[-154.60374767627675,70.86805133450333],[-154.5714440303403,70.82595740966408],[-154.35249709677095,70.83454800657006],[-154.22687180701806,70.80276279801797],[-154.16944310313102,70.7684004103941],[-153.9971569914699,70.8216621112111],[-153.8894781716817,70.88609158800587],[-153.48747724447244,70.88609158800587],[-153.23981595895958,70.92217209501094],[-153.04958337733376,70.91272243841438],[-152.90601161761617,70.88351440893408],[-152.60451092220922,70.88179628955288],[-152.3855639886399,70.85430637945379],[-152.22404575895757,70.82423929028289],[-152.19174211302112,70.7950312608026],[-152.28506375683756,70.78558160420603],[-152.378385400654,70.71427964988649],[-152.47170704447043,70.68850785916858],[-152.42145692856928,70.60861530794307],[-152.33172457874576,70.61291060639606],[-152.26352799287992,70.59229317382173],[-152.10200976319763,70.58713881567814],[-152.06611682326823,70.56308514434143],[-151.81845553775537,70.54590395052949],[-151.70000883598834,70.55363548774487],[-151.76102683386833,70.5166959210492],[-151.72872318793188,70.49521942878428],[-151.91895576955767,70.47288387682876],[-151.9476701215012,70.45226644425443],[-151.8758842416424,70.43078995198951],[-151.55643707627075,70.4359443101331],[-151.29800790877908,70.40072286281861],[-151.2477577928779,70.37237389302892],[-151.1472575610756,70.37666919148191],[-150.98932862538624,70.45054832487324],[-150.78473886778866,70.46343422023219],[-150.6985958119581,70.44797114580145],[-150.66270287202872,70.47717917528175],[-150.5191311123111,70.48319259311592],[-150.41504158651585,70.4599979814698],[-150.36120217662176,70.40931345972459],[-150.21045182891828,70.4325080713707],[-150.07405865718655,70.43938054889547],[-149.86587960559604,70.51068250321502],[-149.81921878368783,70.49178319002189],[-149.65770055400554,70.50896438383383],[-149.5823253801538,70.49607848847488],[-149.46028938439383,70.5184140404304],[-149.41721785647854,70.49264224971249],[-149.18032445294452,70.48576977218771],[-148.95778822538225,70.42391747446473],[-148.85728799357992,70.42305841477413],[-148.78909140771407,70.4024409821998],[-148.69576976389763,70.42907183260832],[-148.60962670806708,70.42219935508354],[-148.4768228303283,70.35948799766996],[-148.4768228303283,70.3208303115931],[-148.35119754057538,70.30450817747176],[-148.20403648686485,70.3483202216922],[-148.2004471928719,70.2941994611846],[-148.10712554905547,70.34316586354862],[-147.81639273562735,70.27701826737267],[-147.7661426197262,70.21946126810268],[-147.67999956389562,70.19970289521895],[-147.50412415824158,70.20056195490953],[-147.34978451654516,70.18767605955058],[-147.24569499074988,70.21860220841208],[-147.16314122891228,70.1558908509985],[-146.99085511725116,70.14730025409253],[-146.8867655914559,70.18595794016939],[-146.7324259497595,70.17564922388223],[-146.50988972219722,70.18595794016939],[-146.27299631866316,70.17736734326343],[-146.09712091300912,70.14472307502074],[-145.91765621336214,70.14214589594894],[-145.85663821548215,70.16619956728566],[-145.62333410594104,70.08458889667895],[-145.52283387413874,70.07771641915419],[-145.40797646636466,70.03132719586195],[-145.24645823668237,70.0175822408124],[-145.17467235682355,69.99181045009449],[-145.01315412714126,69.98150173380732],[-144.95213612926128,69.95916618185181],[-144.8552251914519,69.9866560919509],[-144.61833178791787,69.96947489813897],[-144.45681355823558,70.03562249431494],[-144.28452744657446,70.04077685245852],[-144.252223800638,70.05795804627046],[-143.95072310523105,70.1000519711097],[-143.88611581335812,70.12066940368402],[-143.5774365299653,70.14644119440193],[-143.42668618226182,70.124964702137],[-143.2544000706007,70.15245461223611],[-143.22209642466424,70.13699153780537],[-142.93854219922198,70.0742801803918],[-142.74830961759616,70.0424949718397],[-142.49705903809036,69.97377019659196],[-142.40373739427395,69.91621319732197],[-142.27093351653514,69.9067635407254],[-141.95866493914937,69.82343475073749],[-141.71459294762946,69.78907236311362],[-141.52794965999658,69.73581066229661],[-141.43103872218722,69.69543485683856],[-141.21209178861787,69.68426708086079],[-141.00391273702735,69.64560939478393],[-141.00391273702735,68.49876470783707]]]}},{"type":"Feature","id":"02188","properties":{"name":"Northwest Arctic","county_fips":"02188","state_abbr":"AK"},"geometry":{"type":"Polygon","coordinates":[[[-165.3859868310683,68.03487247491474],[-164.49943121481215,68.03487247491474],[-164.49943121481215,68.20754347272472],[-163.61646489254892,68.20754347272472],[-162.72273068830688,68.20754347272472],[-162.72273068830688,68.294308501475],[-162.02281835968358,68.294308501475],[-162.02281835968358,68.20754347272472],[-161.5562101406014,68.20754347272472],[-161.5562101406014,68.294308501475],[-161.0896019215192,68.294308501475],[-161.0896019215192,68.20754347272472],[-160.15997477734777,68.20840253241532],[-160.15997477734777,68.294308501475],[-159.69336655826558,68.294308501475],[-159.69336655826558,68.20840253241532],[-158.95397199571994,68.20840253241532],[-158.17868449324493,68.20840253241532],[-157.15573570525703,68.20840253241532],[-157.15573570525703,68.12163750366503],[-156.23687644306443,68.12163750366503],[-156.23687644306443,68.03487247491474],[-155.3180171808718,68.03487247491474],[-155.3180171808718,67.99965102760027],[-155.3180171808718,67.86220147710476],[-155.36826729677296,67.86220147710476],[-155.36826729677296,67.77543644835447],[-155.14214177521774,67.77543644835447],[-155.14214177521774,67.68867141960419],[-154.91601625366252,67.68867141960419],[-154.91601625366252,67.6019063908539],[-154.6898907321073,67.6019063908539],[-154.6898907321073,67.5151413621036],[-154.74731943599434,67.5151413621036],[-154.74731943599434,67.25570533554334],[-154.3022469808698,67.25570533554334],[-154.3022469808698,67.16894030679306],[-154.14790733917337,67.16894030679306],[-154.14790733917337,66.8227392514825],[-154.20892533705336,66.8227392514825],[-154.20892533705336,66.73597422273221],[-154.86217684376842,66.73597422273221],[-154.86217684376842,66.56330322492224],[-155.51183905649054,66.56330322492224],[-155.51183905649054,66.47653819617196],[-155.55491058440583,66.47653819617196],[-155.55491058440583,66.30300813867137],[-155.98203656956568,66.30300813867137],[-155.98203656956568,66.38977316742167],[-156.1973942091421,66.38977316742167],[-156.1973942091421,66.47653819617196],[-156.62452019430194,66.47653819617196],[-156.62452019430194,66.30300813867137],[-157.05164617946178,66.30300813867137],[-157.05164617946178,66.47653819617196],[-157.90589814978148,66.47653819617196],[-157.90589814978148,66.1303371408614],[-158.97191846568464,66.1303371408614],[-158.97191846568464,65.95680708336083],[-159.6036342084421,65.95680708336083],[-159.6036342084421,65.78327702586024],[-159.59286632646325,65.78327702586024],[-159.59286632646325,65.52384099929998],[-159.80104537805377,65.52384099929998],[-159.80104537805377,65.4370759705497],[-160.63376158441582,65.4370759705497],[-161.459299202792,65.4370759705497],[-162.33149764307643,65.4370759705497],[-162.82323092010918,65.4370759705497],[-163.75644735827356,65.4370759705497],[-163.75644735827356,65.61060602805027],[-163.96462640986408,65.61060602805027],[-163.96462640986408,65.78327702586024],[-164.2445913413134,65.78327702586024],[-164.2445913413134,66.1303371408614],[-164.31996651516513,66.1303371408614],[-164.31996651516513,66.47653819617196],[-164.39534168901687,66.47653819617196],[-164.39534168901687,66.58134347842477],[-163.91437629396293,66.59422937378373],[-163.72773300633006,66.58477971718716],[-163.60569701057008,66.55814886677865],[-163.75285806428064,66.5486992101821],[-163.72773300633006,66.51605494193942],[-163.76362594625945,66.45506170390703],[-163.8748940600406,66.38891410773107],[-163.87130476604764,66.32877992938928],[-163.82823323813236,66.28067258671585],[-163.9036084119841,66.22998806497064],[-164.07948381763816,66.20163909518094],[-164.09384099360992,66.184457901369],[-163.91796558795588,66.19047131920318],[-163.7672152402524,66.06075330592304],[-163.62364348053478,66.05817612685127],[-163.49442889678895,66.08566603695036],[-163.34367854908547,66.08480697725976],[-163.16780314343143,66.05903518654185],[-162.99910632576325,66.0770754400444],[-162.7514450402504,66.08996133540334],[-162.6365876324763,66.04013587334872],[-162.45712293282932,66.05817612685127],[-162.3925156409564,66.02896809737096],[-162.2058723533235,66.05645800747007],[-162.1412650614506,66.07879355942558],[-161.83976436604365,66.02295467953678],[-161.77515707417072,66.073639201282],[-161.68183543035428,66.11143782766827],[-161.5490315526155,66.2402967812578],[-161.4844242607426,66.26263233321332],[-161.34085250102498,66.25490079599795],[-161.31213814908148,66.22139746806467],[-161.1972807413074,66.21108875177751],[-161.08601262752626,66.23428336342363],[-160.99269098370982,66.23428336342363],[-161.1075483914839,66.32877992938928],[-161.36238826498263,66.37602821237212],[-161.52390649466494,66.39664564494645],[-161.69619260632606,66.39578658525585],[-161.91155024590245,66.34424300382003],[-161.8648894239942,66.44045768916688],[-161.87565730597305,66.51175964348643],[-162.09819353353532,66.60969244821447],[-162.17715800138,66.68786688005879],[-162.27047964519645,66.71793396922968],[-162.4822479907799,66.72996080489804],[-162.51096234272342,66.77806814757146],[-162.6258197504975,66.85538351972518],[-162.6006946925469,66.89833650425503],[-162.50378375473753,66.91379957868578],[-162.46789081480813,66.95073914538145],[-162.4104621109211,66.91895393682935],[-162.32431905509054,66.94300760816607],[-162.22740811728116,66.86655129570295],[-162.09819353353532,66.78837686385863],[-162.01205047770478,66.77978626695266],[-162.08024706357062,66.69302123820238],[-162.06947918159182,66.64577295521954],[-161.9689789497895,66.6028199706897],[-161.7643891921919,66.49715562874627],[-161.5741566105661,66.43873956978568],[-161.43417414484145,66.45420264421644],[-161.32649532505323,66.47825631555314],[-161.29419167911678,66.52035024039239],[-161.45570990879907,66.52206835977358],[-161.49160284872846,66.56072604585044],[-161.69260331233312,66.62086022419223],[-161.88283589395894,66.71707490953908],[-161.84694295402954,66.76174601345012],[-161.84694295402954,66.81328959488594],[-161.79669283812837,66.83304796776967],[-161.79310354413542,66.88201437013369],[-161.67465684236842,66.9619069213592],[-161.5669780225802,66.93441701126011],[-161.48801355473555,66.93699419033189],[-161.4844242607426,66.9610478616686],[-161.62081743247433,67.00829614465144],[-161.71054978229782,67.00142366712666],[-161.81105001410012,67.05039006949069],[-162.1233185914859,67.02547733846338],[-162.23817599925997,66.9936921299113],[-162.36021199501994,66.9936921299113],[-162.50019446074458,66.97736999578994],[-162.62223045650455,66.9919740105301],[-162.69401633636335,67.02891357722577],[-162.75503433424333,67.0151686221762],[-162.83040950809507,67.03492699505993],[-162.84476668406683,66.9911149508395],[-162.97398126781266,67.02461827877278],[-163.3006070211702,67.06069878577784],[-163.49442889678895,67.08732963618635],[-163.66671500845007,67.1002155315453],[-163.74567947629475,67.12598732226321],[-163.7420901823018,67.21017517194171],[-163.8210546501465,67.35020190150901],[-164.00769793777937,67.53575879467793],[-164.07948381763816,67.58558425673256],[-164.208698401384,67.63884595754956],[-164.53532415474155,67.72561098629986],[-165.05577178371783,67.92147659575595],[-165.13114695756957,67.94209402833027],[-165.3142009512095,68.0168322214122],[-165.3859868310683,68.03487247491474]]]}},{"type":"Feature","id":"02195","properties":{"name":"Petersburg","county_fips":"02195","state_abbr":"AK"},"geometry":{"type":"MultiPolygon","coordinates":[[[[-133.32641288612885,57.011418525175245],[-133.10387665856658,57.00540510734106],[-132.9961978387784,56.94183469023689],[-132.94594772287724,56.87139179560795],[-132.9351798408984,56.823284452934516],[-132.90287619496195,56.80352608005079],[-132.82032243312432,56.79407642345423],[-132.76289372923728,56.752841558305576],[-132.74494725927258,56.71332481253812],[-132.62650055750555,56.668653708627076],[-132.5941969115691,56.61367388842888],[-132.540357501675,56.584465858948576],[-132.65162561545614,56.5518215907059],[-132.72341149531493,56.51574108370083],[-132.81673313913137,56.495123651126505],[-132.8741618430184,56.50886860617605],[-132.98542995679955,56.51230484493844],[-133.13976959849597,56.53292227751277],[-133.12182312853128,56.491687412364115],[-133.2043768903689,56.44787536814367],[-133.3479486500865,56.469351860408594],[-133.4125559419594,56.49426459143591],[-133.40537735397353,56.52003638215382],[-133.4484488818888,56.572439023280225],[-133.42332382393823,56.59047927678276],[-133.43768099991,56.6351503806938],[-133.47357393983938,56.64460003729036],[-133.50228829178292,56.71246575284752],[-133.5740741716417,56.76143215521154],[-133.49510970379703,56.74854625985259],[-133.51664546775467,56.79751266221662],[-133.48075252782527,56.84733812427123],[-133.50228829178292,56.87826427313273],[-133.37666300203,56.89458640725407],[-133.26180559425592,56.93324409333093],[-133.32641288612885,57.011418525175245]]],[[[-133.55253840768407,57.773404470734704],[-133.49152040980408,57.82237087309872],[-133.4197345299453,57.78629036609365],[-133.35153794407944,57.772545411044106],[-133.2833413582136,57.79402190330903],[-133.18643042040418,57.74076020249201],[-133.10746595255952,57.727015247442466],[-133.07157301263013,57.74161926218261],[-133.0069657207572,57.7158474714647],[-132.9531263108631,57.7459145606356],[-132.8921083129831,57.727015247442466],[-132.899286900969,57.68663944198441],[-132.84185819708196,57.6608676512665],[-132.88851901899017,57.61276030859308],[-132.82391172711726,57.58011604035039],[-132.72341149531493,57.57582074189742],[-132.65162561545614,57.58612945818457],[-132.64803632146322,57.60932406983069],[-132.5583039716397,57.50365972788727],[-132.36807139001388,57.34902898357983],[-132.2532139822398,57.21587473153731],[-132.37166068400683,57.095606374853745],[-132.05221351863517,57.0509352709427],[-132.12041010450105,56.89115016849168],[-132.2173210423104,56.892009228182275],[-132.2783390401904,56.84562000489004],[-132.30346409814098,56.799230781597814],[-132.35012492004918,56.77088181180811],[-132.43985726987268,56.77002275211751],[-132.47216091580916,56.730506006350055],[-132.5511253836538,56.714183872228716],[-132.5583039716397,56.757136856758564],[-132.6372684394844,56.781190528095266],[-132.77007231722317,56.837888467674674],[-132.81673313913137,56.89716358632586],[-132.8705725490255,56.92551255611555],[-132.9172333709337,56.99337827167271],[-132.81314384513843,57.030317838368376],[-132.85262607906077,57.08014330042299],[-132.9172333709337,57.039767494964934],[-132.98542995679955,57.05523056939569],[-132.99260854478544,57.03203595774957],[-133.07516230662304,57.081861419804184],[-133.18643042040418,57.088733897328964],[-133.22591265432652,57.1368412400024],[-133.3228235921359,57.11278756866568],[-133.51664546775467,57.17807610515105],[-133.5453598196982,57.24250558194581],[-133.49152040980408,57.30521693935938],[-133.42691311793118,57.28631762616625],[-133.30846641616415,57.28975386492864],[-133.2761627702277,57.330988730077294],[-133.35512723807238,57.33356590914909],[-133.46998464584647,57.36449205801057],[-133.46280605786058,57.39455914718147],[-133.52741334973348,57.50194160850607],[-133.48075252782527,57.57152544344443],[-133.56689558365582,57.562934846538454],[-133.62073499354992,57.57925698065979],[-133.67816369743696,57.62478714426143],[-133.6530386394864,57.71327029239292],[-133.5812527596276,57.714988411774115],[-133.52382405574053,57.68406226291262],[-133.40537735397353,57.66344483033829],[-133.17925183241832,57.58698851787517],[-133.16130536245362,57.59987441323412],[-133.2510377122771,57.649699875288746],[-133.3228235921359,57.666022009410085],[-133.55253840768407,57.773404470734704]]]]}},{"type":"Feature","id":"02198","properties":{"name":"Prince of Wales-Hyder","county_fips":"02198","state_abbr":"AK"},"geometry":{"type":"MultiPolygon","coordinates":[[[[-130.2467986401864,56.09737901438014],[-130.1032268804688,56.11627832757327],[-130.00272664866648,55.99343279181791],[-130.0134945306453,55.91611741966419],[-130.08528041050408,55.82419803277031],[-130.14988770237701,55.76664103350032],[-130.2934594620946,55.8577013607036],[-130.2898701681017,55.88690939018389],[-130.390370399904,55.94360732976328],[-130.3185845200452,55.96937912048119],[-130.2898701681017,55.9977280902709],[-130.21808428824286,56.00030526934269],[-130.2898701681017,56.04755355232551],[-130.2467986401864,56.09737901438014]]],[[[-131.64662329743297,55.03558123680236],[-131.58919459354593,55.08884293761936],[-131.59637318153182,55.12578250431504],[-131.54971235962358,55.14296369812698],[-131.59996247552476,55.17990326482264],[-131.60714106351062,55.240037443164425],[-131.58919459354593,55.2735407710977],[-131.54971235962358,55.28127230831308],[-131.48151577375774,55.25378239821397],[-131.46356930379304,55.22371530904309],[-131.4169084818848,55.217701891208904],[-131.35589048400482,55.18333950358503],[-131.35589048400482,55.04159465463654],[-131.3881941299413,55.01238662515624],[-131.48510506775068,55.010668505775044],[-131.53176588965889,55.03815841587415],[-131.61431965149652,55.00723226701267],[-131.64662329743297,55.03558123680236]]],[[[-132.88851901899017,54.97458799876998],[-132.82391172711726,54.97974235691356],[-132.83826890308902,54.93421219331192],[-132.88851901899017,54.97458799876998]]],[[[-133.319234298143,55.426453396023945],[-133.24385912429125,55.44964800767006],[-133.2510377122771,55.410131261902606],[-133.30846641616415,55.40068160530605],[-133.319234298143,55.426453396023945]]],[[[-133.56330628966288,54.86892365682655],[-133.53100264372642,54.86892365682655],[-133.49510970379703,54.758964016430156],[-133.54894911369112,54.78387674745747],[-133.56330628966288,54.86892365682655]]],[[[-133.65662793347934,55.62575524424243],[-133.62432428754286,55.645513617126156],[-133.62073499354992,55.697916258252576],[-133.54894911369112,55.672144467534665],[-133.5453598196982,55.64465455743557],[-133.62432428754286,55.582802259712594],[-133.65662793347934,55.62575524424243]]],[[[-133.7104673433734,55.67472164660646],[-133.66739581545815,55.682453183821835],[-133.6709851094511,55.65152703496034],[-133.7104673433734,55.67472164660646]]],[[[-133.7894318112181,55.45823860457604],[-133.7607174592746,55.537272096110954],[-133.73200310733108,55.55874858837588],[-133.617145699557,55.5510170511605],[-133.5812527596276,55.537272096110954],[-133.58843134761347,55.507205006940055],[-133.6458600515005,55.47112449993499],[-133.617145699557,55.45737954488544],[-133.5453598196982,55.49174193250931],[-133.52741334973348,55.52868149920498],[-133.48075252782527,55.51235936508364],[-133.4125559419594,55.57077542404423],[-133.34435935609355,55.56905730466303],[-133.2869306522065,55.53555397672976],[-133.3048771221712,55.48401039529395],[-133.3587165320653,55.45394330612305],[-133.42691311793118,55.466829201482],[-133.47357393983938,55.436762112311115],[-133.4125559419594,55.417862799117984],[-133.4197345299453,55.38607759056589],[-133.49869899778997,55.368037337063356],[-133.57766346563466,55.32508435253352],[-133.6099671115711,55.24175556254562],[-133.69252087340874,55.30876221841217],[-133.63150287552875,55.36116485953859],[-133.63509216952167,55.42817151540514],[-133.73918169531694,55.471983559625585],[-133.7894318112181,55.45823860457604]]],[[[-133.81814616316163,55.96422476233761],[-133.7786639292393,55.98312407553075],[-133.69252087340874,56.07074816397163],[-133.5920206416064,56.079338760877604],[-133.55253840768407,56.09651995468954],[-133.63150287552875,56.107687730667294],[-133.63509216952167,56.14806353612535],[-133.5812527596276,56.12916422293222],[-133.54894911369112,56.15837225241252],[-133.67816369743696,56.21163395322952],[-133.6279135815358,56.23654668425684],[-133.6638065214652,56.31042581764817],[-133.5812527596276,56.35251974248742],[-133.4197345299453,56.33190230991309],[-133.16489465644656,56.31729829517295],[-133.078751600616,56.24685540054399],[-133.03926936669365,56.184144043130416],[-133.05721583665837,56.12486892447923],[-133.0069657207572,56.11971456633566],[-132.960304898849,56.06129850737507],[-132.899286900969,56.02006364222642],[-132.83826890308902,56.02435894067939],[-132.63367914549144,55.92213083749837],[-132.59060761757615,55.87745973358733],[-132.47216091580916,55.782104107931076],[-132.46139303383032,55.67386258691586],[-132.35730350803507,55.648949855888546],[-132.32858915609154,55.578506961259606],[-132.29987480414803,55.5510170511605],[-132.1886066903669,55.50806406663065],[-132.14194586845866,55.45823860457604],[-132.17783880838806,55.453084246432454],[-132.24603539425394,55.49260099219991],[-132.51523244372441,55.57678884187841],[-132.52600032570325,55.5501579914699],[-132.60855408754088,55.48658757436573],[-132.56907185361854,55.47971509684096],[-132.51882173771736,55.52009090229902],[-132.49010738577385,55.50376876817768],[-132.40755362393622,55.51235936508364],[-132.38960715397153,55.48057415653156],[-132.31782127411273,55.46940638055379],[-132.28192833418333,55.44449364952649],[-132.41832150591506,55.43246681385813],[-132.38960715397153,55.401540664996645],[-132.27474974619744,55.41958091849918],[-132.2244996302963,55.374909814588136],[-132.16707092640925,55.362882978919785],[-132.1275886924869,55.288144785837844],[-132.0988743405434,55.28041324862248],[-132.14194586845866,55.23831932378323],[-132.21373174831746,55.24605086099861],[-132.2065531603316,55.2185609508995],[-132.1275886924869,55.19966163770637],[-132.08810645856457,55.20653411523115],[-132.07733857658576,55.24605086099861],[-132.02708846068458,55.27697700986009],[-131.99478481474813,55.258936756357556],[-131.97683834478343,55.18076232451324],[-132.03067775467753,55.15155429503294],[-132.01632057870577,55.120628146171455],[-132.09528504655046,55.039876535255345],[-132.19937457234573,55.00551414763147],[-132.1347672804728,54.985755774747744],[-132.03785634266342,55.036440296492955],[-131.98401693276932,55.02784969958698],[-131.98401693276932,54.85346058239581],[-131.95889187481873,54.79160828467283],[-132.03067775467753,54.701407017160165],[-132.1634816324163,54.69367547994479],[-132.25680327623274,54.73491034509344],[-132.30705339213392,54.7185882109721],[-132.36807139001388,54.75123247921478],[-132.37166068400683,54.78301768776687],[-132.50805385573855,54.78129956838568],[-132.44703585785857,54.82682973198732],[-132.35012492004918,54.81823913508134],[-132.34653562605627,54.85174246301462],[-132.41473221192211,54.8878229700197],[-132.48292879778796,54.89899074599745],[-132.60855408754088,54.965997401864016],[-132.5762504416044,54.99864167010669],[-132.540357501675,55.09743353452534],[-132.5941969115691,55.105165071740714],[-132.63367914549144,55.05533960968609],[-132.60855408754088,55.14210463843638],[-132.57983973559735,55.166158309773095],[-132.6193219695197,55.19966163770637],[-132.6372684394844,55.152413354723535],[-132.73417937729377,55.134373101221],[-132.68392926139262,55.04588995308953],[-132.74853655326552,54.9960644910349],[-132.9172333709337,55.04417183370833],[-132.93159054690545,55.07423892287922],[-132.8705725490255,55.124064384933845],[-132.9351798408984,55.209970353993526],[-133.0069657207572,55.20567505554055],[-133.0428586606866,55.248628040070386],[-133.11823383453833,55.25120521914218],[-133.07516230662304,55.18419856327563],[-133.01055501475014,55.12835968338682],[-132.9890192507925,55.066507385663854],[-133.01414430874308,55.03558123680236],[-132.960304898849,55.020977222062214],[-132.88851901899017,54.89641356692566],[-132.80237596315962,54.87407801497014],[-132.81673313913137,54.923903477024766],[-132.73059008330083,54.93936655145551],[-132.6300898514985,54.88352767156671],[-132.61573267552674,54.77700426993269],[-132.6659827914279,54.76325931488314],[-132.73059008330083,54.82682973198732],[-132.75571514125141,54.820816314153134],[-132.67316137941378,54.674776166751656],[-132.77725090520903,54.674776166751656],[-132.8705725490255,54.70226607685076],[-132.87775113701136,54.75380965828657],[-132.94953701687015,54.78817204591046],[-133.12541242252422,54.940225611146104],[-133.16130536245362,54.959124924339235],[-133.1684839504395,55.03128593834937],[-133.21155547835477,55.039876535255345],[-133.2402698302983,55.09227917638175],[-133.13618030450303,55.09915165390653],[-133.2330912423124,55.12750062369622],[-133.2223233603336,55.229728726877255],[-133.3407700621006,55.20567505554055],[-133.37666300203,55.22801060749606],[-133.44127029390293,55.21168847337472],[-133.47357393983938,55.24776898037979],[-133.45203817588174,55.31992999438994],[-133.33359147411474,55.34570178510785],[-133.2941092401924,55.291581024600234],[-133.2330912423124,55.30876221841217],[-133.27975206422065,55.333674949439484],[-133.258216300263,55.36717827737276],[-133.20796618436185,55.38435947118471],[-133.15771606846067,55.372332635516344],[-133.078751600616,55.410131261902606],[-133.18284112641126,55.49260099219991],[-133.1325910105101,55.50290970848708],[-133.19001971439712,55.53039961858617],[-133.17566253842537,55.58709755816557],[-133.26180559425592,55.56905730466303],[-133.43768099991,55.643795497744975],[-133.45203817588174,55.66784916908168],[-133.39460947199473,55.66699010939108],[-133.42691311793118,55.70994309392093],[-133.41614523595234,55.740010183091826],[-133.51305617376173,55.75547325752257],[-133.49152040980408,55.70650685515854],[-133.52741334973348,55.69533907918078],[-133.64227075750756,55.72884240711406],[-133.6996994613946,55.778667869168686],[-133.65662793347934,55.82333897307973],[-133.556127701677,55.83536580874808],[-133.42332382393823,55.78897658545584],[-133.3228235921359,55.81904367462674],[-133.3838415900159,55.87660067389673],[-133.4484488818888,55.89034562894628],[-133.49152040980408,55.87316443513434],[-133.52382405574053,55.887768449874486],[-133.49510970379703,55.9135402405924],[-133.50228829178292,55.949620747597464],[-133.47716323383233,56.003741508105065],[-133.49510970379703,56.017486463154626],[-133.54177052570526,55.97711065769657],[-133.63868146351462,55.921271777807775],[-133.7176459313593,55.89292280801807],[-133.80019969319693,55.92556707626075],[-133.81814616316163,55.96422476233761]]],[[[-133.94377145291452,55.9126811809018],[-133.89352133701337,55.936734852238516],[-133.85403910309103,55.93158049409493],[-133.83968192711927,55.88690939018389],[-133.86839627906278,55.845674525035236],[-133.90428921899218,55.84825170410703],[-133.94377145291452,55.9126811809018]]],[[[-134.36730814408145,55.910963061520604],[-134.26680791227912,55.929862374713736],[-134.26321861828617,55.89292280801807],[-134.15195050450504,55.921271777807775],[-134.1232361525615,55.98570125460253],[-134.09811109461094,55.98398313522134],[-134.1304147405474,55.89721810647106],[-134.20937920839208,55.87660067389673],[-134.28116508825087,55.8284933312233],[-134.34577238012378,55.84309734596346],[-134.31705802818027,55.868869136681354],[-134.36730814408145,55.910963061520604]]],[[[-133.32641288612885,57.011418525175245],[-133.26180559425592,56.93324409333093],[-133.37666300203,56.89458640725407],[-133.50228829178292,56.87826427313273],[-133.48075252782527,56.84733812427123],[-133.51664546775467,56.79751266221662],[-133.49510970379703,56.74854625985259],[-133.5740741716417,56.76143215521154],[-133.50228829178292,56.71246575284752],[-133.47357393983938,56.64460003729036],[-133.43768099991,56.6351503806938],[-133.42332382393823,56.59047927678276],[-133.4484488818888,56.572439023280225],[-133.40537735397353,56.52003638215382],[-133.4125559419594,56.49426459143591],[-133.45921676386763,56.45388878597785],[-133.51305617376173,56.43670759216592],[-133.60278852358522,56.43498947278472],[-133.6638065214652,56.44787536814367],[-133.674574403444,56.5226135612256],[-133.71405663736635,56.550103471324704],[-133.82173545715455,56.495123651126505],[-133.77507463524634,56.47021092009919],[-133.78225322323223,56.39289554794547],[-133.86480698506983,56.39031836887368],[-133.87198557305572,56.36368751846517],[-133.83609263312633,56.31987547424474],[-133.87557486704867,56.276063430024294],[-133.88275345503453,56.222801729207276],[-133.94377145291452,56.17984874467744],[-133.92941427694277,56.146345416744154],[-133.96171792287922,56.091365596545955],[-133.9976108628086,56.0819159399494],[-134.0873432126321,56.094801835308346],[-134.13759332853328,56.00631868717686],[-134.19143273842738,56.02264082129821],[-134.23450426634264,56.06731192520924],[-134.25962932429323,56.121432685716854],[-134.26321861828617,56.21507019199191],[-134.29911155821557,56.28980838507384],[-134.2919329702297,56.35423786186861],[-134.24168285432853,56.395472727017264],[-134.25245073630737,56.44443912938128],[-134.19861132641324,56.53120415813157],[-134.24168285432853,56.55525782946829],[-134.32064732217322,56.55439876977769],[-134.30270085220852,56.62054636595366],[-134.3744867320673,56.668653708627076],[-134.40320108401085,56.73308318542185],[-134.39602249602495,56.77002275211751],[-134.41396896598965,56.84819718396183],[-134.35295096810967,56.89286828787287],[-134.29552226422263,56.907472302613016],[-134.27039720627204,56.93582127240272],[-134.15195050450504,56.93496221271212],[-134.1483612105121,56.95729776466764],[-134.04786097870976,56.92293537704376],[-134.00837874478742,56.85163342272422],[-133.94377145291452,56.80524419943198],[-133.83250333913338,56.80352608005079],[-133.80019969319693,56.78548582654825],[-133.76430675326753,56.807821378503775],[-133.86839627906278,56.84562000489004],[-133.915057100971,56.914344780137796],[-133.92223568895687,56.96159306312062],[-134.04786097870976,57.02945877867778],[-134.00837874478742,57.07498894227942],[-133.88634274902748,57.09732449423494],[-133.70328875538755,57.065539285682846],[-133.61355640556405,57.05780774846748],[-133.44485958789588,57.020009122081206],[-133.32641288612885,57.011418525175245]]],[[[-134.63291589955898,56.28293590754906],[-134.66521954549546,56.17039908808087],[-134.66521954549546,56.28293590754906],[-134.63291589955898,56.28293590754906]]]]}},{"type":"Feature","id":"02220","properties":{"name":"Sitka","county_fips":"02220","state_abbr":"AK"},"geometry":{"type":"MultiPolygon","coordinates":[[[[-134.63291589955898,56.28293590754906],[-134.66521954549546,56.28293590754906],[-134.66521954549546,56.17039908808087],[-134.70470177941777,56.175553446224455],[-134.8052020112201,56.23568762456624],[-134.8410949511495,56.30956675795757],[-134.91647012500124,56.360251279702794],[-135.06004188471883,56.542371934109326],[-135.04568470874707,56.58360679925798],[-134.9667202409024,56.60336517214171],[-135.03132753277532,56.62913696285962],[-135.12464917659176,56.60250611245111],[-135.1748992924929,56.67810336522365],[-135.21438152641525,56.665217469864686],[-135.27539952429524,56.70129797686975],[-135.3184710522105,56.74854625985259],[-135.31129246422464,56.77775428933289],[-135.36154258012579,56.75885497613976],[-135.39743552005518,56.779472408714085],[-135.50511433984337,56.781190528095266],[-135.57331092570925,56.86366025839257],[-135.50511433984337,56.86623743746436],[-135.46922139991398,56.84132470643705],[-135.43332845998458,56.85249248241482],[-135.44409634196342,56.942693749927486],[-135.37589975609757,56.988223913529126],[-135.3543639921399,57.0208681817718],[-135.49434645786457,57.09474731516315],[-135.40820340203402,57.14886807567075],[-135.42256057800577,57.16776738886388],[-135.37231046210462,57.19783447803478],[-135.35795328613284,57.243364641636404],[-135.47639998789987,57.257109596685964],[-135.5517751617516,57.23305592534925],[-135.60202527765276,57.300921640906395],[-135.67381115751158,57.33700214791148],[-135.68816833348333,57.36706923708236],[-135.55536445574455,57.42634435573355],[-135.5338286917869,57.450398027070264],[-135.54818586775866,57.50881408603085],[-135.41897128401283,57.56379390622905],[-135.3543639921399,57.553485189941895],[-135.26463164231643,57.48046511624115],[-135.2107922324223,57.489055713147124],[-135.1461849405494,57.439230251092496],[-135.06363117871177,57.41861281851817],[-134.92723800698008,57.42204905728056],[-134.8482735391354,57.41002222161221],[-134.8052020112201,57.34215650605505],[-134.812380599206,57.3000625812158],[-134.8841664790648,57.3301296703867],[-134.95236306493064,57.3284115510055],[-134.95595235892358,57.30951223781237],[-134.88057718507184,57.28803574554745],[-134.8410949511495,57.24851899977999],[-134.73700542535425,57.00970040579405],[-134.7405947193472,56.94870716776167],[-134.6975231914319,56.900599825088236],[-134.6975231914319,56.85077436303362],[-134.63291589955898,56.72878788696886],[-134.61496942959428,56.636868500074996],[-134.63291589955898,56.540653814728145],[-134.67239813348132,56.54151287441873],[-134.6436837815378,56.471929039480386],[-134.63291589955898,56.28293590754906]]],[[[-135.85327585715856,57.24078746256461],[-135.8389186811868,57.282022327713264],[-135.84968656316562,57.33872026729266],[-135.75995421334213,57.346451804508035],[-135.63791821758218,57.29319010369103],[-135.58407880768806,57.22961968658686],[-135.54100727977277,57.21329755246552],[-135.4799892818928,57.23906934318342],[-135.39743552005518,57.230478746277456],[-135.45486422394222,57.1600358516485],[-135.54100727977277,57.14800901598015],[-135.63791821758218,57.00970040579405],[-135.68098974549744,57.014854763937635],[-135.82456150521506,56.98908297321972],[-135.8568651511515,56.9959554507445],[-135.84609726917267,57.08357953918538],[-135.75636491934918,57.123955344643434],[-135.75277562535624,57.16690832917328],[-135.83174009320092,57.17034456793567],[-135.82456150521506,57.195257298962986],[-135.87122232712326,57.22188814937148],[-135.85327585715856,57.24078746256461]]],[[[-136.3701341921419,57.83182052969529],[-136.0255619688197,57.83869300722006],[-135.97890114691145,57.89023658865588],[-135.90352597305971,58.001055288742876],[-135.71688268542684,57.92975333442334],[-135.53023939779396,57.88078693205931],[-135.42614987199872,57.843847365363644],[-135.27539952429524,57.773404470734704],[-135.2179708204082,57.758800455994546],[-135.10670270662706,57.76825011259112],[-135.02414894478943,57.743337381563805],[-134.94159518295183,57.76395481413813],[-134.91647012500124,57.682344143531424],[-134.8662200091001,57.62306902488024],[-134.8231484811848,57.50022348912488],[-134.87339859708595,57.46414298211981],[-135.02414894478943,57.45469332552325],[-135.08516694266942,57.46500204181041],[-135.24309587835876,57.546612712417115],[-135.47639998789987,57.63165962178621],[-135.57331092570925,57.67461260631606],[-135.65227539355394,57.65227705436054],[-135.6845790394904,57.67718978538784],[-135.69893621546214,57.649699875288746],[-135.59125739567395,57.60245159230591],[-135.51229292782926,57.595579114781145],[-135.587668101681,57.56894826437264],[-135.56613233772336,57.54747177210771],[-135.56613233772336,57.485619474384734],[-135.59843598365984,57.442666489854886],[-135.70970409744098,57.36792829677296],[-135.8927580910809,57.408304102231014],[-135.89634738507385,57.44094837047369],[-136.04709773277733,57.51396844417444],[-136.11888361263613,57.59128381632816],[-136.1619551405514,57.558639548085466],[-136.23015172641726,57.595579114781145],[-136.26604466634666,57.66344483033829],[-136.25168749037488,57.684921322603216],[-136.3162947822478,57.758800455994546],[-136.30911619426195,57.77941788856887],[-136.3701341921419,57.83182052969529]]]]}},{"type":"Feature","id":"02230","properties":{"name":"Skagway","county_fips":"02230","state_abbr":"AK"},"geometry":{"type":"Polygon","coordinates":[[[-135.02773823878238,59.34548370452704],[-135.37589975609757,59.349779002980014],[-135.71688268542684,59.73120150560504],[-135.47639998789987,59.7999262808528],[-135.2538637603376,59.70113441643416],[-135.15336352853527,59.62553716366163],[-135.11388129461295,59.62381904428044],[-135.02773823878238,59.563684865938654],[-135.02773823878238,59.47434265811657],[-135.07080976669766,59.45372522554224],[-135.06722047270472,59.42194001699016],[-135.00979176881768,59.38156421153211],[-135.02773823878238,59.34548370452704]]]}},{"type":"Feature","id":"02240","properties":{"name":"Southeast Fairbanks","county_fips":"02240","state_abbr":"AK"},"geometry":{"type":"Polygon","coordinates":[[[-147.00162299923,64.25758701536014],[-146.63192571795716,64.25930513474134],[-146.47399678226782,64.28164068669686],[-146.3376036105361,64.28164068669686],[-146.2478712607126,64.30998965648655],[-146.2191569087691,64.36582853637536],[-146.10071020700207,64.38730502864027],[-146.00020997519974,64.3838687898779],[-145.92842409534094,64.41909023719236],[-145.71665574975748,64.45431168450683],[-145.53360175611755,64.41823117750177],[-145.37208352643526,64.46032510234102],[-145.36131564445643,64.48523783336833],[-145.1172436529365,64.50413714656146],[-144.93418965929658,64.5771572202622],[-144.84804660346603,64.56684850397502],[-144.7834393115931,64.58059345902458],[-144.55372449604494,64.60035183190831],[-144.46040285222853,64.58317063809638],[-144.32042038650386,64.61753302572025],[-144.3168310925109,64.64502293581934],[-144.19120580275802,64.64072763736637],[-144.072759100991,64.65447259241591],[-144.06916980699805,64.68368062189622],[-143.74972264162642,64.64845917458173],[-143.6671688797888,64.66735848777486],[-143.6061508819088,64.72147924828248],[-143.5164185320853,64.75240539714396],[-143.5235971200712,64.79278120260201],[-143.44104335823357,64.81597581424813],[-143.50206135611356,64.86150597784977],[-143.47693629816297,64.91476767866678],[-143.51282923809237,64.95514348412483],[-143.36925747837478,65.00496894617945],[-143.33695383243833,65.04019039349393],[-143.2902930105301,65.03933133380333],[-143.21491783667835,65.0745527811178],[-143.1574891327913,65.0771299601896],[-143.10006042890427,65.11235140750406],[-142.9313636112361,65.14671379512794],[-142.84522055540555,65.15015003389033],[-142.77343467554675,65.19568019749197],[-142.7339524416244,65.24378754016539],[-142.7339524416244,65.30392171850717],[-142.7698453815538,65.31766667355673],[-142.67652373773737,65.34343846427463],[-142.65857726777267,65.37436461313612],[-142.58679138791388,65.38982768756686],[-142.4719339801398,65.37522367282672],[-142.41450527625275,65.4095860604506],[-142.31759433844337,65.4362169108591],[-142.10941528685285,65.46800211941118],[-141.99814717307171,65.44137126900267],[-141.80073600346003,65.47143835817357],[-141.7720216515165,65.50580074579744],[-141.64280706777066,65.52212287991878],[-141.55307471794717,65.56851210321102],[-141.4202708402084,65.60716978928788],[-141.3413063723637,65.68104892267921],[-141.3413063723637,65.70510259401593],[-141.09723438084382,65.8245118910089],[-141.00391273702735,65.83911590574905],[-141.00391273702735,61.90376346312462],[-141.83303964939648,61.90376346312462],[-141.83303964939648,62.11681026639265],[-142.0160936430364,62.117669326083245],[-142.0160936430364,62.16405854937548],[-141.97661140911407,62.16405854937548],[-141.97661140911407,62.51025960468604],[-142.12736175681755,62.51025960468604],[-142.12736175681755,62.59702463343632],[-142.31400504445043,62.59702463343632],[-142.31400504445043,62.68378966218661],[-142.50423762607625,62.68378966218661],[-142.71959526565263,62.7138567513575],[-142.7411310296103,62.6580178714687],[-142.79138114551145,62.65458163270631],[-142.8308633794338,62.60131993188931],[-142.92777431724318,62.61162864817648],[-142.94572078720785,62.595306514055125],[-143.01391737307372,62.61506488693885],[-143.10364972289722,62.61506488693885],[-143.17184630876307,62.651145393943935],[-143.11441760487605,62.66489034899348],[-143.10006042890427,62.70097085599855],[-143.01032807908078,62.76625939248392],[-143.05339960699607,62.770554690936905],[-143.20773924869246,62.82897074989749],[-143.09647113491133,62.879655271642704],[-143.03186384303842,62.932057912769125],[-143.0390424310243,62.96899747946479],[-143.00314949109492,62.995628329873284],[-143.10006042890427,63.00765516554165],[-143.12518548685486,63.041158493474924],[-143.13236407484072,63.11675574624745],[-144.0655805130051,63.11675574624745],[-144.57884955399552,63.11675574624745],[-144.57884955399552,63.13135976098761],[-145.1531365928659,63.13135976098761],[-145.1531365928659,63.218124789737885],[-146.11147808898087,63.218124789737885],[-146.1401924409244,63.18462146180461],[-146.34119290452904,63.19063487963879],[-146.49553254622546,63.16915838737387],[-146.48476466424663,63.18032616335162],[-146.48835395823957,63.482715174441736],[-147.00162299923,63.479278935679346],[-147.00162299923,64.25758701536014]]]}},{"type":"Feature","id":"02261","properties":{"name":"Valdez-Cordova","county_fips":"02261","state_abbr":"AK"},"geometry":{"type":"MultiPolygon","coordinates":[[[[-145.65563775187752,60.36776473633735],[-145.5551375200752,60.355737900669],[-145.5120659921599,60.317939274282736],[-145.6089769299693,60.31020773706736],[-145.65563775187752,60.36776473633735]]],[[[-146.01097785717855,60.39611370612705],[-145.95354915329153,60.408140541795404],[-145.745370101701,60.38580498983988],[-145.75613798367982,60.35917413943139],[-145.83151315753156,60.35058354252541],[-146.01097785717855,60.39611370612705]]],[[[-147.32107016460162,60.88062337162371],[-147.2277485207852,60.9106904607946],[-147.13083758297583,60.91326763986639],[-147.07699817308173,60.899522684816844],[-147.14160546495464,60.853992521215204],[-147.32107016460162,60.88062337162371]]],[[[-147.50053486424864,60.653831613306124],[-147.48617768827688,60.727710746697454],[-147.38567745647455,60.741455701747014],[-147.3103022826228,60.66499938928388],[-147.34978451654516,60.627200762897616],[-147.48258839428394,60.618610165991655],[-147.50053486424864,60.653831613306124]]],[[[-147.50412415824158,60.253509797487965],[-147.4969455702557,60.265536633156316],[-147.34260592855927,60.30591243861437],[-147.33901663456635,60.27498628975289],[-147.48258839428394,60.22430176800768],[-147.50412415824158,60.253509797487965]]],[[[-147.92766084940848,59.78360414673146],[-147.89894649746498,59.801644400234],[-147.88817861548614,59.86263763826638],[-147.8056248536485,59.872946354553534],[-147.81639273562735,59.9090268615586],[-147.7410175617756,59.95541608485084],[-147.68358885788857,59.96142950268502],[-147.69435673986737,59.99665094999949],[-147.58667792007918,60.02585897947978],[-147.55437427414273,60.05163077019769],[-147.4000346324463,60.11606024699246],[-147.32107016460162,60.2174292904829],[-147.22415922679227,60.25522791686916],[-147.23492710877107,60.28959030449303],[-147.19903416884168,60.35058354252541],[-147.1021232310323,60.379791572005715],[-147.08776605506054,60.34285200531005],[-147.00162299923,60.34457012469123],[-147.06264099710995,60.3007580804708],[-147.0303373511735,60.28615406573064],[-146.94419429534295,60.31020773706736],[-146.91547994339942,60.29130842387423],[-146.95496217732176,60.25952321532215],[-147.17749840488403,60.15815417183171],[-147.3533738105381,60.0473354717447],[-147.3820881624816,59.97861069649696],[-147.50053486424864,59.927067115061135],[-147.39285604446044,59.87810071269712],[-147.4610526303263,59.84202020569205],[-147.54360639216392,59.83514772816727],[-147.62257086000858,59.84803362352622],[-147.68358885788857,59.799067221162204],[-147.71589250382502,59.80422157930579],[-147.87741073350733,59.763845773847734],[-147.92766084940848,59.78360414673146]]],[[[-147.94919661336613,60.244060140891406],[-147.79126767767676,60.476006257352566],[-147.75178544375441,60.440784810038096],[-147.70871391583916,60.45195258601585],[-147.7230710918109,60.50865052559524],[-147.56514215612154,60.58081153960539],[-147.56514215612154,60.534422316313155],[-147.60821368403683,60.50693240621405],[-147.61898156601563,60.43648951158511],[-147.69076744587446,60.404704303033014],[-147.61898156601563,60.36862379602795],[-147.7051246218462,60.285295006040045],[-147.69794603386032,60.24577826027259],[-147.7589640317403,60.156436052450516],[-147.84510708757085,60.195093738527376],[-147.8558749695497,60.2165702307923],[-147.94560731937318,60.22258364862648],[-147.94919661336613,60.244060140891406]]],[[[-148.02098249322492,60.72513356762566],[-147.96714308333082,60.75176441803417],[-147.90612508545084,60.73544228391283],[-147.84510708757085,60.69420741876418],[-147.93125014340143,60.65554973268732],[-148.02098249322492,60.72513356762566]]],[[[-148.46246565435652,61.42612627515274],[-148.04969684516846,61.42612627515274],[-147.20621275682757,61.42612627515274],[-147.20621275682757,61.47079737906378],[-146.94419429534295,61.47079737906378],[-146.94419429534295,61.81699843437434],[-146.96214076530765,61.81699843437434],[-146.96214076530765,62.16405854937548],[-146.98008723527235,62.16405854937548],[-146.98008723527235,62.250823578125775],[-146.42374666636664,62.250823578125775],[-146.43810384233842,62.51025960468604],[-146.43810384233842,62.85731971968718],[-146.44887172431723,62.95782970348702],[-146.49553254622546,62.95782970348702],[-146.49553254622546,63.16915838737387],[-146.34119290452904,63.19063487963879],[-146.1401924409244,63.18462146180461],[-146.11147808898087,63.218124789737885],[-145.1531365928659,63.218124789737885],[-145.1531365928659,63.13135976098761],[-144.57884955399552,63.13135976098761],[-144.57884955399552,63.11675574624745],[-144.0655805130051,63.11675574624745],[-143.13236407484072,63.11675574624745],[-143.12518548685486,63.041158493474924],[-143.10006042890427,63.00765516554165],[-143.00314949109492,62.995628329873284],[-143.0390424310243,62.96899747946479],[-143.03186384303842,62.932057912769125],[-143.09647113491133,62.879655271642704],[-143.20773924869246,62.82897074989749],[-143.05339960699607,62.770554690936905],[-143.01032807908078,62.76625939248392],[-143.10006042890427,62.70097085599855],[-143.11441760487605,62.66489034899348],[-143.17184630876307,62.651145393943935],[-143.10364972289722,62.61506488693885],[-143.01391737307372,62.61506488693885],[-142.94572078720785,62.595306514055125],[-142.92777431724318,62.61162864817648],[-142.8308633794338,62.60131993188931],[-142.79138114551145,62.65458163270631],[-142.7411310296103,62.6580178714687],[-142.71959526565263,62.7138567513575],[-142.50423762607625,62.68378966218661],[-142.31400504445043,62.68378966218661],[-142.31400504445043,62.59702463343632],[-142.12736175681755,62.59702463343632],[-142.12736175681755,62.51025960468604],[-141.97661140911407,62.51025960468604],[-141.97661140911407,62.16405854937548],[-142.0160936430364,62.16405854937548],[-142.0160936430364,62.117669326083245],[-141.83303964939648,62.11681026639265],[-141.83303964939648,61.90376346312462],[-141.00391273702735,61.90376346312462],[-140.9967341490415,61.069616503555025],[-141.0003234430344,60.391818407674066],[-141.21209178861787,60.391818407674066],[-141.21209178861787,60.43563045189451],[-141.7899681214812,60.43563045189451],[-141.7899681214812,60.521536420954206],[-142.8703456133561,60.521536420954206],[-143.1933820727207,60.521536420954206],[-143.893294401344,60.0241408600986],[-143.893294401344,59.98634223371232],[-144.03327686706865,60.01984556164561],[-144.19479509675097,59.99751000969009],[-144.42450991229913,59.89442284681846],[-144.58961743597433,59.795630982399814],[-144.56808167201672,59.85146986228861],[-144.43886708827088,59.9399530104201],[-144.21633086070858,60.040462994219936],[-144.05122333703338,60.04218111360113],[-144.1086520409204,60.098879053180525],[-144.28452744657446,60.14011391832918],[-144.31324179851796,60.1615904105941],[-144.3491347384474,60.09114751596515],[-144.4424563822638,60.163308529975296],[-144.53577802608027,60.18908032069319],[-144.59679602396022,60.18134878347783],[-144.65422472784726,60.20454339512395],[-144.90906460134602,60.22086552924529],[-144.87676095540954,60.24491920058199],[-144.7403677836778,60.26467757346572],[-144.8911181313813,60.29302654325542],[-144.95931471724717,60.28787218511184],[-144.96649330523303,60.30934867737676],[-144.83368942749428,60.44336198910989],[-144.88752883738837,60.45624788446884],[-144.93418965929658,60.42532173560734],[-145.03827918509182,60.40642242241421],[-145.04186847908477,60.35745602005019],[-145.11365435894356,60.3007580804708],[-145.25363682466823,60.311066796757956],[-145.50488740417404,60.39439558674586],[-145.5012981101811,60.42102643715437],[-145.59461975399753,60.45195258601585],[-145.73460221972218,60.47428813797137],[-145.88176327343274,60.44422104880047],[-145.9607277412774,60.46741566044659],[-145.9140669193692,60.492328391473905],[-145.80279880558805,60.51981830157301],[-145.71306645576453,60.58338871867717],[-145.7633165716657,60.591979315583146],[-145.82792386353862,60.549885390743896],[-146.11147808898087,60.46999283951838],[-146.21556761477615,60.450234466634654],[-146.35196078650785,60.45452976508764],[-146.3483714925149,60.408140541795404],[-146.13301385293852,60.43133515344152],[-146.09353161901618,60.4107177208672],[-146.08635303103028,60.36518755726556],[-146.14737102891027,60.36690567664675],[-146.2478712607126,60.33512046809467],[-146.3124785525855,60.34027482623826],[-146.45963960629604,60.307630557995566],[-146.6068006600066,60.241482961819614],[-146.64987218792186,60.24320108120081],[-146.69294371583715,60.28443594634945],[-146.52424689816897,60.35058354252541],[-146.65705077590775,60.34027482623826],[-146.71806877378773,60.349724482834816],[-146.72165806778065,60.39611370612705],[-146.63910430594305,60.46741566044659],[-146.59244348403485,60.49061027209271],[-146.5278361921619,60.492328391473905],[-146.45605031230312,60.465697541065396],[-146.36990725647254,60.48030155580555],[-146.2909427886279,60.51552300312002],[-146.15454961689616,60.52669077909778],[-145.9499598592986,60.576516241152405],[-145.7992095115951,60.59369743496434],[-145.83151315753156,60.615173927229264],[-145.8997097433974,60.61345580784807],[-145.8961204494045,60.67444904588045],[-145.9356026833268,60.6323551210412],[-146.00379926919268,60.615173927229264],[-146.00020997519974,60.640945717947176],[-145.91047762537625,60.69678459783597],[-145.9068883313833,60.714824851338506],[-146.02533503315033,60.66499938928388],[-146.1868532628326,60.62462358382582],[-146.2550498486985,60.622046404754045],[-146.26940702467024,60.64781819547194],[-146.04328150311503,60.74403288081879],[-146.06481726707267,60.776677149061484],[-146.16890679286792,60.72513356762566],[-146.30529996459964,60.71310673195731],[-146.3483714925149,60.73544228391283],[-146.40221090240902,60.69334835907358],[-146.47399678226782,60.68132152340523],[-146.66781865788658,60.692489299382984],[-146.70371159781598,60.7423147614376],[-146.6068006600066,60.75863689555895],[-146.56731842608426,60.75090535834357],[-146.50271113421132,60.7723818506085],[-146.35913937449374,60.78612680565804],[-146.2550498486985,60.81018047699476],[-146.17249608686086,60.866019356883555],[-146.26222843668435,60.86773747626475],[-146.3124785525855,60.82822073049729],[-146.39503231442313,60.811898596375954],[-146.55655054410542,60.81018047699476],[-146.62115783597835,60.86859653595535],[-146.66422936389364,60.87117371502714],[-146.7252473617736,60.811898596375954],[-146.80062253562534,60.805026118851174],[-146.81497971159712,60.8557106405964],[-146.75755100771005,60.87804619255192],[-146.6965330098301,60.872891834408335],[-146.73601524375243,60.9106904607946],[-146.74678312573124,60.95793874377743],[-146.70012230382304,60.98714677325772],[-146.6068006600066,61.085079577985766],[-146.26222843668435,61.09023393612935],[-146.28735349463494,61.12287820437203],[-146.61397924799246,61.118582905919055],[-146.6893544218442,61.06446214541144],[-146.78626535965358,61.04212659345592],[-146.86164053350532,60.97597899727997],[-146.97290864728646,60.934744132131314],[-147.0554624091241,60.94505284841847],[-146.98367652926527,60.97597899727997],[-147.01956946919466,61.073052742317415],[-147.06264099710995,61.118582905919055],[-146.99803370523705,61.14435469663695],[-147.07699817308173,61.15294529354293],[-147.12724828898288,61.1331869206592],[-147.13083758297583,61.089374876438754],[-147.08776605506054,61.03525411593115],[-147.1380161709617,60.98113335542355],[-147.13442687696875,60.94591190810907],[-147.18108769887698,60.93302601275012],[-147.27440934269342,60.97426087789877],[-147.2815879306793,60.91670387862878],[-147.37849886848866,60.87804619255192],[-147.4538740423404,60.89694550574505],[-147.4538740423404,60.94161660965608],[-147.49335627626274,60.95793874377743],[-147.51848133421333,60.89522738636386],[-147.55078498014979,60.908113281722805],[-147.53642780417803,61.018931981809814],[-147.50412415824158,61.07219368262682],[-147.55796356813568,61.081643339223376],[-147.61898156601563,60.969965579445784],[-147.58667792007918,60.87460995378953],[-147.60103509605096,60.84969722276222],[-147.6692316819168,60.84196568554684],[-147.66564238792387,60.88405961038609],[-147.76255332573325,60.91326763986639],[-147.78767838368384,60.87375089409893],[-147.7302496797968,60.81791201421014],[-147.776910501705,60.81103953668536],[-147.91330367343673,60.8247844917349],[-148.03533966919667,60.78354962658625],[-148.135839900999,60.79128116380163],[-148.1537863709637,60.81791201421014],[-148.10353625506255,60.899522684816844],[-147.95278590735907,61.02924069809697],[-147.94919661336613,61.07477086169861],[-147.77332120771206,61.18043520364202],[-147.71589250382502,61.250019038580376],[-147.73742826778266,61.26548211301112],[-147.99944672926728,61.08422051829517],[-148.00303602326022,61.054153429124284],[-148.06764331513313,61.004327967069656],[-148.09635766707666,61.01120044459444],[-148.1250720190202,61.07047556324562],[-148.16814354693545,61.069616503555025],[-148.1789114289143,61.00003266861668],[-148.2183936628366,60.953643445324445],[-148.28300095470954,60.91756293831938],[-148.29376883668834,60.862583118121165],[-148.35119754057538,60.80416705916058],[-148.42657271442712,60.827361670806695],[-148.4516977723777,60.78956304442043],[-148.36555471654717,60.76550937308372],[-148.38350118651186,60.6873349412394],[-148.34760824658247,60.68046246371463],[-148.2794116607166,60.753482537415366],[-148.1466077829778,60.75863689555895],[-148.10712554905547,60.73973758236582],[-148.09276837308371,60.6615631505215],[-148.14301848898486,60.62290546444463],[-148.254286602766,60.595415554345536],[-148.3332510706107,60.53012701786017],[-148.32966177661774,60.476006257352566],[-148.254286602766,60.4931874511645],[-148.19326860488604,60.55761692795927],[-148.08558978509785,60.595415554345536],[-147.97791096530963,60.51895924188241],[-147.97791096530963,60.48116061549615],[-147.94201802538024,60.44422104880047],[-148.02457178721787,60.279281588205876],[-148.1178934310343,60.279281588205876],[-148.15019707697076,60.32395269211692],[-148.2183936628366,60.33168422933228],[-148.2148043688437,60.3007580804708],[-148.31171530665307,60.26295945408454],[-148.31171530665307,60.24835543934438],[-148.21121507485074,60.260382275012745],[-148.1286613130131,60.237187663366626],[-147.90971437944378,60.130664261732605],[-147.81639273562735,60.05764418803187],[-147.87023214552144,59.991496591855906],[-147.91689296742967,59.969161039900385],[-148.03892896318962,59.9390939507295],[-148.0999469610696,59.952838905779046],[-148.15019707697076,59.937375831348305],[-148.254286602766,59.93222147320472],[-148.22198295682955,59.976033517425165],[-148.315304600646,60.033590516695156],[-148.28300095470954,60.08513409813098],[-148.34401895258952,60.13925485863858],[-148.40144765647656,60.031013337623364],[-148.40144765647656,59.97775163680636],[-148.44451918439182,59.94253018949189],[-148.5127157702577,60.001805308143076],[-148.5845016501165,59.937375831348305],[-148.56296588615885,60.12636896327962],[-148.56296588615885,60.415013019320185],[-148.66346611796118,60.415013019320185],[-148.6562875299753,60.472570018590176],[-148.6562875299753,60.73286510484104],[-148.74601987979878,60.73286510484104],[-148.73884129181292,60.84883816307162],[-148.47323353633536,60.84883816307162],[-148.47323353633536,61.166690248592474],[-148.46246565435652,61.42612627515274]]]]}},{"type":"Feature","id":"02275","properties":{"name":"Wrangell","county_fips":"02275","state_abbr":"AK"},"geometry":{"type":"MultiPolygon","coordinates":[[[[-132.49010738577385,56.503714248032466],[-132.47575020980207,56.54494911318112],[-132.44344656386562,56.51917732246322],[-132.49010738577385,56.503714248032466]]],[[[-132.56189326563265,56.379150592895925],[-132.55471467764676,56.404063323923225],[-132.47933950379502,56.43842571154711],[-132.40396432994328,56.40578144330442],[-132.40755362393622,56.38688213011129],[-132.4936966797668,56.35509692155921],[-132.56189326563265,56.379150592895925]]],[[[-132.65162561545614,56.48309681545814],[-132.57983973559735,56.511445785247844],[-132.51882173771736,56.556116889158886],[-132.53676820768206,56.51316390462904],[-132.601375499555,56.44873442783427],[-132.65162561545614,56.48309681545814]]],[[[-132.5511253836538,56.714183872228716],[-132.47216091580916,56.730506006350055],[-132.43985726987268,56.77002275211751],[-132.35012492004918,56.77088181180811],[-132.30346409814098,56.799230781597814],[-132.2783390401904,56.84562000489004],[-132.2173210423104,56.892009228182275],[-132.12041010450105,56.89115016849168],[-132.1275886924869,56.87482803437034],[-131.87274881898819,56.80524419943198],[-131.9014631709317,56.752841558305576],[-131.86198093700938,56.703875155941546],[-131.8368558790588,56.60164705276051],[-131.58201600556004,56.61367388842888],[-131.46356930379304,56.54752629225291],[-131.16924719637194,56.44873442783427],[-131.08669343453434,56.407499562685615],[-131.10463990449904,56.34392914558144],[-131.04003261262613,56.321593593625934],[-131.0005503787038,56.27090907188071],[-131.0938720225202,56.20476147570474],[-131.24462237022368,56.17984874467744],[-131.26615813418132,56.20647959508594],[-131.35947977799776,56.15751319272192],[-131.43844424584245,56.1343185810758],[-131.3702476599766,56.07160722366223],[-131.3810155419554,56.014050224392236],[-131.49228365573654,56.017486463154626],[-131.60714106351062,56.087929357783565],[-131.68969482534825,56.09222465623655],[-131.66456976739767,56.06473474613745],[-131.83326658506584,56.05442602985029],[-131.90505246492464,55.97796971738717],[-131.87633811298113,55.95391604605045],[-131.89069528895288,55.92384895687955],[-131.93376681686817,55.91611741966419],[-132.00555269672697,55.84825170410703],[-131.93735611086112,55.79928530174301],[-131.98042763877638,55.75203701876018],[-131.98042763877638,55.69533907918078],[-132.0809278705787,55.702211556705564],[-132.10605292852927,55.65668139310392],[-132.19937457234573,55.633486781457805],[-132.2244996302963,55.701352497014966],[-132.28192833418333,55.76148667535675],[-132.2065531603316,55.736573944329436],[-132.181428102381,55.80100342112421],[-132.08451716457165,55.83278862967629],[-132.04144563665636,55.95907040419404],[-132.07015998859987,56.04669449263491],[-132.03426704867047,56.09566089499894],[-132.01273128471283,56.07762064149641],[-131.96965975679757,56.11370114850148],[-131.94453469884698,56.19273464003639],[-132.01990987269872,56.18328498343982],[-132.03426704867047,56.133459521385205],[-132.10246363453632,56.107687730667294],[-132.17783880838806,56.05528508954089],[-132.13117798647986,55.95821134450344],[-132.1598923384234,55.92213083749837],[-132.2783390401904,55.92470801657015],[-132.32141056810568,55.887768449874486],[-132.31064268612687,55.86199665915659],[-132.37166068400683,55.84996982348822],[-132.39678574195742,55.879177852968525],[-132.38242856598566,55.936734852238516],[-132.4506251518515,55.956493225122244],[-132.4936966797668,56.06645286551864],[-132.60855408754088,56.0518488507785],[-132.60855408754088,56.010613985629846],[-132.70905431934318,56.11198302912028],[-132.71982220132202,56.217647371063705],[-132.69110784937848,56.23912386332863],[-132.601375499555,56.23998292301923],[-132.5762504416044,56.29668086259862],[-132.5295896196962,56.33877478743787],[-132.421910799908,56.349083503725026],[-132.36448209602094,56.28723120600205],[-132.33935703807037,56.34135196650966],[-132.39319644796447,56.48567399452993],[-132.36089280202802,56.488251173601725],[-132.2532139822398,56.449593487524865],[-132.23885680626805,56.398908965779654],[-132.19937457234573,56.37141905568055],[-132.17783880838806,56.391177428564276],[-132.21014245432454,56.45732502474024],[-132.2891069221692,56.48739211391113],[-132.35730350803507,56.52862697905978],[-132.36807139001388,56.57415714266142],[-132.40755362393622,56.585324918639174],[-132.4506251518515,56.56384842637425],[-132.4865180917809,56.6059423512135],[-132.56907185361854,56.633432261312606],[-132.58701832358324,56.68239866367662],[-132.5511253836538,56.714183872228716]]],[[[-133.0249121907219,56.22967420673206],[-132.9997871327713,56.2752043703337],[-132.9638941928419,56.25458693775937],[-132.88492972499725,56.17125814777147],[-132.84903678506785,56.11284208881088],[-132.89569760697606,56.09995619345193],[-132.9710727808278,56.15235883457834],[-133.00337642676425,56.15579507334073],[-133.0249121907219,56.22967420673206]]],[[[-133.06798371863718,56.356815040940404],[-133.00337642676425,56.430694174331734],[-132.9280012529125,56.456465965049645],[-132.82032243312432,56.43928477123771],[-132.73417937729377,56.45818408443084],[-132.63367914549144,56.42210357742576],[-132.6193219695197,56.391177428564276],[-132.68392926139262,56.345647264962636],[-132.66239349743495,56.2752043703337],[-132.71982220132202,56.25888223621236],[-132.87775113701136,56.23998292301923],[-132.960304898849,56.29582180290802],[-133.04644795467954,56.32073453393534],[-133.06798371863718,56.356815040940404]]]]}},{"type":"Feature","id":"02282","properties":{"name":"Yakutat","county_fips":"02282","state_abbr":"AK"},"geometry":{"type":"Polygon","coordinates":[[[-141.0003234430344,60.391818407674066],[-141.0003234430344,60.30591243861437],[-140.53371522395224,60.22430176800768],[-140.47269722607226,60.31020773706736],[-139.98814253702537,60.1856440819308],[-139.69740972359722,60.34027482623826],[-139.08722974479744,60.35745602005019],[-139.0836404508045,60.32395269211692],[-139.20208715257152,60.09028845627455],[-139.03339033490334,59.9940737709277],[-138.7964969313693,59.92878523444233],[-138.70317528755288,59.9098859212492],[-138.66369305363054,59.81023499713996],[-138.55960352783526,59.74151022189221],[-137.60485132571324,59.24325560134601],[-137.49717250592505,58.986396753857534],[-137.52588685786856,58.909081381703814],[-137.9422449610496,58.80943045759457],[-137.9314770790708,58.86870557624576],[-137.98531648896488,58.90994044139441],[-138.18272765857657,59.013886663956626],[-138.2904064783648,59.05426246941468],[-138.634978701687,59.1307187818778],[-138.76419328543284,59.191712019910184],[-138.91853292712926,59.24840995948959],[-139.27028373843737,59.33775216731166],[-139.42103408614085,59.37984609215091],[-139.7476598394984,59.50355068759687],[-139.8553386592866,59.537054015530146],[-139.8373921893219,59.56196674655746],[-139.72612407554075,59.63842305902058],[-139.63998101971018,59.62639622335223],[-139.67228466564666,59.60320161170611],[-139.58614160981608,59.605778790777904],[-139.58614160981608,59.64271835747357],[-139.51076643596434,59.70285253581535],[-139.58973090380903,59.70886595364952],[-139.58255231582314,59.77501354982549],[-139.63280243172431,59.87466447393473],[-139.60767737377373,59.90473156310563],[-139.52871290592904,59.9399530104201],[-139.54665937589374,59.969161039900385],[-139.48923067200673,59.994932830618296],[-139.53589149391493,60.04304017329173],[-139.60408807978078,59.999228129071284],[-139.61126666776667,59.94854360732606],[-139.70099901759016,59.930503353823525],[-139.7763741914419,59.868651056100546],[-139.77996348543485,59.826557131261296],[-140.1640179426794,59.740651162201615],[-140.2070894705947,59.7165974908649],[-140.30758970239702,59.69254381952818],[-140.64857263172632,59.711443132721314],[-140.88905532925327,59.74236928158281],[-140.98237697306973,59.7698591916819],[-141.42386013420133,59.87724165300652],[-141.48487813208132,59.925348995679954],[-141.4202708402084,59.91675839877398],[-141.29823484444844,59.937375831348305],[-141.2587526105261,59.998369069380686],[-141.3771993122931,60.110905888848876],[-141.3664314303143,60.14698639585394],[-141.4382173101731,60.1323823811138],[-141.54948542395422,60.17018100750006],[-141.52794965999658,60.127228022970215],[-141.3664314303143,60.0241408600986],[-141.4023243702437,60.00610060659605],[-141.59614624586246,59.96228856237562],[-141.7361287115871,59.96228856237562],[-141.91200411724117,60.00953684535844],[-142.1309510508105,60.030154277932766],[-142.24580845858458,60.049912650816495],[-142.5365412720127,60.08427503844038],[-142.698059501695,60.09372469503694],[-142.90982784727845,60.09028845627455],[-143.13595336883367,60.06193948648486],[-143.41232900629007,60.05163077019769],[-143.69947252572524,60.027577098860974],[-143.893294401344,59.98634223371232],[-143.893294401344,60.0241408600986],[-143.1933820727207,60.521536420954206],[-142.8703456133561,60.521536420954206],[-141.7899681214812,60.521536420954206],[-141.7899681214812,60.43563045189451],[-141.21209178861787,60.43563045189451],[-141.21209178861787,60.391818407674066],[-141.0003234430344,60.391818407674066]]]}},{"type":"Feature","id":"02290","properties":{"name":"Yukon-Koyukuk","county_fips":"02290","state_abbr":"AK"},"geometry":{"type":"Polygon","coordinates":[[[-160.8562978119781,63.01195046399464],[-160.8562978119781,63.272245550245486],[-160.6660652303523,63.272245550245486],[-160.6660652303523,63.35815151930518],[-160.69119028830286,63.35815151930518],[-160.69119028830286,63.53168157680575],[-160.49736841268412,63.53168157680575],[-160.49736841268412,63.618446605556045],[-160.11331395543954,63.618446605556045],[-160.1097246614466,63.70521163430634],[-159.93384925579255,63.70521163430634],[-159.93384925579255,63.791976663056616],[-159.73643808618084,63.791976663056616],[-159.73643808618084,64.05141268961688],[-159.9482064317643,64.05141268961688],[-159.96256360773606,64.39761374492744],[-159.96256360773606,64.74467385992858],[-159.77592032010318,64.74467385992858],[-159.77592032010318,64.91734485773857],[-159.5713305625056,64.91734485773857],[-159.58209844448444,65.09087491523914],[-159.58209844448444,65.26440497273971],[-159.37750868688687,65.26440497273971],[-159.38468727487273,65.52384099929998],[-159.59286632646325,65.52384099929998],[-159.59286632646325,65.78327702586024],[-159.6036342084421,65.78327702586024],[-159.6036342084421,65.95680708336083],[-158.97191846568464,65.95680708336083],[-158.97191846568464,66.1303371408614],[-157.90589814978148,66.1303371408614],[-157.90589814978148,66.47653819617196],[-157.05164617946178,66.47653819617196],[-157.05164617946178,66.30300813867137],[-156.62452019430194,66.30300813867137],[-156.62452019430194,66.47653819617196],[-156.1973942091421,66.47653819617196],[-156.1973942091421,66.38977316742167],[-155.98203656956568,66.38977316742167],[-155.98203656956568,66.30300813867137],[-155.55491058440583,66.30300813867137],[-155.55491058440583,66.47653819617196],[-155.51183905649054,66.47653819617196],[-155.51183905649054,66.56330322492224],[-154.86217684376842,66.56330322492224],[-154.86217684376842,66.73597422273221],[-154.20892533705336,66.73597422273221],[-154.20892533705336,66.8227392514825],[-154.14790733917337,66.8227392514825],[-154.14790733917337,67.16894030679306],[-154.3022469808698,67.16894030679306],[-154.3022469808698,67.25570533554334],[-154.74731943599434,67.25570533554334],[-154.74731943599434,67.5151413621036],[-154.6898907321073,67.5151413621036],[-154.6898907321073,67.6019063908539],[-154.91601625366252,67.6019063908539],[-154.91601625366252,67.68867141960419],[-155.14214177521774,67.68867141960419],[-155.14214177521774,67.77543644835447],[-155.36826729677296,67.77543644835447],[-155.36826729677296,67.86220147710476],[-155.3180171808718,67.86220147710476],[-155.3180171808718,67.99965102760027],[-154.39556862468623,67.99965102760027],[-153.4049234826348,67.99965102760027],[-152.52554645436453,67.99965102760027],[-151.6784730720307,67.99965102760027],[-150.8313996896969,67.99965102760027],[-150.00227277732776,67.99965102760027],[-149.14443151301512,67.99965102760027],[-148.5234836522365,67.99965102760027],[-147.75178544375441,67.99965102760027],[-147.0554624091241,67.99965102760027],[-146.00020997519974,67.99965102760027],[-146.00020997519974,68.49962376752767],[-145.35413705647056,68.49962376752767],[-144.6578140218402,68.49962376752767],[-143.71741899568994,68.49962376752767],[-142.97084584515844,68.49962376752767],[-142.23145128261282,68.49962376752767],[-141.00391273702735,68.49876470783707],[-141.00391273702735,65.83911590574905],[-141.09723438084382,65.8245118910089],[-141.3413063723637,65.70510259401593],[-141.3413063723637,65.68104892267921],[-141.4202708402084,65.60716978928788],[-141.55307471794717,65.56851210321102],[-141.64280706777066,65.52212287991878],[-141.7720216515165,65.50580074579744],[-141.80073600346003,65.47143835817357],[-141.99814717307171,65.44137126900267],[-142.10941528685285,65.46800211941118],[-142.31759433844337,65.4362169108591],[-142.41450527625275,65.4095860604506],[-142.4719339801398,65.37522367282672],[-142.58679138791388,65.38982768756686],[-142.65857726777267,65.37436461313612],[-142.67652373773737,65.34343846427463],[-142.7698453815538,65.31766667355673],[-142.7339524416244,65.30392171850717],[-142.7339524416244,65.24378754016539],[-142.77343467554675,65.19568019749197],[-142.84522055540555,65.15015003389033],[-142.9313636112361,65.14671379512794],[-143.10006042890427,65.11235140750406],[-143.1574891327913,65.0771299601896],[-143.21491783667835,65.0745527811178],[-143.2902930105301,65.03933133380333],[-143.33695383243833,65.04019039349393],[-143.36925747837478,65.00496894617945],[-143.51282923809237,64.95514348412483],[-143.47693629816297,64.91476767866678],[-143.50206135611356,64.86150597784977],[-143.44104335823357,64.81597581424813],[-143.5235971200712,64.79278120260201],[-143.5164185320853,64.75240539714396],[-143.6061508819088,64.72147924828248],[-143.6671688797888,64.66735848777486],[-143.74972264162642,64.64845917458173],[-144.06916980699805,64.68368062189622],[-144.1086520409204,64.72663360642605],[-144.0296875730757,64.77474094909948],[-144.11583062890628,64.80137179950799],[-144.072759100991,64.87181469413693],[-144.072759100991,64.9087542608326],[-143.99738392713925,64.94311664845648],[-143.9937946331463,64.97576091669916],[-144.09429486494864,65.01355954308542],[-143.9112408713087,65.07025748266481],[-143.89688369533695,65.09001585554854],[-143.9902053391534,65.11922388502884],[-144.2809381525815,65.11406952688526],[-144.3886169723697,65.07970713926139],[-144.4675814402144,65.07197560204601],[-144.65422472784726,65.09688833307332],[-144.7654928416284,65.10290175090749],[-144.86599307343073,65.1303916610066],[-145.00238624516243,65.1278144819348],[-145.24286894268943,65.07111654235541],[-145.38644070240701,65.08400243771436],[-145.50488740417404,65.06682124390242],[-145.64486986989868,65.03245885627855],[-145.6735842218422,65.06853936328362],[-145.76690586565866,65.08486149740496],[-145.63410198791988,65.13640507884078],[-145.67717351583514,65.182794302133],[-145.90329903739035,65.20684797346972],[-145.9966206812068,65.22402916728166],[-146.11506738297382,65.27127745026449],[-146.12583526495263,65.31508949448494],[-145.97508491724915,65.38982768756686],[-146.00020997519974,65.40872700076],[-146.09353161901618,65.40357264261641],[-146.16890679286792,65.44394844807447],[-146.52424689816897,65.42419007519074],[-146.49194325223252,65.37951897127971],[-146.54937195611956,65.34429752396522],[-146.71806877378773,65.30993513634135],[-146.99803370523705,65.27900898747987],[-147.2815879306793,65.27814992778927],[-147.55437427414273,65.20856609285092],[-148.65987682396823,65.21028421223211],[-148.6491089419894,64.86322409723097],[-148.6491089419894,64.58574781716815],[-148.55219800418004,64.61753302572025],[-148.42657271442712,64.5745800411904],[-148.40144765647656,64.53162705666055],[-148.27223307273073,64.4921103108931],[-148.17532213492134,64.40104998368983],[-148.0461075511755,64.34349298441984],[-149.1336636310363,64.34349298441984],[-149.1336636310363,64.35809699915998],[-149.98073701337012,64.35809699915998],[-150.73089945789457,64.35809699915998],[-150.9498463914639,64.2137749711397],[-151.2836507328073,63.99729192910928],[-151.40927602256022,63.99729192910928],[-151.5169548423484,64.0204865407554],[-151.4882404904049,64.04454021209212],[-151.56361566425664,64.06945294311942],[-151.79333047980478,64.06945294311942],[-151.86152706567066,64.0187684213742],[-151.82922341973418,63.99729192910928],[-152.04817035330353,63.99729192910928],[-152.0553489412894,63.82376187160871],[-152.22763505295052,63.82376187160871],[-152.22763505295052,63.65109087379872],[-152.87370797167972,63.65109087379872],[-152.87370797167972,63.47756081629815],[-152.81268997379973,63.47756081629815],[-152.81268997379973,63.347842803018025],[-152.61886809818097,63.347842803018025],[-152.61886809818097,63.30403075879758],[-152.42863551655515,63.30403075879758],[-152.42863551655515,63.182903342423415],[-152.67988609606095,62.98188337482374],[-152.9993332614326,62.72760170640706],[-153.00292255542553,62.71901110950108],[-152.9993332614326,62.292917502965025],[-153.0711191412914,62.292917502965025],[-153.0711191412914,62.20615247421473],[-153.394155600656,62.20615247421473],[-153.394155600656,62.11938744546444],[-153.76026358793587,62.11938744546444],[-153.76026358793587,62.03262241671416],[-154.409925800658,62.03262241671416],[-155.06317730737305,62.03262241671416],[-155.8671791617916,62.03262241671416],[-157.0624140614406,62.03262241671416],[-157.0624140614406,62.11938744546444],[-157.63311180631806,62.11938744546444],[-158.53043530455304,62.11938744546444],[-158.53043530455304,62.03262241671416],[-159.26624057310573,62.03262241671416],[-159.26624057310573,61.94585738796387],[-160.53326135261352,61.94585738796387],[-160.91731580985808,61.94585738796387],[-160.91731580985808,62.20615247421473],[-161.04653039360392,62.20615247421473],[-161.04653039360392,62.55235352952529],[-160.99628027770277,62.55235352952529],[-160.99628027770277,62.898554584835836],[-160.94244086780867,62.898554584835836],[-160.94244086780867,62.999064568635674],[-160.8562978119781,63.01195046399464]]]}}]}