{"type":"FeatureCollection","features":[{"type":"Feature","id":"06001","properties":{"name":"Alameda","county_fips":"06001","state_abbr":"CA"},"geometry":{"type":"Polygon","coordinates":[[[-122.31445891578915,37.89734040939409],[-122.27138738787387,37.90593100630006],[-122.22472656596565,37.87844109620096],[-122.17806574405743,37.81658879847798],[-122.13858351013509,37.80456196280962],[-122.04526186631865,37.798548544975446],[-121.99860104441044,37.76332709766097],[-122.01295822038219,37.74700496353963],[-121.95552951649515,37.71951505344053],[-121.55711788327883,37.81658879847798],[-121.55711788327883,37.54254875717756],[-121.50327847338473,37.526226623056225],[-121.47097482744826,37.48155551914518],[-121.47097482744826,37.48241457883578],[-121.8693864606646,37.48327363852638],[-121.92681516455164,37.45406560904608],[-121.94835092850929,37.467810564095636],[-122.04526186631865,37.45921996718967],[-122.0667976302763,37.49100517574175],[-122.10986915819157,37.50732730986309],[-122.14576209812097,37.58206550294502],[-122.17088715607156,37.675703009220086],[-122.2462623299233,37.72209223251232],[-122.25344091790917,37.761608978279774],[-122.32881609176091,37.7830854705447],[-122.33240538575384,37.78566264961649],[-122.30010173981739,37.84751494733947],[-122.31445891578915,37.89734040939409]]]}},{"type":"Feature","id":"06003","properties":{"name":"Alpine","county_fips":"06003","state_abbr":"CA"},"geometry":{"type":"Polygon","coordinates":[[[-120.07115017020169,38.50984996878968],[-120.07115017020169,38.70313839917399],[-119.9634713504135,38.77615847287472],[-119.87732829458294,38.869795979149785],[-119.90604264652646,38.93336639625396],[-119.5865954811548,38.71344711546115],[-119.61530983309832,38.666198832478315],[-119.61889912709125,38.604346534755344],[-119.54352395323951,38.49954125250252],[-119.56147042320423,38.41105810437104],[-119.6224884210842,38.3938769105591],[-119.60813124511245,38.36638700046],[-119.6404348910489,38.326870254692544],[-119.70145288892888,38.365527940769404],[-119.69786359493594,38.41019904468044],[-119.75170300483003,38.41707152220521],[-119.8019531207312,38.40160844777447],[-119.88450688256881,38.35607828417284],[-120.02090005430054,38.43339365632656],[-120.07115017020169,38.447138611376104],[-120.07115017020169,38.50984996878968]]]}},{"type":"Feature","id":"06005","properties":{"name":"Amador","county_fips":"06005","state_abbr":"CA"},"geometry":{"type":"Polygon","coordinates":[[[-121.02590237232371,38.508131849408485],[-120.93975931649317,38.52874928198281],[-120.9254021405214,38.515004326933266],[-120.84284837868378,38.55538013239132],[-120.7638839108391,38.553662013010126],[-120.62749073910739,38.503836550955505],[-120.52699050730507,38.50984996878968],[-120.3762401596016,38.54507141610416],[-120.31163286772866,38.545930475794755],[-120.23266839988399,38.595755937849376],[-120.21113263592636,38.62925926578265],[-120.13575746207462,38.6438632805228],[-120.12140028610285,38.697124981339805],[-120.07115017020169,38.70313839917399],[-120.07115017020169,38.50984996878968],[-120.15370393203932,38.49438689435894],[-120.20036475394753,38.500400312193115],[-120.27932922179221,38.47548758116581],[-120.38341874758747,38.461742626116255],[-120.41572239352394,38.47376946178461],[-120.45879392143921,38.447138611376104],[-120.49827615536154,38.4479976710667],[-120.52699050730507,38.423084940039395],[-120.61313356313562,38.39044067179671],[-120.63108003310032,38.345769567885675],[-120.80695543875439,38.28735350892508],[-120.89668778857788,38.22120591274912],[-120.9971880203802,38.22550121120211],[-121.02590237232371,38.300239404284035],[-121.02590237232371,38.508131849408485]]]}},{"type":"Feature","id":"06007","properties":{"name":"Butte","county_fips":"06007","state_abbr":"CA"},"geometry":{"type":"Polygon","coordinates":[[[-121.43867118151181,40.15151303752037],[-121.40277824158241,40.15151303752037],[-121.40636753557536,40.1154325305153],[-121.36688530165301,40.086224501035005],[-121.42072471154711,40.01578160640606],[-121.40995682956829,39.95822460713607],[-121.41354612356122,39.871459578385775],[-121.35970671366712,39.855137444264436],[-121.35252812568125,39.82592941478414],[-121.28433153981538,39.7812583108731],[-121.20895636596364,39.700506699956996],[-121.16947413204132,39.685902685216845],[-121.13717048610485,39.628345685946854],[-121.07615248822488,39.597419537085365],[-121.10845613416134,39.56735244791447],[-121.1515276620766,39.555325612246115],[-121.1587062500625,39.51924510524105],[-121.24126001190011,39.52697664245642],[-121.24126001190011,39.513231687406865],[-121.30586730377303,39.51924510524105],[-121.31304589175892,39.4762921207112],[-121.33817094970948,39.46082904628046],[-121.33458165571655,39.42560759896598],[-121.37406388963889,39.3646143609336],[-121.40636753557536,39.339701629906294],[-121.4745641214412,39.33368821207211],[-121.48533200342003,39.31736607795077],[-121.5642964712647,39.305339242282415],[-121.61095729317293,39.31908419733197],[-121.62531446914468,39.29588958568585],[-121.62890376313763,39.305339242282415],[-121.90886869458694,39.30362112290122],[-121.89092222462224,39.38351367412673],[-121.8693864606646,39.4496612703027],[-121.87656504865048,39.50979544864448],[-121.85502928469285,39.53728535874358],[-121.99501175041749,39.53384911998119],[-122.00219033840338,39.55790279131791],[-121.98783316243161,39.643808760377595],[-121.99501175041749,39.671298670476695],[-121.9411723405234,39.697929520885204],[-121.95911881048809,39.736587206962064],[-121.98424386843868,39.735728147271466],[-122.04526186631865,39.797580444994445],[-122.07038692426923,39.840533429524285],[-122.04526186631865,39.88348641405413],[-121.80477916879168,39.88434547374473],[-121.75093975889757,39.90668102570025],[-121.74735046490464,39.93846623425234],[-121.70427893698937,39.98399639785397],[-121.64685023310233,39.982278278472776],[-121.6360823511235,40.02609032269322],[-121.59660011720116,40.05787553124531],[-121.58583223522234,40.10082851577515],[-121.5104570613706,40.10082851577515],[-121.45302835748356,40.12230500804007],[-121.43867118151181,40.15151303752037]]]}},{"type":"Feature","id":"06009","properties":{"name":"Calaveras","county_fips":"06009","state_abbr":"CA"},"geometry":{"type":"Polygon","coordinates":[[[-120.07115017020169,38.50984996878968],[-120.07115017020169,38.447138611376104],[-120.02090005430054,38.43339365632656],[-120.15370393203932,38.38786349272492],[-120.20754334193342,38.326870254692544],[-120.25779345783457,38.28563538954389],[-120.3403472196722,38.17395762976629],[-120.45520462744626,38.04166243741437],[-120.46597250942509,38.01331346762467],[-120.51622262532624,38.003863811028104],[-120.54134768327683,37.97465578154781],[-120.51622262532624,37.96091082649826],[-120.53775838928388,37.92568937918379],[-120.63108003310032,37.861259902389016],[-120.65261579705796,37.83205187290872],[-120.87515202462023,38.02877654205541],[-120.9254021405214,38.07774294441944],[-120.93975931649317,38.088051660706604],[-120.9971880203802,38.22550121120211],[-120.89668778857788,38.22120591274912],[-120.80695543875439,38.28735350892508],[-120.63108003310032,38.345769567885675],[-120.61313356313562,38.39044067179671],[-120.52699050730507,38.423084940039395],[-120.49827615536154,38.4479976710667],[-120.45879392143921,38.447138611376104],[-120.41572239352394,38.47376946178461],[-120.38341874758747,38.461742626116255],[-120.27932922179221,38.47548758116581],[-120.20036475394753,38.500400312193115],[-120.15370393203932,38.49438689435894],[-120.07115017020169,38.50984996878968]]]}},{"type":"Feature","id":"06011","properties":{"name":"Colusa","county_fips":"06011","state_abbr":"CA"},"geometry":{"type":"Polygon","coordinates":[[[-122.73799560695606,39.38351367412673],[-122.13499421614216,39.38523179350793],[-122.13499421614216,39.41443982298822],[-122.00936892638926,39.413580763297624],[-122.00936892638926,39.38351367412673],[-121.89092222462224,39.38351367412673],[-121.90886869458694,39.30362112290122],[-121.94835092850929,39.24005070579705],[-121.92681516455164,39.1988158406484],[-121.94476163451634,39.17991652745527],[-121.8873329306293,39.07253406613066],[-121.84785069670696,39.07081594674946],[-121.82272563875638,39.0321582606726],[-121.81913634476345,38.98834621645216],[-121.83708281472815,38.924775799347984],[-122.33958397373974,38.92391673965739],[-122.40778055960558,38.96257442573425],[-122.41495914759147,39.020131425004244],[-122.49392361543615,39.05449381262812],[-122.50110220342202,39.12150046849468],[-122.47597714547145,39.17390310962109],[-122.51545937939379,39.20912455693556],[-122.57288808328082,39.20397019879198],[-122.68056690306902,39.23833258641586],[-122.75594207692076,39.28472180970809],[-122.77388854688546,39.3113526601166],[-122.73799560695606,39.38351367412673]]]}},{"type":"Feature","id":"06013","properties":{"name":"Contra Costa","county_fips":"06013","state_abbr":"CA"},"geometry":{"type":"Polygon","coordinates":[[[-122.26779809388094,38.0597026909169],[-122.18524433204331,38.053689273082725],[-122.14217280412802,38.0313537211272],[-122.05961904229042,38.06227986998869],[-121.98424386843868,38.06743422813228],[-121.92681516455164,38.04681679555795],[-121.86220787267871,38.06571610875108],[-121.8334935207352,38.0313537211272],[-121.79042199281992,38.01846782576825],[-121.73658258292582,38.02705842267422],[-121.68274317303172,38.061420810298095],[-121.66120740907408,38.095783197921975],[-121.57865364723646,38.09406507854078],[-121.58583223522234,38.03564901958019],[-121.55711788327883,38.01674970638706],[-121.5822429412294,37.984105438144375],[-121.55711788327883,37.93256185670856],[-121.57865364723646,37.861259902389016],[-121.53558211932119,37.850092126411255],[-121.55711788327883,37.81658879847798],[-121.95552951649515,37.71951505344053],[-122.01295822038219,37.74700496353963],[-121.99860104441044,37.76332709766097],[-122.04526186631865,37.798548544975446],[-122.13858351013509,37.80456196280962],[-122.17806574405743,37.81658879847798],[-122.22472656596565,37.87844109620096],[-122.27138738787387,37.90593100630006],[-122.31445891578915,37.89734040939409],[-122.37906620766208,37.90507194660946],[-122.42931632356323,37.96348800557005],[-122.40060197161971,37.95575646835468],[-122.36829832568324,37.9780920203102],[-122.36829832568324,38.01245440793407],[-122.30010173981739,38.01073628855288],[-122.26779809388094,38.0597026909169]]]}},{"type":"Feature","id":"06015","properties":{"name":"Del Norte","county_fips":"06015","state_abbr":"CA"},"geometry":{"type":"Polygon","coordinates":[[[-124.21319543805437,41.99849137230372],[-123.82196239282392,41.995914193231926],[-123.65685486914867,41.99505513354133],[-123.51687240342403,42.0010685513755],[-123.56353322533224,41.90485386602865],[-123.60301545925458,41.88337737376373],[-123.64249769317692,41.887672672216716],[-123.64967628116281,41.861041821808215],[-123.70351569105691,41.82496131480314],[-123.67480133911339,41.79661234501344],[-123.67839063310632,41.745927823268225],[-123.66044416314162,41.726169450384496],[-123.68556922109221,41.64455877977779],[-123.71787286702866,41.59473331772317],[-123.68197992709926,41.59215613865138],[-123.69274780907809,41.5577937510275],[-123.65326557515574,41.53889443783437],[-123.61378334123341,41.446115991249904],[-123.66044416314162,41.38168651445514],[-123.77171227692276,41.38082745476454],[-123.77171227692276,41.46415624475244],[-124.06603438434384,41.465015304443035],[-124.0803915603156,41.54748503474034],[-124.1342309702097,41.657444675136745],[-124.1629453221532,41.73991440543405],[-124.19524896808967,41.73647816667166],[-124.25626696596964,41.78286738996389],[-124.22037402604025,41.846437807068064],[-124.20242755607555,41.94093437303372],[-124.21319543805437,41.99849137230372]]]}},{"type":"Feature","id":"06017","properties":{"name":"El Dorado","county_fips":"06017","state_abbr":"CA"},"geometry":{"type":"Polygon","coordinates":[[[-120.00295358433584,39.06737970798707],[-119.9993642903429,38.99951399242992],[-119.90604264652646,38.93336639625396],[-119.87732829458294,38.869795979149785],[-119.9634713504135,38.77615847287472],[-120.07115017020169,38.70313839917399],[-120.12140028610285,38.697124981339805],[-120.13575746207462,38.6438632805228],[-120.21113263592636,38.62925926578265],[-120.23266839988399,38.595755937849376],[-120.31163286772866,38.545930475794755],[-120.3762401596016,38.54507141610416],[-120.52699050730507,38.50984996878968],[-120.62749073910739,38.503836550955505],[-120.7638839108391,38.553662013010126],[-120.84284837868378,38.55538013239132],[-120.9254021405214,38.515004326933266],[-120.93975931649317,38.52874928198281],[-121.02590237232371,38.508131849408485],[-121.11922401614015,38.71688335422353],[-121.1407597800978,38.711728996079955],[-121.10127754617545,38.785608129471285],[-121.10127754617545,38.81567521864218],[-121.06179531225311,38.84574230781307],[-121.04025954829547,38.91532614275142],[-120.93975931649317,38.935943575325744],[-120.93975931649317,38.96257442573425],[-120.85720555465554,38.95226570944709],[-120.81054473274732,39.000373052120516],[-120.7279909709097,39.003809290882906],[-120.64184791507914,38.94453417223171],[-120.57365132921328,38.91446708306082],[-120.5126333313333,38.930789217182166],[-120.46956180341803,38.96515160480604],[-120.43366886348863,39.02872202191021],[-120.23984698786987,39.023567663766634],[-120.18241828398283,39.031299200982005],[-120.14293605006048,39.06737970798707],[-120.00295358433584,39.06737970798707]]]}},{"type":"Feature","id":"06019","properties":{"name":"Fresno","county_fips":"06019","state_abbr":"CA"},"geometry":{"type":"Polygon","coordinates":[[[-120.54134768327683,37.04429413663136],[-120.50904403734037,37.00735456993569],[-120.45161533345333,36.91113988458884],[-120.45520462744626,36.863032541915416],[-120.3690615716157,36.810629900789],[-120.3690615716157,36.78485811007109],[-120.22907910589106,36.76939503564035],[-120.07832875818758,36.82523391552915],[-120.02807864228642,36.81492519924198],[-119.98500711437114,36.840696989959895],[-119.94193558645586,36.833824512435115],[-119.88450688256881,36.85873724346243],[-119.81272100271002,36.85014664655646],[-119.79118523875238,36.89567681015809],[-119.73375653486534,36.94636133190331],[-119.74093512285123,36.97041500324003],[-119.70145288892888,37.0047773908639],[-119.66914924299243,37.00907268931689],[-119.65120277302772,37.04171695755957],[-119.61889912709125,37.02711294281942],[-119.6045419511195,37.07092498703987],[-119.56147042320423,37.06662968858688],[-119.53634536525365,37.10528737466374],[-119.56505971719716,37.1155960909509],[-119.5507025412254,37.144804120431196],[-119.52557748327482,37.12848198630986],[-119.48968454334542,37.13879070259702],[-119.48250595535956,37.110441732807324],[-119.42866654546545,37.16370343362433],[-119.38559501755017,37.14995847857478],[-119.32816631366313,37.20923359722597],[-119.33534490164901,37.31317981978819],[-119.31380913769138,37.35183750586505],[-119.02307632426323,37.58550174170741],[-118.97641550235502,37.557152771917714],[-118.91539750447504,37.55028029439294],[-118.85079021260212,37.47554210131101],[-118.79695080270801,37.48842799666996],[-118.77541503875038,37.46265620595205],[-118.76105786277861,37.43516629585295],[-118.7861829207292,37.38619989348893],[-118.77900433274331,37.33551537174371],[-118.69286127691277,37.30029392442924],[-118.66773621896218,37.25734093989939],[-118.68568268892687,37.229851029800294],[-118.64620045500453,37.13964976228762],[-118.59595033910338,37.13793164290642],[-118.53134304723046,37.110441732807324],[-118.43802140341403,37.05460285291852],[-118.42007493344933,36.99189149550495],[-118.36623552355522,36.894817750467496],[-118.36623552355522,36.8398379302693],[-118.39136058150581,36.832965452744524],[-118.35905693556936,36.74448230461304],[-118.98359409034089,36.74190512554125],[-118.98359409034089,36.656858216172154],[-119.30304125571254,36.660294454934544],[-119.30663054970549,36.57352942618426],[-119.46455948539484,36.575247545565446],[-119.57223830518305,36.48848251681516],[-119.66555994899949,36.41889868187681],[-119.67273853698536,36.43092551754517],[-119.7481137108371,36.41632150280502],[-119.75529229882298,36.401717488064875],[-119.95988205642055,36.40085842837428],[-119.95988205642055,36.18179820727207],[-120.31522216172161,35.90689910628106],[-120.3582936896369,35.96359704586045],[-120.43366886348863,35.96875140400403],[-120.48032968539684,36.009986269152684],[-120.54134768327683,36.03661711956119],[-120.59159779917798,36.07183856687566],[-120.60236568115681,36.101905656046554],[-120.64902650306502,36.10791907388073],[-120.67056226702266,36.16461701346013],[-120.62749073910739,36.20327469953699],[-120.68133014900148,36.251382042210416],[-120.67774085500855,36.267704176331755],[-120.65979438504385,36.31581151900519],[-120.59518709317092,36.328697414364136],[-120.60236568115681,36.48848251681516],[-120.91822355253552,36.740187006160056],[-120.65620509105091,36.953233809428085],[-120.59159779917798,36.952374749737494],[-120.59877638716387,36.998763973029725],[-120.54134768327683,37.04429413663136]]]}},{"type":"Feature","id":"06021","properties":{"name":"Glenn","county_fips":"06021","state_abbr":"CA"},"geometry":{"type":"Polygon","coordinates":[[[-122.9389960705607,39.79843950468504],[-122.04526186631865,39.797580444994445],[-121.98424386843868,39.735728147271466],[-121.95911881048809,39.736587206962064],[-121.9411723405234,39.697929520885204],[-121.99501175041749,39.671298670476695],[-121.98783316243161,39.643808760377595],[-122.00219033840338,39.55790279131791],[-121.99501175041749,39.53384911998119],[-121.85502928469285,39.53728535874358],[-121.87656504865048,39.50979544864448],[-121.8693864606646,39.4496612703027],[-121.89092222462224,39.38351367412673],[-122.00936892638926,39.38351367412673],[-122.00936892638926,39.413580763297624],[-122.13499421614216,39.41443982298822],[-122.13499421614216,39.38523179350793],[-122.73799560695606,39.38351367412673],[-122.73081701897019,39.450520329993296],[-122.73440631296313,39.581097402964026],[-122.8851566606666,39.58023834327343],[-122.89233524865247,39.709097296862964],[-122.91387101261012,39.747754982939824],[-122.9389960705607,39.747754982939824],[-122.9389960705607,39.79843950468504]]]}},{"type":"Feature","id":"06023","properties":{"name":"Humboldt","county_fips":"06023","state_abbr":"CA"},"geometry":{"type":"Polygon","coordinates":[[[-124.06603438434384,41.465015304443035],[-123.77171227692276,41.46415624475244],[-123.77171227692276,41.38082745476454],[-123.66044416314162,41.38168651445514],[-123.50251522745226,41.38254557414574],[-123.47380087550874,41.36622344002439],[-123.43790793557935,41.22705577014769],[-123.40919358363583,41.179807487164865],[-123.43072934759347,41.14974039799397],[-123.45585440554404,41.06898878707786],[-123.42714005360054,41.06125724986249],[-123.40919358363583,41.01916332502324],[-123.44867581755817,40.96676068389683],[-123.44867581755817,40.94270701256012],[-123.49533663946639,40.91607616215161],[-123.56353322533224,40.948720430394296],[-123.62096192921928,40.92724393812937],[-123.57430110731107,40.856801043500425],[-123.5419974613746,40.73395550774507],[-123.54558675536754,40.69357970228702],[-123.54558675536754,40.002036651356505],[-124.02296285642856,40.00117759166591],[-124.0803915603156,40.029526561455604],[-124.0803915603156,40.066466128151276],[-124.10910591225911,40.10340569484694],[-124.1880703801038,40.13089560494604],[-124.36394578575785,40.260613618226174],[-124.34958860978608,40.31473437873378],[-124.36394578575785,40.374868557075565],[-124.41060660766607,40.43843897417973],[-124.37830296172962,40.52262682385823],[-124.32805284582845,40.6162643301333],[-124.17730249812497,40.84391514814148],[-124.13782026420263,40.92552581874818],[-124.11269520625206,41.02775392192921],[-124.15576673416734,41.0595391304813],[-124.15935602816027,41.1428679204692],[-124.14499885218851,41.14458603985039],[-124.10551661826617,41.229632949219486],[-124.07321297232971,41.37481403693036],[-124.06603438434384,41.465015304443035]]]}},{"type":"Feature","id":"06025","properties":{"name":"Imperial","county_fips":"06025","state_abbr":"CA"},"geometry":{"type":"Polygon","coordinates":[[[-116.08344454404543,33.425934719837194],[-115.4696752712527,33.42679377952779],[-115.44096091930919,33.42851189890899],[-114.62619118291182,33.433666257052565],[-114.64413765287652,33.41648506324063],[-114.72669141471414,33.40531728726287],[-114.69797706277062,33.36150524304242],[-114.73028070870708,33.30566636315363],[-114.67644129881297,33.27044491583915],[-114.68361988679887,33.148458439774394],[-114.70874494474944,33.090901440504396],[-114.65849482884828,33.03248538154381],[-114.64772694686947,33.04708939628396],[-114.60106612496125,33.025612904019034],[-114.57594106701066,33.036780679996795],[-114.51492306913069,33.02733102340023],[-114.48261942319422,32.93541163650636],[-114.46467295322952,32.91307608455084],[-114.46826224722247,32.84521036899368],[-114.53286953909539,32.79108960848608],[-114.52569095110951,32.7567272208622],[-114.615423300933,32.73439166890668],[-114.70156635676356,32.74555944488444],[-114.71951282672826,32.71892859447594],[-115.46608597725977,32.667385013040125],[-116.10498030800306,32.6184186106761],[-116.10498030800306,33.07457930638306],[-116.0798552500525,33.07457930638306],[-116.08344454404543,33.425934719837194]]]}},{"type":"Feature","id":"06027","properties":{"name":"Inyo","county_fips":"06027","state_abbr":"CA"},"geometry":{"type":"Polygon","coordinates":[[[-118.77541503875038,37.46265620595205],[-117.83143071860718,37.46523338502384],[-117.16741132991329,36.971274062930625],[-116.25214136171361,36.27715383292832],[-115.8465511405114,35.96445610555105],[-115.64913997089971,35.809825361243604],[-115.73528302673026,35.808966301553006],[-115.73528302673026,35.793503227122265],[-116.65055299492994,35.79522134650346],[-117.63401954899548,35.796939465884655],[-117.92475236242362,35.79779852557525],[-117.92475236242362,35.78663074959749],[-118.00730612426123,35.78920792866928],[-118.0037168302683,35.863087062060615],[-117.98218106631066,35.8673823605136],[-117.99294894828947,35.943838672976725],[-118.01807400624006,35.96101986678866],[-118.00730612426123,35.990227896268955],[-118.03243118221181,36.009127209462086],[-118.05037765217651,36.07957010409103],[-118.0683241221412,36.09761035759357],[-118.0575562401624,36.15860359562595],[-118.10062776807767,36.20842905768057],[-118.12575282602825,36.30120750426504],[-118.10062776807767,36.3390061306513],[-118.15805647196471,36.38797253301532],[-118.14369929599295,36.421475860948604],[-118.21189588185881,36.432643636926365],[-118.24419952779527,36.47989191990919],[-118.24778882178822,36.5340126804168],[-118.2908603497035,36.55892541144411],[-118.28727105571055,36.60359651535515],[-118.31957470164701,36.62765018669186],[-118.36623552355522,36.69207966348663],[-118.33393187761877,36.70582461853618],[-118.35905693556936,36.74448230461304],[-118.39136058150581,36.832965452744524],[-118.36623552355522,36.8398379302693],[-118.36623552355522,36.894817750467496],[-118.42007493344933,36.99189149550495],[-118.43802140341403,37.05460285291852],[-118.53134304723046,37.110441732807324],[-118.59595033910338,37.13793164290642],[-118.64620045500453,37.13964976228762],[-118.68568268892687,37.229851029800294],[-118.66773621896218,37.25734093989939],[-118.69286127691277,37.30029392442924],[-118.77900433274331,37.33551537174371],[-118.7861829207292,37.38619989348893],[-118.76105786277861,37.43516629585295],[-118.77541503875038,37.46265620595205]]]}},{"type":"Feature","id":"06029","properties":{"name":"Kern","county_fips":"06029","state_abbr":"CA"},"geometry":{"type":"Polygon","coordinates":[[[-120.19318616596165,35.78920792866928],[-119.53634536525365,35.78920792866928],[-118.8041293906939,35.790066988359875],[-118.37700340553405,35.790066988359875],[-118.0683241221412,35.79178510774107],[-118.00730612426123,35.78920792866928],[-117.92475236242362,35.78663074959749],[-117.92475236242362,35.79779852557525],[-117.63401954899548,35.796939465884655],[-117.63401954899548,35.71017443713436],[-117.65196601896018,35.68096640765407],[-117.61607307903078,35.68096640765407],[-117.63401954899548,35.651758378173774],[-117.63043025500255,35.4507384105741],[-117.63043025500255,34.82190671705717],[-117.66632319493195,34.82276577674776],[-118.32675328963289,34.819329537985375],[-118.85437950659505,34.81761141860418],[-118.88309385853859,34.79098056819568],[-118.97641550235502,34.79098056819568],[-118.97641550235502,34.8124570604606],[-119.24202325783257,34.81417517984179],[-119.24202325783257,34.857987224062235],[-119.27791619776197,34.85712816437164],[-119.27791619776197,34.87946371632716],[-119.38200572355723,34.87946371632716],[-119.38200572355723,34.90094020859208],[-119.44302372143721,34.90094020859208],[-119.47173807338072,34.90094020859208],[-119.47173807338072,35.077047445164446],[-119.48968454334542,35.09165145990459],[-119.56147042320423,35.08735616145161],[-119.55429183521835,35.18013460803608],[-119.66555994899949,35.17498024989249],[-119.66555994899949,35.262604338333375],[-119.80913170871708,35.26346339802397],[-119.80913170871708,35.351087486464856],[-119.88091758857587,35.351087486464856],[-119.88091758857587,35.438711574905746],[-119.99577499634995,35.43957063459634],[-120.03166793627935,35.49884575324753],[-120.08550734617346,35.52633566334663],[-120.08550734617346,35.61481881147811],[-120.19318616596165,35.61395975178751],[-120.19318616596165,35.78920792866928]]]}},{"type":"Feature","id":"06031","properties":{"name":"Kings","county_fips":"06031","state_abbr":"CA"},"geometry":{"type":"Polygon","coordinates":[[[-120.31522216172161,35.90689910628106],[-119.95988205642055,36.18179820727207],[-119.95988205642055,36.40085842837428],[-119.75529229882298,36.401717488064875],[-119.7481137108371,36.41632150280502],[-119.67273853698536,36.43092551754517],[-119.66555994899949,36.41889868187681],[-119.57223830518305,36.48848251681516],[-119.52557748327482,36.48848251681516],[-119.52916677726776,36.401717488064875],[-119.47532736737367,36.40085842837428],[-119.47532736737367,36.26942229571295],[-119.52916677726776,36.26942229571295],[-119.53634536525365,36.13798616305162],[-119.53634536525365,35.78920792866928],[-120.19318616596165,35.78920792866928],[-120.21472192991929,35.78920792866928],[-120.22190051790517,35.81927501784017],[-120.25779345783457,35.84504680855808],[-120.23984698786987,35.86566424113241],[-120.27573992779926,35.90604004659046],[-120.31522216172161,35.90689910628106]]]}},{"type":"Feature","id":"06033","properties":{"name":"Lake","county_fips":"06033","state_abbr":"CA"},"geometry":{"type":"Polygon","coordinates":[[[-122.8851566606666,39.58023834327343],[-122.73440631296313,39.581097402964026],[-122.73081701897019,39.450520329993296],[-122.73799560695606,39.38351367412673],[-122.77388854688546,39.3113526601166],[-122.75594207692076,39.28472180970809],[-122.68056690306902,39.23833258641586],[-122.57288808328082,39.20397019879198],[-122.51545937939379,39.20912455693556],[-122.47597714547145,39.17390310962109],[-122.50110220342202,39.12150046849468],[-122.49392361543615,39.05449381262812],[-122.41495914759147,39.020131425004244],[-122.40778055960558,38.96257442573425],[-122.33958397373974,38.92391673965739],[-122.40419126561264,38.92563485903858],[-122.42213773557735,38.904158366773665],[-122.39342338363383,38.8646416210062],[-122.37188761967619,38.81739333802337],[-122.39701267762678,38.803648382973826],[-122.46520926349262,38.70485651855518],[-122.62672749317493,38.66791695185951],[-122.64826325713256,38.70657463793637],[-122.69133478504784,38.71086993638936],[-122.74876348893488,38.80450744266442],[-122.82054936879368,38.850037606266056],[-122.89592454264542,38.880963755127546],[-122.89233524865247,38.89556776986769],[-122.94976395253951,38.89986306832068],[-122.97129971649716,38.93250733656336],[-122.98565689246891,38.996936813358126],[-123.0287284203842,38.996936813358126],[-123.05744277232772,39.02099048469484],[-123.0646213603136,39.06480252891528],[-123.09333571225712,39.07167500644006],[-123.07897853628535,39.17390310962109],[-123.0466748903489,39.17390310962109],[-122.99642477444775,39.235755407344065],[-123.01796053840538,39.277849332183315],[-123.01796053840538,39.32166137640376],[-123.039496302363,39.336265391143904],[-123.07538924229242,39.40756734546345],[-123.0646213603136,39.5037820308103],[-123.02513912639125,39.51838604555045],[-122.93540677656776,39.516667926169255],[-122.88874595465954,39.52869476183761],[-122.8851566606666,39.58023834327343]]]}},{"type":"Feature","id":"06035","properties":{"name":"Lassen","county_fips":"06035","state_abbr":"CA"},"geometry":{"type":"Polygon","coordinates":[[[-121.33099236172362,41.18410278561785],[-120.87515202462023,41.18410278561785],[-119.9993642903429,41.18410278561785],[-119.9993642903429,40.75027764186641],[-119.99577499634995,40.72106961238612],[-119.99577499634995,40.071620486294854],[-119.9993642903429,39.73401002789027],[-120.00295358433584,39.72284225191251],[-120.0173107603076,39.709097296862964],[-120.14652534405343,39.70737917748177],[-120.10704311013109,39.794144206232055],[-120.10704311013109,39.939325293942936],[-120.16447181401813,39.96853332342323],[-120.20036475394753,40.013204427334266],[-120.21113263592636,40.086224501035005],[-120.24702557585576,40.10770099329993],[-120.3403472196722,40.1154325305153],[-120.40854380553805,40.147217739067386],[-120.45520462744626,40.205633798027975],[-120.48391897938978,40.205633798027975],[-120.50904403734037,40.248586782557815],[-120.57724062320622,40.264049856988564],[-120.57724062320622,40.28552634925349],[-120.62390144511444,40.28552634925349],[-120.65261579705796,40.30786190120901],[-120.7638839108391,40.31559343842438],[-120.79618755677555,40.27779481203812],[-120.87156273062729,40.24171430503304],[-120.87156273062729,40.19962038019379],[-120.92899143451433,40.19188884297842],[-120.94693790447903,40.221096872458716],[-121.00436660836607,40.221096872458716],[-121.06179531225311,40.25631831977319],[-121.06179531225311,40.44617051139511],[-121.32740306773067,40.44531145170451],[-121.32022447974478,40.90576744586445],[-121.33099236172362,40.90576744586445],[-121.33099236172362,41.18410278561785]]]}},{"type":"Feature","id":"06037","properties":{"name":"Los Angeles","county_fips":"06037","state_abbr":"CA"},"geometry":{"type":"MultiPolygon","coordinates":[[[[-118.60312892708927,33.47833736096361],[-118.54570022320223,33.47404206251062],[-118.4451999913999,33.42851189890899],[-118.36982481754816,33.40961258571585],[-118.36623552355522,33.38813609345093],[-118.30880681966819,33.33573345232452],[-118.32675328963289,33.298793885628854],[-118.37341411154111,33.32027037789377],[-118.46673575535755,33.32628379572795],[-118.48827151931519,33.356350884898845],[-118.48827151931519,33.41992130200301],[-118.56005739917399,33.433666257052565],[-118.60312892708927,33.47833736096361]]],[[[-118.6067182210822,33.03076726216261],[-118.57441457514574,33.034203500925],[-118.49545010730107,32.933693517125164],[-118.35187834758347,32.822015757347565],[-118.38777128751286,32.825451996109955],[-118.4272535214352,32.80655268291682],[-118.48827151931519,32.844351309303086],[-118.5349323412234,32.906203607026065],[-118.58518245712457,33.0084317102071],[-118.6067182210822,33.03076726216261]]],[[[-118.88309385853859,34.79098056819568],[-118.85437950659505,34.81761141860418],[-118.32675328963289,34.819329537985375],[-117.66632319493195,34.82276577674776],[-117.66632319493195,34.558175392043914],[-117.65196601896018,34.3391151709417],[-117.6447874309743,34.28928970888708],[-117.67709107691076,34.16644417313172],[-117.73093048680485,34.02126308542085],[-117.76682342673426,34.02298120480204],[-117.80271636666366,33.975732921819215],[-117.78476989669896,33.946524892338914],[-117.97500247832477,33.945665832648324],[-117.97500247832477,33.906149086880866],[-118.02884188821888,33.87350481863818],[-118.0862705921059,33.803061924009235],[-118.0934491800918,33.75839082009819],[-118.11498494404944,33.74292774566745],[-118.17600294192941,33.76354517824178],[-118.18318152991529,33.72316937278372],[-118.25855670376703,33.703410999899994],[-118.32316399563996,33.71543783556835],[-118.35905693556936,33.736914327833276],[-118.41289634546345,33.742068685976854],[-118.4272535214352,33.77471295421954],[-118.39494987549875,33.80392098369983],[-118.39136058150581,33.8408605503955],[-118.44161069740696,33.94051147450474],[-118.4810929313293,33.995491294702944],[-118.54211092920929,34.038444279232785],[-118.66773621896218,34.03930333892338],[-118.74670068680686,34.03243086139861],[-118.8041293906939,34.00150471253712],[-118.85437950659505,34.034148980779804],[-118.94411185641856,34.045316756757565],[-118.94052256242563,34.07538384592846],[-118.78977221472215,34.16816229251292],[-118.66773621896218,34.16816229251292],[-118.66773621896218,34.23688706776067],[-118.63184327903278,34.242041425904254],[-118.65337904299042,34.32365209651096],[-118.88309385853859,34.79098056819568]]]]}},{"type":"Feature","id":"06039","properties":{"name":"Madera","county_fips":"06039","state_abbr":"CA"},"geometry":{"type":"Polygon","coordinates":[[[-120.54134768327683,37.04429413663136],[-120.47674039140391,37.09669677775777],[-120.22907910589106,37.16370343362433],[-120.10704311013109,37.16713967238672],[-120.05320370023699,37.183461806508056],[-119.76247088680887,37.41712604235042],[-119.65120277302772,37.417985102041015],[-119.65120277302772,37.460938086570856],[-119.61530983309832,37.46179714626145],[-119.61530983309832,37.49444141450414],[-119.58300618716186,37.49444141450414],[-119.58300618716186,37.5605890106801],[-119.31021984369843,37.77793111240112],[-119.27073760977609,37.73927342632426],[-119.216898199882,37.714360695296946],[-119.1989517299173,37.73669624725247],[-119.12357655606556,37.734119068180675],[-119.06614785217852,37.684293606126054],[-119.03384420624207,37.630172845618446],[-119.02307632426323,37.58550174170741],[-119.31380913769138,37.35183750586505],[-119.33534490164901,37.31317981978819],[-119.32816631366313,37.20923359722597],[-119.38559501755017,37.14995847857478],[-119.42866654546545,37.16370343362433],[-119.48250595535956,37.110441732807324],[-119.48968454334542,37.13879070259702],[-119.52557748327482,37.12848198630986],[-119.5507025412254,37.144804120431196],[-119.56505971719716,37.1155960909509],[-119.53634536525365,37.10528737466374],[-119.56147042320423,37.06662968858688],[-119.6045419511195,37.07092498703987],[-119.61889912709125,37.02711294281942],[-119.65120277302772,37.04171695755957],[-119.66914924299243,37.00907268931689],[-119.70145288892888,37.0047773908639],[-119.74093512285123,36.97041500324003],[-119.73375653486534,36.94636133190331],[-119.79118523875238,36.89567681015809],[-119.81272100271002,36.85014664655646],[-119.88450688256881,36.85873724346243],[-119.94193558645586,36.833824512435115],[-119.98500711437114,36.840696989959895],[-120.02807864228642,36.81492519924198],[-120.07832875818758,36.82523391552915],[-120.22907910589106,36.76939503564035],[-120.3690615716157,36.78485811007109],[-120.3690615716157,36.810629900789],[-120.45520462744626,36.863032541915416],[-120.45161533345333,36.91113988458884],[-120.50904403734037,37.00735456993569],[-120.54134768327683,37.04429413663136]]]}},{"type":"Feature","id":"06041","properties":{"name":"Marin","county_fips":"06041","state_abbr":"CA"},"geometry":{"type":"MultiPolygon","coordinates":[[[[-123.00360336243361,38.295944105831055],[-122.96771042250421,38.31656153840538],[-122.91028171861717,38.32085683685836],[-122.741584900949,38.20660189800898],[-122.64826325713256,38.180830107291065],[-122.56929878928788,38.18684352512525],[-122.49033432144321,38.10952815297152],[-122.48315573345732,38.07172952658526],[-122.50110220342202,38.0322127808178],[-122.44726279352793,37.98840073659736],[-122.49033432144321,37.96692424433244],[-122.50469149741497,37.92912561794617],[-122.4364949115491,37.881018275272744],[-122.46161996949968,37.86899143960439],[-122.50110220342202,37.8939041706317],[-122.47597714547145,37.83291093259932],[-122.52981655536556,37.81916597754977],[-122.56212020130201,37.85181024579245],[-122.65544184511845,37.90421288691886],[-122.70210266702667,37.8939041706317],[-122.78465642886428,37.95146116990169],[-122.82054936879368,37.99699133350333],[-122.88156736667366,38.02534030329303],[-122.9389960705607,38.0322127808178],[-123.0107819504195,38.003863811028104],[-122.96053183451833,38.11296439173391],[-122.94976395253951,38.15419925688256],[-122.9928354804548,38.23323274841748],[-122.96771042250421,38.250413942229414],[-123.00360336243361,38.295944105831055]]]]}},{"type":"Feature","id":"06043","properties":{"name":"Mariposa","county_fips":"06043","state_abbr":"CA"},"geometry":{"type":"Polygon","coordinates":[[[-119.31021984369843,37.77793111240112],[-119.58300618716186,37.5605890106801],[-119.58300618716186,37.49444141450414],[-119.61530983309832,37.49444141450414],[-119.61530983309832,37.46179714626145],[-119.65120277302772,37.460938086570856],[-119.65120277302772,37.417985102041015],[-119.76247088680887,37.41712604235042],[-120.05320370023699,37.183461806508056],[-120.08550734617346,37.21868325382253],[-120.1788289899899,37.26163623835238],[-120.18241828398283,37.291703327523265],[-120.26497204582046,37.40080390822908],[-120.27932922179221,37.45836090749907],[-120.3870080415804,37.633609084380836],[-120.39059733557335,37.68343454643546],[-120.32957933769336,37.64993121850218],[-120.30804357373573,37.664535233242326],[-120.34393651366513,37.726387530965305],[-120.26138275182751,37.734119068180675],[-120.23984698786987,37.76418615735157],[-120.18600757797577,37.77019957518574],[-120.18241828398283,37.795112306213056],[-120.12857887408873,37.7813673511635],[-120.08191805218051,37.82775657445574],[-120.02448934829349,37.811434440334395],[-119.93834629246291,37.76332709766097],[-119.86656041260412,37.772776754257535],[-119.81272100271002,37.757313679826794],[-119.7481137108371,37.77535393332933],[-119.65120277302772,37.82002503724036],[-119.65120277302772,37.8389243504335],[-119.6045419511195,37.85782366362663],[-119.575827599176,37.895622290012895],[-119.52916677726776,37.8930451109411],[-119.49327383733836,37.86297802177021],[-119.42866654546545,37.8664142605326],[-119.37841642956428,37.83978341012409],[-119.31021984369843,37.77793111240112]]]}},{"type":"Feature","id":"06045","properties":{"name":"Mendocino","county_fips":"06045","state_abbr":"CA"},"geometry":{"type":"Polygon","coordinates":[[[-124.02296285642856,40.00117759166591],[-123.54558675536754,40.002036651356505],[-123.54558675536754,39.9771239203292],[-122.93540677656776,39.977982980019796],[-122.921049600596,39.916989741987415],[-122.94976395253951,39.90754008539085],[-122.96053183451833,39.84482872797727],[-122.9389960705607,39.79843950468504],[-122.9389960705607,39.747754982939824],[-122.91387101261012,39.747754982939824],[-122.89233524865247,39.709097296862964],[-122.8851566606666,39.58023834327343],[-122.88874595465954,39.52869476183761],[-122.93540677656776,39.516667926169255],[-123.02513912639125,39.51838604555045],[-123.0646213603136,39.5037820308103],[-123.07538924229242,39.40756734546345],[-123.039496302363,39.336265391143904],[-123.01796053840538,39.32166137640376],[-123.01796053840538,39.277849332183315],[-122.99642477444775,39.235755407344065],[-123.0466748903489,39.17390310962109],[-123.07897853628535,39.17390310962109],[-123.09333571225712,39.07167500644006],[-123.0646213603136,39.06480252891528],[-123.05744277232772,39.02099048469484],[-123.0287284203842,38.996936813358126],[-122.98565689246891,38.996936813358126],[-122.97129971649716,38.93250733656336],[-122.94976395253951,38.89986306832068],[-122.89233524865247,38.89556776986769],[-122.89592454264542,38.880963755127546],[-122.82054936879368,38.850037606266056],[-123.0825678302783,38.85261478533785],[-123.13640724017239,38.83972888997889],[-123.13640724017239,38.808802741117404],[-123.3697113497135,38.80622556204561],[-123.3697113497135,38.77701753256532],[-123.49892593345933,38.77873565194651],[-123.53481887338873,38.76842693565935],[-123.65326557515574,38.854332904719044],[-123.7394086309863,38.953983828828285],[-123.68915851508514,39.02099048469484],[-123.69274780907809,39.05707099169991],[-123.74299792497925,39.16531251271512],[-123.80042662886629,39.27097685465854],[-123.82555168681685,39.36117812217122],[-123.81478380483804,39.44622503154031],[-123.76812298292982,39.5596209106991],[-123.78606945289452,39.60429201461014],[-123.78606945289452,39.66013089449894],[-123.83631956879569,39.739164386033856],[-123.85067674476744,39.83194283261832],[-123.90810544865448,39.86286898147981],[-123.92964121261213,39.910117264462635],[-124.02296285642856,40.00117759166591]]]}},{"type":"Feature","id":"06047","properties":{"name":"Merced","county_fips":"06047","state_abbr":"CA"},"geometry":{"type":"Polygon","coordinates":[[[-121.22690283592834,37.13449540414403],[-120.96488437444373,37.345824088030874],[-120.98283084440844,37.39994484853848],[-120.3870080415804,37.633609084380836],[-120.27932922179221,37.45836090749907],[-120.26497204582046,37.40080390822908],[-120.18241828398283,37.291703327523265],[-120.1788289899899,37.26163623835238],[-120.08550734617346,37.21868325382253],[-120.05320370023699,37.183461806508056],[-120.10704311013109,37.16713967238672],[-120.22907910589106,37.16370343362433],[-120.47674039140391,37.09669677775777],[-120.54134768327683,37.04429413663136],[-120.59877638716387,36.998763973029725],[-120.59159779917798,36.952374749737494],[-120.65620509105091,36.953233809428085],[-120.91822355253552,36.740187006160056],[-120.93258072850728,36.752213841828414],[-121.1407597800978,36.83640169150691],[-121.1515276620766,36.8656097209872],[-121.19818848398484,36.914576123351225],[-121.23408142391423,36.92660295901958],[-121.21613495394953,36.96096534664346],[-121.24484930589304,36.983300898598976],[-121.24484930589304,37.025394823438226],[-121.20895636596364,37.068347807968074],[-121.24484930589304,37.089824300233],[-121.22690283592834,37.13449540414403]]]}},{"type":"Feature","id":"06049","properties":{"name":"Modoc","county_fips":"06049","state_abbr":"CA"},"geometry":{"type":"Polygon","coordinates":[[[-121.44584976949768,41.99677325292252],[-121.03667025430254,41.99333701416013],[-120.87874131861318,41.99419607385073],[-120.32957933769336,41.99333701416013],[-119.9993642903429,41.99505513354133],[-119.9993642903429,41.99419607385073],[-119.9993642903429,41.18410278561785],[-120.87515202462023,41.18410278561785],[-121.33099236172362,41.18410278561785],[-121.44584976949768,41.183243725927255],[-121.44943906349063,41.429793857128566],[-121.44943906349063,41.77599491243912],[-121.4566176514765,41.77599491243912],[-121.4566176514765,41.949524969939695],[-121.44584976949768,41.99677325292252]]]}},{"type":"Feature","id":"06051","properties":{"name":"Mono","county_fips":"06051","state_abbr":"CA"},"geometry":{"type":"Polygon","coordinates":[[[-119.6404348910489,38.326870254692544],[-119.60813124511245,38.36638700046],[-119.6224884210842,38.3938769105591],[-119.56147042320423,38.41105810437104],[-119.54352395323951,38.49954125250252],[-119.61889912709125,38.604346534755344],[-119.61530983309832,38.666198832478315],[-119.5865954811548,38.71344711546115],[-119.32816631366313,38.534762699816994],[-119.15588020200201,38.41449434313343],[-119.08409432214322,38.361232642316416],[-118.857968800588,38.20488377862778],[-118.4272535214352,37.89648134970349],[-118.05396694616945,37.62501848747487],[-117.83143071860718,37.46523338502384],[-118.77541503875038,37.46265620595205],[-118.79695080270801,37.48842799666996],[-118.85079021260212,37.47554210131101],[-118.91539750447504,37.55028029439294],[-118.97641550235502,37.557152771917714],[-119.02307632426323,37.58550174170741],[-119.03384420624207,37.630172845618446],[-119.06614785217852,37.684293606126054],[-119.12357655606556,37.734119068180675],[-119.1989517299173,37.73669624725247],[-119.216898199882,37.714360695296946],[-119.27073760977609,37.73927342632426],[-119.20254102391023,37.79425324652246],[-119.216898199882,37.85438742486424],[-119.21330890588905,37.89905852877528],[-119.30304125571254,37.94458869237692],[-119.32098772567724,37.96864236371363],[-119.30663054970549,38.030494661436606],[-119.35329137161371,38.084615421944214],[-119.42866654546545,38.11210533204331],[-119.44661301543015,38.09664225761257],[-119.49686313133131,38.15419925688256],[-119.51480960129601,38.13701806307063],[-119.62966700907009,38.19715224141241],[-119.6045419511195,38.23666898717987],[-119.64761347903479,38.2830582104721],[-119.6404348910489,38.326870254692544]]]}},{"type":"Feature","id":"06053","properties":{"name":"Monterey","county_fips":"06053","state_abbr":"CA"},"geometry":{"type":"Polygon","coordinates":[[[-121.81195775677756,36.85100570624706],[-121.78683269882697,36.88536809387093],[-121.70068964299642,36.91973048149481],[-121.64326093910938,36.8939586907769],[-121.62172517515174,36.84585134810347],[-121.59660011720116,36.837260751197505],[-121.52122494334942,36.771113155021546],[-121.47815341543415,36.76252255811558],[-121.45302835748356,36.72300581234812],[-121.48533200342003,36.71269709606096],[-121.46738553345533,36.68520718596185],[-121.36329600766007,36.655999156481556],[-121.32022447974478,36.61046899287992],[-121.32740306773067,36.55463011299113],[-121.29509942179422,36.528858322273216],[-121.31304589175892,36.502227471864714],[-121.24126001190011,36.5056637106271],[-121.23049212992129,36.4773147408374],[-121.07615248822488,36.35361014539145],[-121.04025954829547,36.309798101171005],[-121.03667025430254,36.274576653856535],[-121.01154519635196,36.26684511664116],[-121.01154519635196,36.26684511664116],[-120.98642013840137,36.29261690735907],[-120.95411649246492,36.27543571354713],[-120.9254021405214,36.30893904148041],[-120.86438414264143,36.29261690735907],[-120.76029461684615,36.20327469953699],[-120.70645520695206,36.20413375922759],[-120.71722308893088,36.259972639116384],[-120.7459374408744,36.3106571608616],[-120.67774085500855,36.267704176331755],[-120.68133014900148,36.251382042210416],[-120.62749073910739,36.20327469953699],[-120.67056226702266,36.16461701346013],[-120.64902650306502,36.10791907388073],[-120.60236568115681,36.101905656046554],[-120.59159779917798,36.07183856687566],[-120.54134768327683,36.03661711956119],[-120.48032968539684,36.009986269152684],[-120.43366886348863,35.96875140400403],[-120.3582936896369,35.96359704586045],[-120.31522216172161,35.90689910628106],[-120.27573992779926,35.90604004659046],[-120.23984698786987,35.86566424113241],[-120.25779345783457,35.84504680855808],[-120.22190051790517,35.81927501784017],[-120.21472192991929,35.78920792866928],[-121.1156347221472,35.793503227122265],[-121.34534953769537,35.79522134650346],[-121.41354612356122,35.855355524845244],[-121.4637962394624,35.885422614016136],[-121.48533200342003,35.970469523385226],[-121.50327847338473,36.00053661255612],[-121.57506435324353,36.02544934358343],[-121.62890376313763,36.11479155140551],[-121.71863611296112,36.19554316232162],[-121.83708281472815,36.25052298251982],[-121.87656504865048,36.28918066859668],[-121.905279400594,36.35790544384443],[-121.90169010660105,36.393985950849505],[-121.9411723405234,36.48075097959979],[-121.93399375253752,36.559784471134705],[-121.97347598645986,36.57352942618426],[-121.93758304653045,36.637099843288425],[-121.87297575465755,36.60445557504575],[-121.84067210872108,36.63022736576365],[-121.8155470507705,36.682630006890065],[-121.78683269882697,36.80375742326423],[-121.81195775677756,36.85100570624706]]]}},{"type":"Feature","id":"06055","properties":{"name":"Napa","county_fips":"06055","state_abbr":"CA"},"geometry":{"type":"Polygon","coordinates":[[[-122.62672749317493,38.66791695185951],[-122.46520926349262,38.70485651855518],[-122.39701267762678,38.803648382973826],[-122.37188761967619,38.81739333802337],[-122.39342338363383,38.8646416210062],[-122.35035185571854,38.835433591525906],[-122.28933385783857,38.83972888997889],[-122.22472656596565,38.6997021604116],[-122.16729786207861,38.65503105650056],[-122.12781562815627,38.58372910218102],[-122.1026905702057,38.51328620755207],[-122.12781562815627,38.42909835787357],[-122.08833339423393,38.384427253962535],[-122.06320833628335,38.31570247871478],[-122.20678009600095,38.31570247871478],[-122.18883362603626,38.27189043449434],[-122.21754797797976,38.26244077789777],[-122.1924229200292,38.21347437553375],[-122.21395868398683,38.17997104760047],[-122.19601221402213,38.15505831657316],[-122.40778055960558,38.15591737626376],[-122.37188761967619,38.15763549564495],[-122.35035185571854,38.19371600265002],[-122.36829832568324,38.24697770346703],[-122.40419126561264,38.281340091090904],[-122.39342338363383,38.30453470273702],[-122.45803067550675,38.36724606015059],[-122.44726279352793,38.37927289581895],[-122.49751290942908,38.42394399972999],[-122.48315573345732,38.45229296951969],[-122.52981655536556,38.469474163331626],[-122.54417373133731,38.520158685076844],[-122.61954890518905,38.5605344905349],[-122.64467396313962,38.59833311692116],[-122.62672749317493,38.66791695185951]]]}},{"type":"Feature","id":"06057","properties":{"name":"Nevada","county_fips":"06057","state_abbr":"CA"},"geometry":{"type":"Polygon","coordinates":[[[-121.02231307833077,39.39124521134211],[-120.9971880203802,39.412721703607026],[-120.87874131861318,39.42990289741897],[-120.87874131861318,39.42990289741897],[-120.85720555465554,39.43419819587195],[-120.85720555465554,39.43419819587195],[-120.7997768507685,39.43763443463434],[-120.74234814688145,39.46168810597106],[-120.67774085500855,39.51838604555045],[-120.58800850518504,39.52354040369403],[-120.55570485924858,39.51409074709746],[-120.53416909529095,39.463406225352244],[-120.50186544935448,39.44622503154031],[-120.00295358433584,39.44536597184971],[-120.00654287832877,39.316507018260175],[-120.64543720907209,39.31478889887898],[-120.7279909709097,39.28815804847048],[-120.80336614476144,39.23317822827227],[-120.85720555465554,39.20654737786377],[-120.86797343663436,39.18077558714587],[-120.9074556705567,39.170466870858704],[-120.9792415504155,39.11033269251692],[-120.99000943239432,39.07682936458364],[-121.04025954829547,39.01411800717006],[-121.1048668401684,39.011540828098276],[-121.13717048610485,39.03817167850678],[-121.18742060200601,39.01325894747947],[-121.28074224582245,39.03473543974439],[-121.28074224582245,39.23060104920049],[-121.26638506985068,39.27269497403974],[-121.21972424794248,39.2821446306363],[-121.20536707197071,39.316507018260175],[-121.12640260412604,39.38007743536435],[-121.08333107621075,39.39468145010449],[-121.02231307833077,39.39124521134211]]]}},{"type":"Feature","id":"06059","properties":{"name":"Orange","county_fips":"06059","state_abbr":"CA"},"geometry":{"type":"Polygon","coordinates":[[[-118.11498494404944,33.74292774566745],[-118.0934491800918,33.75839082009819],[-118.0862705921059,33.803061924009235],[-118.02884188821888,33.87350481863818],[-117.97500247832477,33.906149086880866],[-117.97500247832477,33.945665832648324],[-117.78476989669896,33.946524892338914],[-117.67350178291782,33.87092763956639],[-117.58018013910139,33.76955859607595],[-117.53710861118611,33.757531760407595],[-117.53351931719317,33.71028347742477],[-117.47609061330613,33.703410999899994],[-117.41148332143321,33.65873989598895],[-117.51198355323552,33.5341762408524],[-117.50839425924258,33.50496821137211],[-117.50839425924258,33.46974676405763],[-117.58018013910139,33.45428368962689],[-117.59453731507315,33.387277033760334],[-117.63043025500255,33.430230018290175],[-117.68426966489665,33.46201522684226],[-117.7165733108331,33.460297107461066],[-117.78476989669896,33.541907778067774],[-117.8780915405154,33.59259229981299],[-117.92834165641656,33.60547819517195],[-118.00012753627536,33.65444459753597],[-118.06473482814827,33.711142537115364],[-118.11498494404944,33.74292774566745]]]}},{"type":"Feature","id":"06061","properties":{"name":"Placer","county_fips":"06061","state_abbr":"CA"},"geometry":{"type":"Polygon","coordinates":[[[-121.41354612356122,38.99607775366753],[-121.36688530165301,39.0321582606726],[-121.30586730377303,39.05277569324693],[-121.28074224582245,39.03473543974439],[-121.18742060200601,39.01325894747947],[-121.13717048610485,39.03817167850678],[-121.1048668401684,39.011540828098276],[-121.04025954829547,39.01411800717006],[-120.99000943239432,39.07682936458364],[-120.9792415504155,39.11033269251692],[-120.9074556705567,39.170466870858704],[-120.86797343663436,39.18077558714587],[-120.85720555465554,39.20654737786377],[-120.80336614476144,39.23317822827227],[-120.7279909709097,39.28815804847048],[-120.64543720907209,39.31478889887898],[-120.00654287832877,39.316507018260175],[-120.00295358433584,39.16531251271512],[-120.00295358433584,39.11290987158871],[-120.00295358433584,39.06737970798707],[-120.14293605006048,39.06737970798707],[-120.18241828398283,39.031299200982005],[-120.23984698786987,39.023567663766634],[-120.43366886348863,39.02872202191021],[-120.46956180341803,38.96515160480604],[-120.5126333313333,38.930789217182166],[-120.57365132921328,38.91446708306082],[-120.64184791507914,38.94453417223171],[-120.7279909709097,39.003809290882906],[-120.81054473274732,39.000373052120516],[-120.85720555465554,38.95226570944709],[-120.93975931649317,38.96257442573425],[-120.93975931649317,38.935943575325744],[-121.04025954829547,38.91532614275142],[-121.06179531225311,38.84574230781307],[-121.10127754617545,38.81567521864218],[-121.10127754617545,38.785608129471285],[-121.1407597800978,38.711728996079955],[-121.48533200342003,38.734923607726074],[-121.47097482744826,38.75210480153801],[-121.47097482744826,38.92563485903858],[-121.41354612356122,38.92649391872918],[-121.41354612356122,38.99607775366753]]]}},{"type":"Feature","id":"06063","properties":{"name":"Plumas","county_fips":"06063","state_abbr":"CA"},"geometry":{"type":"Polygon","coordinates":[[[-121.49609988539885,40.44531145170451],[-121.32740306773067,40.44531145170451],[-121.06179531225311,40.44617051139511],[-121.06179531225311,40.25631831977319],[-121.00436660836607,40.221096872458716],[-120.94693790447903,40.221096872458716],[-120.92899143451433,40.19188884297842],[-120.87156273062729,40.19962038019379],[-120.87156273062729,40.24171430503304],[-120.79618755677555,40.27779481203812],[-120.7638839108391,40.31559343842438],[-120.65261579705796,40.30786190120901],[-120.62390144511444,40.28552634925349],[-120.57724062320622,40.28552634925349],[-120.57724062320622,40.264049856988564],[-120.50904403734037,40.248586782557815],[-120.48391897938978,40.205633798027975],[-120.45520462744626,40.205633798027975],[-120.40854380553805,40.147217739067386],[-120.3403472196722,40.1154325305153],[-120.24702557585576,40.10770099329993],[-120.21113263592636,40.086224501035005],[-120.20036475394753,40.013204427334266],[-120.16447181401813,39.96853332342323],[-120.10704311013109,39.939325293942936],[-120.10704311013109,39.794144206232055],[-120.14652534405343,39.70737917748177],[-120.63825862108621,39.70652011779117],[-120.68133014900148,39.678171148001475],[-120.75311602886029,39.71940601315013],[-120.78900896878969,39.70995635655356],[-120.81413402674026,39.74345968448684],[-120.87156273062729,39.77610395272952],[-120.93258072850728,39.740882505415044],[-120.95052719847197,39.671298670476695],[-121.00795590235901,39.639513461924615],[-121.07615248822488,39.597419537085365],[-121.13717048610485,39.628345685946854],[-121.16947413204132,39.685902685216845],[-121.20895636596364,39.700506699956996],[-121.28433153981538,39.7812583108731],[-121.35252812568125,39.82592941478414],[-121.35970671366712,39.855137444264436],[-121.41354612356122,39.871459578385775],[-121.40995682956829,39.95822460713607],[-121.42072471154711,40.01578160640606],[-121.36688530165301,40.086224501035005],[-121.40636753557536,40.1154325305153],[-121.40277824158241,40.15151303752037],[-121.43867118151181,40.15151303752037],[-121.43867118151181,40.19532508174081],[-121.40636753557536,40.191029783287824],[-121.36688530165301,40.21250627555275],[-121.34893883168832,40.27607669265692],[-121.37765318363182,40.298412244612436],[-121.34176024370242,40.3095800205902],[-121.38124247762477,40.340506169451686],[-121.47097482744826,40.35167394542945],[-121.49609988539885,40.44531145170451]]]}},{"type":"Feature","id":"06065","properties":{"name":"Riverside","county_fips":"06065","state_abbr":"CA"},"geometry":{"type":"Polygon","coordinates":[[[-114.435958601286,34.07967914438144],[-114.435958601286,34.02813556294562],[-114.53645883308832,33.92848463883638],[-114.51133377513774,33.911303445024444],[-114.50415518715187,33.864055162041616],[-114.52569095110951,33.85890080389803],[-114.52928024510244,33.81508875967759],[-114.50415518715187,33.76010893947939],[-114.49697659916599,33.69653852237522],[-114.52569095110951,33.68622980608806],[-114.54004812708126,33.591733240122394],[-114.52569095110951,33.55221649435494],[-114.55799459704596,33.53159906178061],[-114.62260188891888,33.45686086869868],[-114.62619118291182,33.433666257052565],[-115.44096091930919,33.42851189890899],[-115.4696752712527,33.42679377952779],[-116.08344454404543,33.425934719837194],[-117.03101815818158,33.42679377952779],[-117.2391972097721,33.43194813767137],[-117.24278650376503,33.449129331483306],[-117.37200108751087,33.49036419663196],[-117.36482249952499,33.50496821137211],[-117.50839425924258,33.50496821137211],[-117.51198355323552,33.5341762408524],[-117.41148332143321,33.65873989598895],[-117.47609061330613,33.703410999899994],[-117.53351931719317,33.71028347742477],[-117.53710861118611,33.757531760407595],[-117.58018013910139,33.76955859607595],[-117.67350178291782,33.87092763956639],[-117.65555531295311,33.9241893403834],[-117.61248378503785,33.925048400074],[-117.60889449104491,33.97143762336623],[-117.55864437514374,33.988618817178164],[-117.55864437514374,34.03328992108921],[-117.3755903815038,34.034148980779804],[-117.37200108751087,34.01954496603965],[-117.22484003380033,34.018685906349056],[-117.21407215182151,34.00408189160891],[-116.93051792637925,34.00494095129951],[-116.93051792637925,34.034148980779804],[-116.51057052920528,34.03328992108921],[-115.31533562955629,34.034148980779804],[-115.31533562955629,34.07796102500024],[-114.435958601286,34.07967914438144]]]}},{"type":"Feature","id":"06067","properties":{"name":"Sacramento","county_fips":"06067","state_abbr":"CA"},"geometry":{"type":"Polygon","coordinates":[[[-121.59301082320823,38.31312529964299],[-121.5822429412294,38.33202461283612],[-121.52122494334942,38.36037358262582],[-121.53199282532825,38.42909835787357],[-121.50327847338473,38.44112519354193],[-121.50686776737766,38.469474163331626],[-121.54276070730707,38.477205700546996],[-121.55352858928589,38.51414526724267],[-121.52481423734237,38.519299625386246],[-121.5104570613706,38.60091029599295],[-121.55352858928589,38.603487475064746],[-121.5642964712647,38.642145161141606],[-121.59301082320823,38.6438632805228],[-121.63249305713057,38.685957205362044],[-121.60377870518704,38.735782667416665],[-121.48533200342003,38.734923607726074],[-121.1407597800978,38.711728996079955],[-121.11922401614015,38.71688335422353],[-121.02590237232371,38.508131849408485],[-121.02590237232371,38.300239404284035],[-121.06538460624606,38.29938034459344],[-121.17306342603425,38.255568300373],[-121.22331354193541,38.24440052439524],[-121.26997436384363,38.25213206161061],[-121.34534953769537,38.22807839027389],[-121.40995682956829,38.23151462903628],[-121.42790329953299,38.2547092406824],[-121.4817427094271,38.253850180991805],[-121.5284035313353,38.19371600265002],[-121.53558211932119,38.15162207781077],[-121.58583223522234,38.119836869258684],[-121.57865364723646,38.09406507854078],[-121.66120740907408,38.095783197921975],[-121.68274317303172,38.061420810298095],[-121.73658258292582,38.02705842267422],[-121.79042199281992,38.01846782576825],[-121.8334935207352,38.0313537211272],[-121.86220787267871,38.06571610875108],[-121.7976005808058,38.0605617506075],[-121.74376117091171,38.08719260101601],[-121.71145752497524,38.08547448163481],[-121.68633246702467,38.15935361502614],[-121.61454658716586,38.195434122031216],[-121.59301082320823,38.31312529964299]]]}},{"type":"Feature","id":"06069","properties":{"name":"San Benito","county_fips":"06069","state_abbr":"CA"},"geometry":{"type":"Polygon","coordinates":[[[-121.64326093910938,36.8939586907769],[-121.62890376313763,36.91199894427944],[-121.5822429412294,36.89911304892048],[-121.56070717727177,36.89739492953929],[-121.48892129741296,36.983300898598976],[-121.45302835748356,36.98845525674256],[-121.41713541755416,36.96096534664346],[-121.21613495394953,36.96096534664346],[-121.23408142391423,36.92660295901958],[-121.19818848398484,36.914576123351225],[-121.1515276620766,36.8656097209872],[-121.1407597800978,36.83640169150691],[-120.93258072850728,36.752213841828414],[-120.91822355253552,36.740187006160056],[-120.60236568115681,36.48848251681516],[-120.59518709317092,36.328697414364136],[-120.65979438504385,36.31581151900519],[-120.67774085500855,36.267704176331755],[-120.7459374408744,36.3106571608616],[-120.71722308893088,36.259972639116384],[-120.70645520695206,36.20413375922759],[-120.76029461684615,36.20327469953699],[-120.86438414264143,36.29261690735907],[-120.9254021405214,36.30893904148041],[-120.95411649246492,36.27543571354713],[-120.98642013840137,36.29261690735907],[-121.01154519635196,36.26684511664116],[-121.01154519635196,36.26684511664116],[-121.03667025430254,36.274576653856535],[-121.04025954829547,36.309798101171005],[-121.07615248822488,36.35361014539145],[-121.23049212992129,36.4773147408374],[-121.24126001190011,36.5056637106271],[-121.31304589175892,36.502227471864714],[-121.29509942179422,36.528858322273216],[-121.32740306773067,36.55463011299113],[-121.32022447974478,36.61046899287992],[-121.36329600766007,36.655999156481556],[-121.46738553345533,36.68520718596185],[-121.48533200342003,36.71269709606096],[-121.45302835748356,36.72300581234812],[-121.47815341543415,36.76252255811558],[-121.52122494334942,36.771113155021546],[-121.59660011720116,36.837260751197505],[-121.62172517515174,36.84585134810347],[-121.64326093910938,36.8939586907769]]]}},{"type":"Feature","id":"06071","properties":{"name":"San Bernardino","county_fips":"06071","state_abbr":"CA"},"geometry":{"type":"Polygon","coordinates":[[[-117.66632319493195,34.82276577674776],[-117.63043025500255,34.82190671705717],[-117.63043025500255,35.4507384105741],[-117.63401954899548,35.651758378173774],[-117.61607307903078,35.68096640765407],[-117.65196601896018,35.68096640765407],[-117.63401954899548,35.71017443713436],[-117.63401954899548,35.796939465884655],[-116.65055299492994,35.79522134650346],[-115.73528302673026,35.793503227122265],[-115.73528302673026,35.808966301553006],[-115.64913997089971,35.809825361243604],[-115.41224656736566,35.62512752776527],[-115.16099598785988,35.424107560165595],[-114.6333697708977,35.00145019239192],[-114.63695906489065,34.87516841787417],[-114.5795303610036,34.82620201551015],[-114.55440530305303,34.76692689685896],[-114.4718515412154,34.71280613635136],[-114.37852989739896,34.507490870298696],[-114.38570848538485,34.457665408244075],[-114.33904766347663,34.4516519904099],[-114.22777954969548,34.365746021350205],[-114.17752943379433,34.349423887228866],[-114.13804719987199,34.303034663936636],[-114.13445790587905,34.260940739097386],[-114.22419025570255,34.20510185920859],[-114.22777954969548,34.188779725087244],[-114.28879754757547,34.17073947158471],[-114.32469048750487,34.13637708396083],[-114.42160142531425,34.10373281571815],[-114.435958601286,34.07967914438144],[-115.31533562955629,34.07796102500024],[-115.31533562955629,34.034148980779804],[-116.51057052920528,34.03328992108921],[-116.93051792637925,34.034148980779804],[-116.93051792637925,34.00494095129951],[-117.21407215182151,34.00408189160891],[-117.22484003380033,34.018685906349056],[-117.37200108751087,34.01954496603965],[-117.3755903815038,34.034148980779804],[-117.55864437514374,34.03328992108921],[-117.55864437514374,33.988618817178164],[-117.60889449104491,33.97143762336623],[-117.61248378503785,33.925048400074],[-117.65555531295311,33.9241893403834],[-117.67350178291782,33.87092763956639],[-117.78476989669896,33.946524892338914],[-117.80271636666366,33.975732921819215],[-117.76682342673426,34.02298120480204],[-117.73093048680485,34.02126308542085],[-117.67709107691076,34.16644417313172],[-117.6447874309743,34.28928970888708],[-117.65196601896018,34.3391151709417],[-117.66632319493195,34.558175392043914],[-117.66632319493195,34.82276577674776]]]}},{"type":"Feature","id":"06073","properties":{"name":"San Diego","county_fips":"06073","state_abbr":"CA"},"geometry":{"type":"Polygon","coordinates":[[[-117.59453731507315,33.387277033760334],[-117.58018013910139,33.45428368962689],[-117.50839425924258,33.46974676405763],[-117.50839425924258,33.50496821137211],[-117.36482249952499,33.50496821137211],[-117.37200108751087,33.49036419663196],[-117.24278650376503,33.449129331483306],[-117.2391972097721,33.43194813767137],[-117.03101815818158,33.42679377952779],[-116.08344454404543,33.425934719837194],[-116.0798552500525,33.07457930638306],[-116.10498030800306,33.07457930638306],[-116.10498030800306,32.6184186106761],[-117.12433980199802,32.5342307609976],[-117.13510768397683,32.6184186106761],[-117.16741132991329,32.67168031149311],[-117.19612568185681,32.68886150530505],[-117.24637579775796,32.66910313242132],[-117.2571436797368,32.72580107200071],[-117.25355438574385,32.786794310033095],[-117.28226873768736,32.822015757347565],[-117.24996509175091,32.87441839847398],[-117.28226873768736,33.01272700866008],[-117.3289295595956,33.121827589365886],[-117.36123320553205,33.16821681265812],[-117.50480496524965,33.33401533294332],[-117.59453731507315,33.387277033760334]]]}},{"type":"Feature","id":"06075","properties":{"name":"San Francisco","county_fips":"06075","state_abbr":"CA"},"geometry":{"type":"MultiPolygon","coordinates":[[[[-122.33240538575384,37.78566264961649],[-122.32881609176091,37.7830854705447],[-122.33240538575384,37.78566264961649],[-122.33240538575384,37.78566264961649]]],[[[-122.38983408964089,37.70834727746277],[-122.50110220342202,37.70834727746277],[-122.51545937939379,37.780508291472906],[-122.46520926349262,37.80456196280962],[-122.40778055960558,37.811434440334395],[-122.38624479564794,37.79081700776007],[-122.36111973769738,37.715219754987544],[-122.38983408964089,37.70834727746277]]]]}},{"type":"Feature","id":"06077","properties":{"name":"San Joaquin","county_fips":"06077","state_abbr":"CA"},"geometry":{"type":"Polygon","coordinates":[[[-121.57865364723646,38.09406507854078],[-121.58583223522234,38.119836869258684],[-121.53558211932119,38.15162207781077],[-121.5284035313353,38.19371600265002],[-121.4817427094271,38.253850180991805],[-121.42790329953299,38.2547092406824],[-121.40995682956829,38.23151462903628],[-121.34534953769537,38.22807839027389],[-121.26997436384363,38.25213206161061],[-121.22331354193541,38.24440052439524],[-121.17306342603425,38.255568300373],[-121.06538460624606,38.29938034459344],[-121.02590237232371,38.300239404284035],[-120.9971880203802,38.22550121120211],[-120.93975931649317,38.088051660706604],[-120.9254021405214,38.07774294441944],[-120.92181284652847,37.737555306943065],[-120.9971880203802,37.75989085889858],[-121.02949166631666,37.74099154570545],[-121.05820601826017,37.750441202302014],[-121.14434907409074,37.717796934059336],[-121.24126001190011,37.66367617355173],[-121.47097482744826,37.48155551914518],[-121.50327847338473,37.526226623056225],[-121.55711788327883,37.54254875717756],[-121.55711788327883,37.81658879847798],[-121.53558211932119,37.850092126411255],[-121.57865364723646,37.861259902389016],[-121.55711788327883,37.93256185670856],[-121.5822429412294,37.984105438144375],[-121.55711788327883,38.01674970638706],[-121.58583223522234,38.03564901958019],[-121.57865364723646,38.09406507854078]]]}},{"type":"Feature","id":"06079","properties":{"name":"San Luis Obispo","county_fips":"06079","state_abbr":"CA"},"geometry":{"type":"Polygon","coordinates":[[[-121.34534953769537,35.79522134650346],[-121.1156347221472,35.793503227122265],[-120.21472192991929,35.78920792866928],[-120.19318616596165,35.78920792866928],[-120.19318616596165,35.61395975178751],[-120.08550734617346,35.61481881147811],[-120.08550734617346,35.52633566334663],[-120.03166793627935,35.49884575324753],[-119.99577499634995,35.43957063459634],[-119.88091758857587,35.438711574905746],[-119.88091758857587,35.351087486464856],[-119.80913170871708,35.351087486464856],[-119.80913170871708,35.26346339802397],[-119.66555994899949,35.262604338333375],[-119.66555994899949,35.17498024989249],[-119.55429183521835,35.18013460803608],[-119.56147042320423,35.08735616145161],[-119.48968454334542,35.09165145990459],[-119.47173807338072,35.077047445164446],[-119.47173807338072,34.90094020859208],[-119.53634536525365,34.89750396982969],[-119.61530983309832,34.9507656706467],[-119.67273853698536,34.97310122260222],[-119.7481137108371,34.97481934198341],[-119.83066747267472,35.0074636102261],[-119.85579253062531,35.03151728156281],[-119.9275784104841,35.05900719166191],[-119.97064993839938,35.05643001259012],[-120.08550734617346,35.11312795216951],[-120.12857887408873,35.09508769866698],[-120.12857887408873,35.09508769866698],[-120.16806110801107,35.07532932578325],[-120.18241828398283,35.03753069939699],[-120.21113263592636,35.02120856527565],[-120.26138275182751,35.02550386372863],[-120.26138275182751,35.02550386372863],[-120.33675792567925,35.00316831177311],[-120.29368639776396,34.946470372193716],[-120.29727569175691,34.91038986518865],[-120.43366886348863,34.98684617765177],[-120.50186544935448,34.99200053579535],[-120.62390144511444,34.96365156600565],[-120.64902650306502,34.97481934198341],[-120.63108003310032,35.0615843707337],[-120.63466932709326,35.12343666845668],[-120.69927661896618,35.1715440111301],[-120.74952673486735,35.177557428964285],[-120.76029461684615,35.15951717546175],[-120.85720555465554,35.20676545844458],[-120.89668778857788,35.24800032359323],[-120.86079484864848,35.36053714306142],[-120.86797343663436,35.40349012759127],[-120.9074556705567,35.44902029119291],[-121.00436660836607,35.46104712686126],[-121.10127754617545,35.54867121530215],[-121.16588483804837,35.635436244052435],[-121.25202789387893,35.65691273631736],[-121.31304589175892,35.71361067589675],[-121.31663518575185,35.75226836197361],[-121.34534953769537,35.79522134650346]]]}},{"type":"Feature","id":"06081","properties":{"name":"San Mateo","county_fips":"06081","state_abbr":"CA"},"geometry":{"type":"Polygon","coordinates":[[[-122.50110220342202,37.70834727746277],[-122.38983408964089,37.70834727746277],[-122.35394114971149,37.6155688308783],[-122.36111973769738,37.592374219232184],[-122.264208799888,37.572615846348455],[-122.16729786207861,37.5038910711007],[-122.13858351013509,37.50818636955369],[-122.10986915819157,37.46609244471444],[-122.16370856808567,37.453206549355485],[-122.18883362603626,37.43173005709056],[-122.20319080200801,37.360428102771024],[-122.1744764500645,37.326065715147145],[-122.1924229200292,37.318334177931774],[-122.15294068610686,37.28568990968909],[-122.15294068610686,37.21524701506014],[-122.24267303593035,37.21524701506014],[-122.24267303593035,37.190334284032836],[-122.31804820978209,37.186898045270446],[-122.2929231518315,37.107005494044934],[-122.33599467974679,37.1173142103321],[-122.34317326773267,37.1439450607406],[-122.40419126561264,37.195488642176414],[-122.4185484415844,37.248750342993425],[-122.40060197161971,37.35956904308043],[-122.44367349953498,37.43602535554355],[-122.45085208752087,37.48069645945459],[-122.49392361543615,37.49272329512294],[-122.51545937939379,37.52107226491264],[-122.51904867338672,37.576052085110845],[-122.49392361543615,37.643917800668],[-122.50110220342202,37.70834727746277]]]}},{"type":"Feature","id":"06083","properties":{"name":"Santa Barbara","county_fips":"06083","state_abbr":"CA"},"geometry":{"type":"MultiPolygon","coordinates":[[[[-119.05896926419263,33.491223256322556],[-119.03025491224912,33.49723667415674],[-119.02666561825617,33.46201522684226],[-119.06614785217852,33.468028644676444],[-119.05896926419263,33.491223256322556]]],[[[-119.92039982249821,34.077101965309645],[-119.85579253062531,34.07108854747547],[-119.80913170871708,34.05218923428234],[-119.75529229882298,34.05648453273532],[-119.68709571295713,34.01954496603965],[-119.61889912709125,34.01610872727727],[-119.5937740691407,34.049612055210545],[-119.52198818928188,34.03243086139861],[-119.56147042320423,33.995491294702944],[-119.66197065500654,33.98604163810638],[-119.72298865288653,33.95941078769787],[-119.87373900059,33.980028220272196],[-119.87732829458294,34.03243086139861],[-119.92039982249821,34.077101965309645]]],[[[-120.24702557585576,34.00150471253712],[-120.16806110801107,34.00837719006189],[-120.13575746207462,34.026417443564426],[-120.08909664016639,34.01954496603965],[-120.04243581825818,34.035867100161],[-120.04243581825818,33.99463223501235],[-119.97782852638525,33.983464459034586],[-119.9742392323923,33.94222959388593],[-120.12140028610285,33.8958403705937],[-120.1788289899899,33.92762557914578],[-120.24702557585576,34.00150471253712]]],[[[-120.44802603946039,34.03758521954219],[-120.39059733557335,34.05218923428234],[-120.3690615716157,34.07624290561905],[-120.34752580765806,34.046175816448155],[-120.30086498574985,34.02384026449264],[-120.3762401596016,34.018685906349056],[-120.44802603946039,34.03758521954219]]],[[[-120.64902650306502,34.97481934198341],[-120.62390144511444,34.96365156600565],[-120.50186544935448,34.99200053579535],[-120.43366886348863,34.98684617765177],[-120.29727569175691,34.91038986518865],[-120.29368639776396,34.946470372193716],[-120.33675792567925,35.00316831177311],[-120.26138275182751,35.02550386372863],[-120.26138275182751,35.02550386372863],[-120.21113263592636,35.02120856527565],[-120.18241828398283,35.03753069939699],[-120.16806110801107,35.07532932578325],[-120.12857887408873,35.09508769866698],[-120.12857887408873,35.09508769866698],[-120.08550734617346,35.11312795216951],[-119.97064993839938,35.05643001259012],[-119.9275784104841,35.05900719166191],[-119.85579253062531,35.03151728156281],[-119.83066747267472,35.0074636102261],[-119.7481137108371,34.97481934198341],[-119.67273853698536,34.97310122260222],[-119.61530983309832,34.9507656706467],[-119.53634536525365,34.89750396982969],[-119.47173807338072,34.90094020859208],[-119.44302372143721,34.90094020859208],[-119.44302372143721,34.46367882607826],[-119.44661301543015,34.40440370742707],[-119.47891666136661,34.376913797327965],[-119.55788112921128,34.41299430433304],[-119.67273853698536,34.41643054309542],[-119.7301672408724,34.3958131105211],[-119.79477453274532,34.41728960278602],[-119.87373900059,34.40869900588005],[-120.00654287832877,34.46024258731587],[-120.08909664016639,34.46024258731587],[-120.14293605006048,34.473128482674824],[-120.30086498574985,34.46711506484064],[-120.47315109741098,34.44821575164751],[-120.47674039140391,34.47484660205601],[-120.52340121331213,34.53154454163541],[-120.58082991719917,34.55731633235332],[-120.62390144511444,34.55388009359093],[-120.64543720907209,34.58137000369003],[-120.59877638716387,34.704215539445386],[-120.63825862108621,34.7557591208812],[-120.60954426914267,34.857987224062235],[-120.67056226702266,34.904376447354466],[-120.64902650306502,34.97481934198341]]]]}},{"type":"Feature","id":"06085","properties":{"name":"Santa Clara","county_fips":"06085","state_abbr":"CA"},"geometry":{"type":"Polygon","coordinates":[[[-122.10986915819157,37.46609244471444],[-122.04526186631865,37.45921996718967],[-121.94835092850929,37.467810564095636],[-121.92681516455164,37.45406560904608],[-121.8693864606646,37.48327363852638],[-121.47097482744826,37.48241457883578],[-121.47097482744826,37.42313946018459],[-121.4566176514765,37.395649550085494],[-121.40995682956829,37.38190459503594],[-121.42431400554005,37.35870998338983],[-121.40636753557536,37.310602640716404],[-121.46020694546945,37.2831127306173],[-121.4566176514765,37.24960940268402],[-121.41713541755416,37.21095171660716],[-121.39201035960359,37.148240359193586],[-121.35611741967419,37.184320866198654],[-121.32740306773067,37.16628061269612],[-121.28074224582245,37.183461806508056],[-121.22690283592834,37.13449540414403],[-121.24484930589304,37.089824300233],[-121.20895636596364,37.068347807968074],[-121.24484930589304,37.025394823438226],[-121.24484930589304,36.983300898598976],[-121.21613495394953,36.96096534664346],[-121.41713541755416,36.96096534664346],[-121.45302835748356,36.98845525674256],[-121.48892129741296,36.983300898598976],[-121.56070717727177,36.89739492953929],[-121.5822429412294,36.89911304892048],[-121.5822429412294,36.91887142180421],[-121.64685023310233,36.932616376853765],[-121.75811834688346,37.04944849477494],[-121.86220787267871,37.10442831497314],[-121.89092222462224,37.10528737466374],[-121.99142245642456,37.1439450607406],[-122.03090469034689,37.190334284032836],[-122.08833339423393,37.222978552275514],[-122.15294068610686,37.28568990968909],[-122.1924229200292,37.318334177931774],[-122.1744764500645,37.326065715147145],[-122.20319080200801,37.360428102771024],[-122.18883362603626,37.43173005709056],[-122.16370856808567,37.453206549355485],[-122.10986915819157,37.46609244471444]]]}},{"type":"Feature","id":"06087","properties":{"name":"Santa Cruz","county_fips":"06087","state_abbr":"CA"},"geometry":{"type":"Polygon","coordinates":[[[-122.15294068610686,37.28568990968909],[-122.08833339423393,37.222978552275514],[-122.03090469034689,37.190334284032836],[-121.99142245642456,37.1439450607406],[-121.89092222462224,37.10528737466374],[-121.86220787267871,37.10442831497314],[-121.75811834688346,37.04944849477494],[-121.64685023310233,36.932616376853765],[-121.5822429412294,36.91887142180421],[-121.5822429412294,36.89911304892048],[-121.62890376313763,36.91199894427944],[-121.64326093910938,36.8939586907769],[-121.70068964299642,36.91973048149481],[-121.78683269882697,36.88536809387093],[-121.81195775677756,36.85100570624706],[-121.86220787267871,36.93175731716317],[-121.905279400594,36.96869688385883],[-121.9411723405234,36.9781465404554],[-121.97347598645986,36.95409286911868],[-122.10627986419863,36.95581098849988],[-122.20678009600095,37.014227047460466],[-122.2929231518315,37.107005494044934],[-122.31804820978209,37.186898045270446],[-122.24267303593035,37.190334284032836],[-122.24267303593035,37.21524701506014],[-122.15294068610686,37.21524701506014],[-122.15294068610686,37.28568990968909]]]}},{"type":"Feature","id":"06089","properties":{"name":"Shasta","county_fips":"06089","state_abbr":"CA"},"geometry":{"type":"Polygon","coordinates":[[[-122.49751290942908,41.18238466623666],[-121.44584976949768,41.183243725927255],[-121.33099236172362,41.18410278561785],[-121.33099236172362,40.90576744586445],[-121.32022447974478,40.90576744586445],[-121.32740306773067,40.44531145170451],[-121.49609988539885,40.44531145170451],[-121.64685023310233,40.43500273541735],[-121.68633246702467,40.45304298891988],[-121.73299328893287,40.436720854798544],[-121.8514399906999,40.44273427263272],[-121.9411723405234,40.41524436253362],[-122.00936892638926,40.42641213851138],[-122.09192268822687,40.41266718346183],[-122.09192268822687,40.41266718346183],[-122.13499421614216,40.39806316872168],[-122.34676256172561,40.371432318313175],[-122.46161996949968,40.37572761676616],[-122.52263796737967,40.39033163150631],[-122.65544184511845,40.32847933378333],[-122.75235278292783,40.3645598407884],[-122.85644230872308,40.34308334852348],[-122.87438877868777,40.34823770666706],[-122.91746030660306,40.30700284151841],[-122.93540677656776,40.31215719966199],[-122.93540677656776,40.31215719966199],[-122.98565689246891,40.31215719966199],[-122.98565689246891,40.31215719966199],[-123.0646213603136,40.28724446863468],[-123.06821065430654,40.33535181130811],[-123.0215498323983,40.367996079550785],[-122.9928354804548,40.418680601296],[-122.89951383663836,40.44702957108571],[-122.84208513275132,40.50630468973689],[-122.79901360483603,40.51231810757107],[-122.76670995889958,40.55527109210092],[-122.69851337303372,40.571593226222255],[-122.70928125501254,40.62743210611105],[-122.75235278292783,40.68670722476224],[-122.7056919610196,40.72450585114851],[-122.72004913699136,40.74168704496044],[-122.65903113911139,40.78549908918089],[-122.66620972709725,40.826733954329534],[-122.60519172921728,40.89030437143371],[-122.60160243522435,40.971915042040415],[-122.52622726137261,41.02088144440444],[-122.51187008540084,41.0870290405804],[-122.46161996949968,41.09733775686756],[-122.44726279352793,41.15919005459054],[-122.49751290942908,41.18238466623666]]]}},{"type":"Feature","id":"06091","properties":{"name":"Sierra","county_fips":"06091","state_abbr":"CA"},"geometry":{"type":"Polygon","coordinates":[[[-121.00795590235901,39.639513461924615],[-120.95052719847197,39.671298670476695],[-120.93258072850728,39.740882505415044],[-120.87156273062729,39.77610395272952],[-120.81413402674026,39.74345968448684],[-120.78900896878969,39.70995635655356],[-120.75311602886029,39.71940601315013],[-120.68133014900148,39.678171148001475],[-120.63825862108621,39.70652011779117],[-120.14652534405343,39.70737917748177],[-120.0173107603076,39.709097296862964],[-120.00295358433584,39.72284225191251],[-120.00295358433584,39.44536597184971],[-120.50186544935448,39.44622503154031],[-120.53416909529095,39.463406225352244],[-120.55570485924858,39.51409074709746],[-120.58800850518504,39.52354040369403],[-120.67774085500855,39.51838604555045],[-120.74234814688145,39.46168810597106],[-120.7997768507685,39.43763443463434],[-120.85720555465554,39.43419819587195],[-120.85720555465554,39.43419819587195],[-120.87874131861318,39.42990289741897],[-120.87874131861318,39.42990289741897],[-120.9971880203802,39.412721703607026],[-121.02231307833077,39.39124521134211],[-121.0330809603096,39.51409074709746],[-121.05820601826017,39.53728535874358],[-121.02590237232371,39.558761851008505],[-121.00795590235901,39.639513461924615]]]}},{"type":"Feature","id":"06093","properties":{"name":"Siskiyou","county_fips":"06093","state_abbr":"CA"},"geometry":{"type":"Polygon","coordinates":[[[-123.51687240342403,42.0010685513755],[-123.34817558575585,41.999350431994316],[-123.22972888398883,42.003645730447296],[-123.14717512215121,42.00965914828148],[-123.0466748903489,42.0027866707567],[-122.6339060811608,42.004504790137894],[-122.50110220342202,42.00880008859088],[-122.28933385783857,42.007941028900284],[-121.99860104441044,42.003645730447296],[-121.44584976949768,41.99677325292252],[-121.4566176514765,41.949524969939695],[-121.4566176514765,41.77599491243912],[-121.44943906349063,41.77599491243912],[-121.44943906349063,41.429793857128566],[-121.44584976949768,41.183243725927255],[-122.49751290942908,41.18238466623666],[-122.51545937939379,41.20472021819217],[-122.51187008540084,41.27774029189291],[-122.48674502745027,41.32412951518514],[-122.55135231932319,41.36192814157141],[-122.58724525925258,41.333579171781714],[-122.64826325713256,41.318116097350966],[-122.66262043310432,41.291485246942464],[-122.7236384309843,41.26227721746217],[-122.79901360483603,41.20815645695456],[-122.89233524865247,41.203002098810984],[-122.95335324653246,41.15145851737517],[-122.96771042250421,41.0870290405804],[-122.921049600596,41.06555254831547],[-122.89951383663836,41.026035802548016],[-122.93540677656776,40.99253247461474],[-122.97129971649716,41.01229084749847],[-123.03231771437714,41.0045593102831],[-123.05026418434184,41.03978075759757],[-123.12563935819358,41.076720324293234],[-123.2440860599606,41.07757938398383],[-123.29792546985469,41.141149801088005],[-123.40919358363583,41.179807487164865],[-123.43790793557935,41.22705577014769],[-123.47380087550874,41.36622344002439],[-123.50251522745226,41.38254557414574],[-123.66044416314162,41.38168651445514],[-123.61378334123341,41.446115991249904],[-123.65326557515574,41.53889443783437],[-123.69274780907809,41.5577937510275],[-123.68197992709926,41.59215613865138],[-123.71787286702866,41.59473331772317],[-123.68556922109221,41.64455877977779],[-123.66044416314162,41.726169450384496],[-123.67839063310632,41.745927823268225],[-123.67480133911339,41.79661234501344],[-123.70351569105691,41.82496131480314],[-123.64967628116281,41.861041821808215],[-123.64249769317692,41.887672672216716],[-123.60301545925458,41.88337737376373],[-123.56353322533224,41.90485386602865],[-123.51687240342403,42.0010685513755]]]}},{"type":"Feature","id":"06095","properties":{"name":"Solano","county_fips":"06095","state_abbr":"CA"},"geometry":{"type":"Polygon","coordinates":[[[-122.40778055960558,38.15591737626376],[-122.19601221402213,38.15505831657316],[-122.21395868398683,38.17997104760047],[-122.1924229200292,38.21347437553375],[-122.21754797797976,38.26244077789777],[-122.18883362603626,38.27189043449434],[-122.20678009600095,38.31570247871478],[-122.06320833628335,38.31570247871478],[-122.08833339423393,38.384427253962535],[-122.12781562815627,38.42909835787357],[-122.1026905702057,38.51328620755207],[-122.05602974829748,38.51758150600505],[-122.01295822038219,38.48837347652476],[-121.9411723405234,38.5330445804358],[-121.85861857868578,38.53819893857938],[-121.78683269882697,38.522735864148636],[-121.74017187691877,38.53733987888878],[-121.69351105501053,38.52703116260162],[-121.69351105501053,38.314843419024186],[-121.59301082320823,38.31312529964299],[-121.61454658716586,38.195434122031216],[-121.68633246702467,38.15935361502614],[-121.71145752497524,38.08547448163481],[-121.74376117091171,38.08719260101601],[-121.7976005808058,38.0605617506075],[-121.86220787267871,38.06571610875108],[-121.92681516455164,38.04681679555795],[-121.98424386843868,38.06743422813228],[-122.05961904229042,38.06227986998869],[-122.14217280412802,38.0313537211272],[-122.18524433204331,38.053689273082725],[-122.26779809388094,38.0597026909169],[-122.30010173981739,38.10523285451854],[-122.39701267762678,38.142172421214205],[-122.40778055960558,38.15591737626376]]]}},{"type":"Feature","id":"06097","properties":{"name":"Sonoma","county_fips":"06097","state_abbr":"CA"},"geometry":{"type":"Polygon","coordinates":[[[-123.53481887338873,38.76842693565935],[-123.49892593345933,38.77873565194651],[-123.3697113497135,38.77701753256532],[-123.3697113497135,38.80622556204561],[-123.13640724017239,38.808802741117404],[-123.13640724017239,38.83972888997889],[-123.0825678302783,38.85261478533785],[-122.82054936879368,38.850037606266056],[-122.74876348893488,38.80450744266442],[-122.69133478504784,38.71086993638936],[-122.64826325713256,38.70657463793637],[-122.62672749317493,38.66791695185951],[-122.64467396313962,38.59833311692116],[-122.61954890518905,38.5605344905349],[-122.54417373133731,38.520158685076844],[-122.52981655536556,38.469474163331626],[-122.48315573345732,38.45229296951969],[-122.49751290942908,38.42394399972999],[-122.44726279352793,38.37927289581895],[-122.45803067550675,38.36724606015059],[-122.39342338363383,38.30453470273702],[-122.40419126561264,38.281340091090904],[-122.36829832568324,38.24697770346703],[-122.35035185571854,38.19371600265002],[-122.37188761967619,38.15763549564495],[-122.40778055960558,38.15591737626376],[-122.39701267762678,38.142172421214205],[-122.44008420554205,38.1172596901869],[-122.49033432144321,38.10952815297152],[-122.56929878928788,38.18684352512525],[-122.64826325713256,38.180830107291065],[-122.741584900949,38.20660189800898],[-122.91028171861717,38.32085683685836],[-122.96771042250421,38.31656153840538],[-123.00360336243361,38.295944105831055],[-123.0646213603136,38.30195752366523],[-123.06821065430654,38.35951452293522],[-123.12922865218651,38.450574850138494],[-123.20101453204532,38.49438689435894],[-123.25126464794647,38.51070902848028],[-123.33022911579116,38.565688848678484],[-123.46303299352994,38.71688335422353],[-123.53481887338873,38.76842693565935]]]}},{"type":"Feature","id":"06099","properties":{"name":"Stanislaus","county_fips":"06099","state_abbr":"CA"},"geometry":{"type":"Polygon","coordinates":[[[-121.47097482744826,37.48241457883578],[-121.47097482744826,37.48155551914518],[-121.24126001190011,37.66367617355173],[-121.14434907409074,37.717796934059336],[-121.05820601826017,37.750441202302014],[-121.02949166631666,37.74099154570545],[-120.9971880203802,37.75989085889858],[-120.92181284652847,37.737555306943065],[-120.9254021405214,38.07774294441944],[-120.87515202462023,38.02877654205541],[-120.65261579705796,37.83205187290872],[-120.3870080415804,37.633609084380836],[-120.98283084440844,37.39994484853848],[-120.96488437444373,37.345824088030874],[-121.22690283592834,37.13449540414403],[-121.28074224582245,37.183461806508056],[-121.32740306773067,37.16628061269612],[-121.35611741967419,37.184320866198654],[-121.39201035960359,37.148240359193586],[-121.41713541755416,37.21095171660716],[-121.4566176514765,37.24960940268402],[-121.46020694546945,37.2831127306173],[-121.40636753557536,37.310602640716404],[-121.42431400554005,37.35870998338983],[-121.40995682956829,37.38190459503594],[-121.4566176514765,37.395649550085494],[-121.47097482744826,37.42313946018459],[-121.47097482744826,37.48241457883578]]]}},{"type":"Feature","id":"06101","properties":{"name":"Sutter","county_fips":"06101","state_abbr":"CA"},"geometry":{"type":"Polygon","coordinates":[[[-121.90886869458694,39.30362112290122],[-121.62890376313763,39.305339242282415],[-121.62531446914468,39.29588958568585],[-121.6360823511235,39.26152719806198],[-121.61454658716586,39.22888292981929],[-121.6181358811588,39.18249370652706],[-121.58583223522234,39.089715259942594],[-121.61095729317293,39.05793005139051],[-121.57506435324353,38.91876238151381],[-121.54276070730707,38.97202408233082],[-121.48892129741296,38.99178245521455],[-121.41354612356122,38.99607775366753],[-121.41354612356122,38.92649391872918],[-121.47097482744826,38.92563485903858],[-121.47097482744826,38.75210480153801],[-121.48533200342003,38.734923607726074],[-121.60377870518704,38.735782667416665],[-121.59301082320823,38.76327257751577],[-121.68633246702467,38.76327257751577],[-121.72222540695407,38.803648382973826],[-121.72222540695407,38.850896665956654],[-121.75093975889757,38.87151409853098],[-121.78324340483404,38.85691008379083],[-121.8155470507705,38.87666845667456],[-121.80477916879168,38.91532614275142],[-121.83708281472815,38.924775799347984],[-121.81913634476345,38.98834621645216],[-121.82272563875638,39.0321582606726],[-121.84785069670696,39.07081594674946],[-121.8873329306293,39.07253406613066],[-121.94476163451634,39.17991652745527],[-121.92681516455164,39.1988158406484],[-121.94835092850929,39.24005070579705],[-121.90886869458694,39.30362112290122]]]}},{"type":"Feature","id":"06103","properties":{"name":"Tehama","county_fips":"06103","state_abbr":"CA"},"geometry":{"type":"Polygon","coordinates":[[[-122.98565689246891,40.31215719966199],[-122.98565689246891,40.31215719966199],[-122.93540677656776,40.31215719966199],[-122.93540677656776,40.31215719966199],[-122.91746030660306,40.30700284151841],[-122.87438877868777,40.34823770666706],[-122.85644230872308,40.34308334852348],[-122.75235278292783,40.3645598407884],[-122.65544184511845,40.32847933378333],[-122.52263796737967,40.39033163150631],[-122.46161996949968,40.37572761676616],[-122.34676256172561,40.371432318313175],[-122.13499421614216,40.39806316872168],[-122.09192268822687,40.41266718346183],[-122.09192268822687,40.41266718346183],[-122.00936892638926,40.42641213851138],[-121.9411723405234,40.41524436253362],[-121.8514399906999,40.44273427263272],[-121.73299328893287,40.436720854798544],[-121.68633246702467,40.45304298891988],[-121.64685023310233,40.43500273541735],[-121.49609988539885,40.44531145170451],[-121.47097482744826,40.35167394542945],[-121.38124247762477,40.340506169451686],[-121.34176024370242,40.3095800205902],[-121.37765318363182,40.298412244612436],[-121.34893883168832,40.27607669265692],[-121.36688530165301,40.21250627555275],[-121.40636753557536,40.191029783287824],[-121.43867118151181,40.19532508174081],[-121.43867118151181,40.15151303752037],[-121.45302835748356,40.12230500804007],[-121.5104570613706,40.10082851577515],[-121.58583223522234,40.10082851577515],[-121.59660011720116,40.05787553124531],[-121.6360823511235,40.02609032269322],[-121.64685023310233,39.982278278472776],[-121.70427893698937,39.98399639785397],[-121.74735046490464,39.93846623425234],[-121.75093975889757,39.90668102570025],[-121.80477916879168,39.88434547374473],[-122.04526186631865,39.88348641405413],[-122.07038692426923,39.840533429524285],[-122.04526186631865,39.797580444994445],[-122.9389960705607,39.79843950468504],[-122.96053183451833,39.84482872797727],[-122.94976395253951,39.90754008539085],[-122.921049600596,39.916989741987415],[-122.93540677656776,39.977982980019796],[-122.95335324653246,39.99860041259412],[-122.96053183451833,40.09996945608455],[-122.98924618646186,40.14549961968619],[-122.97129971649716,40.186734484834844],[-122.97847830448305,40.24171430503304],[-123.05026418434184,40.26834515544155],[-123.0646213603136,40.28724446863468],[-122.98565689246891,40.31215719966199]]]}},{"type":"Feature","id":"06105","properties":{"name":"Trinity","county_fips":"06105","state_abbr":"CA"},"geometry":{"type":"Polygon","coordinates":[[[-123.40919358363583,41.179807487164865],[-123.29792546985469,41.141149801088005],[-123.2440860599606,41.07757938398383],[-123.12563935819358,41.076720324293234],[-123.05026418434184,41.03978075759757],[-123.03231771437714,41.0045593102831],[-122.97129971649716,41.01229084749847],[-122.93540677656776,40.99253247461474],[-122.89951383663836,41.026035802548016],[-122.921049600596,41.06555254831547],[-122.96771042250421,41.0870290405804],[-122.95335324653246,41.15145851737517],[-122.89233524865247,41.203002098810984],[-122.79901360483603,41.20815645695456],[-122.7236384309843,41.26227721746217],[-122.66262043310432,41.291485246942464],[-122.64826325713256,41.318116097350966],[-122.58724525925258,41.333579171781714],[-122.55135231932319,41.36192814157141],[-122.48674502745027,41.32412951518514],[-122.51187008540084,41.27774029189291],[-122.51545937939379,41.20472021819217],[-122.49751290942908,41.18238466623666],[-122.44726279352793,41.15919005459054],[-122.46161996949968,41.09733775686756],[-122.51187008540084,41.0870290405804],[-122.52622726137261,41.02088144440444],[-122.60160243522435,40.971915042040415],[-122.60519172921728,40.89030437143371],[-122.66620972709725,40.826733954329534],[-122.65903113911139,40.78549908918089],[-122.72004913699136,40.74168704496044],[-122.7056919610196,40.72450585114851],[-122.75235278292783,40.68670722476224],[-122.70928125501254,40.62743210611105],[-122.69851337303372,40.571593226222255],[-122.76670995889958,40.55527109210092],[-122.79901360483603,40.51231810757107],[-122.84208513275132,40.50630468973689],[-122.89951383663836,40.44702957108571],[-122.9928354804548,40.418680601296],[-123.0215498323983,40.367996079550785],[-123.06821065430654,40.33535181130811],[-123.0646213603136,40.28724446863468],[-123.05026418434184,40.26834515544155],[-122.97847830448305,40.24171430503304],[-122.97129971649716,40.186734484834844],[-122.98924618646186,40.14549961968619],[-122.96053183451833,40.09996945608455],[-122.95335324653246,39.99860041259412],[-122.93540677656776,39.977982980019796],[-123.54558675536754,39.9771239203292],[-123.54558675536754,40.002036651356505],[-123.54558675536754,40.69357970228702],[-123.5419974613746,40.73395550774507],[-123.57430110731107,40.856801043500425],[-123.62096192921928,40.92724393812937],[-123.56353322533224,40.948720430394296],[-123.49533663946639,40.91607616215161],[-123.44867581755817,40.94270701256012],[-123.44867581755817,40.96676068389683],[-123.40919358363583,41.01916332502324],[-123.42714005360054,41.06125724986249],[-123.45585440554404,41.06898878707786],[-123.43072934759347,41.14974039799397],[-123.40919358363583,41.179807487164865]]]}},{"type":"Feature","id":"06107","properties":{"name":"Tulare","county_fips":"06107","state_abbr":"CA"},"geometry":{"type":"Polygon","coordinates":[[[-118.35905693556936,36.74448230461304],[-118.33393187761877,36.70582461853618],[-118.36623552355522,36.69207966348663],[-118.31957470164701,36.62765018669186],[-118.28727105571055,36.60359651535515],[-118.2908603497035,36.55892541144411],[-118.24778882178822,36.5340126804168],[-118.24419952779527,36.47989191990919],[-118.21189588185881,36.432643636926365],[-118.14369929599295,36.421475860948604],[-118.15805647196471,36.38797253301532],[-118.10062776807767,36.3390061306513],[-118.12575282602825,36.30120750426504],[-118.10062776807767,36.20842905768057],[-118.0575562401624,36.15860359562595],[-118.0683241221412,36.09761035759357],[-118.05037765217651,36.07957010409103],[-118.03243118221181,36.009127209462086],[-118.00730612426123,35.990227896268955],[-118.01807400624006,35.96101986678866],[-117.99294894828947,35.943838672976725],[-117.98218106631066,35.8673823605136],[-118.0037168302683,35.863087062060615],[-118.00730612426123,35.78920792866928],[-118.0683241221412,35.79178510774107],[-118.37700340553405,35.790066988359875],[-118.8041293906939,35.790066988359875],[-119.53634536525365,35.78920792866928],[-119.53634536525365,36.13798616305162],[-119.52916677726776,36.26942229571295],[-119.47532736737367,36.26942229571295],[-119.47532736737367,36.40085842837428],[-119.52916677726776,36.401717488064875],[-119.52557748327482,36.48848251681516],[-119.57223830518305,36.48848251681516],[-119.46455948539484,36.575247545565446],[-119.30663054970549,36.57352942618426],[-119.30304125571254,36.660294454934544],[-118.98359409034089,36.656858216172154],[-118.98359409034089,36.74190512554125],[-118.35905693556936,36.74448230461304]]]}},{"type":"Feature","id":"06109","properties":{"name":"Tuolumne","county_fips":"06109","state_abbr":"CA"},"geometry":{"type":"Polygon","coordinates":[[[-120.02090005430054,38.43339365632656],[-119.88450688256881,38.35607828417284],[-119.8019531207312,38.40160844777447],[-119.75170300483003,38.41707152220521],[-119.69786359493594,38.41019904468044],[-119.70145288892888,38.365527940769404],[-119.6404348910489,38.326870254692544],[-119.64761347903479,38.2830582104721],[-119.6045419511195,38.23666898717987],[-119.62966700907009,38.19715224141241],[-119.51480960129601,38.13701806307063],[-119.49686313133131,38.15419925688256],[-119.44661301543015,38.09664225761257],[-119.42866654546545,38.11210533204331],[-119.35329137161371,38.084615421944214],[-119.30663054970549,38.030494661436606],[-119.32098772567724,37.96864236371363],[-119.30304125571254,37.94458869237692],[-119.21330890588905,37.89905852877528],[-119.216898199882,37.85438742486424],[-119.20254102391023,37.79425324652246],[-119.27073760977609,37.73927342632426],[-119.31021984369843,37.77793111240112],[-119.37841642956428,37.83978341012409],[-119.42866654546545,37.8664142605326],[-119.49327383733836,37.86297802177021],[-119.52916677726776,37.8930451109411],[-119.575827599176,37.895622290012895],[-119.6045419511195,37.85782366362663],[-119.65120277302772,37.8389243504335],[-119.65120277302772,37.82002503724036],[-119.7481137108371,37.77535393332933],[-119.81272100271002,37.757313679826794],[-119.86656041260412,37.772776754257535],[-119.93834629246291,37.76332709766097],[-120.02448934829349,37.811434440334395],[-120.08191805218051,37.82775657445574],[-120.12857887408873,37.7813673511635],[-120.18241828398283,37.795112306213056],[-120.18600757797577,37.77019957518574],[-120.23984698786987,37.76418615735157],[-120.26138275182751,37.734119068180675],[-120.34393651366513,37.726387530965305],[-120.30804357373573,37.664535233242326],[-120.32957933769336,37.64993121850218],[-120.39059733557335,37.68343454643546],[-120.3870080415804,37.633609084380836],[-120.65261579705796,37.83205187290872],[-120.63108003310032,37.861259902389016],[-120.53775838928388,37.92568937918379],[-120.51622262532624,37.96091082649826],[-120.54134768327683,37.97465578154781],[-120.51622262532624,38.003863811028104],[-120.46597250942509,38.01331346762467],[-120.45520462744626,38.04166243741437],[-120.3403472196722,38.17395762976629],[-120.25779345783457,38.28563538954389],[-120.20754334193342,38.326870254692544],[-120.15370393203932,38.38786349272492],[-120.02090005430054,38.43339365632656]]]}},{"type":"Feature","id":"06111","properties":{"name":"Ventura","county_fips":"06111","state_abbr":"CA"},"geometry":{"type":"MultiPolygon","coordinates":[[[[-119.43225583945838,34.02899462263622],[-119.40354148751487,34.014390607896075],[-119.36405925359253,34.026417443564426],[-119.36405925359253,34.00064565284652],[-119.42507725147252,33.99720941408413],[-119.45738089740897,34.01524966758667],[-119.43225583945838,34.02899462263622]]],[[[-119.47891666136661,34.376913797327965],[-119.44661301543015,34.40440370742707],[-119.44302372143721,34.46367882607826],[-119.44302372143721,34.90094020859208],[-119.38200572355723,34.90094020859208],[-119.38200572355723,34.87946371632716],[-119.27791619776197,34.87946371632716],[-119.27791619776197,34.85712816437164],[-119.24202325783257,34.857987224062235],[-119.24202325783257,34.81417517984179],[-118.97641550235502,34.8124570604606],[-118.97641550235502,34.79098056819568],[-118.88309385853859,34.79098056819568],[-118.65337904299042,34.32365209651096],[-118.63184327903278,34.242041425904254],[-118.66773621896218,34.23688706776067],[-118.66773621896218,34.16816229251292],[-118.78977221472215,34.16816229251292],[-118.94052256242563,34.07538384592846],[-118.94411185641856,34.045316756757565],[-119.08768361613616,34.09857845757457],[-119.13075514405143,34.10029657695576],[-119.216898199882,34.145826740557396],[-119.27791619776197,34.26695415693156],[-119.31380913769138,34.27554475383753],[-119.37482713557135,34.32107491743917],[-119.38918431154312,34.31849773836738],[-119.46097019140191,34.37433661825618],[-119.47891666136661,34.376913797327965]]],[[[-119.57941689316893,33.279035512745125],[-119.52916677726776,33.2850489305793],[-119.45738089740897,33.25498184140841],[-119.42866654546545,33.22835099099991],[-119.47532736737367,33.21546509564095],[-119.54711324723246,33.233505349143485],[-119.57941689316893,33.279035512745125]]]]}},{"type":"Feature","id":"06113","properties":{"name":"Yolo","county_fips":"06113","state_abbr":"CA"},"geometry":{"type":"Polygon","coordinates":[[[-122.33958397373974,38.92391673965739],[-121.83708281472815,38.924775799347984],[-121.80477916879168,38.91532614275142],[-121.8155470507705,38.87666845667456],[-121.78324340483404,38.85691008379083],[-121.75093975889757,38.87151409853098],[-121.72222540695407,38.850896665956654],[-121.72222540695407,38.803648382973826],[-121.68633246702467,38.76327257751577],[-121.59301082320823,38.76327257751577],[-121.60377870518704,38.735782667416665],[-121.63249305713057,38.685957205362044],[-121.59301082320823,38.6438632805228],[-121.5642964712647,38.642145161141606],[-121.55352858928589,38.603487475064746],[-121.5104570613706,38.60091029599295],[-121.52481423734237,38.519299625386246],[-121.55352858928589,38.51414526724267],[-121.54276070730707,38.477205700546996],[-121.50686776737766,38.469474163331626],[-121.50327847338473,38.44112519354193],[-121.53199282532825,38.42909835787357],[-121.52122494334942,38.36037358262582],[-121.5822429412294,38.33202461283612],[-121.59301082320823,38.31312529964299],[-121.69351105501053,38.314843419024186],[-121.69351105501053,38.52703116260162],[-121.74017187691877,38.53733987888878],[-121.78683269882697,38.522735864148636],[-121.85861857868578,38.53819893857938],[-121.9411723405234,38.5330445804358],[-122.01295822038219,38.48837347652476],[-122.05602974829748,38.51758150600505],[-122.1026905702057,38.51328620755207],[-122.12781562815627,38.58372910218102],[-122.16729786207861,38.65503105650056],[-122.22472656596565,38.6997021604116],[-122.28933385783857,38.83972888997889],[-122.35035185571854,38.835433591525906],[-122.39342338363383,38.8646416210062],[-122.42213773557735,38.904158366773665],[-122.40419126561264,38.92563485903858],[-122.33958397373974,38.92391673965739]]]}},{"type":"Feature","id":"06115","properties":{"name":"Yuba","county_fips":"06115","state_abbr":"CA"},"geometry":{"type":"Polygon","coordinates":[[[-121.62531446914468,39.29588958568585],[-121.61095729317293,39.31908419733197],[-121.5642964712647,39.305339242282415],[-121.48533200342003,39.31736607795077],[-121.4745641214412,39.33368821207211],[-121.40636753557536,39.339701629906294],[-121.37406388963889,39.3646143609336],[-121.33458165571655,39.42560759896598],[-121.33817094970948,39.46082904628046],[-121.31304589175892,39.4762921207112],[-121.30586730377303,39.51924510524105],[-121.24126001190011,39.513231687406865],[-121.24126001190011,39.52697664245642],[-121.1587062500625,39.51924510524105],[-121.1515276620766,39.555325612246115],[-121.10845613416134,39.56735244791447],[-121.07615248822488,39.597419537085365],[-121.00795590235901,39.639513461924615],[-121.02590237232371,39.558761851008505],[-121.05820601826017,39.53728535874358],[-121.0330809603096,39.51409074709746],[-121.02231307833077,39.39124521134211],[-121.08333107621075,39.39468145010449],[-121.12640260412604,39.38007743536435],[-121.20536707197071,39.316507018260175],[-121.21972424794248,39.2821446306363],[-121.26638506985068,39.27269497403974],[-121.28074224582245,39.23060104920049],[-121.28074224582245,39.03473543974439],[-121.30586730377303,39.05277569324693],[-121.36688530165301,39.0321582606726],[-121.41354612356122,38.99607775366753],[-121.48892129741296,38.99178245521455],[-121.54276070730707,38.97202408233082],[-121.57506435324353,38.91876238151381],[-121.61095729317293,39.05793005139051],[-121.58583223522234,39.089715259942594],[-121.6181358811588,39.18249370652706],[-121.61454658716586,39.22888292981929],[-121.6360823511235,39.26152719806198],[-121.62531446914468,39.29588958568585]]]}}]}