{"type":"FeatureCollection","features":[{"type":"Feature","id":"13001","properties":{"name":"Appling","county_fips":"13001","state_abbr":"GA"},"geometry":{"type":"Polygon","coordinates":[[[-82.43022406624065,31.966392305513047],[-82.37279536235361,31.94147957448574],[-82.31536665846659,31.931170858198577],[-82.290241600516,31.942338634176338],[-82.22563430864308,31.913130604696043],[-82.11795548885489,31.887358813978132],[-82.10718760687607,31.86416420233202],[-82.04975890298903,31.827224635636348],[-82.10718760687607,31.79973472553725],[-82.08924113691137,31.773103875128747],[-82.13231266482664,31.773103875128747],[-82.13231266482664,31.47157392372923],[-82.15384842878429,31.470714864038634],[-82.22563430864308,31.530849042380417],[-82.23999148461485,31.554902713717134],[-82.31895595245952,31.59441945948459],[-82.34767030440304,31.621050309893093],[-82.4517598301983,31.661426115351148],[-82.49483135811357,31.71039251771517],[-82.51995641606416,31.71039251771517],[-82.51995641606416,31.83839241161411],[-82.43022406624065,31.83839241161411],[-82.43022406624065,31.966392305513047]]]}},{"type":"Feature","id":"13003","properties":{"name":"Atkinson","county_fips":"13003","state_abbr":"GA"},"geometry":{"type":"Polygon","coordinates":[[[-83.14090427684276,31.420030342293416],[-82.95785028320283,31.41745316322163],[-82.95785028320283,31.40284914848148],[-82.83940358143582,31.401990088790882],[-82.81786781747817,31.36419146240462],[-82.62763523585235,31.36419146240462],[-82.6312245298453,31.27484925458254],[-82.69942111571116,31.27828549334493],[-82.69942111571116,31.223305673146726],[-82.67070676376764,31.18378892737927],[-82.97220745917458,31.18378892737927],[-83.04758263302632,31.18378892737927],[-83.05117192701927,31.231896270052694],[-83.03322545705457,31.27484925458254],[-83.05835051500515,31.32982907478074],[-83.11218992489924,31.36762770116701],[-83.14090427684276,31.420030342293416]]]}},{"type":"Feature","id":"13005","properties":{"name":"Bacon","county_fips":"13005","state_abbr":"GA"},"geometry":{"type":"Polygon","coordinates":[[[-82.62763523585235,31.67259389132891],[-82.51995641606416,31.67259389132891],[-82.51995641606416,31.71039251771517],[-82.49483135811357,31.71039251771517],[-82.4517598301983,31.661426115351148],[-82.34767030440304,31.621050309893093],[-82.31895595245952,31.59441945948459],[-82.23999148461485,31.554902713717134],[-82.22563430864308,31.530849042380417],[-82.26870583655837,31.493050415994155],[-82.30100948249482,31.493050415994155],[-82.30100948249482,31.46813768496684],[-82.34408101041011,31.43033905858058],[-82.4158668902689,31.41745316322163],[-82.48047418214182,31.41745316322163],[-82.49483135811357,31.46899674465744],[-82.59892088390883,31.46899674465744],[-82.5953315899159,31.55747989278892],[-82.62763523585235,31.558338952479517],[-82.62763523585235,31.67259389132891]]]}},{"type":"Feature","id":"13007","properties":{"name":"Baker","county_fips":"13007","state_abbr":"GA"},"geometry":{"type":"Polygon","coordinates":[[[-84.63763987189871,31.43377529734297],[-84.49047881818818,31.427761879508786],[-84.4474072902729,31.454392729917295],[-84.4294608203082,31.43635247641476],[-84.21051388673887,31.435493416724164],[-84.142317300873,31.439788715177144],[-84.15308518285183,31.41401692445924],[-84.1961567107671,31.392540432194316],[-84.19974600476004,31.35560086549865],[-84.31460341253413,31.32209753756537],[-84.36485352843528,31.239627807268064],[-84.50842528815288,31.123654749037485],[-84.50842528815288,31.07812458543585],[-84.54431822808228,31.07898364512645],[-84.5371396400964,31.25594994138941],[-84.64122916589166,31.259386180151793],[-84.63763987189871,31.43377529734297]]]}},{"type":"Feature","id":"13009","properties":{"name":"Baldwin","county_fips":"13009","state_abbr":"GA"},"geometry":{"type":"Polygon","coordinates":[[[-83.27370815458154,33.187116125851254],[-83.19474368673687,33.175948349873494],[-83.09783274892749,33.15103561884618],[-83.11936851288513,33.083169903289026],[-83.10142204292043,33.05052563504634],[-83.05117192701927,33.08059272421723],[-83.06911839698397,33.02733102340023],[-83.04758263302632,32.98523709856098],[-83.07270769097691,32.94657941248412],[-83.14808286482865,33.0084317102071],[-83.35626191641916,32.92596197990979],[-83.4136906203062,33.10550545524455],[-83.42804779627797,33.18539800647006],[-83.36344050440503,33.180243648326474],[-83.27370815458154,33.187116125851254]]]}},{"type":"Feature","id":"13011","properties":{"name":"Banks","county_fips":"13011","state_abbr":"GA"},"geometry":{"type":"Polygon","coordinates":[[[-83.61469108391084,34.43189361752617],[-83.53572661606616,34.492027795867955],[-83.46035144221442,34.480860019890194],[-83.39933344433445,34.461101647006465],[-83.38138697436975,34.42931643845438],[-83.39215485634855,34.32451115620156],[-83.33831544645446,34.260940739097386],[-83.35626191641916,34.22400117240172],[-83.40292273832738,34.19737032199321],[-83.48188720617206,34.26179979878798],[-83.56085167401673,34.25235014219142],[-83.62186967189672,34.29530312672126],[-83.65058402384024,34.32107491743917],[-83.66853049380494,34.365746021350205],[-83.65417331783317,34.400108408974084],[-83.61469108391084,34.43189361752617]]]}},{"type":"Feature","id":"13013","properties":{"name":"Barrow","county_fips":"13013","state_abbr":"GA"},"geometry":{"type":"Polygon","coordinates":[[[-83.81928084150842,34.12778648705486],[-83.7654414316143,34.06507512964129],[-83.61469108391084,34.04703487613875],[-83.56444096800968,34.03157180170801],[-83.53572661606616,33.96628326522265],[-83.6469947298473,33.906149086880866],[-83.67570908179081,33.91731686285862],[-83.76185213762137,33.894981310903106],[-83.79774507755077,33.930202758217575],[-83.83722731147311,33.98432351872518],[-83.86953095740957,34.00408189160891],[-83.81928084150842,34.12778648705486]]]}},{"type":"Feature","id":"13015","properties":{"name":"Bartow","county_fips":"13015","state_abbr":"GA"},"geometry":{"type":"Polygon","coordinates":[[[-85.04681938709386,34.096001278502776],[-85.04323009310093,34.21369245611456],[-85.02528362313623,34.21369245611456],[-85.02169432914329,34.346846708157074],[-85.00374785917859,34.346846708157074],[-85.00733715317153,34.392376871758714],[-84.95349774327742,34.383786274852746],[-84.95349774327742,34.39924934928349],[-84.7345508097081,34.396672170211694],[-84.7345508097081,34.41299430433304],[-84.65199704787048,34.41299430433304],[-84.65199704787048,34.227437411164104],[-84.65917563585636,34.2025246801368],[-84.65917563585636,34.07796102500024],[-84.73814010370103,34.07967914438144],[-84.92119409734097,34.08225632345323],[-85.04681938709386,34.08311538314383],[-85.04681938709386,34.096001278502776]]]}},{"type":"Feature","id":"13017","properties":{"name":"Ben Hill","county_fips":"13017","state_abbr":"GA"},"geometry":{"type":"Polygon","coordinates":[[[-83.48188720617206,31.846983008520077],[-83.20910086270862,31.84440582944829],[-83.17679721677216,31.847842068210674],[-83.13731498284983,31.8143387402774],[-83.08347557295572,31.811761561205607],[-83.02963616306162,31.778258233272325],[-82.99733251712517,31.780835412344118],[-82.99733251712517,31.673452951019506],[-83.17679721677216,31.678607309163084],[-83.17679721677216,31.651976458754582],[-83.26652956659566,31.654553637826375],[-83.26652956659566,31.67946636885368],[-83.3239582704827,31.68032542854428],[-83.3239582704827,31.7567817410074],[-83.45317285422854,31.757640800698],[-83.48188720617206,31.846983008520077]]]}},{"type":"Feature","id":"13019","properties":{"name":"Berrien","county_fips":"13019","state_abbr":"GA"},"geometry":{"type":"Polygon","coordinates":[[[-83.43522638426384,31.350446507355066],[-83.37061909239092,31.401131029100284],[-83.37061909239092,31.464701446204458],[-83.33831544645446,31.47586922218222],[-83.1444935708357,31.47243298341983],[-83.14090427684276,31.420030342293416],[-83.11218992489924,31.36762770116701],[-83.05835051500515,31.32982907478074],[-83.03322545705457,31.27484925458254],[-83.05117192701927,31.231896270052694],[-83.04758263302632,31.18378892737927],[-83.0368147510475,31.146849360683603],[-83.16602933479335,31.146849360683603],[-83.16602933479335,31.062661511005103],[-83.1983329807298,31.061802451314506],[-83.1983329807298,31.02572194430944],[-83.29524391853919,31.027440063690634],[-83.28088674256742,31.0635205706957],[-83.3239582704827,31.118500390893907],[-83.30601180051801,31.16746679325793],[-83.33472615246153,31.19152046459464],[-83.33472615246153,31.24478216541165],[-83.38497626836268,31.258527120461196],[-83.43881567825677,31.316084119731194],[-83.43522638426384,31.350446507355066]]]}},{"type":"Feature","id":"13021","properties":{"name":"Bibb","county_fips":"13021","state_abbr":"GA"},"geometry":{"type":"Polygon","coordinates":[[[-83.89106672136721,32.84864660775607],[-83.71160202172021,32.952592830318295],[-83.69724484574846,32.91651232331323],[-83.65776261182612,32.88816335352353],[-83.60033390793907,32.88816335352353],[-83.51419085210851,32.84521036899368],[-83.48906579415794,32.82373387672876],[-83.57879814398143,32.73782790766907],[-83.60392320193202,32.74126414643146],[-83.6111017899179,32.68886150530505],[-83.59674461394614,32.663948774277735],[-83.66494119981199,32.6742574905649],[-83.70083413974139,32.69229774406743],[-83.7367270796708,32.69401586344863],[-83.8085129595296,32.7300963704537],[-83.89106672136721,32.81943857827578],[-83.89106672136721,32.84864660775607]]]}},{"type":"Feature","id":"13023","properties":{"name":"Bleckley","county_fips":"13023","state_abbr":"GA"},"geometry":{"type":"Polygon","coordinates":[[[-83.49624438214381,32.4526200903909],[-83.22704733267332,32.58405622305222],[-83.13731498284983,32.4234120609106],[-83.17320792277923,32.4526200903909],[-83.30601180051801,32.3418013903039],[-83.28447603656036,32.324620196491956],[-83.34549403444034,32.27221755536555],[-83.49624438214381,32.40193556864568],[-83.49624438214381,32.4526200903909]]]}},{"type":"Feature","id":"13025","properties":{"name":"Brantley","county_fips":"13025","state_abbr":"GA"},"geometry":{"type":"Polygon","coordinates":[[[-82.28306301253012,31.224164732837323],[-82.19333066270663,31.207842598715985],[-82.14666984079841,31.226741911909116],[-82.14666984079841,31.25251370262702],[-82.11436619486194,31.270553956129554],[-82.00668737507375,31.277426433654334],[-81.99233019910199,31.308352582515816],[-82.0210445510455,31.327251895708955],[-82.04258031500315,31.373641119001185],[-81.92413361323612,31.346151208902086],[-81.80209761747618,31.363332402714022],[-81.73031173761737,31.32982907478074],[-81.76620467754677,31.201829180881802],[-81.76620467754677,31.169184912639118],[-81.82004408744088,31.13654064439644],[-81.8415798513985,31.09788295831958],[-81.91695502525025,31.095305779247788],[-81.93490149521494,31.04805749626496],[-82.06052678496785,31.07554740636406],[-82.08206254892549,31.011117929569288],[-82.13231266482664,31.011117929569288],[-82.20768783867838,31.084997062960625],[-82.20768783867838,31.170903032020313],[-82.28306301253012,31.192379524285236],[-82.28306301253012,31.224164732837323]]]}},{"type":"Feature","id":"13027","properties":{"name":"Brooks","county_fips":"13027","state_abbr":"GA"},"geometry":{"type":"Polygon","coordinates":[[[-83.7367270796708,31.037748779977797],[-83.5752088499885,31.03345348152481],[-83.5752088499885,31.07812458543585],[-83.55008379203792,31.054070914099135],[-83.47470861818618,31.031735362143614],[-83.42804779627797,30.94840657215572],[-83.43881567825677,30.904594527935274],[-83.37061909239092,30.883977095360947],[-83.35267262242623,30.841883170521697],[-83.42445850228502,30.815252320113196],[-83.4495835602356,30.817829499184988],[-83.45676214822149,30.765426858058575],[-83.48547650016499,30.75254096269962],[-83.43881567825677,30.688970545595453],[-83.36344050440503,30.65890345642456],[-83.35626191641916,30.637426964159637],[-83.6111017899179,30.65117191920919],[-83.74390566765668,30.658044396733963],[-83.7367270796708,31.037748779977797]]]}},{"type":"Feature","id":"13029","properties":{"name":"Bryan","county_fips":"13029","state_abbr":"GA"},"geometry":{"type":"Polygon","coordinates":[[[-81.78056185351853,32.15280825837258],[-81.62622221182211,32.189747825068245],[-81.4359896301963,32.24129140650406],[-81.39291810228102,32.09611031879318],[-81.36779304433044,32.048002976119754],[-81.30318575245752,31.99903657375573],[-81.26729281252813,31.91055342562425],[-81.20268552065521,31.92258026129261],[-81.13807822878229,31.855573605426052],[-81.17756046270462,31.816056859658588],[-81.17397116871169,31.76365421853218],[-81.15602469874699,31.72585559214592],[-81.19909622666226,31.72585559214592],[-81.26011422454225,31.75334550224502],[-81.27806069450695,31.79458036739367],[-81.3103643404434,31.790285068940683],[-81.33190010440104,31.840110530995304],[-81.3462572803728,31.823788396873965],[-81.37856092630926,31.848701127901272],[-81.40368598425984,31.937184276032752],[-81.46470398213982,31.950070171391708],[-81.47547186411863,31.974123842728424],[-81.52213268602685,31.958660768297676],[-81.59391856588566,31.971546663656632],[-81.59391856588566,31.992164096230958],[-81.64057938779388,32.04972109550095],[-81.69441879768797,32.08837878157781],[-81.71954385563855,32.08923784126841],[-81.75543679556796,32.104700915699155],[-81.78056185351853,32.15280825837258]]]}},{"type":"Feature","id":"13031","properties":{"name":"Bulloch","county_fips":"13031","state_abbr":"GA"},"geometry":{"type":"Polygon","coordinates":[[[-81.99950878708786,32.60725083469834],[-81.8415798513985,32.64934475953759],[-81.80209761747618,32.64161322232222],[-81.77338326553266,32.606391775007744],[-81.69082950369503,32.54625759666596],[-81.54725774397744,32.489559657086566],[-81.5257219800198,32.45004291131911],[-81.5436684499845,32.417398643076424],[-81.5077755100551,32.35812352442524],[-81.4898290400904,32.35211010659106],[-81.43957892418923,32.274794734437336],[-81.4359896301963,32.24129140650406],[-81.62622221182211,32.189747825068245],[-81.78056185351853,32.15280825837258],[-81.81645479344793,32.23785516774167],[-81.89182996729967,32.274794734437336],[-81.97079443514434,32.26878131660316],[-81.95643725917259,32.2859625104151],[-81.91695502525025,32.41568052369523],[-81.97797302313023,32.47753282141821],[-81.97079443514434,32.513613328423276],[-82.03181243302433,32.53852605945059],[-81.99950878708786,32.60725083469834]]]}},{"type":"Feature","id":"13033","properties":{"name":"Burke","county_fips":"13033","state_abbr":"GA"},"geometry":{"type":"Polygon","coordinates":[[[-82.31536665846659,32.83576071239712],[-82.2722951305513,32.93798881557815],[-82.290241600516,33.0625524707147],[-82.26511654256542,33.15361279791797],[-82.23281289662896,33.23092817007169],[-82.26870583655837,33.26700867707677],[-82.17538419274193,33.29707576624766],[-82.10000901889019,33.23178722976229],[-82.06052678496785,33.24295500574005],[-81.97797302313023,33.22749193130931],[-81.93490149521494,33.253263722027214],[-81.8846513793138,33.26185431893318],[-81.85234773337733,33.24725030419304],[-81.80568691146911,33.211169797187964],[-81.78056185351853,33.22147851347513],[-81.75543679556796,33.198283901829015],[-81.77338326553266,33.180243648326474],[-81.74466891358914,33.141585962249614],[-81.64775797577975,33.094337679266786],[-81.6154543298433,33.094337679266786],[-81.5436684499845,33.04537127690276],[-81.76620467754677,32.909639845788455],[-81.78415114751147,32.928539158981586],[-81.85593702737027,32.95345189000889],[-81.95643725917259,32.923384800838],[-82.08206254892549,32.91651232331323],[-82.12513407684077,32.88386805507054],[-82.14666984079841,32.812566100751],[-82.21486642666426,32.80397550384503],[-82.31536665846659,32.83576071239712]]]}},{"type":"Feature","id":"13035","properties":{"name":"Butts","county_fips":"13035","state_abbr":"GA"},"geometry":{"type":"Polygon","coordinates":[[[-84.10283506695066,33.297934825938256],[-84.05976353903539,33.30996166160661],[-84.03104918709187,33.36150524304242],[-83.962852601226,33.375250198091976],[-83.97362048320483,33.40789446633466],[-83.92337036730368,33.44397497333973],[-83.91260248532485,33.417344122931226],[-83.86235236942369,33.3683777205672],[-83.84081660546605,33.328860974799746],[-83.81569154751547,33.24209594604945],[-83.82287013550135,33.180243648326474],[-83.85876307543076,33.2008610809008],[-84.04181706907069,33.202579200281995],[-84.1243708309083,33.202579200281995],[-84.1243708309083,33.252404662336616],[-84.08847789097891,33.2859079902699],[-84.10283506695066,33.297934825938256]]]}},{"type":"Feature","id":"13037","properties":{"name":"Calhoun","county_fips":"13037","state_abbr":"GA"},"geometry":{"type":"Polygon","coordinates":[[[-84.82069386553866,31.500781953209525],[-84.81710457154571,31.620191250202495],[-84.65558634186341,31.620191250202495],[-84.64840775387754,31.643385861848614],[-84.58738975599756,31.621050309893093],[-84.54790752207522,31.621050309893093],[-84.45099658426584,31.62190936958369],[-84.45817517225171,31.58668792226922],[-84.4115143503435,31.456969908989088],[-84.4294608203082,31.43635247641476],[-84.4474072902729,31.454392729917295],[-84.49047881818818,31.427761879508786],[-84.63763987189871,31.43377529734297],[-84.78839021960219,31.43635247641476],[-84.79556880758807,31.501641012900123],[-84.82069386553866,31.500781953209525]]]}},{"type":"Feature","id":"13039","properties":{"name":"Camden","county_fips":"13039","state_abbr":"GA"},"geometry":{"type":"Polygon","coordinates":[[[-81.76620467754677,31.169184912639118],[-81.6872402097021,31.122795689346887],[-81.633400799808,31.108191674606744],[-81.55802562595626,31.121077569965692],[-81.57238280192801,31.097023898628983],[-81.48623974609745,31.034312541215407],[-81.44316821818218,31.016272287712873],[-81.49341833408334,30.977614601636013],[-81.44675751217513,30.956997169061687],[-81.40727527825278,30.977614601636013],[-81.40368598425984,30.908030766697664],[-81.46111468814688,30.769722156511563],[-81.44316821818218,30.70958797816978],[-81.4898290400904,30.725910112291118],[-81.54007915599156,30.713024216932162],[-81.60109715387154,30.72848729136291],[-81.71954385563855,30.74480942548425],[-81.74466891358914,30.766285917749173],[-81.80927620546206,30.79033958908589],[-81.87029420334203,30.792916768157674],[-81.9025978492785,30.82040667825678],[-81.89182996729967,30.90974888607886],[-81.91336573125731,30.912326065150644],[-81.89182996729967,30.96043340782407],[-81.91336573125731,30.975896482254818],[-81.90618714327142,31.039466899358985],[-81.93490149521494,31.04805749626496],[-81.91695502525025,31.095305779247788],[-81.8415798513985,31.09788295831958],[-81.82004408744088,31.13654064439644],[-81.76620467754677,31.169184912639118]]]}},{"type":"Feature","id":"13043","properties":{"name":"Candler","county_fips":"13043","state_abbr":"GA"},"geometry":{"type":"Polygon","coordinates":[[[-82.03181243302433,32.53852605945059],[-81.97079443514434,32.513613328423276],[-81.97797302313023,32.47753282141821],[-81.91695502525025,32.41568052369523],[-81.95643725917259,32.2859625104151],[-81.97079443514434,32.26878131660316],[-82.02463384503845,32.27909003289032],[-82.23281289662896,32.31860677865778],[-82.2543486605866,32.351251046900465],[-82.18615207472074,32.43372077719776],[-82.1825627807278,32.47409658265582],[-82.14666984079841,32.520485805948056],[-82.07847325493255,32.56000255171551],[-82.03181243302433,32.53852605945059]]]}},{"type":"Feature","id":"13045","properties":{"name":"Carroll","county_fips":"13045","state_abbr":"GA"},"geometry":{"type":"Polygon","coordinates":[[[-85.337552200522,33.652726478154776],[-85.29089137861378,33.65186741846418],[-85.1401410309103,33.699974761137604],[-85.10783738497385,33.694820402994026],[-85.05040868108681,33.714578775877754],[-85.05040868108681,33.8125115806058],[-85.03964079910799,33.8116525209152],[-84.90324762737627,33.780726372053714],[-84.9068369213692,33.57369298661986],[-84.80992598355984,33.57369298661986],[-84.83146174751747,33.545344016830164],[-84.81710457154571,33.52043128580285],[-84.84940821748218,33.51184068889688],[-84.85658680546805,33.49380043539435],[-84.91042621536215,33.468887704367035],[-84.93914056730567,33.437102495814955],[-84.98580138921389,33.45686086869868],[-85.01451574115741,33.425934719837194],[-85.29448067260672,33.42765283921839],[-85.30524855458555,33.48263265941659],[-85.337552200522,33.652726478154776]]]}},{"type":"Feature","id":"13047","properties":{"name":"Catoosa","county_fips":"13047","state_abbr":"GA"},"geometry":{"type":"Polygon","coordinates":[[[-85.2657663206632,34.985128058270575],[-84.97862280122801,34.98770523734237],[-85.02169432914329,34.87087311942119],[-85.06117656306563,34.86400064189641],[-85.06117656306563,34.819329537985375],[-85.13296244292442,34.819329537985375],[-85.14373032490325,34.76778595654956],[-85.20115902879029,34.77465843407433],[-85.20115902879029,34.854550985299845],[-85.2657663206632,34.854550985299845],[-85.2657663206632,34.985128058270575]]]}},{"type":"Feature","id":"13049","properties":{"name":"Charlton","county_fips":"13049","state_abbr":"GA"},"geometry":{"type":"Polygon","coordinates":[[[-82.13231266482664,31.011117929569288],[-82.08206254892549,31.011117929569288],[-82.06052678496785,31.07554740636406],[-81.93490149521494,31.04805749626496],[-81.90618714327142,31.039466899358985],[-81.91336573125731,30.975896482254818],[-81.89182996729967,30.96043340782407],[-81.91336573125731,30.912326065150644],[-81.89182996729967,30.90974888607886],[-81.9025978492785,30.82040667825678],[-81.94925867118671,30.827279155781554],[-81.98156231712316,30.776594634036336],[-82.02463384503845,30.78346711156111],[-82.01027666906668,30.762849678986782],[-82.0389910210102,30.749104723937236],[-82.03540172701727,30.707010799097986],[-82.04975890298903,30.65546721766217],[-82.00668737507375,30.577292785817853],[-82.01745525705256,30.47506468263682],[-82.0389910210102,30.434688877178765],[-82.03540172701727,30.384863415124144],[-82.04975890298903,30.362527863168623],[-82.10359831288312,30.368541281002805],[-82.17179489874898,30.35909162440624],[-82.21127713267133,30.4243801608916],[-82.2005092506925,30.485373398923983],[-82.22563430864308,30.507708950879504],[-82.23281289662896,30.556675353243527],[-82.21486642666426,30.568702188911885],[-82.15025913479134,30.784326171251706],[-82.17897348673486,30.79119864877648],[-82.41945618426183,30.795493947229467],[-82.4158668902689,31.01369510864108],[-82.13231266482664,31.011117929569288]]]}},{"type":"Feature","id":"13051","properties":{"name":"Chatham","county_fips":"13051","state_abbr":"GA"},"geometry":{"type":"Polygon","coordinates":[[[-81.39291810228102,32.09611031879318],[-81.19550693266932,32.23785516774167],[-81.14525681676817,32.22668739176391],[-81.11654246482465,32.18888876537765],[-81.1308996407964,32.16655321342213],[-81.1129531708317,32.11329151260512],[-81.03757799697996,32.08408348312483],[-80.99809576305763,32.09868749786497],[-80.91913129521295,32.03769425983259],[-80.88682764927648,32.03425802107021],[-80.84375612136121,32.023949304783045],[-80.86170259132591,31.96896948458484],[-80.91195270722707,31.944056753557533],[-80.94784564715647,31.95694264891648],[-80.96938141111411,31.91570778376783],[-80.9334884711847,31.908835306243056],[-80.99091717507174,31.85729172480724],[-81.06629234892348,31.87705009769097],[-81.0770602309023,31.828942755017543],[-81.03757799697996,31.819493098420978],[-81.06988164291643,31.76880857667576],[-81.1308996407964,31.72241935338353],[-81.15602469874699,31.72585559214592],[-81.17397116871169,31.76365421853218],[-81.17756046270462,31.816056859658588],[-81.13807822878229,31.855573605426052],[-81.20268552065521,31.92258026129261],[-81.26729281252813,31.91055342562425],[-81.30318575245752,31.99903657375573],[-81.36779304433044,32.048002976119754],[-81.39291810228102,32.09611031879318]]]}},{"type":"Feature","id":"13053","properties":{"name":"Chattahoochee","county_fips":"13053","state_abbr":"GA"},"geometry":{"type":"Polygon","coordinates":[[[-84.98221209522094,32.37788189730897],[-84.94631915529155,32.37616377792777],[-84.88171186341863,32.41052616555165],[-84.76685445564455,32.420834881838815],[-84.72378292772927,32.5075999105891],[-84.69506857578575,32.51876768656686],[-84.63763987189871,32.5350898206882],[-84.65558634186341,32.494714015230144],[-84.65917563585636,32.23270080959809],[-84.92119409734097,32.2309826902169],[-84.89247974539745,32.26362695845958],[-84.93555127331273,32.297989346083455],[-85.00015856518564,32.32204301742017],[-84.98221209522094,32.37788189730897]]]}},{"type":"Feature","id":"13055","properties":{"name":"Chattooga","county_fips":"13055","state_abbr":"GA"},"geometry":{"type":"Polygon","coordinates":[[[-85.52778478214782,34.5891015409054],[-85.10783738497385,34.58738342152421],[-85.17962326483264,34.43618891597915],[-85.33396290652907,34.37004131980319],[-85.38780231642316,34.28585347012469],[-85.4631774902749,34.28671252981529],[-85.51342760617605,34.52381300442004],[-85.52778478214782,34.5891015409054]]]}},{"type":"Feature","id":"13057","properties":{"name":"Cherokee","county_fips":"13057","state_abbr":"GA"},"geometry":{"type":"Polygon","coordinates":[[[-84.65199704787048,34.41299430433304],[-84.58380046200462,34.41213524464244],[-84.58380046200462,34.38120909578095],[-84.25717470864709,34.38120909578095],[-84.25717470864709,34.334819872488715],[-84.25717470864709,34.18620254601545],[-84.35408564645647,34.176752889418886],[-84.36126423444234,34.12349118860188],[-84.41869293832939,34.10888717386173],[-84.41869293832939,34.07366572654726],[-84.65917563585636,34.07796102500024],[-84.65917563585636,34.2025246801368],[-84.65199704787048,34.227437411164104],[-84.65199704787048,34.41299430433304]]]}},{"type":"Feature","id":"13059","properties":{"name":"Clarke","county_fips":"13059","state_abbr":"GA"},"geometry":{"type":"Polygon","coordinates":[[[-83.53572661606616,33.96628326522265],[-83.49983367613676,33.98775975748757],[-83.3598512104121,34.04016239861398],[-83.25935097860979,33.99892753346533],[-83.27370815458154,33.94222959388593],[-83.24140450864509,33.90443096749967],[-83.27729744857449,33.84773302792027],[-83.3239582704827,33.85460550544505],[-83.42086920829207,33.926766519455185],[-83.50701226412264,33.93106181790817],[-83.53572661606616,33.96628326522265]]]}},{"type":"Feature","id":"13061","properties":{"name":"Clay","county_fips":"13061","state_abbr":"GA"},"geometry":{"type":"Polygon","coordinates":[[[-85.12578385493855,31.77997635265352],[-85.07553373903738,31.771385755747552],[-84.95708703727037,31.778258233272325],[-84.96067633126331,31.712969696786963],[-84.94272986129862,31.6184731308213],[-84.81710457154571,31.620191250202495],[-84.82069386553866,31.500781953209525],[-84.93914056730567,31.503359132281318],[-85.02887291712916,31.486177938469382],[-85.04681938709386,31.51710408733087],[-85.05758726907268,31.620191250202495],[-85.12578385493855,31.69492944328443],[-85.12578385493855,31.762795158841584],[-85.12578385493855,31.77997635265352]]]}},{"type":"Feature","id":"13063","properties":{"name":"Clayton","county_fips":"13063","state_abbr":"GA"},"geometry":{"type":"Polygon","coordinates":[[[-84.35049635246352,33.6475721200112],[-84.28229976659766,33.6475721200112],[-84.24281753267532,33.5900151207412],[-84.28229976659766,33.54878025559255],[-84.29306764857648,33.43538437643376],[-84.35408564645647,33.43624343612436],[-84.35408564645647,33.352914646136455],[-84.38638929239292,33.35205558644586],[-84.38279999839997,33.402740108191075],[-84.40074646836469,33.4250756601466],[-84.38279999839997,33.46287428653286],[-84.41869293832939,33.49380043539435],[-84.44022870228702,33.55049837497374],[-84.45817517225171,33.55135743466434],[-84.45817517225171,33.64843117970179],[-84.35049635246352,33.6475721200112]]]}},{"type":"Feature","id":"13065","properties":{"name":"Clinch","county_fips":"13065","state_abbr":"GA"},"geometry":{"type":"Polygon","coordinates":[[[-82.97220745917458,31.18378892737927],[-82.67070676376764,31.18378892737927],[-82.59174229592296,31.018849466784665],[-82.54867076800768,31.000809213282125],[-82.51995641606416,30.963010586895862],[-82.49124206412064,30.963010586895862],[-82.49483135811357,30.819547618566183],[-82.43740265422655,30.82040667825678],[-82.43022406624065,30.612514233132323],[-82.41945618426183,30.581588084270834],[-82.45893841818418,30.584165263342626],[-82.58456370793708,30.591896800557997],[-82.58097441394413,30.695843023120226],[-82.60251017790178,30.71388327662276],[-82.69942111571116,30.734500709197086],[-82.79633205352053,30.742232246412456],[-82.83222499344993,30.781748992179914],[-82.8465821694217,30.835010692996924],[-82.97220745917458,30.869373080620804],[-82.97220745917458,31.18378892737927]]]}},{"type":"Feature","id":"13067","properties":{"name":"Cobb","county_fips":"13067","state_abbr":"GA"},"geometry":{"type":"Polygon","coordinates":[[[-84.73814010370103,34.07967914438144],[-84.65917563585636,34.07796102500024],[-84.41869293832939,34.07366572654726],[-84.40074646836469,34.014390607896075],[-84.3756214104141,33.98690069779697],[-84.40433576235762,33.94394771326713],[-84.4474072902729,33.90958532564325],[-84.44022870228702,33.88982695275952],[-84.46894305423054,33.827115595345944],[-84.57662187401874,33.74378680535805],[-84.62328269592696,33.80478004339043],[-84.72378292772927,33.806498162771625],[-84.72378292772927,33.94738395202951],[-84.73814010370103,33.94738395202951],[-84.73814010370103,34.07967914438144]]]}},{"type":"Feature","id":"13069","properties":{"name":"Coffee","county_fips":"13069","state_abbr":"GA"},"geometry":{"type":"Polygon","coordinates":[[[-83.1444935708357,31.47243298341983],[-83.11218992489924,31.478446401254004],[-83.05835051500515,31.565211430004297],[-83.05835051500515,31.611600653296527],[-83.01527898708987,31.635654324633244],[-82.99733251712517,31.673452951019506],[-82.99733251712517,31.780835412344118],[-82.97938604716047,31.792862248012476],[-82.86811793337932,31.782553531725313],[-82.83581428744287,31.816056859658588],[-82.83581428744287,31.67173483163831],[-82.62763523585235,31.67259389132891],[-82.62763523585235,31.558338952479517],[-82.5953315899159,31.55747989278892],[-82.59892088390883,31.46899674465744],[-82.62763523585235,31.46899674465744],[-82.62763523585235,31.36419146240462],[-82.81786781747817,31.36419146240462],[-82.83940358143582,31.401990088790882],[-82.95785028320283,31.40284914848148],[-82.95785028320283,31.41745316322163],[-83.14090427684276,31.420030342293416],[-83.1444935708357,31.47243298341983]]]}},{"type":"Feature","id":"13071","properties":{"name":"Colquitt","county_fips":"13071","state_abbr":"GA"},"geometry":{"type":"Polygon","coordinates":[[[-83.99874554115542,31.334983432924325],[-83.65417331783317,31.330688134471337],[-83.51419085210851,31.327251895708955],[-83.51060155811558,31.20612447933479],[-83.5393159100591,31.17863456923569],[-83.5752088499885,31.07812458543585],[-83.5752088499885,31.03345348152481],[-83.7367270796708,31.037748779977797],[-84.00233483514835,31.04118501874018],[-84.00233483514835,31.077265525745254],[-83.99874554115542,31.334983432924325]]]}},{"type":"Feature","id":"13073","properties":{"name":"Columbia","county_fips":"13073","state_abbr":"GA"},"geometry":{"type":"Polygon","coordinates":[[[-82.42663477224772,33.65100835877358],[-82.41227759627596,33.66647143320433],[-82.3081880704807,33.7008338208282],[-82.27588442454424,33.68451168670686],[-82.2184557206572,33.68622980608806],[-82.19691995669956,33.630390926199254],[-82.15025913479134,33.59774665795658],[-82.11436619486194,33.59688759826598],[-82.02822313903138,33.545344016830164],[-82.29383089450894,33.35463276551765],[-82.34049171641716,33.40531728726287],[-82.33690242242422,33.41992130200301],[-82.38356324433244,33.46716958498585],[-82.40150971429713,33.51613598734987],[-82.38356324433244,33.529880942399416],[-82.43740265422655,33.549639315283144],[-82.41227759627596,33.587437941669414],[-82.44099194821948,33.638122463414625],[-82.42663477224772,33.65100835877358]]]}},{"type":"Feature","id":"13075","properties":{"name":"Cook","county_fips":"13075","state_abbr":"GA"},"geometry":{"type":"Polygon","coordinates":[[[-83.51419085210851,31.327251895708955],[-83.46035144221442,31.326392836018357],[-83.43522638426384,31.350446507355066],[-83.43881567825677,31.316084119731194],[-83.38497626836268,31.258527120461196],[-83.33472615246153,31.24478216541165],[-83.33472615246153,31.19152046459464],[-83.30601180051801,31.16746679325793],[-83.3239582704827,31.118500390893907],[-83.28088674256742,31.0635205706957],[-83.29524391853919,31.027440063690634],[-83.47470861818618,31.031735362143614],[-83.55008379203792,31.054070914099135],[-83.5752088499885,31.07812458543585],[-83.5393159100591,31.17863456923569],[-83.51060155811558,31.20612447933479],[-83.51419085210851,31.327251895708955]]]}},{"type":"Feature","id":"13077","properties":{"name":"Coweta","county_fips":"13077","state_abbr":"GA"},"geometry":{"type":"Polygon","coordinates":[[[-84.84940821748218,33.51184068889688],[-84.61969340193401,33.510981629206285],[-84.60892551995519,33.50239103230032],[-84.62687198991989,33.43882061519614],[-84.58738975599756,33.35806900428004],[-84.53355034610345,33.33573345232452],[-84.49765740617406,33.2575590204802],[-84.501246700167,33.22147851347513],[-84.85299751147511,33.22319663285632],[-84.86376539345393,33.191411424304235],[-84.86376539345393,33.22405569254692],[-84.93914056730567,33.22491475223752],[-85.01451574115741,33.425934719837194],[-84.98580138921389,33.45686086869868],[-84.93914056730567,33.437102495814955],[-84.91042621536215,33.468887704367035],[-84.85658680546805,33.49380043539435],[-84.84940821748218,33.51184068889688]]]}},{"type":"Feature","id":"13079","properties":{"name":"Crawford","county_fips":"13079","state_abbr":"GA"},"geometry":{"type":"Polygon","coordinates":[[[-84.20333529875299,32.689720564995646],[-84.14949588885888,32.801398324773245],[-84.1243708309083,32.80053926508265],[-84.1243708309083,32.84950566744667],[-83.89106672136721,32.84864660775607],[-83.89106672136721,32.81943857827578],[-83.8085129595296,32.7300963704537],[-83.7367270796708,32.69401586344863],[-83.70083413974139,32.69229774406743],[-83.70083413974139,32.69143868437684],[-83.7654414316143,32.69229774406743],[-84.00233483514835,32.52993546254462],[-84.05258495104951,32.566875029240286],[-84.07053142101421,32.59866023779237],[-84.05617424504244,32.636458864178636],[-84.1064243609436,32.6733984308743],[-84.20333529875299,32.689720564995646]]]}},{"type":"Feature","id":"13081","properties":{"name":"Crisp","county_fips":"13081","state_abbr":"GA"},"geometry":{"type":"Polygon","coordinates":[[[-83.962852601226,32.03082178230782],[-83.6111017899179,32.028244603236026],[-83.6111017899179,31.853855486044857],[-83.6111017899179,31.804030023990236],[-83.80133437154372,31.80317096429964],[-83.84440589945899,31.831519934089336],[-83.93772754327543,31.847842068210674],[-83.92337036730368,31.909694365933653],[-83.92337036730368,31.947492992319916],[-83.962852601226,32.03082178230782]]]}},{"type":"Feature","id":"13083","properties":{"name":"Dade","county_fips":"13083","state_abbr":"GA"},"geometry":{"type":"Polygon","coordinates":[[[-85.60674924999249,34.98426899857998],[-85.47394537225372,34.98340993888938],[-85.36267725847259,34.98340993888938],[-85.42010596235961,34.900081148901485],[-85.44882031430313,34.83135637365373],[-85.44882031430313,34.75919535964359],[-85.49189184221842,34.69906118130181],[-85.49189184221842,34.66985315182151],[-85.5349633701337,34.62346392852928],[-85.58162419204191,34.86056440313403],[-85.60674924999249,34.98426899857998]]]}},{"type":"Feature","id":"13085","properties":{"name":"Dawson","county_fips":"13085","state_abbr":"GA"},"geometry":{"type":"Polygon","coordinates":[[[-84.34690705847058,34.5624706904969],[-84.33613917649176,34.580510943999435],[-84.25358541465414,34.56848410833108],[-84.25358541465414,34.59769213781137],[-84.1961567107671,34.6183095703857],[-84.18897812278122,34.60284649595496],[-84.19256741677417,34.54271231761317],[-84.1064243609436,34.46625600515004],[-83.9807990711907,34.41814866247662],[-83.9807990711907,34.358014484134834],[-83.95567401324013,34.333960812798125],[-84.25717470864709,34.334819872488715],[-84.25717470864709,34.38120909578095],[-84.25717470864709,34.465396945459446],[-84.31819270652706,34.46797412453124],[-84.34690705847058,34.5624706904969]]]}},{"type":"Feature","id":"13087","properties":{"name":"Decatur","county_fips":"13087","state_abbr":"GA"},"geometry":{"type":"Polygon","coordinates":[[[-84.87453327543275,30.727628231672313],[-84.84940821748218,30.772299335583348],[-84.78839021960219,30.801507365063642],[-84.75608657366574,30.895144871338708],[-84.7524972796728,31.04118501874018],[-84.73096151571515,31.069533988529876],[-84.64481845988459,31.06781586914869],[-84.64481845988459,31.07984270481704],[-84.54431822808228,31.07898364512645],[-84.50842528815288,31.07812458543585],[-84.3756214104141,31.07898364512645],[-84.37921070440704,30.68982960528605],[-84.86376539345393,30.711306097550967],[-84.87453327543275,30.727628231672313]]]}},{"type":"Feature","id":"13089","properties":{"name":"DeKalb","county_fips":"13089","state_abbr":"GA"},"geometry":{"type":"Polygon","coordinates":[[[-84.27871047260473,33.957692668316675],[-84.26076400264002,33.919034982239815],[-84.20333529875299,33.872645758947584],[-84.15667447684477,33.852887386063856],[-84.07412071500714,33.777290133291324],[-84.02387059910599,33.753236461954614],[-84.05617424504244,33.72660561154611],[-84.11719224292243,33.61492785176851],[-84.18538882878829,33.64585400063],[-84.24640682666826,33.630390926199254],[-84.28229976659766,33.6475721200112],[-84.35049635246352,33.6475721200112],[-84.34690705847058,33.961128907079065],[-84.27871047260473,33.957692668316675]]]}},{"type":"Feature","id":"13091","properties":{"name":"Dodge","county_fips":"13091","state_abbr":"GA"},"geometry":{"type":"Polygon","coordinates":[[[-83.34549403444034,32.27221755536555],[-83.28447603656036,32.324620196491956],[-83.30601180051801,32.3418013903039],[-83.17320792277923,32.4526200903909],[-83.13731498284983,32.4234120609106],[-82.99015392913928,32.147653900228995],[-82.88606440334404,32.19576124290242],[-82.87170722737227,32.18287534754347],[-82.92913593125931,32.13562706456064],[-83.20551156871568,31.900244709337088],[-83.22704733267332,31.936325216342155],[-83.26294027260272,31.951788290772903],[-83.30601180051801,32.05058015519155],[-83.29524391853919,32.078929124981244],[-83.33831544645446,32.105559975389745],[-83.30601180051801,32.13304988548885],[-83.3239582704827,32.15023107930079],[-83.29165462454624,32.178580049090485],[-83.37420838638386,32.24988200341003],[-83.34549403444034,32.27221755536555]]]}},{"type":"Feature","id":"13093","properties":{"name":"Dooly","county_fips":"13093","state_abbr":"GA"},"geometry":{"type":"Polygon","coordinates":[[[-84.02745989309892,32.170848511875114],[-83.96644189521895,32.248163884028834],[-83.89824530935309,32.28080815227152],[-83.84799519345194,32.29111686855868],[-83.61469108391084,32.28853968948689],[-83.60751249592495,32.28853968948689],[-83.60751249592495,32.1184458707487],[-83.6111017899179,32.028244603236026],[-83.962852601226,32.03082178230782],[-83.99156695316952,32.09525125910258],[-84.03463848108481,32.15280825837258],[-84.02745989309892,32.170848511875114]]]}},{"type":"Feature","id":"13095","properties":{"name":"Dougherty","county_fips":"13095","state_abbr":"GA"},"geometry":{"type":"Polygon","coordinates":[[[-84.45099658426584,31.62190936958369],[-84.29665694256943,31.62190936958369],[-84.04181706907069,31.623627488964885],[-84.01669201112011,31.650258339373387],[-83.99515624716247,31.62534560834608],[-83.99874554115542,31.444084013630132],[-84.142317300873,31.439788715177144],[-84.21051388673887,31.435493416724164],[-84.4294608203082,31.43635247641476],[-84.4115143503435,31.456969908989088],[-84.45817517225171,31.58668792226922],[-84.45099658426584,31.62190936958369]]]}},{"type":"Feature","id":"13097","properties":{"name":"Douglas","county_fips":"13097","state_abbr":"GA"},"geometry":{"type":"Polygon","coordinates":[[[-84.90324762737627,33.780726372053714],[-84.87812256942568,33.77471295421954],[-84.72378292772927,33.788457909269084],[-84.72378292772927,33.806498162771625],[-84.62328269592696,33.80478004339043],[-84.57662187401874,33.74378680535805],[-84.65199704787048,33.683652627016265],[-84.65558634186341,33.66303519444194],[-84.7524972796728,33.630390926199254],[-84.80992598355984,33.57369298661986],[-84.9068369213692,33.57369298661986],[-84.90324762737627,33.780726372053714]]]}},{"type":"Feature","id":"13099","properties":{"name":"Early","county_fips":"13099","state_abbr":"GA"},"geometry":{"type":"Polygon","coordinates":[[[-85.08989091500915,31.308352582515816],[-85.09348020900208,31.362473343023424],[-85.06476585705856,31.431198118271176],[-85.07194444504445,31.46813768496684],[-85.04681938709386,31.51710408733087],[-85.02887291712916,31.486177938469382],[-84.93914056730567,31.503359132281318],[-84.82069386553866,31.500781953209525],[-84.79556880758807,31.501641012900123],[-84.78839021960219,31.43635247641476],[-84.63763987189871,31.43377529734297],[-84.64122916589166,31.259386180151793],[-84.91760480334803,31.25594994138941],[-84.92119409734097,31.072970227292267],[-85.02528362313623,31.07554740636406],[-85.03605150511505,31.108191674606744],[-85.10783738497385,31.18636610645106],[-85.09706950299503,31.23275532974329],[-85.11501597295972,31.276567373963736],[-85.08989091500915,31.308352582515816]]]}},{"type":"Feature","id":"13101","properties":{"name":"Echols","county_fips":"13101","state_abbr":"GA"},"geometry":{"type":"Polygon","coordinates":[[[-83.0188682810828,30.849614707737075],[-82.97220745917458,30.869373080620804],[-82.8465821694217,30.835010692996924],[-82.83222499344993,30.781748992179914],[-82.79633205352053,30.742232246412456],[-82.69942111571116,30.734500709197086],[-82.60251017790178,30.71388327662276],[-82.58097441394413,30.695843023120226],[-82.58456370793708,30.591896800557997],[-82.68865323373234,30.59791021839218],[-83.13731498284983,30.623682009110084],[-83.13372568885688,30.78948052939529],[-83.10501133691336,30.804084544135435],[-83.08706486694867,30.848755648046478],[-83.0188682810828,30.849614707737075]]]}},{"type":"Feature","id":"13103","properties":{"name":"Effingham","county_fips":"13103","state_abbr":"GA"},"geometry":{"type":"Polygon","coordinates":[[[-81.38932880828808,32.59522399902998],[-81.32113222242222,32.559143492024916],[-81.28164998849988,32.55656631295312],[-81.27806069450695,32.5350898206882],[-81.19550693266932,32.46550598574985],[-81.20986410864109,32.436297956269556],[-81.15602469874699,32.34609668875688],[-81.14166752277522,32.34953292751927],[-81.12013175881758,32.2842443910339],[-81.15602469874699,32.24129140650406],[-81.14525681676817,32.22668739176391],[-81.19550693266932,32.23785516774167],[-81.39291810228102,32.09611031879318],[-81.4359896301963,32.24129140650406],[-81.43957892418923,32.274794734437336],[-81.4898290400904,32.35211010659106],[-81.5077755100551,32.35812352442524],[-81.5436684499845,32.417398643076424],[-81.5257219800198,32.45004291131911],[-81.54725774397744,32.489559657086566],[-81.54007915599156,32.509318029970295],[-81.38932880828808,32.59522399902998]]]}},{"type":"Feature","id":"13105","properties":{"name":"Elbert","county_fips":"13105","state_abbr":"GA"},"geometry":{"type":"Polygon","coordinates":[[[-83.07629698496984,34.22400117240172],[-83.0188682810828,34.234309888688884],[-82.97938604716047,34.21025621735217],[-82.91477875528754,34.24805484373843],[-82.77479628956289,34.288430649196485],[-82.74249264362643,34.25235014219142],[-82.74249264362643,34.20853809797097],[-82.71736758567586,34.150122039010384],[-82.67429605776057,34.12950460643606],[-82.64558170581705,34.07194760716607],[-82.5953315899159,34.030712742017414],[-82.5953315899159,34.01353154820548],[-82.56302794397944,33.95597454893549],[-82.60251017790178,33.980028220272196],[-82.64558170581705,33.98432351872518],[-82.65634958779587,33.99119599624996],[-82.77838558355583,33.97143762336623],[-82.86452863938639,33.983464459034586],[-82.94349310723106,34.01524966758667],[-82.97579675316753,34.04359863737637],[-83.0368147510475,34.099437517265166],[-83.06911839698397,34.15441733746337],[-83.10142204292043,34.1733166506565],[-83.07629698496984,34.22400117240172]]]}},{"type":"Feature","id":"13107","properties":{"name":"Emanuel","county_fips":"13107","state_abbr":"GA"},"geometry":{"type":"Polygon","coordinates":[[[-82.4338133602336,32.76188157900578],[-82.3979204203042,32.77734465343653],[-82.41945618426183,32.81084798136981],[-82.3620274803748,32.81600233951339],[-82.31536665846659,32.83576071239712],[-82.21486642666426,32.80397550384503],[-82.14666984079841,32.812566100751],[-82.08206254892549,32.66308971458714],[-81.99950878708786,32.60725083469834],[-82.03181243302433,32.53852605945059],[-82.07847325493255,32.56000255171551],[-82.14666984079841,32.520485805948056],[-82.1825627807278,32.47409658265582],[-82.18615207472074,32.43372077719776],[-82.2543486605866,32.351251046900465],[-82.23281289662896,32.31860677865778],[-82.27947371853718,32.294553107321065],[-82.35484889238892,32.29197592824928],[-82.35484889238892,32.3134524205142],[-82.40868830228302,32.35382822597225],[-82.38356324433244,32.44059325472254],[-82.4876527701277,32.49213683615836],[-82.64917099981,32.512754268732685],[-82.56302794397944,32.532512641616414],[-82.5953315899159,32.578901864908644],[-82.46252771217712,32.647626640156396],[-82.49842065210652,32.68456620685206],[-82.4517598301983,32.71892859447594],[-82.4338133602336,32.76188157900578]]]}},{"type":"Feature","id":"13109","properties":{"name":"Evans","county_fips":"13109","state_abbr":"GA"},"geometry":{"type":"Polygon","coordinates":[[[-81.97079443514434,32.26878131660316],[-81.89182996729967,32.274794734437336],[-81.81645479344793,32.23785516774167],[-81.78056185351853,32.15280825837258],[-81.75543679556796,32.104700915699155],[-81.71954385563855,32.08923784126841],[-81.76261538355384,32.048002976119754],[-81.88824067330673,32.05058015519155],[-81.98156231712316,32.081506304053036],[-82.02463384503845,32.27909003289032],[-81.97079443514434,32.26878131660316]]]}},{"type":"Feature","id":"13111","properties":{"name":"Fannin","county_fips":"13111","state_abbr":"GA"},"geometry":{"type":"Polygon","coordinates":[[[-84.61969340193401,34.988564297032966],[-84.32178200052,34.988564297032966],[-84.12796012490125,34.98770523734237],[-84.1782102408024,34.95248379002789],[-84.1064243609436,34.88719525354253],[-84.142317300873,34.85369192560925],[-84.13872800688007,34.80730270231702],[-84.09206718497185,34.80128928448284],[-84.10283506695066,34.727410151091505],[-84.15667447684477,34.64837665955659],[-84.18897812278122,34.60284649595496],[-84.1961567107671,34.6183095703857],[-84.19256741677417,34.638927002960024],[-84.25358541465414,34.66469879367793],[-84.25358541465414,34.71796049449494],[-84.31460341253413,34.80730270231702],[-84.42228223232232,34.85712816437164],[-84.61969340193401,34.85541004499044],[-84.61969340193401,34.988564297032966]]]}},{"type":"Feature","id":"13113","properties":{"name":"Fayette","county_fips":"13113","state_abbr":"GA"},"geometry":{"type":"Polygon","coordinates":[[[-84.60892551995519,33.50239103230032],[-84.56944328603285,33.52472658425584],[-84.45817517225171,33.55135743466434],[-84.44022870228702,33.55049837497374],[-84.41869293832939,33.49380043539435],[-84.38279999839997,33.46287428653286],[-84.40074646836469,33.4250756601466],[-84.38279999839997,33.402740108191075],[-84.38638929239292,33.35205558644586],[-84.3935678803788,33.30910260191602],[-84.43305011430114,33.256699960789604],[-84.49765740617406,33.2575590204802],[-84.53355034610345,33.33573345232452],[-84.58738975599756,33.35806900428004],[-84.62687198991989,33.43882061519614],[-84.60892551995519,33.50239103230032]]]}},{"type":"Feature","id":"13115","properties":{"name":"Floyd","county_fips":"13115","state_abbr":"GA"},"geometry":{"type":"Polygon","coordinates":[[[-85.4631774902749,34.28671252981529],[-85.38780231642316,34.28585347012469],[-85.33396290652907,34.37004131980319],[-85.17962326483264,34.43618891597915],[-85.10783738497385,34.58738342152421],[-85.0683551510515,34.58738342152421],[-85.06476585705856,34.54271231761317],[-85.08989091500915,34.541853257922575],[-85.08989091500915,34.46367882607826],[-85.11142667896678,34.46196070669706],[-85.0863016210162,34.40096746866468],[-85.00733715317153,34.392376871758714],[-85.00374785917859,34.346846708157074],[-85.02169432914329,34.346846708157074],[-85.02528362313623,34.21369245611456],[-85.04323009310093,34.21369245611456],[-85.04681938709386,34.096001278502776],[-85.25858773267733,34.10029657695576],[-85.25858773267733,34.07882008469084],[-85.42010596235961,34.080538204072035],[-85.4631774902749,34.28671252981529]]]}},{"type":"Feature","id":"13117","properties":{"name":"Forsyth","county_fips":"13117","state_abbr":"GA"},"geometry":{"type":"Polygon","coordinates":[[[-84.25717470864709,34.18620254601545],[-84.25717470864709,34.334819872488715],[-83.95567401324013,34.333960812798125],[-83.93413824928248,34.2849944104341],[-83.94849542525425,34.23946424683246],[-83.9879776591766,34.19565220261202],[-84.03104918709187,34.19565220261202],[-84.06335283302833,34.16816229251292],[-84.09924577295773,34.122632128911285],[-84.11719224292243,34.06593418933189],[-84.09924577295773,34.05047111490114],[-84.142317300873,34.05562547304473],[-84.18897812278122,34.08655162190621],[-84.25717470864709,34.10974623355233],[-84.25717470864709,34.18620254601545]]]}},{"type":"Feature","id":"13119","properties":{"name":"Franklin","county_fips":"13119","state_abbr":"GA"},"geometry":{"type":"Polygon","coordinates":[[[-83.39933344433445,34.461101647006465],[-83.37420838638386,34.47055130360303],[-83.17679721677216,34.477423781127804],[-83.10501133691336,34.53669889977899],[-83.05117192701927,34.49546403463034],[-83.09424345493454,34.41643054309542],[-83.10860063090631,34.34426952908529],[-83.09424345493454,34.346846708157074],[-83.11218992489924,34.27382663445634],[-83.17320792277923,34.238605187141864],[-83.27370815458154,34.24891390342903],[-83.29883321253212,34.264376977859776],[-83.35626191641916,34.22400117240172],[-83.33831544645446,34.260940739097386],[-83.39215485634855,34.32451115620156],[-83.38138697436975,34.42931643845438],[-83.39933344433445,34.461101647006465]]]}},{"type":"Feature","id":"13121","properties":{"name":"Fulton","county_fips":"13121","state_abbr":"GA"},"geometry":{"type":"Polygon","coordinates":[[[-84.80992598355984,33.57369298661986],[-84.7524972796728,33.630390926199254],[-84.65558634186341,33.66303519444194],[-84.65199704787048,33.683652627016265],[-84.57662187401874,33.74378680535805],[-84.46894305423054,33.827115595345944],[-84.44022870228702,33.88982695275952],[-84.4474072902729,33.90958532564325],[-84.40433576235762,33.94394771326713],[-84.3756214104141,33.98690069779697],[-84.40074646836469,34.014390607896075],[-84.41869293832939,34.07366572654726],[-84.41869293832939,34.10888717386173],[-84.36126423444234,34.12349118860188],[-84.35408564645647,34.176752889418886],[-84.25717470864709,34.18620254601545],[-84.25717470864709,34.10974623355233],[-84.18897812278122,34.08655162190621],[-84.142317300873,34.05562547304473],[-84.09924577295773,34.05047111490114],[-84.16744235882358,34.02813556294562],[-84.18179953479535,33.99892753346533],[-84.2141031807318,34.00408189160891],[-84.26435329663296,33.98690069779697],[-84.27871047260473,33.957692668316675],[-84.34690705847058,33.961128907079065],[-84.35049635246352,33.6475721200112],[-84.45817517225171,33.64843117970179],[-84.45817517225171,33.55135743466434],[-84.56944328603285,33.52472658425584],[-84.60892551995519,33.50239103230032],[-84.61969340193401,33.510981629206285],[-84.84940821748218,33.51184068889688],[-84.81710457154571,33.52043128580285],[-84.83146174751747,33.545344016830164],[-84.80992598355984,33.57369298661986]]]}},{"type":"Feature","id":"13123","properties":{"name":"Gilmer","county_fips":"13123","state_abbr":"GA"},"geometry":{"type":"Polygon","coordinates":[[[-84.61969340193401,34.85541004499044],[-84.42228223232232,34.85712816437164],[-84.31460341253413,34.80730270231702],[-84.25358541465414,34.71796049449494],[-84.25358541465414,34.66469879367793],[-84.19256741677417,34.638927002960024],[-84.1961567107671,34.6183095703857],[-84.25358541465414,34.59769213781137],[-84.25358541465414,34.56848410833108],[-84.33613917649176,34.580510943999435],[-84.34690705847058,34.5624706904969],[-84.37203211642117,34.54872573544735],[-84.65558634186341,34.54872573544735],[-84.65558634186341,34.58308812307123],[-84.65558634186341,34.7291282704727],[-84.63405057790578,34.77208125500255],[-84.58380046200462,34.82534295581955],[-84.61969340193401,34.85541004499044]]]}},{"type":"Feature","id":"13125","properties":{"name":"Glascock","county_fips":"13125","state_abbr":"GA"},"geometry":{"type":"Polygon","coordinates":[[[-82.75684981959819,33.253263722027214],[-82.67788535175352,33.27388115460154],[-82.64558170581705,33.30137106470064],[-82.5594386499865,33.32714285541855],[-82.43022406624065,33.27474021429214],[-82.58456370793708,33.171653051420506],[-82.5773851199512,33.1201094699847],[-82.66352817578175,33.12612288781887],[-82.73890334963349,33.175089290182896],[-82.73172476164761,33.20773355842558],[-82.74967123161231,33.23865970728707],[-82.75684981959819,33.253263722027214]]]}},{"type":"Feature","id":"13127","properties":{"name":"Glynn","county_fips":"13127","state_abbr":"GA"},"geometry":{"type":"Polygon","coordinates":[[[-81.73031173761737,31.32982907478074],[-81.69082950369503,31.400271969409687],[-81.66570444574445,31.39941290971909],[-81.62263291782918,31.4526746105361],[-81.55084703797037,31.37535923838238],[-81.4359896301963,31.3135069406594],[-81.3821502203022,31.31694317942179],[-81.27088210652106,31.29460762746627],[-81.2924178704787,31.20612447933479],[-81.33907869238692,31.18722516614166],[-81.36779304433044,31.13654064439644],[-81.4000966902669,31.133963465324648],[-81.4000966902669,31.072970227292267],[-81.41445386623866,31.026581004000036],[-81.44316821818218,31.016272287712873],[-81.48623974609745,31.034312541215407],[-81.57238280192801,31.097023898628983],[-81.55802562595626,31.121077569965692],[-81.633400799808,31.108191674606744],[-81.6872402097021,31.122795689346887],[-81.76620467754677,31.169184912639118],[-81.76620467754677,31.201829180881802],[-81.73031173761737,31.32982907478074]]]}},{"type":"Feature","id":"13129","properties":{"name":"Gordon","county_fips":"13129","state_abbr":"GA"},"geometry":{"type":"Polygon","coordinates":[[[-85.0683551510515,34.58738342152421],[-85.05040868108681,34.622604868838685],[-84.9247833913339,34.615732391313905],[-84.9140155093551,34.63377264481644],[-84.9068369213692,34.615732391313905],[-84.80274739557396,34.608000854098535],[-84.7166043397434,34.622604868838685],[-84.70583645776458,34.59855119750197],[-84.65558634186341,34.58308812307123],[-84.65558634186341,34.54872573544735],[-84.65199704787048,34.41299430433304],[-84.7345508097081,34.41299430433304],[-84.7345508097081,34.396672170211694],[-84.95349774327742,34.39924934928349],[-84.95349774327742,34.383786274852746],[-85.00733715317153,34.392376871758714],[-85.0863016210162,34.40096746866468],[-85.11142667896678,34.46196070669706],[-85.08989091500915,34.46367882607826],[-85.08989091500915,34.541853257922575],[-85.06476585705856,34.54271231761317],[-85.0683551510515,34.58738342152421]]]}},{"type":"Feature","id":"13131","properties":{"name":"Grady","county_fips":"13131","state_abbr":"GA"},"geometry":{"type":"Polygon","coordinates":[[[-84.3756214104141,31.07898364512645],[-84.11719224292243,31.07812458543585],[-84.11719224292243,30.969883064420635],[-84.07771000900009,30.90631264731647],[-84.08488859698596,30.676084650236497],[-84.28229976659766,30.685534306833063],[-84.37921070440704,30.68982960528605],[-84.3756214104141,31.07898364512645]]]}},{"type":"Feature","id":"13133","properties":{"name":"Greene","county_fips":"13133","state_abbr":"GA"},"geometry":{"type":"Polygon","coordinates":[[[-83.40651203232032,33.69825664175641],[-83.29165462454624,33.73433714876148],[-83.28088674256742,33.76182705886058],[-83.11936851288513,33.699115701447006],[-83.04758263302632,33.71543783556835],[-82.99733251712517,33.69396134330343],[-82.95067169521695,33.661317075060744],[-83.01527898708987,33.580565464144634],[-82.98656463514635,33.52043128580285],[-83.01168969309693,33.468887704367035],[-83.1624400408004,33.35463276551765],[-83.1983329807298,33.395008570975705],[-83.24499380263802,33.399303869428685],[-83.24140450864509,33.41820318262182],[-83.28088674256742,33.483491719107185],[-83.2701188605886,33.533317181161806],[-83.34549403444034,33.60032383702836],[-83.37061909239092,33.656162716917166],[-83.40651203232032,33.69825664175641]]]}},{"type":"Feature","id":"13135","properties":{"name":"Gwinnett","county_fips":"13135","state_abbr":"GA"},"geometry":{"type":"Polygon","coordinates":[[[-84.27871047260473,33.957692668316675],[-84.26435329663296,33.98690069779697],[-84.2141031807318,34.00408189160891],[-84.18179953479535,33.99892753346533],[-84.16744235882358,34.02813556294562],[-84.09924577295773,34.05047111490114],[-84.11719224292243,34.06593418933189],[-84.09924577295773,34.122632128911285],[-84.06335283302833,34.16816229251292],[-83.86953095740957,34.09857845757457],[-83.81928084150842,34.12778648705486],[-83.86953095740957,34.00408189160891],[-83.83722731147311,33.98432351872518],[-83.79774507755077,33.930202758217575],[-83.9807990711907,33.7858807301973],[-84.02387059910599,33.753236461954614],[-84.07412071500714,33.777290133291324],[-84.15667447684477,33.852887386063856],[-84.20333529875299,33.872645758947584],[-84.26076400264002,33.919034982239815],[-84.27871047260473,33.957692668316675]]]}},{"type":"Feature","id":"13137","properties":{"name":"Habersham","county_fips":"13137","state_abbr":"GA"},"geometry":{"type":"Polygon","coordinates":[[[-83.65058402384024,34.82276577674776],[-83.58597673196732,34.82018859767597],[-83.55008379203792,34.749745703047026],[-83.47829791217912,34.723973912329114],[-83.4316370902709,34.74716852397523],[-83.35267262242623,34.716242375113744],[-83.33831544645446,34.68703434563345],[-83.36344050440503,34.67500750996509],[-83.46035144221442,34.480860019890194],[-83.53572661606616,34.492027795867955],[-83.61469108391084,34.43189361752617],[-83.66494119981199,34.503195571845716],[-83.61469108391084,34.553021033900336],[-83.63981614186142,34.57965188430884],[-83.63981614186142,34.622604868838685],[-83.66135190581906,34.65954443553435],[-83.62186967189672,34.73256450923509],[-83.6290482598826,34.76349065809657],[-83.68288766977669,34.800430224792244],[-83.65058402384024,34.82276577674776]]]}},{"type":"Feature","id":"13139","properties":{"name":"Hall","county_fips":"13139","state_abbr":"GA"},"geometry":{"type":"Polygon","coordinates":[[[-83.95567401324013,34.333960812798125],[-83.9807990711907,34.358014484134834],[-83.9807990711907,34.41814866247662],[-83.84440589945899,34.5057727509175],[-83.66494119981199,34.503195571845716],[-83.61469108391084,34.43189361752617],[-83.65417331783317,34.400108408974084],[-83.66853049380494,34.365746021350205],[-83.65058402384024,34.32107491743917],[-83.62186967189672,34.29530312672126],[-83.81928084150842,34.12778648705486],[-83.86953095740957,34.09857845757457],[-84.06335283302833,34.16816229251292],[-84.03104918709187,34.19565220261202],[-83.9879776591766,34.19565220261202],[-83.94849542525425,34.23946424683246],[-83.93413824928248,34.2849944104341],[-83.95567401324013,34.333960812798125]]]}},{"type":"Feature","id":"13141","properties":{"name":"Hancock","county_fips":"13141","state_abbr":"GA"},"geometry":{"type":"Polygon","coordinates":[[[-83.27370815458154,33.187116125851254],[-83.2521723906239,33.259277139861396],[-83.1444935708357,33.30996166160661],[-83.1624400408004,33.35463276551765],[-83.01168969309693,33.468887704367035],[-82.9829753411534,33.44741121210212],[-82.90042157931579,33.43882061519614],[-82.85017146341463,33.44311591364913],[-82.82504640546405,33.42765283921839],[-82.8214571114711,33.37439113840138],[-82.8035106415064,33.36494148180481],[-82.78556417154171,33.26872679645796],[-82.75684981959819,33.253263722027214],[-82.74967123161231,33.23865970728707],[-82.77838558355583,33.23865970728707],[-82.85376075740757,33.19656578244782],[-82.90042157931579,33.128700066890666],[-82.96861816518165,33.10894169400694],[-83.008100399104,33.08059272421723],[-83.05117192701927,33.08059272421723],[-83.10142204292043,33.05052563504634],[-83.11936851288513,33.083169903289026],[-83.09783274892749,33.15103561884618],[-83.19474368673687,33.175948349873494],[-83.27370815458154,33.187116125851254]]]}},{"type":"Feature","id":"13143","properties":{"name":"Haralson","county_fips":"13143","state_abbr":"GA"},"geometry":{"type":"Polygon","coordinates":[[[-85.38780231642316,33.90185378842788],[-85.21192691076911,33.899276609356086],[-85.21192691076911,33.906149086880866],[-85.05040868108681,33.90443096749967],[-85.03605150511505,33.90443096749967],[-85.03964079910799,33.8116525209152],[-85.05040868108681,33.8125115806058],[-85.05040868108681,33.714578775877754],[-85.10783738497385,33.694820402994026],[-85.1401410309103,33.699974761137604],[-85.29089137861378,33.65186741846418],[-85.337552200522,33.652726478154776],[-85.38780231642316,33.90185378842788]]]}},{"type":"Feature","id":"13145","properties":{"name":"Harris","county_fips":"13145","state_abbr":"GA"},"geometry":{"type":"Polygon","coordinates":[[[-85.18680185281852,32.870123100021],[-84.86017609946099,32.8684049806398],[-84.86017609946099,32.87270027909278],[-84.7524972796728,32.8692640403304],[-84.70224716377163,32.844351309303086],[-84.69147928179281,32.82974729456294],[-84.69506857578575,32.58405622305222],[-84.9068369213692,32.583197163361625],[-84.9068369213692,32.60725083469834],[-85.08271232702327,32.60810989438894],[-85.1042480909809,32.645049461084604],[-85.12937314893149,32.751572862718625],[-85.1221945609456,32.77304935498354],[-85.16885538285382,32.8117070410604],[-85.15449820688207,32.84263318992189],[-85.18680185281852,32.870123100021]]]}},{"type":"Feature","id":"13147","properties":{"name":"Hart","county_fips":"13147","state_abbr":"GA"},"geometry":{"type":"Polygon","coordinates":[[[-83.11218992489924,34.27382663445634],[-83.09424345493454,34.346846708157074],[-83.10860063090631,34.34426952908529],[-83.09424345493454,34.41643054309542],[-83.05117192701927,34.49546403463034],[-82.99374322313223,34.479141900509],[-82.90401087330874,34.48601437803377],[-82.87529652136521,34.47570566174661],[-82.8465821694217,34.42072584154841],[-82.83581428744287,34.365746021350205],[-82.7927427595276,34.3399742306323],[-82.77479628956289,34.288430649196485],[-82.91477875528754,34.24805484373843],[-82.97938604716047,34.21025621735217],[-83.0188682810828,34.234309888688884],[-83.07629698496984,34.22400117240172],[-83.11218992489924,34.27382663445634]]]}},{"type":"Feature","id":"13149","properties":{"name":"Heard","county_fips":"13149","state_abbr":"GA"},"geometry":{"type":"Polygon","coordinates":[[[-85.29448067260672,33.42765283921839],[-85.01451574115741,33.425934719837194],[-84.93914056730567,33.22491475223752],[-85.0863016210162,33.171653051420506],[-85.10783738497385,33.194847663066625],[-85.11860526695267,33.163921514205136],[-85.23705196871968,33.12955912658126],[-85.29448067260672,33.42765283921839]]]}},{"type":"Feature","id":"13151","properties":{"name":"Henry","county_fips":"13151","state_abbr":"GA"},"geometry":{"type":"Polygon","coordinates":[[[-84.28229976659766,33.6475721200112],[-84.24640682666826,33.630390926199254],[-84.18538882878829,33.64585400063],[-84.1243708309083,33.5616661509515],[-84.04899565705657,33.541048718377176],[-84.04540636306363,33.525585643946435],[-84.03104918709187,33.498095733847336],[-83.9449061312613,33.48177359972599],[-83.92337036730368,33.44397497333973],[-83.97362048320483,33.40789446633466],[-83.962852601226,33.375250198091976],[-84.03104918709187,33.36150524304242],[-84.05976353903539,33.30996166160661],[-84.10283506695066,33.297934825938256],[-84.14949588885888,33.313397900369],[-84.14949588885888,33.33573345232452],[-84.24640682666826,33.33573345232452],[-84.24999612066121,33.352914646136455],[-84.35408564645647,33.352914646136455],[-84.35408564645647,33.43624343612436],[-84.29306764857648,33.43538437643376],[-84.28229976659766,33.54878025559255],[-84.24281753267532,33.5900151207412],[-84.28229976659766,33.6475721200112]]]}},{"type":"Feature","id":"13153","properties":{"name":"Houston","county_fips":"13153","state_abbr":"GA"},"geometry":{"type":"Polygon","coordinates":[[[-83.84799519345194,32.46894222451224],[-83.79774507755077,32.44660667255672],[-83.79774507755077,32.49643213461134],[-83.74749496164961,32.50502273151731],[-83.74749496164961,32.5342307609976],[-83.71878060970609,32.531653581925816],[-83.71878060970609,32.63474074479744],[-83.70083413974139,32.69143868437684],[-83.70083413974139,32.69229774406743],[-83.66494119981199,32.6742574905649],[-83.59674461394614,32.663948774277735],[-83.5572623800238,32.652780998299974],[-83.53572661606616,32.586633402124015],[-83.54649449804498,32.57202938738387],[-83.51778014610146,32.49900931368313],[-83.48906579415794,32.48526435863358],[-83.49624438214381,32.4526200903909],[-83.49624438214381,32.40193556864568],[-83.52495873408733,32.40193556864568],[-83.61469108391084,32.28853968948689],[-83.84799519345194,32.29111686855868],[-83.83722731147311,32.382177195761955],[-83.84799519345194,32.46894222451224]]]}},{"type":"Feature","id":"13155","properties":{"name":"Irwin","county_fips":"13155","state_abbr":"GA"},"geometry":{"type":"Polygon","coordinates":[[[-83.49983367613676,31.59441945948459],[-83.48906579415794,31.695788502975027],[-83.45317285422854,31.708674398333976],[-83.45317285422854,31.757640800698],[-83.3239582704827,31.7567817410074],[-83.3239582704827,31.68032542854428],[-83.26652956659566,31.67946636885368],[-83.26652956659566,31.654553637826375],[-83.17679721677216,31.651976458754582],[-83.17679721677216,31.678607309163084],[-82.99733251712517,31.673452951019506],[-83.01527898708987,31.635654324633244],[-83.05835051500515,31.611600653296527],[-83.05835051500515,31.565211430004297],[-83.11218992489924,31.478446401254004],[-83.1444935708357,31.47243298341983],[-83.33831544645446,31.47586922218222],[-83.3777976803768,31.481882640016394],[-83.3957441503415,31.531708102071015],[-83.42086920829207,31.55318459433594],[-83.49983367613676,31.570365788147875],[-83.49983367613676,31.59441945948459]]]}},{"type":"Feature","id":"13157","properties":{"name":"Jackson","county_fips":"13157","state_abbr":"GA"},"geometry":{"type":"Polygon","coordinates":[[[-83.81928084150842,34.12778648705486],[-83.62186967189672,34.29530312672126],[-83.56085167401673,34.25235014219142],[-83.48188720617206,34.26179979878798],[-83.40292273832738,34.19737032199321],[-83.36344050440503,34.16386699405994],[-83.35626191641916,34.1166187110771],[-83.38497626836268,34.05047111490114],[-83.3598512104121,34.04016239861398],[-83.49983367613676,33.98775975748757],[-83.53572661606616,33.96628326522265],[-83.56444096800968,34.03157180170801],[-83.61469108391084,34.04703487613875],[-83.7654414316143,34.06507512964129],[-83.81928084150842,34.12778648705486]]]}},{"type":"Feature","id":"13159","properties":{"name":"Jasper","county_fips":"13159","state_abbr":"GA"},"geometry":{"type":"Polygon","coordinates":[[[-83.86235236942369,33.3683777205672],[-83.83004872348724,33.39329045159451],[-83.82645942949429,33.437102495814955],[-83.7726200196002,33.452565570245696],[-83.7367270796708,33.48091454003539],[-83.67570908179081,33.486927957869575],[-83.68288766977669,33.52644470363703],[-83.53213732207321,33.43452531674316],[-83.5393159100591,33.39414951128511],[-83.54649449804498,33.171653051420506],[-83.81569154751547,33.13213630565305],[-83.82287013550135,33.180243648326474],[-83.81569154751547,33.24209594604945],[-83.84081660546605,33.328860974799746],[-83.86235236942369,33.3683777205672]]]}},{"type":"Feature","id":"13161","properties":{"name":"Jeff Davis","county_fips":"13161","state_abbr":"GA"},"geometry":{"type":"Polygon","coordinates":[[[-82.83581428744287,31.816056859658588],[-82.71736758567586,31.885640694596944],[-82.68147464574645,31.920862141911414],[-82.64558170581705,31.91914402253022],[-82.54508147401474,31.958660768297676],[-82.49124206412064,31.948352052010513],[-82.48406347613476,31.96896948458484],[-82.43022406624065,31.966392305513047],[-82.43022406624065,31.83839241161411],[-82.51995641606416,31.83839241161411],[-82.51995641606416,31.71039251771517],[-82.51995641606416,31.67259389132891],[-82.62763523585235,31.67259389132891],[-82.83581428744287,31.67173483163831],[-82.83581428744287,31.816056859658588]]]}},{"type":"Feature","id":"13163","properties":{"name":"Jefferson","county_fips":"13163","state_abbr":"GA"},"geometry":{"type":"Polygon","coordinates":[[[-82.66352817578175,33.12612288781887],[-82.5773851199512,33.1201094699847],[-82.58456370793708,33.171653051420506],[-82.43022406624065,33.27474021429214],[-82.38356324433244,33.3116797809878],[-82.35484889238892,33.3125388406784],[-82.26870583655837,33.26700867707677],[-82.23281289662896,33.23092817007169],[-82.26511654256542,33.15361279791797],[-82.290241600516,33.0625524707147],[-82.2722951305513,32.93798881557815],[-82.31536665846659,32.83576071239712],[-82.3620274803748,32.81600233951339],[-82.41945618426183,32.81084798136981],[-82.3979204203042,32.77734465343653],[-82.4338133602336,32.76188157900578],[-82.45893841818418,32.76789499683996],[-82.51995641606416,32.822015757347565],[-82.52713500405004,32.833183533325325],[-82.50918853408534,32.917371383003825],[-82.53790288602886,32.94743847217472],[-82.54867076800768,33.01959948618486],[-82.59892088390883,33.03162632185321],[-82.66352817578175,33.12612288781887]]]}},{"type":"Feature","id":"13165","properties":{"name":"Jenkins","county_fips":"13165","state_abbr":"GA"},"geometry":{"type":"Polygon","coordinates":[[[-81.76620467754677,32.909639845788455],[-81.87029420334203,32.6733984308743],[-81.8415798513985,32.64934475953759],[-81.99950878708786,32.60725083469834],[-82.08206254892549,32.66308971458714],[-82.14666984079841,32.812566100751],[-82.12513407684077,32.88386805507054],[-82.08206254892549,32.91651232331323],[-81.95643725917259,32.923384800838],[-81.85593702737027,32.95345189000889],[-81.78415114751147,32.928539158981586],[-81.76620467754677,32.909639845788455]]]}},{"type":"Feature","id":"13167","properties":{"name":"Johnson","county_fips":"13167","state_abbr":"GA"},"geometry":{"type":"Polygon","coordinates":[[[-82.94708240122401,32.759304399933995],[-82.8035106415064,32.80998892167921],[-82.76761770157701,32.76875405653056],[-82.68147464574645,32.79710302632026],[-82.6671174697747,32.783358071270705],[-82.5594386499865,32.82029763796638],[-82.51995641606416,32.822015757347565],[-82.45893841818418,32.76789499683996],[-82.4338133602336,32.76188157900578],[-82.4517598301983,32.71892859447594],[-82.49842065210652,32.68456620685206],[-82.46252771217712,32.647626640156396],[-82.5953315899159,32.578901864908644],[-82.56302794397944,32.532512641616414],[-82.64917099981,32.512754268732685],[-82.67429605776057,32.52392204471044],[-82.6671174697747,32.612405192841926],[-82.79633205352053,32.66051253551535],[-82.78556417154171,32.686284326233256],[-82.86452863938639,32.71549235571355],[-82.95785028320283,32.70861987818878],[-82.94708240122401,32.759304399933995]]]}},{"type":"Feature","id":"13169","properties":{"name":"Jones","county_fips":"13169","state_abbr":"GA"},"geometry":{"type":"Polygon","coordinates":[[[-83.81569154751547,33.13213630565305],[-83.54649449804498,33.171653051420506],[-83.42804779627797,33.18539800647006],[-83.4136906203062,33.10550545524455],[-83.35626191641916,32.92596197990979],[-83.40651203232032,32.898472069810694],[-83.51419085210851,32.84521036899368],[-83.60033390793907,32.88816335352353],[-83.65776261182612,32.88816335352353],[-83.69724484574846,32.91651232331323],[-83.71160202172021,32.952592830318295],[-83.74749496164961,33.0634115304053],[-83.81569154751547,33.13213630565305]]]}},{"type":"Feature","id":"13171","properties":{"name":"Lamar","county_fips":"13171","state_abbr":"GA"},"geometry":{"type":"Polygon","coordinates":[[[-84.24640682666826,33.18883424523245],[-84.22487106271062,33.179384588635884],[-84.1243708309083,33.178525528945286],[-84.1243708309083,33.202579200281995],[-84.04181706907069,33.202579200281995],[-84.04181706907069,33.029049142781425],[-84.05258495104951,32.93111633805337],[-84.1243708309083,32.93197539774397],[-84.12078153691536,32.98953239701397],[-84.27153188461884,32.991250516395155],[-84.24999612066121,33.03935785906859],[-84.24640682666826,33.18883424523245]]]}},{"type":"Feature","id":"13173","properties":{"name":"Lanier","county_fips":"13173","state_abbr":"GA"},"geometry":{"type":"Polygon","coordinates":[[[-83.04758263302632,31.18378892737927],[-82.97220745917458,31.18378892737927],[-82.97220745917458,30.869373080620804],[-83.0188682810828,30.849614707737075],[-83.02245757507575,30.90287640855408],[-83.04399333903339,30.94754751246512],[-83.1803865107651,30.950124691536907],[-83.1803865107651,31.02572194430944],[-83.1983329807298,31.02572194430944],[-83.1983329807298,31.061802451314506],[-83.16602933479335,31.062661511005103],[-83.16602933479335,31.146849360683603],[-83.0368147510475,31.146849360683603],[-83.04758263302632,31.18378892737927]]]}},{"type":"Feature","id":"13175","properties":{"name":"Laurens","county_fips":"13175","state_abbr":"GA"},"geometry":{"type":"Polygon","coordinates":[[[-83.22704733267332,32.58405622305222],[-82.95785028320283,32.70861987818878],[-82.86452863938639,32.71549235571355],[-82.78556417154171,32.686284326233256],[-82.79633205352053,32.66051253551535],[-82.6671174697747,32.612405192841926],[-82.67429605776057,32.52392204471044],[-82.64917099981,32.512754268732685],[-82.64558170581705,32.46894222451224],[-82.6850639397394,32.46035162760627],[-82.69583182171822,32.417398643076424],[-82.74967123161231,32.328915494944944],[-82.72095687966879,32.309157122061215],[-82.85735005140052,32.19404312352123],[-82.88606440334404,32.19576124290242],[-82.99015392913928,32.147653900228995],[-83.13731498284983,32.4234120609106],[-83.22704733267332,32.58405622305222]]]}},{"type":"Feature","id":"13177","properties":{"name":"Lee","county_fips":"13177","state_abbr":"GA"},"geometry":{"type":"Polygon","coordinates":[[[-83.92337036730368,31.909694365933653],[-83.93772754327543,31.847842068210674],[-83.97720977719777,31.80317096429964],[-84.00951342313422,31.801452844918444],[-83.9879776591766,31.765372337913377],[-84.03104918709187,31.716405935549354],[-84.01669201112011,31.650258339373387],[-84.04181706907069,31.623627488964885],[-84.29665694256943,31.62190936958369],[-84.29665694256943,31.698365682046813],[-84.2858890605906,31.79114412863128],[-84.26076400264002,31.79114412863128],[-84.26076400264002,31.828083695326946],[-84.29306764857648,31.865023262022618],[-84.3397284704847,31.873613858928586],[-84.3397284704847,31.916566843458426],[-83.92337036730368,31.909694365933653]]]}},{"type":"Feature","id":"13179","properties":{"name":"Liberty","county_fips":"13179","state_abbr":"GA"},"geometry":{"type":"Polygon","coordinates":[[[-81.76261538355384,32.048002976119754],[-81.71954385563855,32.08923784126841],[-81.69441879768797,32.08837878157781],[-81.64057938779388,32.04972109550095],[-81.59391856588566,31.992164096230958],[-81.59391856588566,31.971546663656632],[-81.52213268602685,31.958660768297676],[-81.47547186411863,31.974123842728424],[-81.46470398213982,31.950070171391708],[-81.40368598425984,31.937184276032752],[-81.37856092630926,31.848701127901272],[-81.3462572803728,31.823788396873965],[-81.33190010440104,31.840110530995304],[-81.3103643404434,31.790285068940683],[-81.27806069450695,31.79458036739367],[-81.26011422454225,31.75334550224502],[-81.19909622666226,31.72585559214592],[-81.18473905069051,31.701801920809203],[-81.1308996407964,31.695788502975027],[-81.13448893478935,31.623627488964885],[-81.17397116871169,31.55576177340773],[-81.19550693266932,31.567788609076082],[-81.19550693266932,31.608164414534137],[-81.26011422454225,31.650258339373387],[-81.3642037503375,31.654553637826375],[-81.43240033620336,31.64080868277682],[-81.49341833408334,31.69922474173741],[-81.64057938779388,31.765372337913377],[-81.64416868178681,31.785989770487703],[-81.6872402097021,31.809184382133814],[-81.76620467754677,31.874472918619183],[-81.74466891358914,31.936325216342155],[-81.74825820758207,31.96896948458484],[-81.79491902949029,31.977560081490807],[-81.82363338143381,32.01449964818648],[-81.76261538355384,32.048002976119754]]]}},{"type":"Feature","id":"13181","properties":{"name":"Lincoln","county_fips":"13181","state_abbr":"GA"},"geometry":{"type":"Polygon","coordinates":[[[-82.64558170581705,33.98432351872518],[-82.60251017790178,33.980028220272196],[-82.56302794397944,33.95597454893549],[-82.52354571005709,33.94308865357653],[-82.45534912419124,33.88123635585355],[-82.35125959839598,33.83656525194252],[-82.24717007260072,33.75237740226402],[-82.2184557206572,33.68622980608806],[-82.27588442454424,33.68451168670686],[-82.3081880704807,33.7008338208282],[-82.41227759627596,33.66647143320433],[-82.42663477224772,33.65100835877358],[-82.48047418214182,33.63984058279582],[-82.57379582595826,33.7858807301973],[-82.5953315899159,33.82883371472714],[-82.5773851199512,33.87436387832878],[-82.60609947189472,33.85975986358863],[-82.64558170581705,33.98432351872518]]]}},{"type":"Feature","id":"13183","properties":{"name":"Long","county_fips":"13183","state_abbr":"GA"},"geometry":{"type":"Polygon","coordinates":[[[-81.82363338143381,32.01449964818648],[-81.79491902949029,31.977560081490807],[-81.74825820758207,31.96896948458484],[-81.74466891358914,31.936325216342155],[-81.76620467754677,31.874472918619183],[-81.6872402097021,31.809184382133814],[-81.64416868178681,31.785989770487703],[-81.64057938779388,31.765372337913377],[-81.49341833408334,31.69922474173741],[-81.56520421394214,31.576379205982057],[-81.66211515175152,31.538580579595788],[-81.69800809168092,31.554043654026536],[-81.69800809168092,31.578097325363245],[-81.79132973549736,31.63393620525205],[-81.81286549945499,31.664862354113538],[-81.85234773337733,31.667439533185323],[-81.90977643726437,31.74990926348263],[-81.97079443514434,31.789426009250086],[-81.91336573125731,31.886499754287534],[-81.88106208532085,31.91828496283962],[-81.8774727913279,31.968110424894242],[-81.82363338143381,32.01449964818648]]]}},{"type":"Feature","id":"13185","properties":{"name":"Lowndes","county_fips":"13185","state_abbr":"GA"},"geometry":{"type":"Polygon","coordinates":[[[-83.47470861818618,31.031735362143614],[-83.29524391853919,31.027440063690634],[-83.1983329807298,31.02572194430944],[-83.1803865107651,31.02572194430944],[-83.1803865107651,30.950124691536907],[-83.04399333903339,30.94754751246512],[-83.02245757507575,30.90287640855408],[-83.0188682810828,30.849614707737075],[-83.08706486694867,30.848755648046478],[-83.10501133691336,30.804084544135435],[-83.13372568885688,30.78948052939529],[-83.13731498284983,30.623682009110084],[-83.27370815458154,30.632272606016052],[-83.35626191641916,30.637426964159637],[-83.36344050440503,30.65890345642456],[-83.43881567825677,30.688970545595453],[-83.48547650016499,30.75254096269962],[-83.45676214822149,30.765426858058575],[-83.4495835602356,30.817829499184988],[-83.42445850228502,30.815252320113196],[-83.35267262242623,30.841883170521697],[-83.37061909239092,30.883977095360947],[-83.43881567825677,30.904594527935274],[-83.42804779627797,30.94840657215572],[-83.47470861818618,31.031735362143614]]]}},{"type":"Feature","id":"13187","properties":{"name":"Lumpkin","county_fips":"13187","state_abbr":"GA"},"geometry":{"type":"Polygon","coordinates":[[[-84.18897812278122,34.60284649595496],[-84.15667447684477,34.64837665955659],[-84.1243708309083,34.66469879367793],[-84.03822777507774,34.642363241722414],[-83.99515624716247,34.67844374872748],[-83.98438836518365,34.716242375113744],[-83.93772754327543,34.74115510614106],[-83.85517378143781,34.72225579294793],[-83.87312025140251,34.67500750996509],[-83.86594166341663,34.55044385482854],[-83.83363801748017,34.53240360132601],[-83.84440589945899,34.5057727509175],[-83.9807990711907,34.41814866247662],[-84.1064243609436,34.46625600515004],[-84.19256741677417,34.54271231761317],[-84.18897812278122,34.60284649595496]]]}},{"type":"Feature","id":"13193","properties":{"name":"Macon","county_fips":"13193","state_abbr":"GA"},"geometry":{"type":"MultiPolygon","coordinates":[[[[-84.00233483514835,32.52993546254462],[-84.00951342313422,32.52134486563865],[-84.05258495104951,32.52220392532925],[-84.00233483514835,32.52993546254462]]],[[[-84.25358541465414,32.37186847947479],[-84.25358541465414,32.3959221508115],[-84.1961567107671,32.401076508955086],[-84.12078153691536,32.505881791207905],[-84.05258495104951,32.52220392532925],[-84.01669201112011,32.5067408508985],[-83.93413824928248,32.505881791207905],[-83.84799519345194,32.46894222451224],[-83.83722731147311,32.382177195761955],[-83.84799519345194,32.29111686855868],[-83.89824530935309,32.28080815227152],[-83.96644189521895,32.248163884028834],[-84.02745989309892,32.170848511875114],[-84.08488859698596,32.19146594444944],[-84.13513871288713,32.18545252661526],[-84.13513871288713,32.22754645145451],[-84.18179953479535,32.2301236305263],[-84.22128176871769,32.2309826902169],[-84.21769247472474,32.29541216701166],[-84.25717470864709,32.29627122670226],[-84.25358541465414,32.37186847947479]]]]}},{"type":"Feature","id":"13195","properties":{"name":"Madison","county_fips":"13195","state_abbr":"GA"},"geometry":{"type":"Polygon","coordinates":[[[-83.40292273832738,34.19737032199321],[-83.35626191641916,34.22400117240172],[-83.29883321253212,34.264376977859776],[-83.27370815458154,34.24891390342903],[-83.17320792277923,34.238605187141864],[-83.11218992489924,34.27382663445634],[-83.07629698496984,34.22400117240172],[-83.10142204292043,34.1733166506565],[-83.06911839698397,34.15441733746337],[-83.0368147510475,34.099437517265166],[-82.97579675316753,34.04359863737637],[-83.04758263302632,34.01610872727727],[-83.12295780687806,34.04789393582935],[-83.21986874468745,34.00064565284652],[-83.25935097860979,33.99892753346533],[-83.3598512104121,34.04016239861398],[-83.38497626836268,34.05047111490114],[-83.35626191641916,34.1166187110771],[-83.36344050440503,34.16386699405994],[-83.40292273832738,34.19737032199321]]]}},{"type":"Feature","id":"13197","properties":{"name":"Marion","county_fips":"13197","state_abbr":"GA"},"geometry":{"type":"Polygon","coordinates":[[[-84.63763987189871,32.5350898206882],[-84.58380046200462,32.52306298501984],[-84.56585399203992,32.540244178831784],[-84.50483599415993,32.54196229821298],[-84.49047881818818,32.56172067109671],[-84.44381799627996,32.56172067109671],[-84.45458587825878,32.5342307609976],[-84.43305011430114,32.49299589584895],[-84.40792505635056,32.48526435863358],[-84.3935678803788,32.413962404314034],[-84.38997858638587,32.29713028639286],[-84.4115143503435,32.29713028639286],[-84.4115143503435,32.231841749907495],[-84.4294608203082,32.231841749907495],[-84.4294608203082,32.16655321342213],[-84.4294608203082,32.13390894517945],[-84.52637175811758,32.13476800487004],[-84.56585399203992,32.189747825068245],[-84.60174693196932,32.19060688475884],[-84.61969340193401,32.23270080959809],[-84.64840775387754,32.23270080959809],[-84.65917563585636,32.23270080959809],[-84.65558634186341,32.494714015230144],[-84.63763987189871,32.5350898206882]]]}},{"type":"Feature","id":"13189","properties":{"name":"McDuffie","county_fips":"13189","state_abbr":"GA"},"geometry":{"type":"Polygon","coordinates":[[[-82.48047418214182,33.63984058279582],[-82.42663477224772,33.65100835877358],[-82.44099194821948,33.638122463414625],[-82.41227759627596,33.587437941669414],[-82.43740265422655,33.549639315283144],[-82.38356324433244,33.529880942399416],[-82.40150971429713,33.51613598734987],[-82.38356324433244,33.46716958498585],[-82.33690242242422,33.41992130200301],[-82.34049171641716,33.40531728726287],[-82.29383089450894,33.35463276551765],[-82.35484889238892,33.3125388406784],[-82.38356324433244,33.3116797809878],[-82.4517598301983,33.3408878104681],[-82.50918853408534,33.341746870158694],[-82.54508147401474,33.37439113840138],[-82.55226006200061,33.41562600355003],[-82.58456370793708,33.4499883911739],[-82.64917099981,33.60891443393433],[-82.61686735387353,33.61235067269672],[-82.58456370793708,33.65014929908298],[-82.54508147401474,33.63898152310522],[-82.5055992400924,33.65959895567955],[-82.48047418214182,33.63984058279582]]]}},{"type":"Feature","id":"13191","properties":{"name":"McIntosh","county_fips":"13191","state_abbr":"GA"},"geometry":{"type":"Polygon","coordinates":[[[-81.66211515175152,31.538580579595788],[-81.56520421394214,31.576379205982057],[-81.49341833408334,31.69922474173741],[-81.43240033620336,31.64080868277682],[-81.3642037503375,31.654553637826375],[-81.26011422454225,31.650258339373387],[-81.19550693266932,31.608164414534137],[-81.19550693266932,31.567788609076082],[-81.26011422454225,31.548030236192353],[-81.26011422454225,31.529130922999222],[-81.19909622666226,31.53772151990519],[-81.17756046270462,31.51710408733087],[-81.26011422454225,31.404567267862674],[-81.28164998849988,31.326392836018357],[-81.27088210652106,31.29460762746627],[-81.3821502203022,31.31694317942179],[-81.4359896301963,31.3135069406594],[-81.55084703797037,31.37535923838238],[-81.62263291782918,31.4526746105361],[-81.61186503585036,31.46899674465744],[-81.65852585775858,31.51023160980609],[-81.66211515175152,31.538580579595788]]]}},{"type":"Feature","id":"13199","properties":{"name":"Meriwether","county_fips":"13199","state_abbr":"GA"},"geometry":{"type":"Polygon","coordinates":[[[-84.86376539345393,33.191411424304235],[-84.85299751147511,33.22319663285632],[-84.501246700167,33.22147851347513],[-84.49765740617406,33.183679887088864],[-84.5191931701317,33.121827589365886],[-84.5371396400964,33.009290769897696],[-84.52637175811758,32.970633083820836],[-84.52637175811758,32.91307608455084],[-84.50842528815288,32.88214993568935],[-84.56944328603285,32.84521036899368],[-84.70224716377163,32.844351309303086],[-84.7524972796728,32.8692640403304],[-84.86017609946099,32.87270027909278],[-84.86376539345393,32.96977402413024],[-84.86376539345393,33.191411424304235]]]}},{"type":"Feature","id":"13201","properties":{"name":"Miller","county_fips":"13201","state_abbr":"GA"},"geometry":{"type":"Polygon","coordinates":[[[-84.64122916589166,31.259386180151793],[-84.5371396400964,31.25594994138941],[-84.54431822808228,31.07898364512645],[-84.64481845988459,31.07984270481704],[-84.64481845988459,31.06781586914869],[-84.73096151571515,31.069533988529876],[-84.92119409734097,31.072970227292267],[-84.91760480334803,31.25594994138941],[-84.64122916589166,31.259386180151793]]]}},{"type":"Feature","id":"13205","properties":{"name":"Mitchell","county_fips":"13205","state_abbr":"GA"},"geometry":{"type":"Polygon","coordinates":[[[-84.142317300873,31.439788715177144],[-83.99874554115542,31.444084013630132],[-83.99874554115542,31.334983432924325],[-84.00233483514835,31.077265525745254],[-84.11719224292243,31.07812458543585],[-84.3756214104141,31.07898364512645],[-84.50842528815288,31.07812458543585],[-84.50842528815288,31.123654749037485],[-84.36485352843528,31.239627807268064],[-84.31460341253413,31.32209753756537],[-84.19974600476004,31.35560086549865],[-84.1961567107671,31.392540432194316],[-84.15308518285183,31.41401692445924],[-84.142317300873,31.439788715177144]]]}},{"type":"Feature","id":"13207","properties":{"name":"Monroe","county_fips":"13207","state_abbr":"GA"},"geometry":{"type":"Polygon","coordinates":[[[-84.1243708309083,32.93197539774397],[-84.05258495104951,32.93111633805337],[-84.04181706907069,33.029049142781425],[-84.04181706907069,33.202579200281995],[-83.85876307543076,33.2008610809008],[-83.82287013550135,33.180243648326474],[-83.81569154751547,33.13213630565305],[-83.74749496164961,33.0634115304053],[-83.71160202172021,32.952592830318295],[-83.89106672136721,32.84864660775607],[-84.1243708309083,32.84950566744667],[-84.1243708309083,32.93197539774397]]]}},{"type":"Feature","id":"13209","properties":{"name":"Montgomery","county_fips":"13209","state_abbr":"GA"},"geometry":{"type":"Polygon","coordinates":[[[-82.40868830228302,32.35382822597225],[-82.43740265422655,32.29283498793988],[-82.44099194821948,32.21809679485794],[-82.48406347613476,31.96896948458484],[-82.49124206412064,31.948352052010513],[-82.54508147401474,31.958660768297676],[-82.54867076800768,31.981855379943795],[-82.59892088390883,32.01364058849588],[-82.60968876588765,32.08923784126841],[-82.62763523585235,32.13304988548885],[-82.62404594185942,32.206069959189584],[-82.64917099981,32.244727645266444],[-82.65634958779587,32.297989346083455],[-82.64917099981,32.31087524144241],[-82.40868830228302,32.35382822597225]]]}},{"type":"Feature","id":"13211","properties":{"name":"Morgan","county_fips":"13211","state_abbr":"GA"},"geometry":{"type":"Polygon","coordinates":[[[-83.67929837578376,33.59688759826598],[-83.50701226412264,33.81766593874938],[-83.47829791217912,33.80220286431864],[-83.44599426624266,33.722310313093125],[-83.40651203232032,33.69825664175641],[-83.37061909239092,33.656162716917166],[-83.34549403444034,33.60032383702836],[-83.2701188605886,33.533317181161806],[-83.28088674256742,33.483491719107185],[-83.53213732207321,33.43452531674316],[-83.68288766977669,33.52644470363703],[-83.67929837578376,33.59688759826598]]]}},{"type":"Feature","id":"13213","properties":{"name":"Murray","county_fips":"13213","state_abbr":"GA"},"geometry":{"type":"Polygon","coordinates":[[[-84.80992598355984,34.98770523734237],[-84.77762233762337,34.98770523734237],[-84.61969340193401,34.988564297032966],[-84.61969340193401,34.85541004499044],[-84.58380046200462,34.82534295581955],[-84.63405057790578,34.77208125500255],[-84.65558634186341,34.7291282704727],[-84.65558634186341,34.58308812307123],[-84.70583645776458,34.59855119750197],[-84.7166043397434,34.622604868838685],[-84.80274739557396,34.608000854098535],[-84.9068369213692,34.615732391313905],[-84.9140155093551,34.63377264481644],[-84.94272986129862,34.67930280841808],[-84.8888904514045,34.67844374872748],[-84.9247833913339,34.716242375113744],[-84.86376539345393,34.707651778207776],[-84.85299751147511,34.74888664335643],[-84.86376539345393,34.81417517984179],[-84.84222962949629,34.86056440313403],[-84.81710457154571,34.876886537255366],[-84.84222962949629,34.91812140240402],[-84.80992598355984,34.98770523734237]]]}},{"type":"Feature","id":"13215","properties":{"name":"Muscogee","county_fips":"13215","state_abbr":"GA"},"geometry":{"type":"Polygon","coordinates":[[[-84.69506857578575,32.58405622305222],[-84.66635422384223,32.564297850168494],[-84.69506857578575,32.51876768656686],[-84.72378292772927,32.5075999105891],[-84.76685445564455,32.420834881838815],[-84.88171186341863,32.41052616555165],[-84.94631915529155,32.37616377792777],[-84.98221209522094,32.37788189730897],[-84.96426562525625,32.42255300122001],[-84.99656927119271,32.45347915008149],[-85.00374785917859,32.51017708966089],[-85.02169432914329,32.54282135790357],[-85.08271232702327,32.60810989438894],[-84.9068369213692,32.60725083469834],[-84.9068369213692,32.583197163361625],[-84.69506857578575,32.58405622305222]]]}},{"type":"Feature","id":"13217","properties":{"name":"Newton","county_fips":"13217","state_abbr":"GA"},"geometry":{"type":"Polygon","coordinates":[[[-84.04540636306363,33.525585643946435],[-83.93054895528955,33.65100835877358],[-83.91260248532485,33.71200159680596],[-83.91619177931778,33.74378680535805],[-83.75826284362843,33.6467130603206],[-83.73313778567785,33.64585400063],[-83.67929837578376,33.59688759826598],[-83.68288766977669,33.52644470363703],[-83.67570908179081,33.486927957869575],[-83.7367270796708,33.48091454003539],[-83.7726200196002,33.452565570245696],[-83.82645942949429,33.437102495814955],[-83.83004872348724,33.39329045159451],[-83.86235236942369,33.3683777205672],[-83.91260248532485,33.417344122931226],[-83.92337036730368,33.44397497333973],[-83.9449061312613,33.48177359972599],[-84.03104918709187,33.498095733847336],[-84.04540636306363,33.525585643946435]]]}},{"type":"Feature","id":"13219","properties":{"name":"Oconee","county_fips":"13219","state_abbr":"GA"},"geometry":{"type":"Polygon","coordinates":[[[-83.6469947298473,33.906149086880866],[-83.53572661606616,33.96628326522265],[-83.50701226412264,33.93106181790817],[-83.42086920829207,33.926766519455185],[-83.3239582704827,33.85460550544505],[-83.27729744857449,33.84773302792027],[-83.30601180051801,33.8116525209152],[-83.28088674256742,33.76182705886058],[-83.29165462454624,33.73433714876148],[-83.40651203232032,33.69825664175641],[-83.44599426624266,33.722310313093125],[-83.47829791217912,33.80220286431864],[-83.50701226412264,33.81766593874938],[-83.5752088499885,33.84859208761087],[-83.58238743797438,33.883813534925345],[-83.6290482598826,33.88724977368773],[-83.6469947298473,33.906149086880866]]]}},{"type":"Feature","id":"13221","properties":{"name":"Oglethorpe","county_fips":"13221","state_abbr":"GA"},"geometry":{"type":"Polygon","coordinates":[[[-83.27729744857449,33.84773302792027],[-83.24140450864509,33.90443096749967],[-83.27370815458154,33.94222959388593],[-83.25935097860979,33.99892753346533],[-83.21986874468745,34.00064565284652],[-83.12295780687806,34.04789393582935],[-83.04758263302632,34.01610872727727],[-82.97579675316753,34.04359863737637],[-82.94349310723106,34.01524966758667],[-82.86452863938639,33.983464459034586],[-82.77838558355583,33.97143762336623],[-82.7927427595276,33.949961131101304],[-82.87529652136521,33.92161216131161],[-82.92195734327343,33.857182684516836],[-82.94349310723106,33.84859208761087],[-82.98656463514635,33.780726372053714],[-82.95067169521695,33.733478089070886],[-82.99733251712517,33.69396134330343],[-83.04758263302632,33.71543783556835],[-83.11936851288513,33.699115701447006],[-83.28088674256742,33.76182705886058],[-83.30601180051801,33.8116525209152],[-83.27729744857449,33.84773302792027]]]}},{"type":"Feature","id":"13223","properties":{"name":"Paulding","county_fips":"13223","state_abbr":"GA"},"geometry":{"type":"Polygon","coordinates":[[[-84.92119409734097,34.08225632345323],[-84.73814010370103,34.07967914438144],[-84.73814010370103,33.94738395202951],[-84.72378292772927,33.94738395202951],[-84.72378292772927,33.806498162771625],[-84.72378292772927,33.788457909269084],[-84.87812256942568,33.77471295421954],[-84.90324762737627,33.780726372053714],[-85.03964079910799,33.8116525209152],[-85.03605150511505,33.90443096749967],[-85.05040868108681,33.90443096749967],[-85.05040868108681,33.9525383101731],[-84.97862280122801,33.9516792504825],[-84.92119409734097,34.08225632345323]]]}},{"type":"Feature","id":"13225","properties":{"name":"Peach","county_fips":"13225","state_abbr":"GA"},"geometry":{"type":"Polygon","coordinates":[[[-84.00951342313422,32.52134486563865],[-84.00233483514835,32.52993546254462],[-83.7654414316143,32.69229774406743],[-83.70083413974139,32.69143868437684],[-83.71878060970609,32.63474074479744],[-83.71878060970609,32.531653581925816],[-83.74749496164961,32.5342307609976],[-83.74749496164961,32.50502273151731],[-83.79774507755077,32.49643213461134],[-83.79774507755077,32.44660667255672],[-83.84799519345194,32.46894222451224],[-83.93413824928248,32.505881791207905],[-84.01669201112011,32.5067408508985],[-84.00951342313422,32.52134486563865]]]}},{"type":"Feature","id":"13227","properties":{"name":"Pickens","county_fips":"13227","state_abbr":"GA"},"geometry":{"type":"Polygon","coordinates":[[[-84.65558634186341,34.54872573544735],[-84.37203211642117,34.54872573544735],[-84.34690705847058,34.5624706904969],[-84.31819270652706,34.46797412453124],[-84.25717470864709,34.465396945459446],[-84.25717470864709,34.38120909578095],[-84.58380046200462,34.38120909578095],[-84.58380046200462,34.41213524464244],[-84.65199704787048,34.41299430433304],[-84.65558634186341,34.54872573544735]]]}},{"type":"Feature","id":"13229","properties":{"name":"Pierce","county_fips":"13229","state_abbr":"GA"},"geometry":{"type":"Polygon","coordinates":[[[-82.4158668902689,31.41745316322163],[-82.34408101041011,31.43033905858058],[-82.30100948249482,31.46813768496684],[-82.30100948249482,31.493050415994155],[-82.26870583655837,31.493050415994155],[-82.22563430864308,31.530849042380417],[-82.15384842878429,31.470714864038634],[-82.13231266482664,31.47157392372923],[-82.08924113691137,31.4801645206352],[-82.05334819698197,31.454392729917295],[-82.0569374909749,31.408862566315655],[-82.04258031500315,31.373641119001185],[-82.0210445510455,31.327251895708955],[-81.99233019910199,31.308352582515816],[-82.00668737507375,31.277426433654334],[-82.11436619486194,31.270553956129554],[-82.14666984079841,31.25251370262702],[-82.14666984079841,31.226741911909116],[-82.19333066270663,31.207842598715985],[-82.28306301253012,31.224164732837323],[-82.31536665846659,31.22588285221852],[-82.35843818638186,31.26368147860478],[-82.39074183231833,31.31092976158761],[-82.39074183231833,31.365050522095217],[-82.4158668902689,31.41745316322163]]]}},{"type":"Feature","id":"13231","properties":{"name":"Pike","county_fips":"13231","state_abbr":"GA"},"geometry":{"type":"Polygon","coordinates":[[[-84.49765740617406,33.183679887088864],[-84.45099658426584,33.20859261811618],[-84.3935678803788,33.20859261811618],[-84.37203211642117,33.18969330492305],[-84.24640682666826,33.18883424523245],[-84.24999612066121,33.03935785906859],[-84.27153188461884,32.991250516395155],[-84.49047881818818,32.99382769546695],[-84.52637175811758,32.970633083820836],[-84.5371396400964,33.009290769897696],[-84.5191931701317,33.121827589365886],[-84.49765740617406,33.183679887088864]]]}},{"type":"Feature","id":"13233","properties":{"name":"Polk","county_fips":"13233","state_abbr":"GA"},"geometry":{"type":"Polygon","coordinates":[[[-85.42010596235961,34.080538204072035],[-85.25858773267733,34.07882008469084],[-85.25858773267733,34.10029657695576],[-85.04681938709386,34.096001278502776],[-85.04681938709386,34.08311538314383],[-84.92119409734097,34.08225632345323],[-84.97862280122801,33.9516792504825],[-85.05040868108681,33.9525383101731],[-85.05040868108681,33.90443096749967],[-85.21192691076911,33.906149086880866],[-85.21192691076911,33.899276609356086],[-85.38780231642316,33.90185378842788],[-85.39857019840198,33.96370608615086],[-85.42010596235961,34.080538204072035]]]}},{"type":"Feature","id":"13235","properties":{"name":"Pulaski","county_fips":"13235","state_abbr":"GA"},"geometry":{"type":"Polygon","coordinates":[[[-83.61469108391084,32.28853968948689],[-83.52495873408733,32.40193556864568],[-83.49624438214381,32.40193556864568],[-83.34549403444034,32.27221755536555],[-83.37420838638386,32.24988200341003],[-83.29165462454624,32.178580049090485],[-83.3239582704827,32.15023107930079],[-83.30601180051801,32.13304988548885],[-83.33831544645446,32.105559975389745],[-83.3598512104121,32.123600228892286],[-83.41727991429914,32.13304988548885],[-83.43522638426384,32.1175868110581],[-83.60751249592495,32.1184458707487],[-83.60751249592495,32.28853968948689],[-83.61469108391084,32.28853968948689]]]}},{"type":"Feature","id":"13237","properties":{"name":"Putnam","county_fips":"13237","state_abbr":"GA"},"geometry":{"type":"Polygon","coordinates":[[[-83.53213732207321,33.43452531674316],[-83.28088674256742,33.483491719107185],[-83.24140450864509,33.41820318262182],[-83.24499380263802,33.399303869428685],[-83.1983329807298,33.395008570975705],[-83.1624400408004,33.35463276551765],[-83.1444935708357,33.30996166160661],[-83.2521723906239,33.259277139861396],[-83.27370815458154,33.187116125851254],[-83.36344050440503,33.180243648326474],[-83.42804779627797,33.18539800647006],[-83.54649449804498,33.171653051420506],[-83.5393159100591,33.39414951128511],[-83.53213732207321,33.43452531674316]]]}},{"type":"Feature","id":"13239","properties":{"name":"Quitman","county_fips":"13239","state_abbr":"GA"},"geometry":{"type":"Polygon","coordinates":[[[-85.06117656306563,31.990445976849763],[-85.04323009310093,31.975841962109612],[-84.95349774327742,31.974982902419022],[-84.95349774327742,31.950070171391708],[-84.9068369213692,31.924298380673804],[-84.91042621536215,31.77654011389113],[-84.95708703727037,31.778258233272325],[-85.07553373903738,31.771385755747552],[-85.12578385493855,31.77997635265352],[-85.1401410309103,31.839251471304706],[-85.12937314893149,31.877909157381566],[-85.07912303303033,31.939761455104545],[-85.06117656306563,31.990445976849763]]]}},{"type":"Feature","id":"13241","properties":{"name":"Rabun","county_fips":"13241","state_abbr":"GA"},"geometry":{"type":"Polygon","coordinates":[[[-83.55008379203792,34.992859595485946],[-83.48188720617206,34.993718655176544],[-83.10860063090631,35.000591132701324],[-83.11936851288513,34.938738834978345],[-83.23063662666627,34.880322776017756],[-83.3239582704827,34.79012150850508],[-83.32036897648976,34.75919535964359],[-83.35267262242623,34.716242375113744],[-83.4316370902709,34.74716852397523],[-83.47829791217912,34.723973912329114],[-83.55008379203792,34.749745703047026],[-83.58597673196732,34.82018859767597],[-83.65058402384024,34.82276577674776],[-83.65776261182612,34.87860465663656],[-83.60033390793907,34.912967044260434],[-83.60033390793907,34.938738834978345],[-83.54649449804498,34.946470372193716],[-83.55008379203792,34.992859595485946]]]}},{"type":"Feature","id":"13243","properties":{"name":"Randolph","county_fips":"13243","state_abbr":"GA"},"geometry":{"type":"Polygon","coordinates":[[[-84.95708703727037,31.778258233272325],[-84.91042621536215,31.77654011389113],[-84.9068369213692,31.924298380673804],[-84.65558634186341,31.920003082220816],[-84.59815763797637,31.920003082220816],[-84.60174693196932,31.77224481543815],[-84.56944328603285,31.76107703946039],[-84.5371396400964,31.67688918978189],[-84.54790752207522,31.621050309893093],[-84.58738975599756,31.621050309893093],[-84.64840775387754,31.643385861848614],[-84.65558634186341,31.620191250202495],[-84.81710457154571,31.620191250202495],[-84.94272986129862,31.6184731308213],[-84.96067633126331,31.712969696786963],[-84.95708703727037,31.778258233272325]]]}},{"type":"Feature","id":"13245","properties":{"name":"Richmond","county_fips":"13245","state_abbr":"GA"},"geometry":{"type":"Polygon","coordinates":[[[-82.35484889238892,33.3125388406784],[-82.29383089450894,33.35463276551765],[-82.02822313903138,33.545344016830164],[-82.01386596305963,33.53245812147121],[-81.98156231712316,33.48435077879778],[-81.92772290722907,33.46201522684226],[-81.91336573125731,33.441397794267935],[-81.93849078920789,33.40445822757227],[-81.92413361323612,33.37095489963899],[-81.93849078920789,33.34346498953989],[-81.83799055740558,33.27302209491094],[-81.85234773337733,33.24725030419304],[-81.8846513793138,33.26185431893318],[-81.93490149521494,33.253263722027214],[-81.97797302313023,33.22749193130931],[-82.06052678496785,33.24295500574005],[-82.10000901889019,33.23178722976229],[-82.17538419274193,33.29707576624766],[-82.26870583655837,33.26700867707677],[-82.35484889238892,33.3125388406784]]]}},{"type":"Feature","id":"13247","properties":{"name":"Rockdale","county_fips":"13247","state_abbr":"GA"},"geometry":{"type":"Polygon","coordinates":[[[-84.18538882878829,33.64585400063],[-84.11719224292243,33.61492785176851],[-84.05617424504244,33.72660561154611],[-84.02387059910599,33.753236461954614],[-83.9807990711907,33.7858807301973],[-83.91619177931778,33.74378680535805],[-83.91260248532485,33.71200159680596],[-83.93054895528955,33.65100835877358],[-84.04540636306363,33.525585643946435],[-84.04899565705657,33.541048718377176],[-84.1243708309083,33.5616661509515],[-84.18538882878829,33.64585400063]]]}},{"type":"Feature","id":"13249","properties":{"name":"Schley","county_fips":"13249","state_abbr":"GA"},"geometry":{"type":"Polygon","coordinates":[[[-84.3935678803788,32.413962404314034],[-84.36126423444234,32.42770735936359],[-84.36485352843528,32.397640270192696],[-84.32178200052,32.397640270192696],[-84.32537129451295,32.37272753916539],[-84.25358541465414,32.37186847947479],[-84.25717470864709,32.29627122670226],[-84.21769247472474,32.29541216701166],[-84.22128176871769,32.2309826902169],[-84.18179953479535,32.2301236305263],[-84.18179953479535,32.158821676206756],[-84.4294608203082,32.16655321342213],[-84.4294608203082,32.231841749907495],[-84.4115143503435,32.231841749907495],[-84.4115143503435,32.29713028639286],[-84.38997858638587,32.29713028639286],[-84.3935678803788,32.413962404314034]]]}},{"type":"Feature","id":"13251","properties":{"name":"Screven","county_fips":"13251","state_abbr":"GA"},"geometry":{"type":"Polygon","coordinates":[[[-81.76620467754677,32.909639845788455],[-81.5436684499845,33.04537127690276],[-81.4898290400904,33.0084317102071],[-81.5077755100551,32.95087471093711],[-81.46470398213982,32.8958948907389],[-81.45752539415393,32.85380096589965],[-81.42522174821748,32.8409150705407],[-81.42522174821748,32.76789499683996],[-81.41086457224571,32.744700385193845],[-81.42881104221041,32.701747400664004],[-81.40727527825278,32.694874923139224],[-81.39291810228102,32.65364005799057],[-81.4180431602316,32.62958638665386],[-81.38932880828808,32.59522399902998],[-81.54007915599156,32.509318029970295],[-81.54725774397744,32.489559657086566],[-81.69082950369503,32.54625759666596],[-81.77338326553266,32.606391775007744],[-81.80209761747618,32.64161322232222],[-81.8415798513985,32.64934475953759],[-81.87029420334203,32.6733984308743],[-81.76620467754677,32.909639845788455]]]}},{"type":"Feature","id":"13253","properties":{"name":"Seminole","county_fips":"13253","state_abbr":"GA"},"geometry":{"type":"Polygon","coordinates":[[[-85.02528362313623,31.07554740636406],[-84.92119409734097,31.072970227292267],[-84.73096151571515,31.069533988529876],[-84.7524972796728,31.04118501874018],[-84.75608657366574,30.895144871338708],[-84.78839021960219,30.801507365063642],[-84.84940821748218,30.772299335583348],[-84.87453327543275,30.727628231672313],[-84.9140155093551,30.75254096269962],[-84.93555127331273,30.81697043949439],[-84.94272986129862,30.888272393813935],[-84.98221209522094,30.93294349772497],[-85.00374785917859,31.000809213282125],[-85.02528362313623,31.07554740636406]]]}},{"type":"Feature","id":"13255","properties":{"name":"Spalding","county_fips":"13255","state_abbr":"GA"},"geometry":{"type":"Polygon","coordinates":[[[-84.49765740617406,33.2575590204802],[-84.43305011430114,33.256699960789604],[-84.3935678803788,33.30910260191602],[-84.38638929239292,33.35205558644586],[-84.35408564645647,33.352914646136455],[-84.24999612066121,33.352914646136455],[-84.24640682666826,33.33573345232452],[-84.14949588885888,33.33573345232452],[-84.14949588885888,33.313397900369],[-84.10283506695066,33.297934825938256],[-84.08847789097891,33.2859079902699],[-84.1243708309083,33.252404662336616],[-84.1243708309083,33.202579200281995],[-84.1243708309083,33.178525528945286],[-84.22487106271062,33.179384588635884],[-84.24640682666826,33.18883424523245],[-84.37203211642117,33.18969330492305],[-84.3935678803788,33.20859261811618],[-84.45099658426584,33.20859261811618],[-84.49765740617406,33.183679887088864],[-84.501246700167,33.22147851347513],[-84.49765740617406,33.2575590204802]]]}},{"type":"Feature","id":"13257","properties":{"name":"Stephens","county_fips":"13257","state_abbr":"GA"},"geometry":{"type":"Polygon","coordinates":[[[-83.46035144221442,34.480860019890194],[-83.36344050440503,34.67500750996509],[-83.33831544645446,34.68703434563345],[-83.23063662666627,34.611437092860925],[-83.16961862878628,34.60542367502674],[-83.10501133691336,34.53669889977899],[-83.17679721677216,34.477423781127804],[-83.37420838638386,34.47055130360303],[-83.39933344433445,34.461101647006465],[-83.46035144221442,34.480860019890194]]]}},{"type":"Feature","id":"13259","properties":{"name":"Stewart","county_fips":"13259","state_abbr":"GA"},"geometry":{"type":"Polygon","coordinates":[[[-85.05040868108681,32.062606990859905],[-85.05758726907268,32.13562706456064],[-85.01092644716447,32.18029816847168],[-84.96067633126331,32.19833842197421],[-84.96785491924919,32.21895585454854],[-84.92119409734097,32.2309826902169],[-84.65917563585636,32.23270080959809],[-84.64840775387754,32.23270080959809],[-84.63046128391284,32.18373440723407],[-84.64122916589166,32.16053979558795],[-84.64481845988459,32.02910366292662],[-84.65558634186341,32.028244603236026],[-84.65558634186341,31.920003082220816],[-84.9068369213692,31.924298380673804],[-84.95349774327742,31.950070171391708],[-84.95349774327742,31.974982902419022],[-85.04323009310093,31.975841962109612],[-85.06117656306563,31.990445976849763],[-85.05040868108681,32.062606990859905]]]}},{"type":"Feature","id":"13261","properties":{"name":"Sumter","county_fips":"13261","state_abbr":"GA"},"geometry":{"type":"Polygon","coordinates":[[[-84.4294608203082,32.13390894517945],[-84.4294608203082,32.16655321342213],[-84.18179953479535,32.158821676206756],[-84.18179953479535,32.2301236305263],[-84.13513871288713,32.22754645145451],[-84.13513871288713,32.18545252661526],[-84.08488859698596,32.19146594444944],[-84.02745989309892,32.170848511875114],[-84.03463848108481,32.15280825837258],[-83.99156695316952,32.09525125910258],[-83.962852601226,32.03082178230782],[-83.92337036730368,31.947492992319916],[-83.92337036730368,31.909694365933653],[-84.3397284704847,31.916566843458426],[-84.3397284704847,31.873613858928586],[-84.44381799627996,31.967251365203644],[-84.4294608203082,32.13390894517945]]]}},{"type":"Feature","id":"13263","properties":{"name":"Talbot","county_fips":"13263","state_abbr":"GA"},"geometry":{"type":"Polygon","coordinates":[[[-84.70224716377163,32.844351309303086],[-84.56944328603285,32.84521036899368],[-84.50842528815288,32.88214993568935],[-84.45817517225171,32.82974729456294],[-84.42228223232232,32.83833789146891],[-84.38997858638587,32.786794310033095],[-84.2858890605906,32.74727756426564],[-84.3397284704847,32.720646713857136],[-84.3397284704847,32.67941184870848],[-84.36485352843528,32.67941184870848],[-84.37921070440704,32.632163565725655],[-84.40792505635056,32.61068707346073],[-84.40792505635056,32.56172067109671],[-84.44381799627996,32.56172067109671],[-84.49047881818818,32.56172067109671],[-84.50483599415993,32.54196229821298],[-84.56585399203992,32.540244178831784],[-84.58380046200462,32.52306298501984],[-84.63763987189871,32.5350898206882],[-84.69506857578575,32.51876768656686],[-84.66635422384223,32.564297850168494],[-84.69506857578575,32.58405622305222],[-84.69147928179281,32.82974729456294],[-84.70224716377163,32.844351309303086]]]}},{"type":"Feature","id":"13265","properties":{"name":"Taliaferro","county_fips":"13265","state_abbr":"GA"},"geometry":{"type":"Polygon","coordinates":[[[-82.99733251712517,33.69396134330343],[-82.95067169521695,33.733478089070886],[-82.87888581535815,33.62094126960269],[-82.86811793337932,33.64241776186761],[-82.81427852348523,33.656162716917166],[-82.74249264362643,33.61149161300612],[-82.69224252772527,33.62008220991209],[-82.68147464574645,33.599464777337765],[-82.70659970369704,33.587437941669414],[-82.72095687966879,33.54018965868658],[-82.74967123161231,33.510981629206285],[-82.81427852348523,33.52129034549345],[-82.86811793337932,33.46631052529525],[-82.85017146341463,33.44311591364913],[-82.90042157931579,33.43882061519614],[-82.9829753411534,33.44741121210212],[-83.01168969309693,33.468887704367035],[-82.98656463514635,33.52043128580285],[-83.01527898708987,33.580565464144634],[-82.95067169521695,33.661317075060744],[-82.99733251712517,33.69396134330343]]]}},{"type":"Feature","id":"13267","properties":{"name":"Tattnall","county_fips":"13267","state_abbr":"GA"},"geometry":{"type":"Polygon","coordinates":[[[-82.23281289662896,32.31860677865778],[-82.02463384503845,32.27909003289032],[-81.98156231712316,32.081506304053036],[-81.88824067330673,32.05058015519155],[-81.76261538355384,32.048002976119754],[-81.82363338143381,32.01449964818648],[-81.8774727913279,31.968110424894242],[-81.88106208532085,31.91828496283962],[-81.91336573125731,31.886499754287534],[-81.97079443514434,31.789426009250086],[-82.01386596305963,31.82207027749277],[-82.04975890298903,31.827224635636348],[-82.10718760687607,31.86416420233202],[-82.11795548885489,31.887358813978132],[-82.22563430864308,31.913130604696043],[-82.19333066270663,32.13390894517945],[-82.1825627807278,32.16655321342213],[-82.21486642666426,32.2292645708357],[-82.23281289662896,32.31860677865778]]]}},{"type":"Feature","id":"13269","properties":{"name":"Taylor","county_fips":"13269","state_abbr":"GA"},"geometry":{"type":"MultiPolygon","coordinates":[[[[-84.05258495104951,32.52220392532925],[-84.00951342313422,32.52134486563865],[-84.01669201112011,32.5067408508985],[-84.05258495104951,32.52220392532925]]],[[[-84.44381799627996,32.56172067109671],[-84.40792505635056,32.56172067109671],[-84.40792505635056,32.61068707346073],[-84.37921070440704,32.632163565725655],[-84.36485352843528,32.67941184870848],[-84.3397284704847,32.67941184870848],[-84.3397284704847,32.720646713857136],[-84.2858890605906,32.74727756426564],[-84.25717470864709,32.72236483323832],[-84.23563894468944,32.73868696735967],[-84.20333529875299,32.689720564995646],[-84.1064243609436,32.6733984308743],[-84.05617424504244,32.636458864178636],[-84.07053142101421,32.59866023779237],[-84.05258495104951,32.566875029240286],[-84.00233483514835,32.52993546254462],[-84.05258495104951,32.52220392532925],[-84.12078153691536,32.505881791207905],[-84.1961567107671,32.401076508955086],[-84.25358541465414,32.3959221508115],[-84.25358541465414,32.37186847947479],[-84.32537129451295,32.37272753916539],[-84.32178200052,32.397640270192696],[-84.36485352843528,32.397640270192696],[-84.36126423444234,32.42770735936359],[-84.3935678803788,32.413962404314034],[-84.40792505635056,32.48526435863358],[-84.43305011430114,32.49299589584895],[-84.45458587825878,32.5342307609976],[-84.44381799627996,32.56172067109671]]]]}},{"type":"Feature","id":"13271","properties":{"name":"Telfair","county_fips":"13271","state_abbr":"GA"},"geometry":{"type":"Polygon","coordinates":[[[-83.20551156871568,31.900244709337088],[-82.92913593125931,32.13562706456064],[-82.88606440334404,32.07978818467184],[-82.79992134751348,32.04456673735737],[-82.78556417154171,32.02223118540185],[-82.72813546765467,32.0067681109711],[-82.69583182171822,31.95694264891648],[-82.64558170581705,31.91914402253022],[-82.68147464574645,31.920862141911414],[-82.71736758567586,31.885640694596944],[-82.83581428744287,31.816056859658588],[-82.86811793337932,31.782553531725313],[-82.97938604716047,31.792862248012476],[-82.99733251712517,31.780835412344118],[-83.02963616306162,31.778258233272325],[-83.08347557295572,31.811761561205607],[-83.13731498284983,31.8143387402774],[-83.17679721677216,31.847842068210674],[-83.20551156871568,31.900244709337088]]]}},{"type":"Feature","id":"13273","properties":{"name":"Terrell","county_fips":"13273","state_abbr":"GA"},"geometry":{"type":"Polygon","coordinates":[[[-84.59815763797637,31.920003082220816],[-84.45458587825878,31.91914402253022],[-84.44381799627996,31.967251365203644],[-84.3397284704847,31.873613858928586],[-84.29306764857648,31.865023262022618],[-84.26076400264002,31.828083695326946],[-84.26076400264002,31.79114412863128],[-84.2858890605906,31.79114412863128],[-84.29665694256943,31.698365682046813],[-84.29665694256943,31.62190936958369],[-84.45099658426584,31.62190936958369],[-84.54790752207522,31.621050309893093],[-84.5371396400964,31.67688918978189],[-84.56944328603285,31.76107703946039],[-84.60174693196932,31.77224481543815],[-84.59815763797637,31.920003082220816]]]}},{"type":"Feature","id":"13275","properties":{"name":"Thomas","county_fips":"13275","state_abbr":"GA"},"geometry":{"type":"Polygon","coordinates":[[[-84.11719224292243,31.07812458543585],[-84.00233483514835,31.077265525745254],[-84.00233483514835,31.04118501874018],[-83.7367270796708,31.037748779977797],[-83.74390566765668,30.658044396733963],[-84.00592412914129,30.67178935178351],[-84.08488859698596,30.676084650236497],[-84.07771000900009,30.90631264731647],[-84.11719224292243,30.969883064420635],[-84.11719224292243,31.07812458543585]]]}},{"type":"Feature","id":"13277","properties":{"name":"Tift","county_fips":"13277","state_abbr":"GA"},"geometry":{"type":"Polygon","coordinates":[[[-83.65058402384024,31.567788609076082],[-83.65058402384024,31.596137578865786],[-83.49983367613676,31.59441945948459],[-83.49983367613676,31.570365788147875],[-83.42086920829207,31.55318459433594],[-83.3957441503415,31.531708102071015],[-83.3777976803768,31.481882640016394],[-83.33831544645446,31.47586922218222],[-83.37061909239092,31.464701446204458],[-83.37061909239092,31.401131029100284],[-83.43522638426384,31.350446507355066],[-83.46035144221442,31.326392836018357],[-83.51419085210851,31.327251895708955],[-83.65417331783317,31.330688134471337],[-83.65058402384024,31.567788609076082]]]}},{"type":"Feature","id":"13279","properties":{"name":"Toombs","county_fips":"13279","state_abbr":"GA"},"geometry":{"type":"Polygon","coordinates":[[[-82.48406347613476,31.96896948458484],[-82.44099194821948,32.21809679485794],[-82.43740265422655,32.29283498793988],[-82.40868830228302,32.35382822597225],[-82.35484889238892,32.3134524205142],[-82.35484889238892,32.29197592824928],[-82.27947371853718,32.294553107321065],[-82.23281289662896,32.31860677865778],[-82.21486642666426,32.2292645708357],[-82.1825627807278,32.16655321342213],[-82.19333066270663,32.13390894517945],[-82.22563430864308,31.913130604696043],[-82.290241600516,31.942338634176338],[-82.31536665846659,31.931170858198577],[-82.37279536235361,31.94147957448574],[-82.43022406624065,31.966392305513047],[-82.48406347613476,31.96896948458484]]]}},{"type":"Feature","id":"13281","properties":{"name":"Towns","county_fips":"13281","state_abbr":"GA"},"geometry":{"type":"Polygon","coordinates":[[[-83.93772754327543,34.98770523734237],[-83.61828037790377,34.98684617765177],[-83.55008379203792,34.992859595485946],[-83.54649449804498,34.946470372193716],[-83.60033390793907,34.938738834978345],[-83.60033390793907,34.912967044260434],[-83.65776261182612,34.87860465663656],[-83.65058402384024,34.82276577674776],[-83.68288766977669,34.800430224792244],[-83.77979860758607,34.79269868757687],[-83.77979860758607,34.81847047829478],[-83.81210225352253,34.87259123880238],[-83.81928084150842,34.91382610395103],[-83.85158448744487,34.89922208921089],[-83.91619177931778,34.92671199930999],[-83.9449061312613,34.97052404353043],[-83.93772754327543,34.98770523734237]]]}},{"type":"Feature","id":"13283","properties":{"name":"Treutlen","county_fips":"13283","state_abbr":"GA"},"geometry":{"type":"Polygon","coordinates":[[[-82.64917099981,32.512754268732685],[-82.4876527701277,32.49213683615836],[-82.38356324433244,32.44059325472254],[-82.40868830228302,32.35382822597225],[-82.64917099981,32.31087524144241],[-82.65634958779587,32.297989346083455],[-82.72095687966879,32.309157122061215],[-82.74967123161231,32.328915494944944],[-82.69583182171822,32.417398643076424],[-82.6850639397394,32.46035162760627],[-82.64558170581705,32.46894222451224],[-82.64917099981,32.512754268732685]]]}},{"type":"Feature","id":"13285","properties":{"name":"Troup","county_fips":"13285","state_abbr":"GA"},"geometry":{"type":"Polygon","coordinates":[[[-85.23705196871968,33.12955912658126],[-85.11860526695267,33.163921514205136],[-85.10783738497385,33.194847663066625],[-85.0863016210162,33.171653051420506],[-84.93914056730567,33.22491475223752],[-84.86376539345393,33.22405569254692],[-84.86376539345393,33.191411424304235],[-84.86376539345393,32.96977402413024],[-84.86017609946099,32.87270027909278],[-84.86017609946099,32.8684049806398],[-85.18680185281852,32.870123100021],[-85.23346267472674,33.10808263431634],[-85.23705196871968,33.12955912658126]]]}},{"type":"Feature","id":"13287","properties":{"name":"Turner","county_fips":"13287","state_abbr":"GA"},"geometry":{"type":"Polygon","coordinates":[[[-83.80133437154372,31.80317096429964],[-83.6111017899179,31.804030023990236],[-83.6111017899179,31.853855486044857],[-83.48188720617206,31.846983008520077],[-83.45317285422854,31.757640800698],[-83.45317285422854,31.708674398333976],[-83.48906579415794,31.695788502975027],[-83.49983367613676,31.59441945948459],[-83.65058402384024,31.596137578865786],[-83.65058402384024,31.567788609076082],[-83.71878060970609,31.62190936958369],[-83.79774507755077,31.622768429274288],[-83.80133437154372,31.80317096429964]]]}},{"type":"Feature","id":"13289","properties":{"name":"Twiggs","county_fips":"13289","state_abbr":"GA"},"geometry":{"type":"Polygon","coordinates":[[[-83.51419085210851,32.84521036899368],[-83.40651203232032,32.898472069810694],[-83.22704733267332,32.58405622305222],[-83.49624438214381,32.4526200903909],[-83.48906579415794,32.48526435863358],[-83.51778014610146,32.49900931368313],[-83.54649449804498,32.57202938738387],[-83.53572661606616,32.586633402124015],[-83.5572623800238,32.652780998299974],[-83.59674461394614,32.663948774277735],[-83.6111017899179,32.68886150530505],[-83.60392320193202,32.74126414643146],[-83.57879814398143,32.73782790766907],[-83.48906579415794,32.82373387672876],[-83.51419085210851,32.84521036899368]]]}},{"type":"Feature","id":"13291","properties":{"name":"Union","county_fips":"13291","state_abbr":"GA"},"geometry":{"type":"Polygon","coordinates":[[[-84.12796012490125,34.98770523734237],[-84.00592412914129,34.98770523734237],[-83.93772754327543,34.98770523734237],[-83.9449061312613,34.97052404353043],[-83.91619177931778,34.92671199930999],[-83.85158448744487,34.89922208921089],[-83.81928084150842,34.91382610395103],[-83.81210225352253,34.87259123880238],[-83.77979860758607,34.81847047829478],[-83.77979860758607,34.79269868757687],[-83.82645942949429,34.77895373252732],[-83.83004872348724,34.7299873301633],[-83.85517378143781,34.72225579294793],[-83.93772754327543,34.74115510614106],[-83.98438836518365,34.716242375113744],[-83.99515624716247,34.67844374872748],[-84.03822777507774,34.642363241722414],[-84.1243708309083,34.66469879367793],[-84.15667447684477,34.64837665955659],[-84.10283506695066,34.727410151091505],[-84.09206718497185,34.80128928448284],[-84.13872800688007,34.80730270231702],[-84.142317300873,34.85369192560925],[-84.1064243609436,34.88719525354253],[-84.1782102408024,34.95248379002789],[-84.12796012490125,34.98770523734237]]]}},{"type":"Feature","id":"13293","properties":{"name":"Upson","county_fips":"13293","state_abbr":"GA"},"geometry":{"type":"Polygon","coordinates":[[[-84.52637175811758,32.970633083820836],[-84.49047881818818,32.99382769546695],[-84.27153188461884,32.991250516395155],[-84.12078153691536,32.98953239701397],[-84.1243708309083,32.93197539774397],[-84.1243708309083,32.84950566744667],[-84.1243708309083,32.80053926508265],[-84.14949588885888,32.801398324773245],[-84.20333529875299,32.689720564995646],[-84.23563894468944,32.73868696735967],[-84.25717470864709,32.72236483323832],[-84.2858890605906,32.74727756426564],[-84.38997858638587,32.786794310033095],[-84.42228223232232,32.83833789146891],[-84.45817517225171,32.82974729456294],[-84.50842528815288,32.88214993568935],[-84.52637175811758,32.91307608455084],[-84.52637175811758,32.970633083820836]]]}},{"type":"Feature","id":"13295","properties":{"name":"Walker","county_fips":"13295","state_abbr":"GA"},"geometry":{"type":"Polygon","coordinates":[[[-85.5349633701337,34.62346392852928],[-85.49189184221842,34.66985315182151],[-85.49189184221842,34.69906118130181],[-85.44882031430313,34.75919535964359],[-85.44882031430313,34.83135637365373],[-85.42010596235961,34.900081148901485],[-85.36267725847259,34.98340993888938],[-85.2657663206632,34.985128058270575],[-85.2657663206632,34.854550985299845],[-85.20115902879029,34.854550985299845],[-85.20115902879029,34.77465843407433],[-85.14373032490325,34.76778595654956],[-85.16885538285382,34.72053767356673],[-85.05040868108681,34.719678613876134],[-85.05040868108681,34.622604868838685],[-85.0683551510515,34.58738342152421],[-85.10783738497385,34.58738342152421],[-85.52778478214782,34.5891015409054],[-85.5349633701337,34.62346392852928]]]}},{"type":"Feature","id":"13297","properties":{"name":"Walton","county_fips":"13297","state_abbr":"GA"},"geometry":{"type":"Polygon","coordinates":[[[-83.9807990711907,33.7858807301973],[-83.79774507755077,33.930202758217575],[-83.76185213762137,33.894981310903106],[-83.67570908179081,33.91731686285862],[-83.6469947298473,33.906149086880866],[-83.6290482598826,33.88724977368773],[-83.58238743797438,33.883813534925345],[-83.5752088499885,33.84859208761087],[-83.50701226412264,33.81766593874938],[-83.67929837578376,33.59688759826598],[-83.73313778567785,33.64585400063],[-83.75826284362843,33.6467130603206],[-83.91619177931778,33.74378680535805],[-83.9807990711907,33.7858807301973]]]}},{"type":"Feature","id":"13299","properties":{"name":"Ware","county_fips":"13299","state_abbr":"GA"},"geometry":{"type":"Polygon","coordinates":[[[-82.62763523585235,31.36419146240462],[-82.62763523585235,31.46899674465744],[-82.59892088390883,31.46899674465744],[-82.49483135811357,31.46899674465744],[-82.48047418214182,31.41745316322163],[-82.4158668902689,31.41745316322163],[-82.39074183231833,31.365050522095217],[-82.39074183231833,31.31092976158761],[-82.35843818638186,31.26368147860478],[-82.31536665846659,31.22588285221852],[-82.28306301253012,31.224164732837323],[-82.28306301253012,31.192379524285236],[-82.20768783867838,31.170903032020313],[-82.20768783867838,31.084997062960625],[-82.13231266482664,31.011117929569288],[-82.4158668902689,31.01369510864108],[-82.41945618426183,30.795493947229467],[-82.17897348673486,30.79119864877648],[-82.15025913479134,30.784326171251706],[-82.21486642666426,30.568702188911885],[-82.41945618426183,30.581588084270834],[-82.43022406624065,30.612514233132323],[-82.43740265422655,30.82040667825678],[-82.49483135811357,30.819547618566183],[-82.49124206412064,30.963010586895862],[-82.51995641606416,30.963010586895862],[-82.54867076800768,31.000809213282125],[-82.59174229592296,31.018849466784665],[-82.67070676376764,31.18378892737927],[-82.69942111571116,31.223305673146726],[-82.69942111571116,31.27828549334493],[-82.6312245298453,31.27484925458254],[-82.62763523585235,31.36419146240462]]]}},{"type":"Feature","id":"13301","properties":{"name":"Warren","county_fips":"13301","state_abbr":"GA"},"geometry":{"type":"Polygon","coordinates":[[[-82.68147464574645,33.599464777337765],[-82.64917099981,33.60891443393433],[-82.58456370793708,33.4499883911739],[-82.55226006200061,33.41562600355003],[-82.54508147401474,33.37439113840138],[-82.50918853408534,33.341746870158694],[-82.4517598301983,33.3408878104681],[-82.38356324433244,33.3116797809878],[-82.43022406624065,33.27474021429214],[-82.5594386499865,33.32714285541855],[-82.64558170581705,33.30137106470064],[-82.67788535175352,33.27388115460154],[-82.75684981959819,33.253263722027214],[-82.78556417154171,33.26872679645796],[-82.8035106415064,33.36494148180481],[-82.8214571114711,33.37439113840138],[-82.82504640546405,33.42765283921839],[-82.85017146341463,33.44311591364913],[-82.86811793337932,33.46631052529525],[-82.81427852348523,33.52129034549345],[-82.74967123161231,33.510981629206285],[-82.72095687966879,33.54018965868658],[-82.70659970369704,33.587437941669414],[-82.68147464574645,33.599464777337765]]]}},{"type":"Feature","id":"13303","properties":{"name":"Washington","county_fips":"13303","state_abbr":"GA"},"geometry":{"type":"Polygon","coordinates":[[[-83.05117192701927,33.08059272421723],[-83.008100399104,33.08059272421723],[-82.96861816518165,33.10894169400694],[-82.90042157931579,33.128700066890666],[-82.85376075740757,33.19656578244782],[-82.77838558355583,33.23865970728707],[-82.74967123161231,33.23865970728707],[-82.73172476164761,33.20773355842558],[-82.73890334963349,33.175089290182896],[-82.66352817578175,33.12612288781887],[-82.59892088390883,33.03162632185321],[-82.54867076800768,33.01959948618486],[-82.53790288602886,32.94743847217472],[-82.50918853408534,32.917371383003825],[-82.52713500405004,32.833183533325325],[-82.51995641606416,32.822015757347565],[-82.5594386499865,32.82029763796638],[-82.6671174697747,32.783358071270705],[-82.68147464574645,32.79710302632026],[-82.76761770157701,32.76875405653056],[-82.8035106415064,32.80998892167921],[-82.94708240122401,32.759304399933995],[-82.96861816518165,32.83404259301592],[-83.0260468690687,32.856378144971444],[-83.07270769097691,32.94657941248412],[-83.04758263302632,32.98523709856098],[-83.06911839698397,33.02733102340023],[-83.05117192701927,33.08059272421723]]]}},{"type":"Feature","id":"13305","properties":{"name":"Wayne","county_fips":"13305","state_abbr":"GA"},"geometry":{"type":"Polygon","coordinates":[[[-82.04975890298903,31.827224635636348],[-82.01386596305963,31.82207027749277],[-81.97079443514434,31.789426009250086],[-81.90977643726437,31.74990926348263],[-81.85234773337733,31.667439533185323],[-81.81286549945499,31.664862354113538],[-81.79132973549736,31.63393620525205],[-81.69800809168092,31.578097325363245],[-81.69800809168092,31.554043654026536],[-81.66211515175152,31.538580579595788],[-81.65852585775858,31.51023160980609],[-81.61186503585036,31.46899674465744],[-81.62263291782918,31.4526746105361],[-81.66570444574445,31.39941290971909],[-81.69082950369503,31.400271969409687],[-81.73031173761737,31.32982907478074],[-81.80209761747618,31.363332402714022],[-81.92413361323612,31.346151208902086],[-82.04258031500315,31.373641119001185],[-82.0569374909749,31.408862566315655],[-82.05334819698197,31.454392729917295],[-82.08924113691137,31.4801645206352],[-82.13231266482664,31.47157392372923],[-82.13231266482664,31.773103875128747],[-82.08924113691137,31.773103875128747],[-82.10718760687607,31.79973472553725],[-82.04975890298903,31.827224635636348]]]}},{"type":"Feature","id":"13307","properties":{"name":"Webster","county_fips":"13307","state_abbr":"GA"},"geometry":{"type":"Polygon","coordinates":[[[-84.64840775387754,32.23270080959809],[-84.61969340193401,32.23270080959809],[-84.60174693196932,32.19060688475884],[-84.56585399203992,32.189747825068245],[-84.52637175811758,32.13476800487004],[-84.4294608203082,32.13390894517945],[-84.44381799627996,31.967251365203644],[-84.45458587825878,31.91914402253022],[-84.59815763797637,31.920003082220816],[-84.65558634186341,31.920003082220816],[-84.65558634186341,32.028244603236026],[-84.64481845988459,32.02910366292662],[-84.64122916589166,32.16053979558795],[-84.63046128391284,32.18373440723407],[-84.64840775387754,32.23270080959809]]]}},{"type":"Feature","id":"13309","properties":{"name":"Wheeler","county_fips":"13309","state_abbr":"GA"},"geometry":{"type":"Polygon","coordinates":[[[-82.92913593125931,32.13562706456064],[-82.87170722737227,32.18287534754347],[-82.88606440334404,32.19576124290242],[-82.85735005140052,32.19404312352123],[-82.72095687966879,32.309157122061215],[-82.65634958779587,32.297989346083455],[-82.64917099981,32.244727645266444],[-82.62404594185942,32.206069959189584],[-82.62763523585235,32.13304988548885],[-82.60968876588765,32.08923784126841],[-82.59892088390883,32.01364058849588],[-82.54867076800768,31.981855379943795],[-82.54508147401474,31.958660768297676],[-82.64558170581705,31.91914402253022],[-82.69583182171822,31.95694264891648],[-82.72813546765467,32.0067681109711],[-82.78556417154171,32.02223118540185],[-82.79992134751348,32.04456673735737],[-82.88606440334404,32.07978818467184],[-82.92913593125931,32.13562706456064]]]}},{"type":"Feature","id":"13311","properties":{"name":"White","county_fips":"13311","state_abbr":"GA"},"geometry":{"type":"Polygon","coordinates":[[[-83.85517378143781,34.72225579294793],[-83.83004872348724,34.7299873301633],[-83.82645942949429,34.77895373252732],[-83.77979860758607,34.79269868757687],[-83.68288766977669,34.800430224792244],[-83.6290482598826,34.76349065809657],[-83.62186967189672,34.73256450923509],[-83.66135190581906,34.65954443553435],[-83.63981614186142,34.622604868838685],[-83.63981614186142,34.57965188430884],[-83.61469108391084,34.553021033900336],[-83.66494119981199,34.503195571845716],[-83.84440589945899,34.5057727509175],[-83.83363801748017,34.53240360132601],[-83.86594166341663,34.55044385482854],[-83.87312025140251,34.67500750996509],[-83.85517378143781,34.72225579294793]]]}},{"type":"Feature","id":"13313","properties":{"name":"Whitfield","county_fips":"13313","state_abbr":"GA"},"geometry":{"type":"Polygon","coordinates":[[[-85.14373032490325,34.76778595654956],[-85.13296244292442,34.819329537985375],[-85.06117656306563,34.819329537985375],[-85.06117656306563,34.86400064189641],[-85.02169432914329,34.87087311942119],[-84.97862280122801,34.98770523734237],[-84.80992598355984,34.98770523734237],[-84.84222962949629,34.91812140240402],[-84.81710457154571,34.876886537255366],[-84.84222962949629,34.86056440313403],[-84.86376539345393,34.81417517984179],[-84.85299751147511,34.74888664335643],[-84.86376539345393,34.707651778207776],[-84.9247833913339,34.716242375113744],[-84.8888904514045,34.67844374872748],[-84.94272986129862,34.67930280841808],[-84.9140155093551,34.63377264481644],[-84.9247833913339,34.615732391313905],[-85.05040868108681,34.622604868838685],[-85.05040868108681,34.719678613876134],[-85.16885538285382,34.72053767356673],[-85.14373032490325,34.76778595654956]]]}},{"type":"Feature","id":"13315","properties":{"name":"Wilcox","county_fips":"13315","state_abbr":"GA"},"geometry":{"type":"Polygon","coordinates":[[[-83.6111017899179,32.028244603236026],[-83.60751249592495,32.1184458707487],[-83.43522638426384,32.1175868110581],[-83.41727991429914,32.13304988548885],[-83.3598512104121,32.123600228892286],[-83.33831544645446,32.105559975389745],[-83.29524391853919,32.078929124981244],[-83.30601180051801,32.05058015519155],[-83.26294027260272,31.951788290772903],[-83.22704733267332,31.936325216342155],[-83.20551156871568,31.900244709337088],[-83.17679721677216,31.847842068210674],[-83.20910086270862,31.84440582944829],[-83.48188720617206,31.846983008520077],[-83.6111017899179,31.853855486044857],[-83.6111017899179,32.028244603236026]]]}},{"type":"Feature","id":"13317","properties":{"name":"Wilkes","county_fips":"13317","state_abbr":"GA"},"geometry":{"type":"Polygon","coordinates":[[[-82.77838558355583,33.97143762336623],[-82.65634958779587,33.99119599624996],[-82.64558170581705,33.98432351872518],[-82.60609947189472,33.85975986358863],[-82.5773851199512,33.87436387832878],[-82.5953315899159,33.82883371472714],[-82.57379582595826,33.7858807301973],[-82.48047418214182,33.63984058279582],[-82.5055992400924,33.65959895567955],[-82.54508147401474,33.63898152310522],[-82.58456370793708,33.65014929908298],[-82.61686735387353,33.61235067269672],[-82.64917099981,33.60891443393433],[-82.68147464574645,33.599464777337765],[-82.69224252772527,33.62008220991209],[-82.74249264362643,33.61149161300612],[-82.81427852348523,33.656162716917166],[-82.86811793337932,33.64241776186761],[-82.87888581535815,33.62094126960269],[-82.95067169521695,33.733478089070886],[-82.98656463514635,33.780726372053714],[-82.94349310723106,33.84859208761087],[-82.92195734327343,33.857182684516836],[-82.87529652136521,33.92161216131161],[-82.7927427595276,33.949961131101304],[-82.77838558355583,33.97143762336623]]]}},{"type":"Feature","id":"13319","properties":{"name":"Wilkinson","county_fips":"13319","state_abbr":"GA"},"geometry":{"type":"Polygon","coordinates":[[[-83.35626191641916,32.92596197990979],[-83.14808286482865,33.0084317102071],[-83.07270769097691,32.94657941248412],[-83.0260468690687,32.856378144971444],[-82.96861816518165,32.83404259301592],[-82.94708240122401,32.759304399933995],[-82.95785028320283,32.70861987818878],[-83.22704733267332,32.58405622305222],[-83.40651203232032,32.898472069810694],[-83.35626191641916,32.92596197990979]]]}},{"type":"Feature","id":"13321","properties":{"name":"Worth","county_fips":"13321","state_abbr":"GA"},"geometry":{"type":"Polygon","coordinates":[[[-83.93772754327543,31.847842068210674],[-83.84440589945899,31.831519934089336],[-83.80133437154372,31.80317096429964],[-83.79774507755077,31.622768429274288],[-83.71878060970609,31.62190936958369],[-83.65058402384024,31.567788609076082],[-83.65417331783317,31.330688134471337],[-83.99874554115542,31.334983432924325],[-83.99874554115542,31.444084013630132],[-83.99515624716247,31.62534560834608],[-84.01669201112011,31.650258339373387],[-84.03104918709187,31.716405935549354],[-83.9879776591766,31.765372337913377],[-84.00951342313422,31.801452844918444],[-83.97720977719777,31.80317096429964],[-83.93772754327543,31.847842068210674]]]}}]}