{"type":"FeatureCollection","features":[{"type":"Feature","id":"21001","properties":{"name":"Adair","county_fips":"21001","state_abbr":"KY"},"geometry":{"type":"Polygon","coordinates":[[[-85.52778478214782,37.109582673116726],[-85.38062372843729,37.167998732077315],[-85.35190937649377,37.19205240341403],[-85.30883784857848,37.2272738507285],[-85.31242714257142,37.24617316392163],[-85.19398044080441,37.27194495463954],[-85.16526608886089,37.310602640716404],[-85.05758726907268,37.25734093989939],[-85.04323009310093,37.18603898557985],[-85.16526608886089,37.0331263606536],[-85.20474832278323,36.99704585364853],[-85.23346267472674,36.92488483963839],[-85.45240960829608,36.93777073499734],[-85.44164172631726,36.95409286911868],[-85.50265972419724,37.00735456993569],[-85.52778478214782,37.109582673116726]]]}},{"type":"Feature","id":"21003","properties":{"name":"Allen","county_fips":"21003","state_abbr":"KY"},"geometry":{"type":"Polygon","coordinates":[[[-86.4071618104181,36.77626751316512],[-86.2635900507005,36.87334125820258],[-86.26717934469345,36.89224057139571],[-86.20616134681346,36.90770364582645],[-86.16667911289113,36.93433449623495],[-86.17744699486994,36.914576123351225],[-86.07694676306762,36.89309963108631],[-86.07694676306762,36.85444194500944],[-86.05541099910998,36.82867015429154],[-86.06976817508175,36.80547554264542],[-86.00157158921589,36.75908631935319],[-85.97644653126531,36.72300581234812],[-85.94773217932179,36.66201257431574],[-85.97644653126531,36.62850924638246],[-86.20616134681346,36.63967702236022],[-86.41075110441103,36.65084479833798],[-86.4071618104181,36.77626751316512]]]}},{"type":"Feature","id":"21005","properties":{"name":"Anderson","county_fips":"21005","state_abbr":"KY"},"geometry":{"type":"Polygon","coordinates":[[[-85.10065879698797,38.037367138961386],[-85.04681938709386,38.072588586275856],[-85.02528362313623,38.12928652585525],[-84.90324762737627,38.09320601885018],[-84.86376539345393,38.1172596901869],[-84.82787245352453,38.08375636225362],[-84.84940821748218,38.04767585524855],[-84.79556880758807,37.97036048309482],[-84.88530115741158,37.94029339392393],[-84.93914056730567,37.953179289282886],[-84.97503350723507,37.93513903578035],[-84.98580138921389,37.90593100630006],[-85.02887291712916,37.89132699155991],[-85.10783738497385,37.8939041706317],[-85.12578385493855,37.91709878227782],[-85.15449820688207,37.89734040939409],[-85.16885538285382,37.97207860247602],[-85.16885538285382,37.99785039319393],[-85.12937314893149,37.996132273812734],[-85.10065879698797,38.037367138961386]]]}},{"type":"Feature","id":"21007","properties":{"name":"Ballard","county_fips":"21007","state_abbr":"KY"},"geometry":{"type":"Polygon","coordinates":[[[-89.17091818498184,37.068347807968074],[-89.10990018710187,37.11903232971329],[-89.0775965411654,37.17487120960209],[-89.03093571925719,37.21095171660716],[-88.98427489734897,37.228991970109696],[-88.93402478144782,37.2281329104191],[-88.81557807968079,36.95409286911868],[-88.9160783114831,36.94206603345033],[-88.98786419134191,36.91973048149481],[-89.01298924929249,36.93003919778197],[-89.08118583515835,36.91543518304182],[-89.09913230512305,36.94378415283152],[-89.1314359510595,36.982441838908386],[-89.18168606696067,37.02711294281942],[-89.17091818498184,37.068347807968074]]]}},{"type":"Feature","id":"21009","properties":{"name":"Barren","county_fips":"21009","state_abbr":"KY"},"geometry":{"type":"Polygon","coordinates":[[[-86.16667911289113,36.93433449623495],[-86.11283970299702,37.0614753304433],[-86.0733574690747,37.052884733537326],[-86.05541099910998,37.16713967238672],[-85.90466065140652,37.148240359193586],[-85.74314242172422,37.16971685145851],[-85.77544606766067,37.13793164290642],[-85.75749959769597,37.109582673116726],[-85.73955312773127,36.84155604965049],[-85.80774971359713,36.821797676766764],[-85.97644653126531,36.72300581234812],[-86.00157158921589,36.75908631935319],[-86.06976817508175,36.80547554264542],[-86.05541099910998,36.82867015429154],[-86.07694676306762,36.85444194500944],[-86.07694676306762,36.89309963108631],[-86.17744699486994,36.914576123351225],[-86.16667911289113,36.93433449623495]]]}},{"type":"Feature","id":"21011","properties":{"name":"Bath","county_fips":"21011","state_abbr":"KY"},"geometry":{"type":"Polygon","coordinates":[[[-83.97720977719777,38.191997883268826],[-83.84799519345194,38.29680316552165],[-83.80133437154372,38.27962197170971],[-83.74390566765668,38.284776329853294],[-83.69006625776258,38.234091808108076],[-83.69365555175551,38.20917907708076],[-83.63622684786847,38.18770258481584],[-83.5931553199532,38.16880327162271],[-83.62186967189672,38.14904489873898],[-83.52495873408733,38.11897780956809],[-83.53572661606616,38.09492413823138],[-83.46394073620736,38.07946106380063],[-83.49983367613676,38.050253034320335],[-83.5752088499885,38.0588436312263],[-83.57161955599555,38.02362218391183],[-83.6111017899179,38.007300049790494],[-83.65776261182612,38.02791748236482],[-83.75826284362843,37.99870945288452],[-83.80133437154372,38.04166243741437],[-83.81928084150842,38.081179183181824],[-83.88029883938839,38.13615900338003],[-83.97362048320483,38.158494555335544],[-83.97720977719777,38.191997883268826]]]}},{"type":"Feature","id":"21013","properties":{"name":"Bell","county_fips":"21013","state_abbr":"KY"},"geometry":{"type":"Polygon","coordinates":[[[-83.87670954539546,36.686925305343046],[-83.8085129595296,36.74791854337543],[-83.78697719557195,36.80032118450184],[-83.74031637366373,36.80118024419244],[-83.68288766977669,36.85444194500944],[-83.58238743797438,36.90426740706406],[-83.56444096800968,36.93175731716317],[-83.58956602596025,36.95581098849988],[-83.51060155811558,36.93862979468794],[-83.48906579415794,36.89567681015809],[-83.48188720617206,36.84928758686586],[-83.51060155811558,36.80719366202661],[-83.48547650016499,36.783139990689904],[-83.49983367613676,36.73331452863528],[-83.46035144221442,36.69723402163021],[-83.46035144221442,36.664589753387524],[-83.52854802808028,36.66630787276872],[-83.6469947298473,36.624213947929476],[-83.67570908179081,36.60101933628336],[-83.69006625776258,36.582979082780824],[-83.93054895528955,36.587274381233804],[-83.95567401324013,36.64569044019439],[-83.87670954539546,36.686925305343046]]]}},{"type":"Feature","id":"21015","properties":{"name":"Boone","county_fips":"21015","state_abbr":"KY"},"geometry":{"type":"Polygon","coordinates":[[[-84.82069386553866,39.105178334373335],[-84.75608657366574,39.14641319952199],[-84.73096151571515,39.14469508014079],[-84.67712210582106,39.09830585684856],[-84.62328269592696,39.074252185511845],[-84.59815763797637,38.87924563574635],[-84.61610410794107,38.80193026359263],[-84.65917563585636,38.77701753256532],[-84.79556880758807,38.85691008379083],[-84.79915810158101,38.89127247141471],[-84.87094398143981,38.900722128011274],[-84.87094398143981,38.92907109780097],[-84.83146174751747,38.961715366043656],[-84.87812256942568,39.03044014129141],[-84.8888904514045,39.066520648296475],[-84.82069386553866,39.105178334373335]]]}},{"type":"Feature","id":"21017","properties":{"name":"Bourbon","county_fips":"21017","state_abbr":"KY"},"geometry":{"type":"Polygon","coordinates":[[[-84.44381799627996,38.2830582104721],[-84.37921070440704,38.277903852328514],[-84.27871047260473,38.314843419024186],[-84.19256741677417,38.37154135860358],[-84.16744235882358,38.35521922448224],[-84.09565647896478,38.25900453913538],[-84.05617424504244,38.2564273600636],[-84.06335283302833,38.23495086779867],[-84.02745989309892,38.21433343522435],[-83.9879776591766,38.21862873367733],[-83.97720977719777,38.191997883268826],[-84.08129930299303,38.1155415708057],[-84.2858890605906,38.06743422813228],[-84.37921070440704,38.11382345142451],[-84.35408564645647,38.17825292821927],[-84.37203211642117,38.208320017390164],[-84.40074646836469,38.207460957699574],[-84.44381799627996,38.2830582104721]]]}},{"type":"Feature","id":"21019","properties":{"name":"Boyd","county_fips":"21019","state_abbr":"KY"},"geometry":{"type":"Polygon","coordinates":[[[-82.6671174697747,38.5055546703367],[-82.61686735387353,38.477205700546996],[-82.5953315899159,38.4222258803488],[-82.59892088390883,38.34491050819508],[-82.57020653196531,38.31398435933359],[-82.57379582595826,38.26415889727897],[-82.60609947189472,38.24697770346703],[-82.6132780598806,38.26587701666016],[-82.69942111571116,38.261581718207175],[-82.73531405564056,38.23752804687046],[-82.7927427595276,38.24354146470464],[-82.78197487754878,38.345769567885675],[-82.77120699556995,38.36295076169761],[-82.81786781747817,38.37411853767537],[-82.76761770157701,38.43339365632656],[-82.6671174697747,38.5055546703367]]]}},{"type":"Feature","id":"21021","properties":{"name":"Boyle","county_fips":"21021","state_abbr":"KY"},"geometry":{"type":"Polygon","coordinates":[[[-85.02887291712916,37.631031905309044],[-85.02528362313623,37.67913924798248],[-84.74531869168692,37.71350163560635],[-84.70583645776458,37.69803856117561],[-84.6986578697787,37.66883053169531],[-84.65917563585636,37.634468144071434],[-84.65917563585636,37.618146009950095],[-84.74890798567985,37.58636080139801],[-84.74890798567985,37.58636080139801],[-84.84581892348923,37.548562175011746],[-84.89965833338333,37.5322400408904],[-85.00374785917859,37.533958160271595],[-85.03964079910799,37.545125936249356],[-85.02887291712916,37.631031905309044]]]}},{"type":"Feature","id":"21023","properties":{"name":"Bracken","county_fips":"21023","state_abbr":"KY"},"geometry":{"type":"Polygon","coordinates":[[[-84.23204965069651,38.827702054310535],[-84.2141031807318,38.805366502355014],[-84.05258495104951,38.77100411473114],[-83.97720977719777,38.78732624885248],[-83.90542389733898,38.76842693565935],[-83.99156695316952,38.59403781846818],[-84.03463848108481,38.58287004249042],[-84.08488859698596,38.59747405723056],[-84.12078153691536,38.56397072929729],[-84.1602637708377,38.55452107270072],[-84.2141031807318,38.55538013239132],[-84.20692459274592,38.58201098279982],[-84.23563894468944,38.82254769616696],[-84.23204965069651,38.827702054310535]]]}},{"type":"Feature","id":"21025","properties":{"name":"Breathitt","county_fips":"21025","state_abbr":"KY"},"geometry":{"type":"Polygon","coordinates":[[[-83.57879814398143,37.506468250172496],[-83.5213694400944,37.63876344252442],[-83.49624438214381,37.61986412933129],[-83.46035144221442,37.630172845618446],[-83.41727991429914,37.69030702396023],[-83.39215485634855,37.6997566805568],[-83.33113685846858,37.67484394952949],[-83.24858309663097,37.66968959138591],[-83.17320792277923,37.642199681286804],[-83.13372568885688,37.606978233972335],[-83.09065416094161,37.63189096499964],[-83.04040404504045,37.58464268201681],[-83.01168969309693,37.583783622326216],[-83.0188682810828,37.54942123470234],[-82.94708240122401,37.503032011410106],[-83.02963616306162,37.506468250172496],[-83.06193980899809,37.526226623056225],[-83.13372568885688,37.45750184780847],[-83.12295780687806,37.40509920668206],[-83.1983329807298,37.414548863278625],[-83.2162794506945,37.44375689275892],[-83.2701188605886,37.399085788847884],[-83.33113685846858,37.379327415964156],[-83.38138697436975,37.3380925508155],[-83.40292273832738,37.3380925508155],[-83.4495835602356,37.37846835627356],[-83.54649449804498,37.33465631205311],[-83.55008379203792,37.3939314307043],[-83.53572661606616,37.41712604235042],[-83.57879814398143,37.506468250172496]]]}},{"type":"Feature","id":"21027","properties":{"name":"Breckinridge","county_fips":"21027","state_abbr":"KY"},"geometry":{"type":"Polygon","coordinates":[[[-86.65482309593095,37.842360589195884],[-86.59739439204392,37.8672733202232],[-86.59021580405803,37.9213940807308],[-86.50766204222042,37.92912561794617],[-86.52560851218512,37.961769886188854],[-86.52560851218512,38.02791748236482],[-86.48971557225572,38.045957735867354],[-86.42869757437575,38.000427572265714],[-86.24205428674287,37.876722976819764],[-86.15232193691936,37.798548544975446],[-86.27435793267932,37.59323327892278],[-86.35332240052401,37.587219861088606],[-86.34614381253812,37.56230713006129],[-86.41075110441103,37.56660242851428],[-86.51125133621336,37.62330036809367],[-86.53637639416394,37.5897970401604],[-86.57585862808628,37.599246696756964],[-86.59380509805098,37.56402524944249],[-86.6404659199592,37.61900506964069],[-86.6404659199592,37.66195805417053],[-86.6225194499945,37.65508557664576],[-86.6763588598886,37.792535127141264],[-86.65482309593095,37.842360589195884]]]}},{"type":"Feature","id":"21029","properties":{"name":"Bullitt","county_fips":"21029","state_abbr":"KY"},"geometry":{"type":"Polygon","coordinates":[[[-85.93696429734297,37.99870945288452],[-85.88312488744887,38.04080337772377],[-85.71083877578775,38.08719260101601],[-85.56726701607016,38.07516576534765],[-85.4272845503455,38.11811874987749],[-85.47035607826078,38.09664225761257],[-85.517016900169,38.011595348243475],[-85.48830254822548,37.99097791566915],[-85.5349633701337,37.965206124951244],[-85.54932054610546,37.92826655825558],[-85.58521348603486,37.911085364443636],[-85.57803489804898,37.88531357372573],[-85.68212442384423,37.814870679096785],[-85.73955312773127,37.811434440334395],[-85.81851759557595,37.85868272331723],[-85.81492830158301,37.88960887217871],[-85.85441053550535,37.945447752067516],[-85.90466065140652,37.94287057299572],[-85.90824994539945,37.991836975359746],[-85.93696429734297,37.99870945288452]]]}},{"type":"Feature","id":"21031","properties":{"name":"Butler","county_fips":"21031","state_abbr":"KY"},"geometry":{"type":"Polygon","coordinates":[[[-86.89889508745087,37.21266983598835],[-86.88453791147911,37.23500538794387],[-86.80916273762737,37.291703327523265],[-86.81634132561325,37.32864289421894],[-86.77685909169091,37.326065715147145],[-86.75891262172621,37.303730163191624],[-86.61175156801568,37.3947904903949],[-86.48612627826277,37.36214622215221],[-86.46817980829807,37.32091135700357],[-86.39998322243223,37.16971685145851],[-86.46817980829807,37.15253565764657],[-86.4968941602416,37.190334284032836],[-86.6225194499945,37.18088462743627],[-86.61534086200862,37.14652223981239],[-86.67276956589565,36.99962303272032],[-86.84505567755677,37.056320972299716],[-86.94196661536616,37.06920686765867],[-86.89530579345794,37.0881061808518],[-86.92402014540146,37.14308600105],[-86.92043085140851,37.18002556774567],[-86.89530579345794,37.17744838867388],[-86.89889508745087,37.21266983598835]]]}},{"type":"Feature","id":"21033","properties":{"name":"Caldwell","county_fips":"21033","state_abbr":"KY"},"geometry":{"type":"Polygon","coordinates":[[[-87.7998078796788,37.379327415964156],[-87.81416505565055,37.35097844617446],[-87.85005799557995,37.32177041669416],[-87.80698646766467,37.29342144690446],[-87.80339717367173,37.241018805778054],[-87.74955776377763,37.20923359722597],[-87.68136117791178,37.149099418884184],[-87.71007552985529,37.02195858467584],[-87.73161129381293,37.002200211792115],[-87.7639149397494,36.97471030169301],[-87.85723658356584,36.9506566303563],[-87.87877234752347,36.960106286952865],[-87.97568328533285,37.067488748277476],[-88.04387987119871,37.17487120960209],[-88.09412998709986,37.18002556774567],[-88.09054069310693,37.222119492584916],[-88.05105845918459,37.237582567015664],[-87.7998078796788,37.379327415964156]]]}},{"type":"Feature","id":"21035","properties":{"name":"Calloway","county_fips":"21035","state_abbr":"KY"},"geometry":{"type":"Polygon","coordinates":[[[-88.48536303233033,36.75049572244722],[-88.11207645706456,36.74705948368483],[-88.06900492914929,36.67833470843708],[-88.03311198921989,36.552052933919335],[-88.05464775317753,36.49707311372113],[-88.48895232632326,36.501368412174116],[-88.48536303233033,36.75049572244722]]]}},{"type":"Feature","id":"21037","properties":{"name":"Campbell","county_fips":"21037","state_abbr":"KY"},"geometry":{"type":"Polygon","coordinates":[[[-84.31819270652706,39.02184954438544],[-84.28947835458354,38.95570194820947],[-84.23922823868239,38.900722128011274],[-84.23204965069651,38.87495033729336],[-84.38638929239292,38.812238979879794],[-84.41869293832939,38.80622556204561],[-84.4653537602376,38.850896665956654],[-84.44022870228702,38.90759460553605],[-84.46176446624466,38.94539323192231],[-84.45099658426584,38.99350057459574],[-84.49047881818818,39.02099048469484],[-84.50483599415993,39.09486961808617],[-84.47253234822348,39.12150046849468],[-84.44381799627996,39.1146279909699],[-84.4294608203082,39.055352872318714],[-84.31819270652706,39.02184954438544]]]}},{"type":"Feature","id":"21039","properties":{"name":"Carlisle","county_fips":"21039","state_abbr":"KY"},"geometry":{"type":"Polygon","coordinates":[[[-89.09913230512305,36.94378415283152],[-89.08118583515835,36.91543518304182],[-89.01298924929249,36.93003919778197],[-88.98786419134191,36.91973048149481],[-88.9160783114831,36.94206603345033],[-88.81557807968079,36.95409286911868],[-88.81198878568786,36.94722039159391],[-88.81198878568786,36.77283127440274],[-89.06682865918658,36.77283127440274],[-89.10272159911598,36.79688494573945],[-89.12425736307362,36.78485811007109],[-89.17809677296772,36.80719366202661],[-89.17450747897479,36.8398379302693],[-89.13861453904539,36.84756946748467],[-89.09913230512305,36.94378415283152]]]}},{"type":"Feature","id":"21041","properties":{"name":"Carroll","county_fips":"21041","state_abbr":"KY"},"geometry":{"type":"Polygon","coordinates":[[[-85.20115902879029,38.69111156350563],[-85.17244467684677,38.68767532474324],[-85.02528362313623,38.76241351782517],[-84.96426562525625,38.67994378752787],[-84.93555127331273,38.661903534025335],[-84.97503350723507,38.63699080299802],[-85.07553373903738,38.596614997539966],[-85.16885538285382,38.58544722156221],[-85.21192691076911,38.58029286341863],[-85.2298733807338,38.62668208671086],[-85.33396290652907,38.735782667416665],[-85.25858773267733,38.73750078679786],[-85.20115902879029,38.69111156350563]]]}},{"type":"Feature","id":"21043","properties":{"name":"Carter","county_fips":"21043","state_abbr":"KY"},"geometry":{"type":"Polygon","coordinates":[[[-83.3419047404474,38.319138717477166],[-83.23063662666627,38.338897090360895],[-83.23781521465214,38.426521178801785],[-83.16602933479335,38.503836550955505],[-83.05117192701927,38.465178864878645],[-82.97220745917458,38.3938769105591],[-82.91118946129461,38.39903126870268],[-82.81786781747817,38.37411853767537],[-82.77120699556995,38.36295076169761],[-82.78197487754878,38.345769567885675],[-82.7927427595276,38.24354146470464],[-82.85376075740757,38.19027976388763],[-82.88247510935109,38.19629318172181],[-82.92554663726636,38.17481668945689],[-82.97579675316753,38.1722395103851],[-83.01168969309693,38.20574283831838],[-83.05117192701927,38.17911198790987],[-83.08347557295572,38.22206497243972],[-83.15885074680746,38.26415889727897],[-83.21986874468745,38.23666898717987],[-83.24499380263802,38.191997883268826],[-83.30242250652506,38.21003813677136],[-83.30960109451094,38.25213206161061],[-83.3419047404474,38.319138717477166]]]}},{"type":"Feature","id":"21045","properties":{"name":"Casey","county_fips":"21045","state_abbr":"KY"},"geometry":{"type":"Polygon","coordinates":[[[-85.07553373903738,37.41368980358803],[-85.04323009310093,37.41197168420683],[-85.03964079910799,37.545125936249356],[-85.00374785917859,37.533958160271595],[-84.89965833338333,37.5322400408904],[-84.84581892348923,37.548562175011746],[-84.86017609946099,37.46695150440504],[-84.84940821748218,37.42743475863758],[-84.79556880758807,37.390495191941916],[-84.72378292772927,37.360428102771024],[-84.70583645776458,37.29943486473864],[-84.72378292772927,37.28654896937969],[-84.72019363373633,37.23844162670626],[-84.89965833338333,37.1164551506415],[-84.95349774327742,37.101851135901356],[-85.04323009310093,37.18603898557985],[-85.05758726907268,37.25734093989939],[-85.16526608886089,37.310602640716404],[-85.12937314893149,37.38448177410773],[-85.07553373903738,37.41368980358803]]]}},{"type":"Feature","id":"21047","properties":{"name":"Christian","county_fips":"21047","state_abbr":"KY"},"geometry":{"type":"Polygon","coordinates":[[[-87.68136117791178,37.149099418884184],[-87.51984294822948,37.10528737466374],[-87.48753930229302,37.125904807238065],[-87.37268189451895,37.13191822507225],[-87.3331996605966,37.156830956099554],[-87.3331996605966,37.13191822507225],[-87.28294954469544,37.10786455373553],[-87.25782448674487,37.072643106421054],[-87.33678895458954,36.64139514174141],[-87.64187894398944,36.63795890297902],[-87.69571835388354,36.637099843288425],[-87.67418258992589,36.7556500805908],[-87.67059329593296,36.87849561634616],[-87.65982541395414,36.96611970478704],[-87.73161129381293,37.002200211792115],[-87.71007552985529,37.02195858467584],[-87.68136117791178,37.149099418884184]]]}},{"type":"Feature","id":"21049","properties":{"name":"Clark","county_fips":"21049","state_abbr":"KY"},"geometry":{"type":"Polygon","coordinates":[[[-84.2858890605906,38.06743422813228],[-84.08129930299303,38.1155415708057],[-83.96644189521895,37.930843737327365],[-83.99156695316952,37.917957841968416],[-84.00233483514835,37.837206231052306],[-84.05617424504244,37.83548811167111],[-84.08129930299303,37.85266930548305],[-84.18538882878829,37.87930015589155],[-84.26435329663296,37.876722976819764],[-84.27153188461884,37.91709878227782],[-84.33613917649176,37.892186051250505],[-84.35049635246352,37.89819946908469],[-84.32178200052,37.965206124951244],[-84.32178200052,38.00128663195631],[-84.28229976659766,38.019326885458845],[-84.2858890605906,38.06743422813228]]]}},{"type":"Feature","id":"21051","properties":{"name":"Clay","county_fips":"21051","state_abbr":"KY"},"geometry":{"type":"Polygon","coordinates":[[[-83.9449061312613,37.25046846237462],[-83.90183460334603,37.253904701137],[-83.87670954539546,37.29428050659506],[-83.78338790157902,37.348401267102666],[-83.67929837578376,37.337233491124906],[-83.65417331783317,37.35785092369923],[-83.59674461394614,37.29256238721386],[-83.52854802808028,37.25819999958999],[-83.50701226412264,37.23586444763447],[-83.5034229701297,37.20407923908238],[-83.55008379203792,37.16713967238672],[-83.55367308603086,37.079515583945835],[-83.51060155811558,37.0039183311733],[-83.51060155811558,36.93862979468794],[-83.58956602596025,36.95581098849988],[-83.63981614186142,36.95924722726227],[-83.7367270796708,37.006495510245095],[-83.77620931359313,37.037421659106585],[-83.81569154751547,37.02711294281942],[-83.86953095740957,37.05460285291852],[-83.86235236942369,37.09154241961419],[-83.88388813338133,37.11903232971329],[-83.9269596612966,37.11301891187911],[-83.9700311892119,37.16885779176791],[-83.94131683726837,37.206656418154175],[-83.9449061312613,37.25046846237462]]]}},{"type":"Feature","id":"21053","properties":{"name":"Clinton","county_fips":"21053","state_abbr":"KY"},"geometry":{"type":"Polygon","coordinates":[[[-85.29448067260672,36.625932067310664],[-85.2478198506985,36.74448230461304],[-85.21551620476204,36.85444194500944],[-85.23346267472674,36.88536809387093],[-85.11860526695267,36.82695203491034],[-85.06476585705856,36.85873724346243],[-85.02528362313623,36.80719366202661],[-85.00374785917859,36.756509140281395],[-85.02169432914329,36.717851454204535],[-85.00015856518564,36.67661658905588],[-85.00015856518564,36.624213947929476],[-84.97503350723507,36.6156233510235],[-85.27653420264203,36.62679112700126],[-85.29448067260672,36.625932067310664]]]}},{"type":"Feature","id":"21055","properties":{"name":"Crittenden","county_fips":"21055","state_abbr":"KY"},"geometry":{"type":"Polygon","coordinates":[[[-88.35973774257742,37.40509920668206],[-88.29871974469744,37.44719313152131],[-88.25564821678216,37.456642788117875],[-88.08336210512105,37.472964922239214],[-88.06182634116341,37.5056091904819],[-88.01516551925519,37.54684405563055],[-87.99721904929049,37.506468250172496],[-87.93261175741758,37.479837399763994],[-87.93979034540345,37.425716639256386],[-87.90389740547405,37.39822672915729],[-87.84646870158701,37.42056228111281],[-87.84287940759407,37.37503211751117],[-87.7998078796788,37.379327415964156],[-88.05105845918459,37.237582567015664],[-88.09054069310693,37.222119492584916],[-88.09412998709986,37.18002556774567],[-88.11925504505045,37.15511283671836],[-88.18386233692337,37.125904807238065],[-88.19463021890219,37.14738129950299],[-88.21975527685277,37.18260274681746],[-88.19821951289512,37.21954231351313],[-88.21975527685277,37.272804014330134],[-88.2951304507045,37.33551537174371],[-88.31666621466215,37.39822672915729],[-88.35973774257742,37.40509920668206]]]}},{"type":"Feature","id":"21057","properties":{"name":"Cumberland","county_fips":"21057","state_abbr":"KY"},"geometry":{"type":"Polygon","coordinates":[[[-85.45240960829608,36.93777073499734],[-85.23346267472674,36.92488483963839],[-85.27653420264203,36.898253989229886],[-85.23705196871968,36.85358288531884],[-85.21551620476204,36.85444194500944],[-85.2478198506985,36.74448230461304],[-85.29448067260672,36.625932067310664],[-85.43805243232433,36.618200530095294],[-85.49548113621135,36.690361544105436],[-85.47035607826078,36.73331452863528],[-85.517016900169,36.73159640925409],[-85.54214195811957,36.77454939378393],[-85.58880278002779,36.77712657285572],[-85.59598136801368,36.818361438004374],[-85.57444560405604,36.8381198108881],[-85.60315995599956,36.87248219851198],[-85.56008842808427,36.85100570624706],[-85.50624901819018,36.8673278403684],[-85.47394537225372,36.8939586907769],[-85.45240960829608,36.93777073499734]]]}},{"type":"Feature","id":"21059","properties":{"name":"Daviess","county_fips":"21059","state_abbr":"KY"},"geometry":{"type":"Polygon","coordinates":[[[-87.30089601466014,37.89819946908469],[-87.26859236872369,37.87844109620096],[-87.22193154681547,37.84923306672066],[-87.15732425494255,37.838065290742904],[-87.12860990299903,37.78480358992589],[-87.08912766907669,37.787380768997686],[-87.06400261112611,37.8105753806438],[-87.04605614116142,37.8939041706317],[-86.97785955529555,37.92998467763677],[-86.98862743727437,37.89734040939409],[-86.93119873338733,37.90936724506244],[-86.89530579345794,37.88187733496334],[-86.91325226342263,37.837206231052306],[-86.8558235595356,37.84064246981469],[-86.81634132561325,37.791676067450666],[-86.82351991359913,37.737555306943065],[-86.86659144151442,37.70920633715337],[-86.81634132561325,37.67398488983889],[-86.92760943939439,37.62330036809367],[-86.94914520335203,37.630172845618446],[-87.03887755317552,37.5605890106801],[-87.09630625706257,37.56660242851428],[-87.2614137807378,37.62158224871248],[-87.40857483444834,37.68343454643546],[-87.39421765847658,37.72466941158411],[-87.32243177861778,37.741850605396046],[-87.27218166271662,37.7822264108541],[-87.32243177861778,37.81916597754977],[-87.30089601466014,37.89819946908469]]]}},{"type":"Feature","id":"21061","properties":{"name":"Edmonson","county_fips":"21061","state_abbr":"KY"},"geometry":{"type":"Polygon","coordinates":[[[-86.46817980829807,37.32091135700357],[-86.15591123091231,37.33551537174371],[-86.0482324111241,37.21524701506014],[-86.05541099910998,37.16713967238672],[-86.0733574690747,37.052884733537326],[-86.11283970299702,37.0614753304433],[-86.1918041708417,37.07693840487404],[-86.21692922879228,37.10442831497314],[-86.2815365206652,37.08037464363643],[-86.39998322243223,37.16971685145851],[-86.46817980829807,37.32091135700357]]]}},{"type":"Feature","id":"21063","properties":{"name":"Elliott","county_fips":"21063","state_abbr":"KY"},"geometry":{"type":"Polygon","coordinates":[[[-83.26294027260272,38.1155415708057],[-83.22345803868038,38.13186370492704],[-83.20551156871568,38.17567574914749],[-83.24499380263802,38.191997883268826],[-83.21986874468745,38.23666898717987],[-83.15885074680746,38.26415889727897],[-83.08347557295572,38.22206497243972],[-83.05117192701927,38.17911198790987],[-83.01168969309693,38.20574283831838],[-82.97579675316753,38.1722395103851],[-82.92554663726636,38.17481668945689],[-82.88965369733697,38.11296439173391],[-82.9829753411534,38.050253034320335],[-83.02245757507575,38.007300049790494],[-83.13731498284983,38.003863811028104],[-83.19474368673687,38.01073628855288],[-83.22345803868038,38.04423961648616],[-83.2701188605886,38.069152347513466],[-83.26294027260272,38.1155415708057]]]}},{"type":"Feature","id":"21065","properties":{"name":"Estill","county_fips":"21065","state_abbr":"KY"},"geometry":{"type":"Polygon","coordinates":[[[-84.08129930299303,37.85266930548305],[-84.05617424504244,37.83548811167111],[-84.00233483514835,37.837206231052306],[-83.962852601226,37.84493776826768],[-83.962852601226,37.800266664356634],[-83.90542389733898,37.75903179920799],[-83.83004872348724,37.765045217042164],[-83.81928084150842,37.745286844158436],[-83.77620931359313,37.756454620136196],[-83.72236990369903,37.71607881467814],[-83.74749496164961,37.715219754987544],[-83.82287013550135,37.66539429293292],[-83.83363801748017,37.63618626345263],[-83.90542389733898,37.54254875717756],[-83.96644189521895,37.58120644325442],[-84.04540636306363,37.56316618975189],[-84.09206718497185,37.56660242851428],[-84.12796012490125,37.642199681286804],[-84.08847789097891,37.667971472004716],[-84.09565647896478,37.73497812787127],[-84.07412071500714,37.80112572404723],[-84.12078153691536,37.81315255971559],[-84.08129930299303,37.85266930548305]]]}},{"type":"Feature","id":"21067","properties":{"name":"Fayette","county_fips":"21067","state_abbr":"KY"},"geometry":{"type":"Polygon","coordinates":[[[-84.62687198991989,38.1164006304963],[-84.61969340193401,38.12928652585525],[-84.40074646836469,38.207460957699574],[-84.37203211642117,38.208320017390164],[-84.35408564645647,38.17825292821927],[-84.37921070440704,38.11382345142451],[-84.2858890605906,38.06743422813228],[-84.28229976659766,38.019326885458845],[-84.32178200052,38.00128663195631],[-84.32178200052,37.965206124951244],[-84.35049635246352,37.89819946908469],[-84.33613917649176,37.892186051250505],[-84.37921070440704,37.90163570784707],[-84.36485352843528,37.85868272331723],[-84.38638929239292,37.845796827958274],[-84.4115143503435,37.87156861867618],[-84.43663940829408,37.84751494733947],[-84.45099658426584,37.90936724506244],[-84.47971093620936,37.94029339392393],[-84.5909790499905,37.98668261721617],[-84.65917563585636,38.003863811028104],[-84.62687198991989,38.1164006304963]]]}},{"type":"Feature","id":"21069","properties":{"name":"Fleming","county_fips":"21069","state_abbr":"KY"},"geometry":{"type":"Polygon","coordinates":[[[-83.93054895528955,38.492668774977744],[-83.85876307543076,38.45658826797267],[-83.64340543585436,38.52531304322043],[-83.60033390793907,38.50211843157431],[-83.58238743797438,38.43167553694536],[-83.4675300302003,38.39903126870268],[-83.45317285422854,38.38185007489074],[-83.49983367613676,38.350064866338656],[-83.48906579415794,38.32429307562075],[-83.50701226412264,38.269313255422546],[-83.63622684786847,38.18770258481584],[-83.69365555175551,38.20917907708076],[-83.69006625776258,38.234091808108076],[-83.74390566765668,38.284776329853294],[-83.80133437154372,38.27962197170971],[-83.84799519345194,38.29680316552165],[-83.83363801748017,38.314843419024186],[-83.87312025140251,38.362091702007014],[-83.91619177931778,38.36037358262582],[-83.94849542525425,38.423084940039395],[-83.9807990711907,38.439407074160734],[-83.93054895528955,38.492668774977744]]]}},{"type":"Feature","id":"21071","properties":{"name":"Floyd","county_fips":"21071","state_abbr":"KY"},"geometry":{"type":"Polygon","coordinates":[[[-82.93990381323813,37.71607881467814],[-82.90042157931579,37.703192919319186],[-82.87170722737227,37.7289647100371],[-82.76402840758408,37.756454620136196],[-82.64199241182412,37.72037411313112],[-82.56302794397944,37.68515266581665],[-82.6132780598806,37.6705486510765],[-82.59892088390883,37.642199681286804],[-82.62404594185942,37.5038910711007],[-82.59892088390883,37.503032011410106],[-82.58815300193001,37.44633407183071],[-82.62045664786648,37.387058953179526],[-82.6671174697747,37.36987775936759],[-82.65276029380294,37.35183750586505],[-82.67070676376764,37.307166401954014],[-82.71018899768997,37.28568990968909],[-82.75326052560526,37.30802546164461],[-82.76402840758408,37.35269656555565],[-82.75684981959819,37.41368980358803],[-82.78197487754878,37.429152878018776],[-82.83581428744287,37.414548863278625],[-82.83222499344993,37.46695150440504],[-82.92554663726636,37.48670987728877],[-82.89683228532284,37.50904542924429],[-82.88965369733697,37.564884309133085],[-82.90401087330874,37.64048156190561],[-82.94708240122401,37.67828018829188],[-82.93990381323813,37.71607881467814]]]}},{"type":"Feature","id":"21073","properties":{"name":"Franklin","county_fips":"21073","state_abbr":"KY"},"geometry":{"type":"Polygon","coordinates":[[[-84.99656927119271,38.33546085159851],[-84.9068369213692,38.37497759736597],[-84.87094398143981,38.35693734386343],[-84.79197951359514,38.338897090360895],[-84.74172939769397,38.35264204541045],[-84.72378292772927,38.195434122031216],[-84.86376539345393,38.14131336152361],[-84.86376539345393,38.1172596901869],[-84.90324762737627,38.09320601885018],[-85.02528362313623,38.12928652585525],[-85.00374785917859,38.16107173440734],[-85.00015856518564,38.27532667325673],[-84.95708703727037,38.33202461283612],[-84.99656927119271,38.33546085159851]]]}},{"type":"Feature","id":"21075","properties":{"name":"Fulton","county_fips":"21075","state_abbr":"KY"},"geometry":{"type":"MultiPolygon","coordinates":[[[[-89.3288471206712,36.63194548514485],[-89.26065053480535,36.56493882927828],[-89.21398971289713,36.58040190370903],[-89.17450747897479,36.65084479833798],[-89.14579312703127,36.64912667895678],[-89.02734642526426,36.59242873937739],[-88.9412033694337,36.59156967968679],[-88.9053104295043,36.57696566494664],[-88.83352454964549,36.50308653155531],[-88.99863207332074,36.502227471864714],[-89.30013276872768,36.50738183000829],[-89.3467935906359,36.50308653155531],[-89.4185794704947,36.498791233102324],[-89.37191864858649,36.620777709167086],[-89.3288471206712,36.63194548514485]]],[[[-89.48677605636055,36.49707311372113],[-89.54061546625466,36.497932173411726],[-89.57291911219112,36.54775763546635],[-89.55856193621936,36.57352942618426],[-89.48318676236762,36.57181130680306],[-89.46524029240292,36.52971738196381],[-89.48677605636055,36.49707311372113]]]]}},{"type":"Feature","id":"21077","properties":{"name":"Gallatin","county_fips":"21077","state_abbr":"KY"},"geometry":{"type":"Polygon","coordinates":[[[-84.79556880758807,38.85691008379083],[-84.65917563585636,38.77701753256532],[-84.78121163161632,38.764990696896966],[-84.78480092560925,38.72031959298592],[-84.87094398143981,38.6979840410304],[-84.93555127331273,38.661903534025335],[-84.96426562525625,38.67994378752787],[-85.02528362313623,38.76241351782517],[-84.8888904514045,38.79505778606785],[-84.80992598355984,38.792480606996065],[-84.83146174751747,38.83027923338233],[-84.79556880758807,38.85691008379083]]]}},{"type":"Feature","id":"21079","properties":{"name":"Garrard","county_fips":"21079","state_abbr":"KY"},"geometry":{"type":"Polygon","coordinates":[[[-84.7166043397434,37.81572973878738],[-84.67712210582106,37.826038455074546],[-84.61610410794107,37.803702903119024],[-84.64481845988459,37.78823982868828],[-84.56944328603285,37.7289647100371],[-84.52637175811758,37.76934051549515],[-84.4294608203082,37.6430587409774],[-84.37203211642117,37.592374219232184],[-84.34690705847058,37.53911251841518],[-84.3756214104141,37.472964922239214],[-84.4474072902729,37.48585081759817],[-84.47253234822348,37.49444141450414],[-84.61969340193401,37.59323327892278],[-84.65917563585636,37.634468144071434],[-84.6986578697787,37.66883053169531],[-84.70583645776458,37.69803856117561],[-84.74531869168692,37.71350163560635],[-84.70583645776458,37.73154188910888],[-84.69506857578575,37.76332709766097],[-84.7166043397434,37.81572973878738]]]}},{"type":"Feature","id":"21081","properties":{"name":"Grant","county_fips":"21081","state_abbr":"KY"},"geometry":{"type":"Polygon","coordinates":[[[-84.65917563585636,38.77701753256532],[-84.61610410794107,38.80193026359263],[-84.53355034610345,38.79162154730547],[-84.47612164221641,38.542494237032365],[-84.48688952419523,38.508131849408485],[-84.55867540405404,38.492668774977744],[-84.58021116801167,38.472910402094016],[-84.62687198991989,38.484937237762374],[-84.680711399814,38.5596754308443],[-84.77403304363044,38.61895054949549],[-84.78480092560925,38.72031959298592],[-84.78121163161632,38.764990696896966],[-84.65917563585636,38.77701753256532]]]}},{"type":"Feature","id":"21083","properties":{"name":"Graves","county_fips":"21083","state_abbr":"KY"},"geometry":{"type":"Polygon","coordinates":[[[-88.81198878568786,36.77283127440274],[-88.81198878568786,36.94722039159391],[-88.70072067190671,36.94292509314093],[-88.48536303233033,36.94206603345033],[-88.48536303233033,36.75049572244722],[-88.48895232632326,36.501368412174116],[-88.51766667826678,36.501368412174116],[-88.81557807968079,36.50308653155531],[-88.81198878568786,36.77283127440274]]]}},{"type":"Feature","id":"21085","properties":{"name":"Grayson","county_fips":"21085","state_abbr":"KY"},"geometry":{"type":"Polygon","coordinates":[[[-86.59380509805098,37.56402524944249],[-86.57585862808628,37.599246696756964],[-86.53637639416394,37.5897970401604],[-86.51125133621336,37.62330036809367],[-86.41075110441103,37.56660242851428],[-86.34614381253812,37.56230713006129],[-86.35332240052401,37.587219861088606],[-86.27435793267932,37.59323327892278],[-86.2456435807358,37.60182387582875],[-86.23128640476405,37.57519302542025],[-86.17744699486994,37.55457559284592],[-86.11283970299702,37.56746148820488],[-86.05541099910998,37.49615953388533],[-86.0482324111241,37.4497703105931],[-86.01951805918058,37.3947904903949],[-86.0733574690747,37.38104553534535],[-86.08053605706057,37.35183750586505],[-86.15591123091231,37.33551537174371],[-86.46817980829807,37.32091135700357],[-86.48612627826277,37.36214622215221],[-86.61175156801568,37.3947904903949],[-86.66559097790977,37.54598499593995],[-86.59380509805098,37.56402524944249]]]}},{"type":"Feature","id":"21087","properties":{"name":"Green","county_fips":"21087","state_abbr":"KY"},"geometry":{"type":"Polygon","coordinates":[[[-85.65699936589365,37.422280400493996],[-85.63546360193601,37.47210586254862],[-85.58521348603486,37.46952868347683],[-85.58521348603486,37.43173005709056],[-85.47753466624665,37.36386434153341],[-85.43087384433844,37.30544828257282],[-85.39139161041611,37.237582567015664],[-85.35190937649377,37.19205240341403],[-85.38062372843729,37.167998732077315],[-85.52778478214782,37.109582673116726],[-85.63187430794308,37.12504574754747],[-85.68571371783717,37.18260274681746],[-85.67135654186542,37.267649656186556],[-85.696481599816,37.30201204381043],[-85.68571371783717,37.36128716246162],[-85.64982077790778,37.39650860977609],[-85.65699936589365,37.422280400493996]]]}},{"type":"Feature","id":"21089","properties":{"name":"Greenup","county_fips":"21089","state_abbr":"KY"},"geometry":{"type":"Polygon","coordinates":[[[-83.04399333903339,38.70571557824577],[-83.02245757507575,38.72891018989189],[-82.96861816518165,38.72891018989189],[-82.89324299132991,38.75640009999099],[-82.86811793337932,38.728051130201294],[-82.87888581535815,38.69025250381503],[-82.8465821694217,38.59489687815878],[-82.81427852348523,38.57084320682206],[-82.72454617366174,38.557957311463106],[-82.6671174697747,38.5055546703367],[-82.76761770157701,38.43339365632656],[-82.81786781747817,38.37411853767537],[-82.91118946129461,38.39903126870268],[-82.97220745917458,38.3938769105591],[-83.05117192701927,38.465178864878645],[-83.16602933479335,38.503836550955505],[-83.12295780687806,38.53562175950759],[-83.07270769097691,38.59489687815878],[-83.07270769097691,38.63269550454504],[-83.02245757507575,38.68338002629026],[-83.04399333903339,38.70571557824577]]]}},{"type":"Feature","id":"21091","properties":{"name":"Hancock","county_fips":"21091","state_abbr":"KY"},"geometry":{"type":"Polygon","coordinates":[[[-86.97785955529555,37.92998467763677],[-86.90607367543674,37.94287057299572],[-86.8558235595356,37.987541676906766],[-86.81634132561325,37.99870945288452],[-86.79480556165561,37.98925979628795],[-86.75173403374033,37.91280348382483],[-86.71584109381094,37.8939041706317],[-86.67994815388154,37.915380662896624],[-86.64405521395214,37.906790065990656],[-86.65482309593095,37.842360589195884],[-86.6763588598886,37.792535127141264],[-86.6225194499945,37.65508557664576],[-86.6404659199592,37.66195805417053],[-86.82351991359913,37.737555306943065],[-86.81634132561325,37.791676067450666],[-86.8558235595356,37.84064246981469],[-86.91325226342263,37.837206231052306],[-86.89530579345794,37.88187733496334],[-86.93119873338733,37.90936724506244],[-86.98862743727437,37.89734040939409],[-86.97785955529555,37.92998467763677]]]}},{"type":"Feature","id":"21093","properties":{"name":"Hardin","county_fips":"21093","state_abbr":"KY"},"geometry":{"type":"Polygon","coordinates":[[[-86.27435793267932,37.59323327892278],[-86.15232193691936,37.798548544975446],[-86.00875017720176,37.818306917859175],[-85.97644653126531,37.875863917129166],[-85.99798229522295,37.99956851257512],[-85.94414288532884,38.00815910948109],[-85.93696429734297,37.99870945288452],[-85.90824994539945,37.991836975359746],[-85.90466065140652,37.94287057299572],[-85.85441053550535,37.945447752067516],[-85.81492830158301,37.88960887217871],[-85.81851759557595,37.85868272331723],[-85.73955312773127,37.811434440334395],[-85.72878524575245,37.77449487363873],[-85.68212442384423,37.73240094879948],[-85.73596383373834,37.65422651695516],[-85.80057112561126,37.62330036809367],[-85.82210688956889,37.57433396572965],[-85.875946299463,37.54426687655876],[-85.8938927694277,37.44032065399654],[-86.0482324111241,37.4497703105931],[-86.05541099910998,37.49615953388533],[-86.11283970299702,37.56746148820488],[-86.17744699486994,37.55457559284592],[-86.23128640476405,37.57519302542025],[-86.2456435807358,37.60182387582875],[-86.27435793267932,37.59323327892278]]]}},{"type":"Feature","id":"21095","properties":{"name":"Harlan","county_fips":"21095","state_abbr":"KY"},"geometry":{"type":"Polygon","coordinates":[[[-83.48906579415794,36.89567681015809],[-83.41010132631327,36.890522452014515],[-83.39933344433445,36.92058954118541],[-83.3239582704827,36.940347914069136],[-83.25935097860979,36.96869688385883],[-83.23063662666627,37.003059271482705],[-83.1803865107651,37.021099524985246],[-83.12295780687806,37.00134115210152],[-83.15167215882158,36.956670048190475],[-83.0368147510475,36.984159958289574],[-82.93990381323813,37.01594516684166],[-82.86811793337932,36.97385124200241],[-82.85735005140052,36.92746201871018],[-82.87888581535815,36.89309963108631],[-82.96861816518165,36.85787818377183],[-83.07270769097691,36.85444194500944],[-83.13013639486394,36.78571716976169],[-83.13731498284983,36.74276418523185],[-83.19474368673687,36.73932794646946],[-83.31319038850388,36.70926085729857],[-83.4316370902709,36.66630787276872],[-83.46035144221442,36.664589753387524],[-83.46035144221442,36.69723402163021],[-83.49983367613676,36.73331452863528],[-83.48547650016499,36.783139990689904],[-83.51060155811558,36.80719366202661],[-83.48188720617206,36.84928758686586],[-83.48906579415794,36.89567681015809]]]}},{"type":"Feature","id":"21097","properties":{"name":"Harrison","county_fips":"21097","state_abbr":"KY"},"geometry":{"type":"Polygon","coordinates":[[[-84.55867540405404,38.492668774977744],[-84.48688952419523,38.508131849408485],[-84.47612164221641,38.542494237032365],[-84.4474072902729,38.52960834167341],[-84.40074646836469,38.5605344905349],[-84.20692459274592,38.58201098279982],[-84.2141031807318,38.55538013239132],[-84.1602637708377,38.55452107270072],[-84.18538882878829,38.49782313312132],[-84.13154941889418,38.48321911838118],[-84.10283506695066,38.45916544704446],[-84.19256741677417,38.37154135860358],[-84.27871047260473,38.314843419024186],[-84.37921070440704,38.277903852328514],[-84.44381799627996,38.2830582104721],[-84.43305011430114,38.29938034459344],[-84.45817517225171,38.373259477984774],[-84.52637175811758,38.43339365632656],[-84.55867540405404,38.492668774977744]]]}},{"type":"Feature","id":"21099","properties":{"name":"Hart","county_fips":"21099","state_abbr":"KY"},"geometry":{"type":"Polygon","coordinates":[[[-86.0482324111241,37.4497703105931],[-85.8938927694277,37.44032065399654],[-85.65699936589365,37.422280400493996],[-85.64982077790778,37.39650860977609],[-85.68571371783717,37.36128716246162],[-85.696481599816,37.30201204381043],[-85.67135654186542,37.267649656186556],[-85.68571371783717,37.18260274681746],[-85.74314242172422,37.16971685145851],[-85.90466065140652,37.148240359193586],[-86.05541099910998,37.16713967238672],[-86.0482324111241,37.21524701506014],[-86.15591123091231,37.33551537174371],[-86.08053605706057,37.35183750586505],[-86.0733574690747,37.38104553534535],[-86.01951805918058,37.3947904903949],[-86.0482324111241,37.4497703105931]]]}},{"type":"Feature","id":"21101","properties":{"name":"Henderson","county_fips":"21101","state_abbr":"KY"},"geometry":{"type":"Polygon","coordinates":[[[-87.69930764787648,37.89734040939409],[-87.66341470794707,37.8939041706317],[-87.67418258992589,37.82947469383693],[-87.63470035600356,37.82689751476514],[-87.58803953409534,37.861259902389016],[-87.62752176801767,37.91623972258722],[-87.6023967100671,37.972937662166615],[-87.57368235812358,37.96778330402304],[-87.55214659416593,37.92568937918379],[-87.50189647826478,37.90936724506244],[-87.45164636236362,37.94115245361453],[-87.37986048250482,37.93599809547095],[-87.30089601466014,37.89819946908469],[-87.32243177861778,37.81916597754977],[-87.27218166271662,37.7822264108541],[-87.32243177861778,37.741850605396046],[-87.39421765847658,37.72466941158411],[-87.40857483444834,37.68343454643546],[-87.4947178902789,37.64735403943039],[-87.73520058780588,37.63876344252442],[-87.75314705777058,37.66968959138591],[-87.75673635176351,37.7289647100371],[-87.81416505565055,37.76246803797037],[-87.92543316943168,37.90163570784707],[-87.87159375953759,37.9213940807308],[-87.83211152561525,37.876722976819764],[-87.69930764787648,37.89734040939409]]]}},{"type":"Feature","id":"21103","properties":{"name":"Henry","county_fips":"21103","state_abbr":"KY"},"geometry":{"type":"Polygon","coordinates":[[[-85.31242714257142,38.492668774977744],[-85.28012349663496,38.496105013740134],[-85.16885538285382,38.58544722156221],[-85.07553373903738,38.596614997539966],[-85.00374785917859,38.55194389362893],[-85.02887291712916,38.51070902848028],[-84.97862280122801,38.51328620755207],[-84.98939068320684,38.48751441683416],[-84.95708703727037,38.47376946178461],[-84.96426562525625,38.43768895477954],[-84.88171186341863,38.41621246251462],[-84.8960690393904,38.37497759736597],[-84.87094398143981,38.35693734386343],[-84.9068369213692,38.37497759736597],[-84.99656927119271,38.33546085159851],[-85.2837127906279,38.357796403554026],[-85.32678431854318,38.404185626846264],[-85.34473078850789,38.45916544704446],[-85.31242714257142,38.492668774977744]]]}},{"type":"Feature","id":"21105","properties":{"name":"Hickman","county_fips":"21105","state_abbr":"KY"},"geometry":{"type":"Polygon","coordinates":[[[-89.12425736307362,36.78485811007109],[-89.10272159911598,36.79688494573945],[-89.06682865918658,36.77283127440274],[-88.81198878568786,36.77283127440274],[-88.81557807968079,36.50308653155531],[-88.82634596165961,36.50308653155531],[-88.83352454964549,36.50308653155531],[-88.9053104295043,36.57696566494664],[-88.9412033694337,36.59156967968679],[-89.02734642526426,36.59242873937739],[-89.14579312703127,36.64912667895678],[-89.17450747897479,36.65084479833798],[-89.16732889098891,36.68520718596185],[-89.19963253692536,36.71613333482334],[-89.18527536095361,36.75393196120961],[-89.12784665706657,36.75135478213782],[-89.12425736307362,36.78485811007109]]]}},{"type":"Feature","id":"21107","properties":{"name":"Hopkins","county_fips":"21107","state_abbr":"KY"},"geometry":{"type":"Polygon","coordinates":[[[-87.81416505565055,37.35097844617446],[-87.59521812208122,37.46179714626145],[-87.49830718427184,37.487568936979365],[-87.37627118851188,37.57003866727667],[-87.3511461305613,37.518495085840854],[-87.36191401254013,37.48842799666996],[-87.3511461305613,37.42485757956579],[-87.29730672066721,37.392213311323104],[-87.34755683656836,37.309743581025806],[-87.37986048250482,37.31232076009759],[-87.3870390704907,37.26163623835238],[-87.30807460264602,37.19205240341403],[-87.3331996605966,37.156830956099554],[-87.37268189451895,37.13191822507225],[-87.48753930229302,37.125904807238065],[-87.51984294822948,37.10528737466374],[-87.68136117791178,37.149099418884184],[-87.74955776377763,37.20923359722597],[-87.80339717367173,37.241018805778054],[-87.80698646766467,37.29342144690446],[-87.85005799557995,37.32177041669416],[-87.81416505565055,37.35097844617446]]]}},{"type":"Feature","id":"21109","properties":{"name":"Jackson","county_fips":"21109","state_abbr":"KY"},"geometry":{"type":"Polygon","coordinates":[[[-84.19974600476004,37.522790384293835],[-84.17103165281652,37.557152771917714],[-84.09206718497185,37.56660242851428],[-84.04540636306363,37.56316618975189],[-83.96644189521895,37.58120644325442],[-83.90542389733898,37.54254875717756],[-83.88388813338133,37.51763602615026],[-83.88388813338133,37.4772602206922],[-83.85158448744487,37.44805219121191],[-83.81928084150842,37.38190459503594],[-83.78338790157902,37.348401267102666],[-83.87670954539546,37.29428050659506],[-83.90183460334603,37.253904701137],[-83.9449061312613,37.25046846237462],[-84.04899565705657,37.267649656186556],[-84.13872800688007,37.32005229731297],[-84.12796012490125,37.35785092369923],[-84.17103165281652,37.38534083379833],[-84.1602637708377,37.417985102041015],[-84.20333529875299,37.48585081759817],[-84.19974600476004,37.522790384293835]]]}},{"type":"Feature","id":"21111","properties":{"name":"Jefferson","county_fips":"21111","state_abbr":"KY"},"geometry":{"type":"Polygon","coordinates":[[[-85.90107135741357,38.17997104760047],[-85.8508212415124,38.222924032130315],[-85.82928547755478,38.27704479263792],[-85.78980324363243,38.28821256861568],[-85.74314242172422,38.26759513604135],[-85.67494583585835,38.30109846397463],[-85.63905289592896,38.38013195550955],[-85.46676678426783,38.28563538954389],[-85.40574878638786,38.26415889727897],[-85.42369525635256,38.14732677935779],[-85.4272845503455,38.11811874987749],[-85.56726701607016,38.07516576534765],[-85.71083877578775,38.08719260101601],[-85.88312488744887,38.04080337772377],[-85.93696429734297,37.99870945288452],[-85.94414288532884,38.00815910948109],[-85.92260712137121,38.026199362983625],[-85.90466065140652,38.08633354132541],[-85.90107135741357,38.17997104760047]]]}},{"type":"Feature","id":"21113","properties":{"name":"Jessamine","county_fips":"21113","state_abbr":"KY"},"geometry":{"type":"Polygon","coordinates":[[[-84.70942575175751,37.86211896207961],[-84.65917563585636,38.003863811028104],[-84.5909790499905,37.98668261721617],[-84.47971093620936,37.94029339392393],[-84.45099658426584,37.90936724506244],[-84.43663940829408,37.84751494733947],[-84.48688952419523,37.84064246981469],[-84.46176446624466,37.803702903119024],[-84.52637175811758,37.76934051549515],[-84.56944328603285,37.7289647100371],[-84.64481845988459,37.78823982868828],[-84.61610410794107,37.803702903119024],[-84.67712210582106,37.826038455074546],[-84.7166043397434,37.81572973878738],[-84.70942575175751,37.86211896207961]]]}},{"type":"Feature","id":"21115","properties":{"name":"Johnson","county_fips":"21115","state_abbr":"KY"},"geometry":{"type":"Polygon","coordinates":[[[-82.99015392913928,37.96434706526065],[-82.95067169521695,38.000427572265714],[-82.83222499344993,37.96778330402304],[-82.67788535175352,37.892186051250505],[-82.6132780598806,37.87930015589155],[-82.67070676376764,37.85181024579245],[-82.64558170581705,37.822602216312156],[-82.67429605776057,37.787380768997686],[-82.65276029380294,37.77793111240112],[-82.64199241182412,37.72037411313112],[-82.76402840758408,37.756454620136196],[-82.87170722737227,37.7289647100371],[-82.90042157931579,37.703192919319186],[-82.93990381323813,37.71607881467814],[-82.95067169521695,37.795112306213056],[-82.99015392913928,37.818306917859175],[-83.00451110511105,37.85954178300782],[-82.96143957719578,37.91280348382483],[-82.99015392913928,37.96434706526065]]]}},{"type":"Feature","id":"21117","properties":{"name":"Kenton","county_fips":"21117","state_abbr":"KY"},"geometry":{"type":"Polygon","coordinates":[[[-84.62328269592696,39.074252185511845],[-84.55149681606815,39.09916491653916],[-84.50483599415993,39.09486961808617],[-84.49047881818818,39.02099048469484],[-84.45099658426584,38.99350057459574],[-84.46176446624466,38.94539323192231],[-84.44022870228702,38.90759460553605],[-84.4653537602376,38.850896665956654],[-84.41869293832939,38.80622556204561],[-84.53355034610345,38.79162154730547],[-84.61610410794107,38.80193026359263],[-84.59815763797637,38.87924563574635],[-84.62328269592696,39.074252185511845]]]}},{"type":"Feature","id":"21119","properties":{"name":"Knott","county_fips":"21119","state_abbr":"KY"},"geometry":{"type":"Polygon","coordinates":[[[-82.94708240122401,37.503032011410106],[-82.92554663726636,37.48670987728877],[-82.83222499344993,37.46695150440504],[-82.83581428744287,37.414548863278625],[-82.78197487754878,37.429152878018776],[-82.75684981959819,37.41368980358803],[-82.76402840758408,37.35269656555565],[-82.75326052560526,37.30802546164461],[-82.71018899768997,37.28568990968909],[-82.73172476164761,37.271085894948946],[-82.81786781747817,37.268508715877154],[-82.87529652136521,37.241877865468645],[-82.89324299132991,37.21696513444134],[-82.97938604716047,37.172294030530296],[-83.0009218111181,37.195488642176414],[-83.05476122101221,37.21610607475074],[-83.06552910299102,37.24445504454044],[-83.11577921889219,37.241018805778054],[-83.12654710087101,37.268508715877154],[-83.11218992489924,37.33207913298132],[-83.12295780687806,37.40509920668206],[-83.13372568885688,37.45750184780847],[-83.06193980899809,37.526226623056225],[-83.02963616306162,37.506468250172496],[-82.94708240122401,37.503032011410106]]]}},{"type":"Feature","id":"21121","properties":{"name":"Knox","county_fips":"21121","state_abbr":"KY"},"geometry":{"type":"Polygon","coordinates":[[[-84.09206718497185,36.95581098849988],[-84.03104918709187,36.98845525674256],[-83.95926330723307,36.9772874807648],[-83.93054895528955,36.99618679395793],[-83.92337036730368,37.03656259941599],[-83.86953095740957,37.05460285291852],[-83.81569154751547,37.02711294281942],[-83.77620931359313,37.037421659106585],[-83.7367270796708,37.006495510245095],[-83.63981614186142,36.95924722726227],[-83.58956602596025,36.95581098849988],[-83.56444096800968,36.93175731716317],[-83.58238743797438,36.90426740706406],[-83.68288766977669,36.85444194500944],[-83.74031637366373,36.80118024419244],[-83.78697719557195,36.80032118450184],[-83.8085129595296,36.74791854337543],[-83.87670954539546,36.686925305343046],[-83.95926330723307,36.7273011108011],[-83.9879776591766,36.75908631935319],[-83.98438836518365,36.80118024419244],[-84.02745989309892,36.818361438004374],[-84.06694212702126,36.85444194500944],[-84.09206718497185,36.95581098849988]]]}},{"type":"Feature","id":"21123","properties":{"name":"Larue","county_fips":"21123","state_abbr":"KY"},"geometry":{"type":"Polygon","coordinates":[[[-85.68212442384423,37.73240094879948],[-85.63905289592896,37.69632044179441],[-85.59239207402074,37.69374326272262],[-85.59957066200661,37.63962250221502],[-85.57444560405604,37.63876344252442],[-85.6246957199572,37.55199841377413],[-85.56367772207722,37.522790384293835],[-85.5529098400984,37.553716533155324],[-85.52060619416194,37.55457559284592],[-85.50265972419724,37.54942123470234],[-85.46676678426783,37.46523338502384],[-85.4990704302043,37.48327363852638],[-85.52778478214782,37.45406560904608],[-85.58521348603486,37.46952868347683],[-85.63546360193601,37.47210586254862],[-85.65699936589365,37.422280400493996],[-85.8938927694277,37.44032065399654],[-85.875946299463,37.54426687655876],[-85.82210688956889,37.57433396572965],[-85.80057112561126,37.62330036809367],[-85.73596383373834,37.65422651695516],[-85.68212442384423,37.73240094879948]]]}},{"type":"Feature","id":"21125","properties":{"name":"Laurel","county_fips":"21125","state_abbr":"KY"},"geometry":{"type":"Polygon","coordinates":[[[-84.3576749404494,36.95924722726227],[-84.35049635246352,36.98931431643316],[-84.31819270652706,36.99962303272032],[-84.32537129451295,37.0623343901339],[-84.27871047260473,37.101851135901356],[-84.28947835458354,37.151676597955976],[-84.30024623656236,37.16971685145851],[-84.25358541465414,37.23930068639686],[-84.21769247472474,37.24273692515924],[-84.21769247472474,37.28053555154551],[-84.14949588885888,37.302871103501026],[-84.13872800688007,37.32005229731297],[-84.04899565705657,37.267649656186556],[-83.9449061312613,37.25046846237462],[-83.94131683726837,37.206656418154175],[-83.9700311892119,37.16885779176791],[-83.9269596612966,37.11301891187911],[-83.88388813338133,37.11903232971329],[-83.86235236942369,37.09154241961419],[-83.86953095740957,37.05460285291852],[-83.92337036730368,37.03656259941599],[-83.93054895528955,36.99618679395793],[-83.95926330723307,36.9772874807648],[-84.03104918709187,36.98845525674256],[-84.09206718497185,36.95581098849988],[-84.1243708309083,36.97041500324003],[-84.18179953479535,36.93948885437854],[-84.22128176871769,36.960106286952865],[-84.23563894468944,36.94120697375973],[-84.26435329663296,36.96268346602466],[-84.29665694256943,36.945502272212714],[-84.34690705847058,36.93948885437854],[-84.3576749404494,36.95924722726227]]]}},{"type":"Feature","id":"21127","properties":{"name":"Lawrence","county_fips":"21127","state_abbr":"KY"},"geometry":{"type":"Polygon","coordinates":[[[-83.02245757507575,38.007300049790494],[-82.9829753411534,38.050253034320335],[-82.88965369733697,38.11296439173391],[-82.92554663726636,38.17481668945689],[-82.88247510935109,38.19629318172181],[-82.85376075740757,38.19027976388763],[-82.7927427595276,38.24354146470464],[-82.73531405564056,38.23752804687046],[-82.69942111571116,38.261581718207175],[-82.6132780598806,38.26587701666016],[-82.60609947189472,38.24697770346703],[-82.60968876588765,38.1713804506945],[-82.63840311783117,38.1713804506945],[-82.63840311783117,38.138736182451815],[-82.58456370793708,38.106950973899735],[-82.54867076800768,38.06829328782287],[-82.51636712207122,37.99956851257512],[-82.46252771217712,37.980669199381985],[-82.49842065210652,37.945447752067516],[-82.53431359203591,37.96262894587945],[-82.58097441394413,37.954038348973484],[-82.6132780598806,37.87930015589155],[-82.67788535175352,37.892186051250505],[-82.83222499344993,37.96778330402304],[-82.95067169521695,38.000427572265714],[-82.99015392913928,37.96434706526065],[-83.02245757507575,38.007300049790494]]]}},{"type":"Feature","id":"21129","properties":{"name":"Lee","county_fips":"21129","state_abbr":"KY"},"geometry":{"type":"Polygon","coordinates":[[[-83.90542389733898,37.54254875717756],[-83.83363801748017,37.63618626345263],[-83.82287013550135,37.66539429293292],[-83.74749496164961,37.715219754987544],[-83.72236990369903,37.71607881467814],[-83.70801272772728,37.71607881467814],[-83.61828037790377,37.66711241231412],[-83.5213694400944,37.63876344252442],[-83.57879814398143,37.506468250172496],[-83.62186967189672,37.51076354862548],[-83.63622684786847,37.53997157810578],[-83.67929837578376,37.511622608316074],[-83.73313778567785,37.52107226491264],[-83.74390566765668,37.49444141450414],[-83.83004872348724,37.48670987728877],[-83.88388813338133,37.51763602615026],[-83.90542389733898,37.54254875717756]]]}},{"type":"Feature","id":"21131","properties":{"name":"Leslie","county_fips":"21131","state_abbr":"KY"},"geometry":{"type":"Polygon","coordinates":[[[-83.50701226412264,37.23586444763447],[-83.46035144221442,37.29342144690446],[-83.39933344433445,37.32091135700357],[-83.35267262242623,37.29599862597625],[-83.3239582704827,37.225555731347306],[-83.25576168461684,37.20407923908238],[-83.20192227472275,37.17487120960209],[-83.22704733267332,37.137072583215826],[-83.16602933479335,37.102710195591946],[-83.1803865107651,37.021099524985246],[-83.23063662666627,37.003059271482705],[-83.25935097860979,36.96869688385883],[-83.3239582704827,36.940347914069136],[-83.39933344433445,36.92058954118541],[-83.41010132631327,36.890522452014515],[-83.48906579415794,36.89567681015809],[-83.51060155811558,36.93862979468794],[-83.51060155811558,37.0039183311733],[-83.55367308603086,37.079515583945835],[-83.55008379203792,37.16713967238672],[-83.5034229701297,37.20407923908238],[-83.50701226412264,37.23586444763447]]]}},{"type":"Feature","id":"21133","properties":{"name":"Letcher","county_fips":"21133","state_abbr":"KY"},"geometry":{"type":"Polygon","coordinates":[[[-83.12295780687806,37.00134115210152],[-83.05476122101221,37.017663286222856],[-83.07270769097691,37.04257601725017],[-83.04399333903339,37.0623343901339],[-83.05835051500515,37.12418668785687],[-83.0009218111181,37.195488642176414],[-82.97938604716047,37.172294030530296],[-82.89324299132991,37.21696513444134],[-82.87529652136521,37.241877865468645],[-82.81786781747817,37.268508715877154],[-82.73172476164761,37.271085894948946],[-82.67070676376764,37.2272738507285],[-82.62763523585235,37.24789128330283],[-82.56661723797238,37.19634770186701],[-82.63481382383823,37.15425377702776],[-82.72454617366174,37.1155960909509],[-82.72454617366174,37.04171695755957],[-82.78197487754878,37.00821362962629],[-82.82504640546405,37.006495510245095],[-82.86811793337932,36.97385124200241],[-82.93990381323813,37.01594516684166],[-83.0368147510475,36.984159958289574],[-83.15167215882158,36.956670048190475],[-83.12295780687806,37.00134115210152]]]}},{"type":"Feature","id":"21135","properties":{"name":"Lewis","county_fips":"21135","state_abbr":"KY"},"geometry":{"type":"Polygon","coordinates":[[[-83.26652956659566,38.61809148980489],[-83.13731498284983,38.62840020609205],[-83.11936851288513,38.666198832478315],[-83.04399333903339,38.70571557824577],[-83.02245757507575,38.68338002629026],[-83.07270769097691,38.63269550454504],[-83.07270769097691,38.59489687815878],[-83.12295780687806,38.53562175950759],[-83.16602933479335,38.503836550955505],[-83.23781521465214,38.426521178801785],[-83.23063662666627,38.338897090360895],[-83.3419047404474,38.319138717477166],[-83.4136906203062,38.39645408963089],[-83.45317285422854,38.38185007489074],[-83.4675300302003,38.39903126870268],[-83.58238743797438,38.43167553694536],[-83.60033390793907,38.50211843157431],[-83.64340543585436,38.52531304322043],[-83.62545896588965,38.61121901228012],[-83.6469947298473,38.63699080299802],[-83.61469108391084,38.684239085980856],[-83.5213694400944,38.70313839917399],[-83.4675300302003,38.67564848907488],[-83.36702979839798,38.658467295262945],[-83.32754756447564,38.63784986268862],[-83.30960109451094,38.60091029599295],[-83.26652956659566,38.61809148980489]]]}},{"type":"Feature","id":"21137","properties":{"name":"Lincoln","county_fips":"21137","state_abbr":"KY"},"geometry":{"type":"Polygon","coordinates":[[[-84.84581892348923,37.548562175011746],[-84.74890798567985,37.58636080139801],[-84.74890798567985,37.58636080139801],[-84.65917563585636,37.618146009950095],[-84.65917563585636,37.634468144071434],[-84.61969340193401,37.59323327892278],[-84.47253234822348,37.49444141450414],[-84.4474072902729,37.48585081759817],[-84.501246700167,37.32864289421894],[-84.5550861100611,37.35613280431804],[-84.72019363373633,37.23844162670626],[-84.72378292772927,37.28654896937969],[-84.70583645776458,37.29943486473864],[-84.72378292772927,37.360428102771024],[-84.79556880758807,37.390495191941916],[-84.84940821748218,37.42743475863758],[-84.86017609946099,37.46695150440504],[-84.84581892348923,37.548562175011746]]]}},{"type":"Feature","id":"21139","properties":{"name":"Livingston","county_fips":"21139","state_abbr":"KY"},"geometry":{"type":"Polygon","coordinates":[[[-88.564327500175,37.07865652425524],[-88.48895232632326,37.067488748277476],[-88.46023797437974,37.07350216611165],[-88.42434503445034,37.14995847857478],[-88.44947009240092,37.206656418154175],[-88.5104880902809,37.26249529804297],[-88.51766667826678,37.283971790307895],[-88.48536303233033,37.3398106701967],[-88.47818444434444,37.387058953179526],[-88.41357715247152,37.42399851987519],[-88.41357715247152,37.42485757956579],[-88.35973774257742,37.40509920668206],[-88.31666621466215,37.39822672915729],[-88.2951304507045,37.33551537174371],[-88.21975527685277,37.272804014330134],[-88.19821951289512,37.21954231351313],[-88.21975527685277,37.18260274681746],[-88.19463021890219,37.14738129950299],[-88.23052315883159,37.08123370332703],[-88.22693386483864,37.02797200251002],[-88.20898739487394,36.99962303272032],[-88.24129104081041,36.98158277921779],[-88.30948762667626,37.048589435084345],[-88.3669163305633,37.064052509515086],[-88.42793432844329,37.05030755446554],[-88.48177373833738,37.02281764436644],[-88.5284345602456,37.03484448003479],[-88.564327500175,37.07865652425524]]]}},{"type":"Feature","id":"21141","properties":{"name":"Logan","county_fips":"21141","state_abbr":"KY"},"geometry":{"type":"Polygon","coordinates":[[[-87.05323472914729,37.0606162707527],[-86.94196661536616,37.06920686765867],[-86.84505567755677,37.056320972299716],[-86.67276956589565,36.99962303272032],[-86.61175156801568,36.882790914799145],[-86.65482309593095,36.875918437274365],[-86.69071603586036,36.84413322872228],[-86.75173403374033,36.7273011108011],[-86.76250191571916,36.64912667895678],[-87.06041331713317,36.64311326112261],[-87.05323472914729,37.0606162707527]]]}},{"type":"Feature","id":"21143","properties":{"name":"Lyon","county_fips":"21143","state_abbr":"KY"},"geometry":{"type":"Polygon","coordinates":[[[-88.19463021890219,37.14738129950299],[-88.18386233692337,37.125904807238065],[-88.11925504505045,37.15511283671836],[-88.09412998709986,37.18002556774567],[-88.04387987119871,37.17487120960209],[-87.97568328533285,37.067488748277476],[-87.87877234752347,36.960106286952865],[-88.00439763727637,36.910280824898244],[-88.15873727897278,36.8673278403684],[-88.19104092490925,36.93519355592555],[-88.24129104081041,36.98158277921779],[-88.20898739487394,36.99962303272032],[-88.22693386483864,37.02797200251002],[-88.23052315883159,37.08123370332703],[-88.19463021890219,37.14738129950299]]]}},{"type":"Feature","id":"21151","properties":{"name":"Madison","county_fips":"21151","state_abbr":"KY"},"geometry":{"type":"Polygon","coordinates":[[[-84.52637175811758,37.76934051549515],[-84.46176446624466,37.803702903119024],[-84.48688952419523,37.84064246981469],[-84.43663940829408,37.84751494733947],[-84.4115143503435,37.87156861867618],[-84.38638929239292,37.845796827958274],[-84.36485352843528,37.85868272331723],[-84.37921070440704,37.90163570784707],[-84.33613917649176,37.892186051250505],[-84.27153188461884,37.91709878227782],[-84.26435329663296,37.876722976819764],[-84.18538882878829,37.87930015589155],[-84.08129930299303,37.85266930548305],[-84.12078153691536,37.81315255971559],[-84.07412071500714,37.80112572404723],[-84.09565647896478,37.73497812787127],[-84.08847789097891,37.667971472004716],[-84.12796012490125,37.642199681286804],[-84.09206718497185,37.56660242851428],[-84.17103165281652,37.557152771917714],[-84.19974600476004,37.522790384293835],[-84.2679425906259,37.515058847078464],[-84.3038355305553,37.537394399033985],[-84.34690705847058,37.53911251841518],[-84.37203211642117,37.592374219232184],[-84.4294608203082,37.6430587409774],[-84.52637175811758,37.76934051549515]]]}},{"type":"Feature","id":"21153","properties":{"name":"Magoffin","county_fips":"21153","state_abbr":"KY"},"geometry":{"type":"Polygon","coordinates":[[[-83.00451110511105,37.85954178300782],[-82.99015392913928,37.818306917859175],[-82.95067169521695,37.795112306213056],[-82.93990381323813,37.71607881467814],[-82.94708240122401,37.67828018829188],[-82.90401087330874,37.64048156190561],[-82.88965369733697,37.564884309133085],[-82.89683228532284,37.50904542924429],[-82.92554663726636,37.48670987728877],[-82.94708240122401,37.503032011410106],[-83.0188682810828,37.54942123470234],[-83.01168969309693,37.583783622326216],[-83.04040404504045,37.58464268201681],[-83.09065416094161,37.63189096499964],[-83.13372568885688,37.606978233972335],[-83.17320792277923,37.642199681286804],[-83.24858309663097,37.66968959138591],[-83.26294027260272,37.71264257591575],[-83.24140450864509,37.74442778446784],[-83.2701188605886,37.76934051549515],[-83.22704733267332,37.78995794806947],[-83.20910086270862,37.81916597754977],[-83.11218992489924,37.86383708146081],[-83.13013639486394,37.8947632303223],[-83.05835051500515,37.869850499294984],[-83.03322545705457,37.88617263341633],[-83.00451110511105,37.85954178300782]]]}},{"type":"Feature","id":"21155","properties":{"name":"Marion","county_fips":"21155","state_abbr":"KY"},"geometry":{"type":"Polygon","coordinates":[[[-85.52060619416194,37.55457559284592],[-85.44882031430313,37.68601172550725],[-85.40215949239492,37.730682829418285],[-85.3734451404514,37.70233385962859],[-85.3734451404514,37.673125830148294],[-85.34114149451494,37.65164933788337],[-85.25858773267733,37.631031905309044],[-85.02887291712916,37.631031905309044],[-85.03964079910799,37.545125936249356],[-85.04323009310093,37.41197168420683],[-85.07553373903738,37.41368980358803],[-85.12937314893149,37.453206549355485],[-85.17244467684677,37.46523338502384],[-85.27294490864908,37.41712604235042],[-85.28012349663496,37.43516629585295],[-85.34114149451494,37.46952868347683],[-85.40215949239492,37.47554210131101],[-85.46676678426783,37.46523338502384],[-85.50265972419724,37.54942123470234],[-85.52060619416194,37.55457559284592]]]}},{"type":"Feature","id":"21157","properties":{"name":"Marshall","county_fips":"21157","state_abbr":"KY"},"geometry":{"type":"Polygon","coordinates":[[[-88.48536303233033,36.94206603345033],[-88.48177373833738,37.02281764436644],[-88.42793432844329,37.05030755446554],[-88.3669163305633,37.064052509515086],[-88.30948762667626,37.048589435084345],[-88.24129104081041,36.98158277921779],[-88.19104092490925,36.93519355592555],[-88.15873727897278,36.8673278403684],[-88.11207645706456,36.74705948368483],[-88.48536303233033,36.75049572244722],[-88.48536303233033,36.94206603345033]]]}},{"type":"Feature","id":"21159","properties":{"name":"Martin","county_fips":"21159","state_abbr":"KY"},"geometry":{"type":"Polygon","coordinates":[[[-82.6132780598806,37.87930015589155],[-82.58097441394413,37.954038348973484],[-82.53431359203591,37.96262894587945],[-82.49842065210652,37.945447752067516],[-82.47329559415594,37.899917588465875],[-82.41945618426183,37.88359545434454],[-82.42304547825478,37.85438742486424],[-82.37638465634656,37.80198478373783],[-82.34049171641716,37.78566264961649],[-82.33331312843129,37.74099154570545],[-82.37638465634656,37.73927342632426],[-82.41227759627596,37.71264257591575],[-82.38715253832538,37.69717950148501],[-82.40509900829008,37.6714077107671],[-82.45534912419124,37.66883053169531],[-82.51995641606416,37.69460232241322],[-82.56302794397944,37.68515266581665],[-82.64199241182412,37.72037411313112],[-82.65276029380294,37.77793111240112],[-82.67429605776057,37.787380768997686],[-82.64558170581705,37.822602216312156],[-82.67070676376764,37.85181024579245],[-82.6132780598806,37.87930015589155]]]}},{"type":"Feature","id":"21161","properties":{"name":"Mason","county_fips":"21161","state_abbr":"KY"},"geometry":{"type":"Polygon","coordinates":[[[-83.99156695316952,38.59403781846818],[-83.90542389733898,38.76842693565935],[-83.84799519345194,38.746950443394425],[-83.83722731147311,38.71774241391413],[-83.78338790157902,38.69540686195861],[-83.7654414316143,38.65245387742877],[-83.70442343373433,38.63956798206981],[-83.6469947298473,38.63699080299802],[-83.62545896588965,38.61121901228012],[-83.64340543585436,38.52531304322043],[-83.85876307543076,38.45658826797267],[-83.93054895528955,38.492668774977744],[-83.95926330723307,38.5330445804358],[-83.9700311892119,38.5871653409434],[-83.99156695316952,38.59403781846818]]]}},{"type":"Feature","id":"21145","properties":{"name":"McCracken","county_fips":"21145","state_abbr":"KY"},"geometry":{"type":"Polygon","coordinates":[[[-88.93402478144782,37.2281329104191],[-88.92684619346193,37.226414791037904],[-88.80481019770197,37.18861616465164],[-88.75456008180082,37.15511283671836],[-88.62893479204791,37.12075044909449],[-88.564327500175,37.07865652425524],[-88.5284345602456,37.03484448003479],[-88.48177373833738,37.02281764436644],[-88.48536303233033,36.94206603345033],[-88.70072067190671,36.94292509314093],[-88.81198878568786,36.94722039159391],[-88.81557807968079,36.95409286911868],[-88.93402478144782,37.2281329104191]]]}},{"type":"Feature","id":"21147","properties":{"name":"McCreary","county_fips":"21147","state_abbr":"KY"},"geometry":{"type":"Polygon","coordinates":[[[-84.57662187401874,36.8673278403684],[-84.41510364433644,36.94722039159391],[-84.3576749404494,36.95924722726227],[-84.34690705847058,36.93948885437854],[-84.29665694256943,36.945502272212714],[-84.32178200052,36.890522452014515],[-84.31460341253413,36.859596303153026],[-84.34331776447765,36.837260751197505],[-84.35049635246352,36.78056281161811],[-84.32178200052,36.75908631935319],[-84.30742482454825,36.67661658905588],[-84.22846035670356,36.59242873937739],[-84.26076400264002,36.59156967968679],[-84.54431822808228,36.59586497813977],[-84.77762233762337,36.60359651535515],[-84.67353281182811,36.73932794646946],[-84.67353281182811,36.76166349842498],[-84.63405057790578,36.76939503564035],[-84.62328269592696,36.79430776666766],[-84.58021116801167,36.80375742326423],[-84.57662187401874,36.8673278403684]]]}},{"type":"Feature","id":"21149","properties":{"name":"McLean","county_fips":"21149","state_abbr":"KY"},"geometry":{"type":"Polygon","coordinates":[[[-87.4947178902789,37.64735403943039],[-87.40857483444834,37.68343454643546],[-87.2614137807378,37.62158224871248],[-87.09630625706257,37.56660242851428],[-87.03887755317552,37.5605890106801],[-87.10348484504844,37.48069645945459],[-87.09989555105551,37.41626698265982],[-87.1716814309143,37.41368980358803],[-87.21116366483665,37.38104553534535],[-87.29730672066721,37.392213311323104],[-87.3511461305613,37.42485757956579],[-87.36191401254013,37.48842799666996],[-87.3511461305613,37.518495085840854],[-87.37627118851188,37.57003866727667],[-87.39780695246952,37.5889379804698],[-87.48395000830008,37.60096481613815],[-87.4947178902789,37.64735403943039]]]}},{"type":"Feature","id":"21163","properties":{"name":"Meade","county_fips":"21163","state_abbr":"KY"},"geometry":{"type":"Polygon","coordinates":[[[-86.4610012203122,38.12155498863988],[-86.40357251642516,38.10609191420914],[-86.37485816448164,38.131004645236445],[-86.32819734257342,38.13272276461764],[-86.32460804858049,38.15419925688256],[-86.3712688704887,38.16450797316973],[-86.37485816448164,38.19371600265002],[-86.33178663656636,38.180830107291065],[-86.27076863868638,38.13787712276122],[-86.26717934469345,38.057125511845115],[-86.17385770087701,38.00987722886228],[-86.09489323303232,38.00901816917168],[-86.0482324111241,37.95919270711706],[-86.03387523515235,37.99011885597855],[-85.99798229522295,37.99956851257512],[-85.97644653126531,37.875863917129166],[-86.00875017720176,37.818306917859175],[-86.15232193691936,37.798548544975446],[-86.24205428674287,37.876722976819764],[-86.42869757437575,38.000427572265714],[-86.48971557225572,38.045957735867354],[-86.45382263232632,38.050253034320335],[-86.43228686836868,38.08633354132541],[-86.4610012203122,38.12155498863988]]]}},{"type":"Feature","id":"21165","properties":{"name":"Menifee","county_fips":"21165","state_abbr":"KY"},"geometry":{"type":"Polygon","coordinates":[[[-83.75826284362843,37.99870945288452],[-83.65776261182612,38.02791748236482],[-83.6111017899179,38.007300049790494],[-83.57161955599555,38.02362218391183],[-83.5752088499885,38.0588436312263],[-83.49983367613676,38.050253034320335],[-83.43522638426384,38.033930900198996],[-83.44599426624266,37.94287057299572],[-83.49624438214381,37.89046793186931],[-83.49624438214381,37.86211896207961],[-83.52495873408733,37.831192813218124],[-83.58956602596025,37.818306917859175],[-83.63263755387554,37.82517939538395],[-83.75108425564255,37.895622290012895],[-83.76903072560725,37.917957841968416],[-83.77620931359313,37.98840073659736],[-83.75826284362843,37.99870945288452]]]}},{"type":"Feature","id":"21167","properties":{"name":"Mercer","county_fips":"21167","state_abbr":"KY"},"geometry":{"type":"Polygon","coordinates":[[[-85.02887291712916,37.89132699155991],[-84.98580138921389,37.90593100630006],[-84.97503350723507,37.93513903578035],[-84.93914056730567,37.953179289282886],[-84.88530115741158,37.94029339392393],[-84.79556880758807,37.97036048309482],[-84.79556880758807,37.93685715516155],[-84.82787245352453,37.91623972258722],[-84.78121163161632,37.90764912568125],[-84.76685445564455,37.84751494733947],[-84.70942575175751,37.86211896207961],[-84.7166043397434,37.81572973878738],[-84.69506857578575,37.76332709766097],[-84.70583645776458,37.73154188910888],[-84.74531869168692,37.71350163560635],[-85.02528362313623,37.67913924798248],[-85.00015856518564,37.85438742486424],[-85.02887291712916,37.89132699155991]]]}},{"type":"Feature","id":"21169","properties":{"name":"Metcalfe","county_fips":"21169","state_abbr":"KY"},"geometry":{"type":"Polygon","coordinates":[[[-85.74314242172422,37.16971685145851],[-85.68571371783717,37.18260274681746],[-85.63187430794308,37.12504574754747],[-85.52778478214782,37.109582673116726],[-85.50265972419724,37.00735456993569],[-85.44164172631726,36.95409286911868],[-85.45240960829608,36.93777073499734],[-85.47394537225372,36.8939586907769],[-85.50624901819018,36.8673278403684],[-85.56008842808427,36.85100570624706],[-85.60315995599956,36.87248219851198],[-85.57444560405604,36.8381198108881],[-85.59598136801368,36.818361438004374],[-85.61392783797838,36.832965452744524],[-85.73955312773127,36.84155604965049],[-85.75749959769597,37.109582673116726],[-85.77544606766067,37.13793164290642],[-85.74314242172422,37.16971685145851]]]}},{"type":"Feature","id":"21171","properties":{"name":"Monroe","county_fips":"21171","state_abbr":"KY"},"geometry":{"type":"Polygon","coordinates":[[[-85.97644653126531,36.72300581234812],[-85.80774971359713,36.821797676766764],[-85.73955312773127,36.84155604965049],[-85.61392783797838,36.832965452744524],[-85.59598136801368,36.818361438004374],[-85.58880278002779,36.77712657285572],[-85.54214195811957,36.77454939378393],[-85.517016900169,36.73159640925409],[-85.47035607826078,36.73331452863528],[-85.49548113621135,36.690361544105436],[-85.43805243232433,36.618200530095294],[-85.48830254822548,36.614764291332904],[-85.78980324363243,36.621636768857684],[-85.97644653126531,36.62850924638246],[-85.94773217932179,36.66201257431574],[-85.97644653126531,36.72300581234812]]]}},{"type":"Feature","id":"21173","properties":{"name":"Montgomery","county_fips":"21173","state_abbr":"KY"},"geometry":{"type":"Polygon","coordinates":[[[-83.97720977719777,38.191997883268826],[-83.97362048320483,38.158494555335544],[-83.88029883938839,38.13615900338003],[-83.81928084150842,38.081179183181824],[-83.80133437154372,38.04166243741437],[-83.75826284362843,37.99870945288452],[-83.77620931359313,37.98840073659736],[-83.76903072560725,37.917957841968416],[-83.81569154751547,37.899917588465875],[-83.88029883938839,37.90507194660946],[-83.96644189521895,37.930843737327365],[-84.08129930299303,38.1155415708057],[-83.97720977719777,38.191997883268826]]]}},{"type":"Feature","id":"21175","properties":{"name":"Morgan","county_fips":"21175","state_abbr":"KY"},"geometry":{"type":"Polygon","coordinates":[[[-83.43522638426384,38.033930900198996],[-83.38138697436975,38.05197115370153],[-83.33472615246153,38.084615421944214],[-83.26294027260272,38.1155415708057],[-83.2701188605886,38.069152347513466],[-83.22345803868038,38.04423961648616],[-83.19474368673687,38.01073628855288],[-83.13731498284983,38.003863811028104],[-83.02245757507575,38.007300049790494],[-82.99015392913928,37.96434706526065],[-82.96143957719578,37.91280348382483],[-83.00451110511105,37.85954178300782],[-83.03322545705457,37.88617263341633],[-83.05835051500515,37.869850499294984],[-83.13013639486394,37.8947632303223],[-83.11218992489924,37.86383708146081],[-83.20910086270862,37.81916597754977],[-83.22704733267332,37.78995794806947],[-83.2701188605886,37.76934051549515],[-83.24140450864509,37.74442778446784],[-83.26294027260272,37.71264257591575],[-83.32754756447564,37.753018381373806],[-83.33472615246153,37.77879017209172],[-83.38497626836268,37.81401161940619],[-83.4316370902709,37.81916597754977],[-83.49624438214381,37.86211896207961],[-83.49624438214381,37.89046793186931],[-83.44599426624266,37.94287057299572],[-83.43522638426384,38.033930900198996]]]}},{"type":"Feature","id":"21177","properties":{"name":"Muhlenberg","county_fips":"21177","state_abbr":"KY"},"geometry":{"type":"Polygon","coordinates":[[[-87.29730672066721,37.392213311323104],[-87.21116366483665,37.38104553534535],[-87.1716814309143,37.41368980358803],[-87.09989555105551,37.41626698265982],[-87.09630625706257,37.375891177201765],[-87.13578849098491,37.33551537174371],[-87.10348484504844,37.32778383452834],[-87.08912766907669,37.35956904308043],[-87.05323472914729,37.36987775936759],[-86.98503814328143,37.31661605855058],[-86.98144884928848,37.26936777556775],[-86.89889508745087,37.21266983598835],[-86.89530579345794,37.17744838867388],[-86.92043085140851,37.18002556774567],[-86.92402014540146,37.14308600105],[-86.89530579345794,37.0881061808518],[-86.94196661536616,37.06920686765867],[-87.05323472914729,37.0606162707527],[-87.11784202102021,37.045153196321955],[-87.25064589875899,37.040857897868975],[-87.25782448674487,37.072643106421054],[-87.28294954469544,37.10786455373553],[-87.3331996605966,37.13191822507225],[-87.3331996605966,37.156830956099554],[-87.30807460264602,37.19205240341403],[-87.3870390704907,37.26163623835238],[-87.37986048250482,37.31232076009759],[-87.34755683656836,37.309743581025806],[-87.29730672066721,37.392213311323104]]]}},{"type":"Feature","id":"21179","properties":{"name":"Nelson","county_fips":"21179","state_abbr":"KY"},"geometry":{"type":"Polygon","coordinates":[[[-85.73955312773127,37.811434440334395],[-85.68212442384423,37.814870679096785],[-85.57803489804898,37.88531357372573],[-85.58521348603486,37.911085364443636],[-85.54932054610546,37.92826655825558],[-85.5349633701337,37.965206124951244],[-85.48830254822548,37.99097791566915],[-85.39857019840198,37.94029339392393],[-85.16885538285382,37.97207860247602],[-85.15449820688207,37.89734040939409],[-85.20115902879029,37.89819946908469],[-85.20474832278323,37.845796827958274],[-85.29806996659967,37.831192813218124],[-85.30883784857848,37.79339418683186],[-85.3554986704867,37.783944530235296],[-85.35190937649377,37.757313679826794],[-85.40215949239492,37.730682829418285],[-85.44882031430313,37.68601172550725],[-85.52060619416194,37.55457559284592],[-85.5529098400984,37.553716533155324],[-85.56367772207722,37.522790384293835],[-85.6246957199572,37.55199841377413],[-85.57444560405604,37.63876344252442],[-85.59957066200661,37.63962250221502],[-85.59239207402074,37.69374326272262],[-85.63905289592896,37.69632044179441],[-85.68212442384423,37.73240094879948],[-85.72878524575245,37.77449487363873],[-85.73955312773127,37.811434440334395]]]}},{"type":"Feature","id":"21181","properties":{"name":"Nicholas","county_fips":"21181","state_abbr":"KY"},"geometry":{"type":"Polygon","coordinates":[[[-84.19256741677417,38.37154135860358],[-84.10283506695066,38.45916544704446],[-84.00951342313422,38.43253459663596],[-83.9807990711907,38.439407074160734],[-83.94849542525425,38.423084940039395],[-83.91619177931778,38.36037358262582],[-83.87312025140251,38.362091702007014],[-83.83363801748017,38.314843419024186],[-83.84799519345194,38.29680316552165],[-83.97720977719777,38.191997883268826],[-83.9879776591766,38.21862873367733],[-84.02745989309892,38.21433343522435],[-84.06335283302833,38.23495086779867],[-84.05617424504244,38.2564273600636],[-84.09565647896478,38.25900453913538],[-84.16744235882358,38.35521922448224],[-84.19256741677417,38.37154135860358]]]}},{"type":"Feature","id":"21183","properties":{"name":"Ohio","county_fips":"21183","state_abbr":"KY"},"geometry":{"type":"Polygon","coordinates":[[[-87.09989555105551,37.41626698265982],[-87.10348484504844,37.48069645945459],[-87.03887755317552,37.5605890106801],[-86.94914520335203,37.630172845618446],[-86.92760943939439,37.62330036809367],[-86.81634132561325,37.67398488983889],[-86.86659144151442,37.70920633715337],[-86.82351991359913,37.737555306943065],[-86.6404659199592,37.66195805417053],[-86.6404659199592,37.61900506964069],[-86.59380509805098,37.56402524944249],[-86.66559097790977,37.54598499593995],[-86.61175156801568,37.3947904903949],[-86.75891262172621,37.303730163191624],[-86.77685909169091,37.326065715147145],[-86.81634132561325,37.32864289421894],[-86.80916273762737,37.291703327523265],[-86.88453791147911,37.23500538794387],[-86.89889508745087,37.21266983598835],[-86.98144884928848,37.26936777556775],[-86.98503814328143,37.31661605855058],[-87.05323472914729,37.36987775936759],[-87.08912766907669,37.35956904308043],[-87.10348484504844,37.32778383452834],[-87.13578849098491,37.33551537174371],[-87.09630625706257,37.375891177201765],[-87.09989555105551,37.41626698265982]]]}},{"type":"Feature","id":"21185","properties":{"name":"Oldham","county_fips":"21185","state_abbr":"KY"},"geometry":{"type":"Polygon","coordinates":[[[-85.63905289592896,38.38013195550955],[-85.60674924999249,38.439407074160734],[-85.4990704302043,38.46861510364103],[-85.47394537225372,38.50641373002729],[-85.43446313833138,38.52445398352983],[-85.37703443444434,38.51844056569565],[-85.31242714257142,38.492668774977744],[-85.34473078850789,38.45916544704446],[-85.32678431854318,38.404185626846264],[-85.2837127906279,38.357796403554026],[-85.32319502455024,38.3096890608806],[-85.38780231642316,38.307970941499406],[-85.46676678426783,38.28563538954389],[-85.63905289592896,38.38013195550955]]]}},{"type":"Feature","id":"21187","properties":{"name":"Owen","county_fips":"21187","state_abbr":"KY"},"geometry":{"type":"Polygon","coordinates":[[[-85.07553373903738,38.596614997539966],[-84.97503350723507,38.63699080299802],[-84.93555127331273,38.661903534025335],[-84.87094398143981,38.6979840410304],[-84.78480092560925,38.72031959298592],[-84.77403304363044,38.61895054949549],[-84.680711399814,38.5596754308443],[-84.62687198991989,38.484937237762374],[-84.58021116801167,38.472910402094016],[-84.62328269592696,38.430816477254766],[-84.74172939769397,38.35264204541045],[-84.79197951359514,38.338897090360895],[-84.87094398143981,38.35693734386343],[-84.8960690393904,38.37497759736597],[-84.88171186341863,38.41621246251462],[-84.96426562525625,38.43768895477954],[-84.95708703727037,38.47376946178461],[-84.98939068320684,38.48751441683416],[-84.97862280122801,38.51328620755207],[-85.02887291712916,38.51070902848028],[-85.00374785917859,38.55194389362893],[-85.07553373903738,38.596614997539966]]]}},{"type":"Feature","id":"21189","properties":{"name":"Owsley","county_fips":"21189","state_abbr":"KY"},"geometry":{"type":"Polygon","coordinates":[[[-83.88388813338133,37.51763602615026],[-83.83004872348724,37.48670987728877],[-83.74390566765668,37.49444141450414],[-83.73313778567785,37.52107226491264],[-83.67929837578376,37.511622608316074],[-83.63622684786847,37.53997157810578],[-83.62186967189672,37.51076354862548],[-83.57879814398143,37.506468250172496],[-83.53572661606616,37.41712604235042],[-83.55008379203792,37.3939314307043],[-83.54649449804498,37.33465631205311],[-83.55008379203792,37.287408029070285],[-83.52854802808028,37.25819999958999],[-83.59674461394614,37.29256238721386],[-83.65417331783317,37.35785092369923],[-83.67929837578376,37.337233491124906],[-83.78338790157902,37.348401267102666],[-83.81928084150842,37.38190459503594],[-83.85158448744487,37.44805219121191],[-83.88388813338133,37.4772602206922],[-83.88388813338133,37.51763602615026]]]}},{"type":"Feature","id":"21191","properties":{"name":"Pendleton","county_fips":"21191","state_abbr":"KY"},"geometry":{"type":"Polygon","coordinates":[[[-84.53355034610345,38.79162154730547],[-84.41869293832939,38.80622556204561],[-84.38638929239292,38.812238979879794],[-84.23204965069651,38.87495033729336],[-84.23204965069651,38.827702054310535],[-84.23563894468944,38.82254769616696],[-84.20692459274592,38.58201098279982],[-84.40074646836469,38.5605344905349],[-84.4474072902729,38.52960834167341],[-84.47612164221641,38.542494237032365],[-84.53355034610345,38.79162154730547]]]}},{"type":"Feature","id":"21193","properties":{"name":"Perry","county_fips":"21193","state_abbr":"KY"},"geometry":{"type":"Polygon","coordinates":[[[-83.54649449804498,37.33465631205311],[-83.4495835602356,37.37846835627356],[-83.40292273832738,37.3380925508155],[-83.38138697436975,37.3380925508155],[-83.33113685846858,37.379327415964156],[-83.2701188605886,37.399085788847884],[-83.2162794506945,37.44375689275892],[-83.1983329807298,37.414548863278625],[-83.12295780687806,37.40509920668206],[-83.11218992489924,37.33207913298132],[-83.12654710087101,37.268508715877154],[-83.11577921889219,37.241018805778054],[-83.06552910299102,37.24445504454044],[-83.05476122101221,37.21610607475074],[-83.0009218111181,37.195488642176414],[-83.05835051500515,37.12418668785687],[-83.04399333903339,37.0623343901339],[-83.07270769097691,37.04257601725017],[-83.05476122101221,37.017663286222856],[-83.12295780687806,37.00134115210152],[-83.1803865107651,37.021099524985246],[-83.16602933479335,37.102710195591946],[-83.22704733267332,37.137072583215826],[-83.20192227472275,37.17487120960209],[-83.25576168461684,37.20407923908238],[-83.3239582704827,37.225555731347306],[-83.35267262242623,37.29599862597625],[-83.39933344433445,37.32091135700357],[-83.46035144221442,37.29342144690446],[-83.50701226412264,37.23586444763447],[-83.52854802808028,37.25819999958999],[-83.55008379203792,37.287408029070285],[-83.54649449804498,37.33465631205311]]]}},{"type":"Feature","id":"21195","properties":{"name":"Pike","county_fips":"21195","state_abbr":"KY"},"geometry":{"type":"Polygon","coordinates":[[[-82.71018899768997,37.28568990968909],[-82.67070676376764,37.307166401954014],[-82.65276029380294,37.35183750586505],[-82.6671174697747,37.36987775936759],[-82.62045664786648,37.387058953179526],[-82.58815300193001,37.44633407183071],[-82.59892088390883,37.503032011410106],[-82.62404594185942,37.5038910711007],[-82.59892088390883,37.642199681286804],[-82.6132780598806,37.6705486510765],[-82.56302794397944,37.68515266581665],[-82.51995641606416,37.69460232241322],[-82.45534912419124,37.66883053169531],[-82.40509900829008,37.6714077107671],[-82.38715253832538,37.69717950148501],[-82.41227759627596,37.71264257591575],[-82.37638465634656,37.73927342632426],[-82.33331312843129,37.74099154570545],[-82.29383089450894,37.6705486510765],[-82.23999148461485,37.661098994479936],[-82.21486642666426,37.62501848747487],[-82.1825627807278,37.62673660685606],[-82.15743772277723,37.592374219232184],[-82.12872337083371,37.591515159541586],[-82.11795548885489,37.55972995098951],[-82.01745525705256,37.533958160271595],[-81.96720514115141,37.537394399033985],[-82.31536665846659,37.29599862597625],[-82.35484889238892,37.265072477114764],[-82.4876527701277,37.23156914918149],[-82.55226006200061,37.203220179391785],[-82.56661723797238,37.19634770186701],[-82.62763523585235,37.24789128330283],[-82.67070676376764,37.2272738507285],[-82.73172476164761,37.271085894948946],[-82.71018899768997,37.28568990968909]]]}},{"type":"Feature","id":"21197","properties":{"name":"Powell","county_fips":"21197","state_abbr":"KY"},"geometry":{"type":"Polygon","coordinates":[[[-83.96644189521895,37.930843737327365],[-83.88029883938839,37.90507194660946],[-83.81569154751547,37.899917588465875],[-83.76903072560725,37.917957841968416],[-83.75108425564255,37.895622290012895],[-83.63263755387554,37.82517939538395],[-83.70801272772728,37.71607881467814],[-83.72236990369903,37.71607881467814],[-83.77620931359313,37.756454620136196],[-83.81928084150842,37.745286844158436],[-83.83004872348724,37.765045217042164],[-83.90542389733898,37.75903179920799],[-83.962852601226,37.800266664356634],[-83.962852601226,37.84493776826768],[-84.00233483514835,37.837206231052306],[-83.99156695316952,37.917957841968416],[-83.96644189521895,37.930843737327365]]]}},{"type":"Feature","id":"21199","properties":{"name":"Pulaski","county_fips":"21199","state_abbr":"KY"},"geometry":{"type":"Polygon","coordinates":[[[-84.89965833338333,37.1164551506415],[-84.72019363373633,37.23844162670626],[-84.5550861100611,37.35613280431804],[-84.501246700167,37.32864289421894],[-84.28947835458354,37.151676597955976],[-84.27871047260473,37.101851135901356],[-84.32537129451295,37.0623343901339],[-84.31819270652706,36.99962303272032],[-84.35049635246352,36.98931431643316],[-84.3576749404494,36.95924722726227],[-84.41510364433644,36.94722039159391],[-84.57662187401874,36.8673278403684],[-84.61969340193401,36.89653586984869],[-84.67353281182811,36.97471030169301],[-84.70583645776458,36.98072371952719],[-84.7704437496375,36.95752910788107],[-84.83505104151041,36.99790491333913],[-84.9068369213692,37.04687131570315],[-84.89965833338333,37.1164551506415]]]}},{"type":"Feature","id":"21201","properties":{"name":"Robertson","county_fips":"21201","state_abbr":"KY"},"geometry":{"type":"Polygon","coordinates":[[[-84.1602637708377,38.55452107270072],[-84.12078153691536,38.56397072929729],[-84.08488859698596,38.59747405723056],[-84.03463848108481,38.58287004249042],[-83.99156695316952,38.59403781846818],[-83.9700311892119,38.5871653409434],[-83.95926330723307,38.5330445804358],[-83.93054895528955,38.492668774977744],[-83.9807990711907,38.439407074160734],[-84.00951342313422,38.43253459663596],[-84.10283506695066,38.45916544704446],[-84.13154941889418,38.48321911838118],[-84.18538882878829,38.49782313312132],[-84.1602637708377,38.55452107270072]]]}},{"type":"Feature","id":"21203","properties":{"name":"Rockcastle","county_fips":"21203","state_abbr":"KY"},"geometry":{"type":"Polygon","coordinates":[[[-84.4474072902729,37.48585081759817],[-84.3756214104141,37.472964922239214],[-84.34690705847058,37.53911251841518],[-84.3038355305553,37.537394399033985],[-84.2679425906259,37.515058847078464],[-84.19974600476004,37.522790384293835],[-84.20333529875299,37.48585081759817],[-84.1602637708377,37.417985102041015],[-84.17103165281652,37.38534083379833],[-84.12796012490125,37.35785092369923],[-84.13872800688007,37.32005229731297],[-84.14949588885888,37.302871103501026],[-84.21769247472474,37.28053555154551],[-84.21769247472474,37.24273692515924],[-84.25358541465414,37.23930068639686],[-84.30024623656236,37.16971685145851],[-84.28947835458354,37.151676597955976],[-84.501246700167,37.32864289421894],[-84.4474072902729,37.48585081759817]]]}},{"type":"Feature","id":"21205","properties":{"name":"Rowan","county_fips":"21205","state_abbr":"KY"},"geometry":{"type":"Polygon","coordinates":[[[-83.63622684786847,38.18770258481584],[-83.50701226412264,38.269313255422546],[-83.48906579415794,38.32429307562075],[-83.49983367613676,38.350064866338656],[-83.45317285422854,38.38185007489074],[-83.4136906203062,38.39645408963089],[-83.3419047404474,38.319138717477166],[-83.30960109451094,38.25213206161061],[-83.30242250652506,38.21003813677136],[-83.24499380263802,38.191997883268826],[-83.20551156871568,38.17567574914749],[-83.22345803868038,38.13186370492704],[-83.26294027260272,38.1155415708057],[-83.33472615246153,38.084615421944214],[-83.38138697436975,38.05197115370153],[-83.43522638426384,38.033930900198996],[-83.49983367613676,38.050253034320335],[-83.46394073620736,38.07946106380063],[-83.53572661606616,38.09492413823138],[-83.52495873408733,38.11897780956809],[-83.62186967189672,38.14904489873898],[-83.5931553199532,38.16880327162271],[-83.63622684786847,38.18770258481584]]]}},{"type":"Feature","id":"21207","properties":{"name":"Russell","county_fips":"21207","state_abbr":"KY"},"geometry":{"type":"Polygon","coordinates":[[[-85.23346267472674,36.92488483963839],[-85.20474832278323,36.99704585364853],[-85.16526608886089,37.0331263606536],[-85.04323009310093,37.18603898557985],[-84.95349774327742,37.101851135901356],[-84.89965833338333,37.1164551506415],[-84.9068369213692,37.04687131570315],[-84.83505104151041,36.99790491333913],[-84.9068369213692,36.945502272212714],[-84.94631915529155,36.960106286952865],[-84.96067633126331,36.91629424273242],[-85.06476585705856,36.85873724346243],[-85.11860526695267,36.82695203491034],[-85.23346267472674,36.88536809387093],[-85.21551620476204,36.85444194500944],[-85.23705196871968,36.85358288531884],[-85.27653420264203,36.898253989229886],[-85.23346267472674,36.92488483963839]]]}},{"type":"Feature","id":"21209","properties":{"name":"Scott","county_fips":"21209","state_abbr":"KY"},"geometry":{"type":"Polygon","coordinates":[[[-84.74172939769397,38.35264204541045],[-84.62328269592696,38.430816477254766],[-84.58021116801167,38.472910402094016],[-84.55867540405404,38.492668774977744],[-84.52637175811758,38.43339365632656],[-84.45817517225171,38.373259477984774],[-84.43305011430114,38.29938034459344],[-84.44381799627996,38.2830582104721],[-84.40074646836469,38.207460957699574],[-84.61969340193401,38.12928652585525],[-84.62687198991989,38.1164006304963],[-84.65199704787048,38.144749600286],[-84.64840775387754,38.176534808838085],[-84.70583645776458,38.173098570075695],[-84.72378292772927,38.195434122031216],[-84.74172939769397,38.35264204541045]]]}},{"type":"Feature","id":"21211","properties":{"name":"Shelby","county_fips":"21211","state_abbr":"KY"},"geometry":{"type":"Polygon","coordinates":[[[-85.2837127906279,38.357796403554026],[-84.99656927119271,38.33546085159851],[-84.95708703727037,38.33202461283612],[-85.00015856518564,38.27532667325673],[-85.00374785917859,38.16107173440734],[-85.02528362313623,38.12928652585525],[-85.04681938709386,38.072588586275856],[-85.10065879698797,38.037367138961386],[-85.23346267472674,38.08976978008779],[-85.42369525635256,38.14732677935779],[-85.40574878638786,38.26415889727897],[-85.46676678426783,38.28563538954389],[-85.38780231642316,38.307970941499406],[-85.32319502455024,38.3096890608806],[-85.2837127906279,38.357796403554026]]]}},{"type":"Feature","id":"21213","properties":{"name":"Simpson","county_fips":"21213","state_abbr":"KY"},"geometry":{"type":"Polygon","coordinates":[[[-86.76250191571916,36.64912667895678],[-86.75173403374033,36.7273011108011],[-86.69071603586036,36.84413322872228],[-86.65482309593095,36.875918437274365],[-86.61175156801568,36.882790914799145],[-86.58303721607216,36.83038827367273],[-86.39998322243223,36.80719366202661],[-86.4071618104181,36.77626751316512],[-86.41075110441103,36.65084479833798],[-86.50766204222042,36.65256291771917],[-86.56509074610746,36.63366360452604],[-86.59021580405803,36.65256291771917],[-86.76250191571916,36.64912667895678]]]}},{"type":"Feature","id":"21215","properties":{"name":"Spencer","county_fips":"21215","state_abbr":"KY"},"geometry":{"type":"Polygon","coordinates":[[[-85.4272845503455,38.11811874987749],[-85.42369525635256,38.14732677935779],[-85.23346267472674,38.08976978008779],[-85.10065879698797,38.037367138961386],[-85.12937314893149,37.996132273812734],[-85.16885538285382,37.99785039319393],[-85.16885538285382,37.97207860247602],[-85.39857019840198,37.94029339392393],[-85.48830254822548,37.99097791566915],[-85.517016900169,38.011595348243475],[-85.47035607826078,38.09664225761257],[-85.4272845503455,38.11811874987749]]]}},{"type":"Feature","id":"21217","properties":{"name":"Taylor","county_fips":"21217","state_abbr":"KY"},"geometry":{"type":"Polygon","coordinates":[[[-85.58521348603486,37.46952868347683],[-85.52778478214782,37.45406560904608],[-85.4990704302043,37.48327363852638],[-85.46676678426783,37.46523338502384],[-85.40215949239492,37.47554210131101],[-85.34114149451494,37.46952868347683],[-85.28012349663496,37.43516629585295],[-85.27294490864908,37.41712604235042],[-85.17244467684677,37.46523338502384],[-85.12937314893149,37.453206549355485],[-85.07553373903738,37.41368980358803],[-85.12937314893149,37.38448177410773],[-85.16526608886089,37.310602640716404],[-85.19398044080441,37.27194495463954],[-85.31242714257142,37.24617316392163],[-85.30883784857848,37.2272738507285],[-85.35190937649377,37.19205240341403],[-85.39139161041611,37.237582567015664],[-85.43087384433844,37.30544828257282],[-85.47753466624665,37.36386434153341],[-85.58521348603486,37.43173005709056],[-85.58521348603486,37.46952868347683]]]}},{"type":"Feature","id":"21219","properties":{"name":"Todd","county_fips":"21219","state_abbr":"KY"},"geometry":{"type":"Polygon","coordinates":[[[-87.33678895458954,36.64139514174141],[-87.25782448674487,37.072643106421054],[-87.25064589875899,37.040857897868975],[-87.11784202102021,37.045153196321955],[-87.05323472914729,37.0606162707527],[-87.06041331713317,36.64311326112261],[-87.11425272702726,36.64225420143201],[-87.33678895458954,36.64139514174141]]]}},{"type":"Feature","id":"21221","properties":{"name":"Trigg","county_fips":"21221","state_abbr":"KY"},"geometry":{"type":"Polygon","coordinates":[[[-88.15873727897278,36.8673278403684],[-88.00439763727637,36.910280824898244],[-87.87877234752347,36.960106286952865],[-87.85723658356584,36.9506566303563],[-87.7639149397494,36.97471030169301],[-87.73161129381293,37.002200211792115],[-87.65982541395414,36.96611970478704],[-87.67059329593296,36.87849561634616],[-87.67418258992589,36.7556500805908],[-87.69571835388354,36.637099843288425],[-87.85364728957289,36.63366360452604],[-87.85005799557995,36.663730693696934],[-88.06900492914929,36.67833470843708],[-88.11207645706456,36.74705948368483],[-88.15873727897278,36.8673278403684]]]}},{"type":"Feature","id":"21223","properties":{"name":"Trimble","county_fips":"21223","state_abbr":"KY"},"geometry":{"type":"Polygon","coordinates":[[[-85.33396290652907,38.735782667416665],[-85.2298733807338,38.62668208671086],[-85.21192691076911,38.58029286341863],[-85.16885538285382,38.58544722156221],[-85.28012349663496,38.496105013740134],[-85.31242714257142,38.492668774977744],[-85.37703443444434,38.51844056569565],[-85.43446313833138,38.52445398352983],[-85.41651666836668,38.54077611765117],[-85.4272845503455,38.5863062812528],[-85.45240960829608,38.70915181700816],[-85.4093380803808,38.73750078679786],[-85.33396290652907,38.735782667416665]]]}},{"type":"Feature","id":"21225","properties":{"name":"Union","county_fips":"21225","state_abbr":"KY"},"geometry":{"type":"Polygon","coordinates":[[[-88.02952269522694,37.79940760466604],[-87.94696893338933,37.77191769456694],[-87.90389740547405,37.81229350002499],[-87.93979034540345,37.87070955898558],[-87.92543316943168,37.90163570784707],[-87.81416505565055,37.76246803797037],[-87.75673635176351,37.7289647100371],[-87.75314705777058,37.66968959138591],[-87.73520058780588,37.63876344252442],[-87.80339717367173,37.579488323873235],[-87.93261175741758,37.479837399763994],[-87.99721904929049,37.506468250172496],[-88.01516551925519,37.54684405563055],[-88.06182634116341,37.5056091904819],[-88.07259422314223,37.52880380212802],[-88.1336122210222,37.57433396572965],[-88.15873727897278,37.664535233242326],[-88.11925504505045,37.71264257591575],[-88.05823704717046,37.74270966508664],[-88.02952269522694,37.79940760466604]]]}},{"type":"Feature","id":"21227","properties":{"name":"Warren","county_fips":"21227","state_abbr":"KY"},"geometry":{"type":"Polygon","coordinates":[[[-86.39998322243223,37.16971685145851],[-86.2815365206652,37.08037464363643],[-86.21692922879228,37.10442831497314],[-86.1918041708417,37.07693840487404],[-86.11283970299702,37.0614753304433],[-86.16667911289113,36.93433449623495],[-86.20616134681346,36.90770364582645],[-86.26717934469345,36.89224057139571],[-86.2635900507005,36.87334125820258],[-86.4071618104181,36.77626751316512],[-86.39998322243223,36.80719366202661],[-86.58303721607216,36.83038827367273],[-86.61175156801568,36.882790914799145],[-86.67276956589565,36.99962303272032],[-86.61534086200862,37.14652223981239],[-86.6225194499945,37.18088462743627],[-86.4968941602416,37.190334284032836],[-86.46817980829807,37.15253565764657],[-86.39998322243223,37.16971685145851]]]}},{"type":"Feature","id":"21229","properties":{"name":"Washington","county_fips":"21229","state_abbr":"KY"},"geometry":{"type":"Polygon","coordinates":[[[-85.40215949239492,37.730682829418285],[-85.35190937649377,37.757313679826794],[-85.3554986704867,37.783944530235296],[-85.30883784857848,37.79339418683186],[-85.29806996659967,37.831192813218124],[-85.20474832278323,37.845796827958274],[-85.20115902879029,37.89819946908469],[-85.15449820688207,37.89734040939409],[-85.12578385493855,37.91709878227782],[-85.10783738497385,37.8939041706317],[-85.02887291712916,37.89132699155991],[-85.00015856518564,37.85438742486424],[-85.02528362313623,37.67913924798248],[-85.02887291712916,37.631031905309044],[-85.25858773267733,37.631031905309044],[-85.34114149451494,37.65164933788337],[-85.3734451404514,37.673125830148294],[-85.3734451404514,37.70233385962859],[-85.40215949239492,37.730682829418285]]]}},{"type":"Feature","id":"21231","properties":{"name":"Wayne","county_fips":"21231","state_abbr":"KY"},"geometry":{"type":"Polygon","coordinates":[[[-85.06476585705856,36.85873724346243],[-84.96067633126331,36.91629424273242],[-84.94631915529155,36.960106286952865],[-84.9068369213692,36.945502272212714],[-84.83505104151041,36.99790491333913],[-84.7704437496375,36.95752910788107],[-84.70583645776458,36.98072371952719],[-84.67353281182811,36.97471030169301],[-84.61969340193401,36.89653586984869],[-84.57662187401874,36.8673278403684],[-84.58021116801167,36.80375742326423],[-84.62328269592696,36.79430776666766],[-84.63405057790578,36.76939503564035],[-84.67353281182811,36.76166349842498],[-84.67353281182811,36.73932794646946],[-84.77762233762337,36.60359651535515],[-84.78480092560925,36.60359651535515],[-84.97503350723507,36.6156233510235],[-85.00015856518564,36.624213947929476],[-85.00015856518564,36.67661658905588],[-85.02169432914329,36.717851454204535],[-85.00374785917859,36.756509140281395],[-85.02528362313623,36.80719366202661],[-85.06476585705856,36.85873724346243]]]}},{"type":"Feature","id":"21233","properties":{"name":"Webster","county_fips":"21233","state_abbr":"KY"},"geometry":{"type":"Polygon","coordinates":[[[-87.93261175741758,37.479837399763994],[-87.80339717367173,37.579488323873235],[-87.73520058780588,37.63876344252442],[-87.4947178902789,37.64735403943039],[-87.48395000830008,37.60096481613815],[-87.39780695246952,37.5889379804698],[-87.37627118851188,37.57003866727667],[-87.49830718427184,37.487568936979365],[-87.59521812208122,37.46179714626145],[-87.81416505565055,37.35097844617446],[-87.7998078796788,37.379327415964156],[-87.84287940759407,37.37503211751117],[-87.84646870158701,37.42056228111281],[-87.90389740547405,37.39822672915729],[-87.93979034540345,37.425716639256386],[-87.93261175741758,37.479837399763994]]]}},{"type":"Feature","id":"21235","properties":{"name":"Whitley","county_fips":"21235","state_abbr":"KY"},"geometry":{"type":"Polygon","coordinates":[[[-84.29665694256943,36.945502272212714],[-84.26435329663296,36.96268346602466],[-84.23563894468944,36.94120697375973],[-84.22128176871769,36.960106286952865],[-84.18179953479535,36.93948885437854],[-84.1243708309083,36.97041500324003],[-84.09206718497185,36.95581098849988],[-84.06694212702126,36.85444194500944],[-84.02745989309892,36.818361438004374],[-83.98438836518365,36.80118024419244],[-83.9879776591766,36.75908631935319],[-83.95926330723307,36.7273011108011],[-83.87670954539546,36.686925305343046],[-83.95567401324013,36.64569044019439],[-83.93054895528955,36.587274381233804],[-83.9879776591766,36.5898515603056],[-84.22846035670356,36.59242873937739],[-84.30742482454825,36.67661658905588],[-84.32178200052,36.75908631935319],[-84.35049635246352,36.78056281161811],[-84.34331776447765,36.837260751197505],[-84.31460341253413,36.859596303153026],[-84.32178200052,36.890522452014515],[-84.29665694256943,36.945502272212714]]]}},{"type":"Feature","id":"21237","properties":{"name":"Wolfe","county_fips":"21237","state_abbr":"KY"},"geometry":{"type":"Polygon","coordinates":[[[-83.63263755387554,37.82517939538395],[-83.58956602596025,37.818306917859175],[-83.52495873408733,37.831192813218124],[-83.49624438214381,37.86211896207961],[-83.4316370902709,37.81916597754977],[-83.38497626836268,37.81401161940619],[-83.33472615246153,37.77879017209172],[-83.32754756447564,37.753018381373806],[-83.26294027260272,37.71264257591575],[-83.24858309663097,37.66968959138591],[-83.33113685846858,37.67484394952949],[-83.39215485634855,37.6997566805568],[-83.41727991429914,37.69030702396023],[-83.46035144221442,37.630172845618446],[-83.49624438214381,37.61986412933129],[-83.5213694400944,37.63876344252442],[-83.61828037790377,37.66711241231412],[-83.70801272772728,37.71607881467814],[-83.63263755387554,37.82517939538395]]]}},{"type":"Feature","id":"21239","properties":{"name":"Woodford","county_fips":"21239","state_abbr":"KY"},"geometry":{"type":"Polygon","coordinates":[[[-84.72378292772927,38.195434122031216],[-84.70583645776458,38.173098570075695],[-84.64840775387754,38.176534808838085],[-84.65199704787048,38.144749600286],[-84.62687198991989,38.1164006304963],[-84.65917563585636,38.003863811028104],[-84.70942575175751,37.86211896207961],[-84.76685445564455,37.84751494733947],[-84.78121163161632,37.90764912568125],[-84.82787245352453,37.91623972258722],[-84.79556880758807,37.93685715516155],[-84.79556880758807,37.97036048309482],[-84.84940821748218,38.04767585524855],[-84.82787245352453,38.08375636225362],[-84.86376539345393,38.1172596901869],[-84.86376539345393,38.14131336152361],[-84.72378292772927,38.195434122031216]]]}}]}