{"type":"FeatureCollection","features":[{"type":"Feature","id":"48001","properties":{"name":"Anderson","county_fips":"48001","state_abbr":"TX"},"geometry":{"type":"Polygon","coordinates":[[[-96.05159476944769,32.005909051280504],[-95.42705761467614,32.08408348312483],[-95.4234683206832,32.01879494663946],[-95.45218267262672,31.959519827988274],[-95.4234683206832,31.9251574403644],[-95.44859337863379,31.843546769757694],[-95.41270043870438,31.835815232542323],[-95.39475396873968,31.786848830178293],[-95.40193255672557,31.761936099150986],[-95.34091455884558,31.735305248742485],[-95.27630726697267,31.65713081689816],[-95.27271797297972,31.592701340103396],[-95.65318313623136,31.542016818358178],[-95.64600454824547,31.527412803618027],[-95.73932619206191,31.504218191971916],[-95.75009407404073,31.55232553464534],[-95.71779042810428,31.554043654026536],[-95.7285583100831,31.58325168350683],[-95.7106118401184,31.615895951749515],[-95.73573689806898,31.653694578135777],[-95.75727266202662,31.643385861848614],[-95.76804054400543,31.597855698246974],[-95.78598701397013,31.6184731308213],[-95.8003441899419,31.674312010710103],[-95.87930865778657,31.69922474173741],[-95.87571936379364,31.754204561935616],[-95.98339818358183,31.786848830178293],[-95.97621959559595,31.832378993779933],[-95.99416606556065,31.8409695906859],[-95.96904100761007,31.87533197830978],[-96.02646971149711,31.873613858928586],[-96.00134465354652,31.913130604696043],[-96.02646971149711,31.95694264891648],[-96.06236265142651,31.978419141181405],[-96.05159476944769,32.005909051280504]]]}},{"type":"Feature","id":"48003","properties":{"name":"Andrews","county_fips":"48003","state_abbr":"TX"},"geometry":{"type":"Polygon","coordinates":[[[-103.06507523165232,32.52220392532925],[-102.2108232613326,32.52306298501984],[-102.2108232613326,32.086660662196614],[-102.28619843518435,32.086660662196614],[-102.79946747617475,32.08580160250602],[-103.06507523165232,32.086660662196614],[-103.06507523165232,32.52220392532925]]]}},{"type":"Feature","id":"48005","properties":{"name":"Angelina","county_fips":"48005","state_abbr":"TX"},"geometry":{"type":"Polygon","coordinates":[[[-95.00352092350923,31.426043760127598],[-94.86712775177752,31.526553743927437],[-94.82405622386223,31.48360075939759],[-94.68766305213052,31.450956491154905],[-94.54409129241292,31.432057177961774],[-94.54409129241292,31.404567267862674],[-94.4974304705047,31.405426327553272],[-94.45076964859648,31.321238477874772],[-94.39693023870238,31.30233916468164],[-94.38257306273063,31.273990194891944],[-94.32514435884359,31.22502379252792],[-94.24976918499185,31.188084225832256],[-94.19234048110481,31.13654064439644],[-94.13132248322482,31.09960107770077],[-94.45794823658237,31.03345348152481],[-94.56203776237761,31.05922527224272],[-94.61946646626465,31.085856122651222],[-94.73791316803168,31.103896376153756],[-94.84200269382693,31.146849360683603],[-94.86353845778457,31.200970121191204],[-94.85994916379164,31.235332508815084],[-94.89943139771397,31.257668060770605],[-94.87789563375634,31.28343985148851],[-94.89943139771397,31.327251895708955],[-94.96044939559395,31.34872838797387],[-94.95686010160101,31.38652701436014],[-95.00352092350923,31.426043760127598]]]}},{"type":"Feature","id":"48007","properties":{"name":"Aransas","county_fips":"48007","state_abbr":"TX"},"geometry":{"type":"MultiPolygon","coordinates":[[[[-97.0781328514285,27.91506680465804],[-97.01711485354853,27.94599295351953],[-96.98481120761207,27.98465063959639],[-96.92020391573915,28.093751220302195],[-96.82329297792977,28.139281383903835],[-96.85200732987329,28.06024789236892],[-96.94891826768267,27.970905684546842],[-97.00275767757677,27.908194327133266],[-97.04223991149911,27.836892372813722],[-97.0781328514285,27.91506680465804]]],[[[-96.79098933199332,28.31882485923859],[-96.79816791997919,28.27243563594635],[-96.80893580195801,28.217455815748153],[-96.87354309383093,28.1762209505995],[-96.93456109171092,28.123818309473087],[-96.96327544365444,28.12295924978249],[-97.02788273552736,28.1487310405004],[-97.02788273552736,28.18481154750547],[-97.12479367333673,28.25353632275322],[-97.12479367333673,28.27157657625576],[-96.79098933199332,28.31882485923859]]],[[[-97.21452602316023,28.07657002649026],[-97.13915084930849,28.05681165360653],[-97.05300779347793,28.105778055970553],[-97.02429344153441,28.042207638866387],[-97.04941849948499,28.022449265982658],[-97.13556155531555,27.90218090929909],[-97.26118684506845,28.07571096679966],[-97.21452602316023,28.07657002649026]]]]}},{"type":"Feature","id":"48009","properties":{"name":"Archer","county_fips":"48009","state_abbr":"TX"},"geometry":{"type":"Polygon","coordinates":[[[-98.95174431574316,33.833988072870724],[-98.42411809878098,33.83570619225192],[-98.42052880478805,33.46716958498585],[-98.42052880478805,33.3958676306663],[-98.95533360973609,33.3975857500475],[-98.95174431574316,33.833988072870724]]]}},{"type":"Feature","id":"48011","properties":{"name":"Armstrong","county_fips":"48011","state_abbr":"TX"},"geometry":{"type":"Polygon","coordinates":[[[-101.62217904649046,35.18271178710786],[-101.0873742415424,35.181852727417265],[-101.09096353553535,34.74802758366583],[-101.47142869878698,34.74716852397523],[-101.62935763447634,34.74802758366583],[-101.62217904649046,35.18271178710786]]]}},{"type":"Feature","id":"48013","properties":{"name":"Atascosa","county_fips":"48013","state_abbr":"TX"},"geometry":{"type":"Polygon","coordinates":[[[-98.80458326203262,29.25090462353623],[-98.40617162881628,29.114314132731323],[-98.19081398923989,28.882368016270156],[-98.09749234542345,28.787012390613903],[-98.33438574895749,28.612623273422727],[-98.33438574895749,28.6487037804278],[-98.80099396803968,28.646985661046607],[-98.80099396803968,28.647844720737204],[-98.80458326203262,29.090260461394607],[-98.80458326203262,29.25090462353623]]]}},{"type":"Feature","id":"48015","properties":{"name":"Austin","county_fips":"48015","state_abbr":"TX"},"geometry":{"type":"Polygon","coordinates":[[[-96.14491641326413,30.07044756836568],[-96.08389841538416,30.00515903188031],[-96.12338064930648,29.968219465184646],[-96.12696994329943,29.898635630246297],[-96.09466629736296,29.876300078290775],[-96.11979135531355,29.836783332523318],[-96.10184488534885,29.80929342242422],[-96.04800547545474,29.803280004590043],[-96.03364829948299,29.72768275181751],[-96.01211253552535,29.71995121460214],[-96.02646971149711,29.603119096680963],[-96.08748770937709,29.601400977299768],[-96.10902347333473,29.622877469564692],[-96.17363076520765,29.634045245542453],[-96.19875582315822,29.656380797497967],[-96.25977382103821,29.669266692856922],[-96.27054170301703,29.71651497583975],[-96.29925605496055,29.737132408414077],[-96.34232758287582,29.829910854998545],[-96.41411346273462,29.824756496854967],[-96.53614945849458,29.907226227152265],[-96.56845310443104,29.961346987659873],[-96.62229251432514,30.044675777647768],[-96.58639957439574,30.064434150531497],[-96.51820298852988,30.065293210222094],[-96.28848817298173,30.09707841877418],[-96.25977382103821,30.075601926509258],[-96.1592735892359,30.054125434244334],[-96.14491641326413,30.07044756836568]]]}},{"type":"Feature","id":"48017","properties":{"name":"Bailey","county_fips":"48017","state_abbr":"TX"},"geometry":{"type":"Polygon","coordinates":[[[-103.04712876168762,33.82453841627416],[-103.04353946769467,33.945665832648324],[-103.04353946769467,34.303034663936636],[-103.04353946769467,34.3124843205332],[-102.61641348253482,34.3124843205332],[-102.61641348253482,33.825397475964756],[-103.04712876168762,33.82453841627416]]]}},{"type":"Feature","id":"48019","properties":{"name":"Bandera","county_fips":"48019","state_abbr":"TX"},"geometry":{"type":"Polygon","coordinates":[[[-99.60140652846528,29.908085286842862],[-99.27837006910069,29.90378998838988],[-99.17786983729837,29.895199391483906],[-98.91944066980669,29.78180351232512],[-98.77945820408203,29.71995121460214],[-98.80817255602555,29.690743185121846],[-98.92661925779257,29.56188423153231],[-98.98404796167961,29.564461410604103],[-98.97686937369373,29.613427812968126],[-99.0019944316443,29.622877469564692],[-99.41117394683947,29.627172768017672],[-99.60140652846528,29.627172768017672],[-99.60140652846528,29.908085286842862]]]}},{"type":"Feature","id":"48021","properties":{"name":"Bastrop","county_fips":"48021","state_abbr":"TX"},"geometry":{"type":"Polygon","coordinates":[[[-97.36886566485664,30.419225802748024],[-97.33297272492725,30.402903668626678],[-97.20016884718846,30.337615132141316],[-97.08172214542145,30.259440700297],[-97.02429344153441,30.05154825517255],[-97.31502625496255,29.786957870468697],[-97.64883059630596,30.067870389293887],[-97.49449095460955,30.207038059170586],[-97.36886566485664,30.419225802748024]]]}},{"type":"Feature","id":"48023","properties":{"name":"Baylor","county_fips":"48023","state_abbr":"TX"},"geometry":{"type":"Polygon","coordinates":[[[-99.47578123871239,33.833988072870724],[-98.95174431574316,33.833988072870724],[-98.95533360973609,33.3975857500475],[-99.47219194471944,33.399303869428685],[-99.47578123871239,33.733478089070886],[-99.47578123871239,33.833988072870724]]]}},{"type":"Feature","id":"48025","properties":{"name":"Bee","county_fips":"48025","state_abbr":"TX"},"geometry":{"type":"Polygon","coordinates":[[[-98.00417070160701,28.689938645576447],[-97.91443835178352,28.72000573474734],[-97.82470600196001,28.67018027269272],[-97.77804518005179,28.667603093620933],[-97.73138435814357,28.628945407544073],[-97.69549141821417,28.541321319103183],[-97.64524130231302,28.520703886528857],[-97.62370553835538,28.529294483434832],[-97.55909824648246,28.513831409004084],[-97.55191965849659,28.450260991899917],[-97.48013377863778,28.43393885777857],[-97.45859801468015,28.40730800737007],[-97.42988366273663,28.412462365513647],[-97.37604425284252,28.38840869417694],[-97.54115177651776,28.16505317462174],[-97.56986612846129,28.12983172730727],[-97.81752741397413,28.177080010290098],[-97.81034882598826,28.183093428124273],[-98.09031375743757,28.663307795167945],[-98.00417070160701,28.689938645576447]]]}},{"type":"Feature","id":"48027","properties":{"name":"Bell","county_fips":"48027","state_abbr":"TX"},"geometry":{"type":"Polygon","coordinates":[[[-97.90725976379764,31.069533988529876],[-97.4191157807578,31.320379418184174],[-97.34374060690607,31.243923105721052],[-97.27913331503315,31.28000361272612],[-97.07095426344263,30.98620519854198],[-97.2575975510755,30.88999051319513],[-97.31502625496255,30.75254096269962],[-97.62370553835538,30.870232140311394],[-97.82829529595296,30.90631264731647],[-97.91084905779057,31.035171600906004],[-97.90725976379764,31.069533988529876]]]}},{"type":"Feature","id":"48029","properties":{"name":"Bexar","county_fips":"48029","state_abbr":"TX"},"geometry":{"type":"Polygon","coordinates":[[[-98.80817255602555,29.690743185121846],[-98.77945820408203,29.71995121460214],[-98.73997597015969,29.71651497583975],[-98.70049373623736,29.737132408414077],[-98.64665432634325,29.744863945629454],[-98.58204703447034,29.741427706867064],[-98.542564800548,29.751736423154227],[-98.47795750867508,29.733696169651694],[-98.4169395107951,29.746582065010642],[-98.33797504295042,29.721669333983336],[-98.3810465708657,29.703629080480802],[-98.3810465708657,29.674421051000508],[-98.34515363093631,29.65466267811678],[-98.34515363093631,29.619441230802302],[-98.30926069100691,29.594528499774995],[-98.29849280902809,29.561025171841713],[-98.2374748111481,29.555870813698135],[-98.2195283411834,29.52408560514605],[-98.16927822528224,29.49573663535635],[-98.16568893128931,29.47769638185381],[-98.12261740337402,29.47769638185381],[-98.13338528535284,29.441615874848743],[-98.14056387333873,29.437320576395756],[-98.40617162881628,29.114314132731323],[-98.80458326203262,29.25090462353623],[-98.80458326203262,29.522367485764853],[-98.80817255602555,29.690743185121846]]]}},{"type":"Feature","id":"48031","properties":{"name":"Blanco","county_fips":"48031","state_abbr":"TX"},"geometry":{"type":"Polygon","coordinates":[[[-98.59281491644916,30.499977413664134],[-98.40976092280923,30.50169553304533],[-98.35233221892219,30.48623245861458],[-98.12620669736697,30.426098280272797],[-98.17286751927519,30.356514445334447],[-98.29849280902809,30.037803300122995],[-98.41335021680216,29.937293316323156],[-98.58922562245623,30.13917234361343],[-98.59281491644916,30.499977413664134]]]}},{"type":"Feature","id":"48033","properties":{"name":"Borden","county_fips":"48033","state_abbr":"TX"},"geometry":{"type":"Polygon","coordinates":[[[-101.69037563235632,32.96204248691486],[-101.55757175461754,32.96118342722426],[-101.17351729737297,32.963760606296056],[-101.17351729737297,32.52735828347283],[-101.17351729737297,32.52392204471044],[-101.69037563235632,32.525640164091634],[-101.69037563235632,32.96204248691486]]]}},{"type":"Feature","id":"48035","properties":{"name":"Bosque","county_fips":"48035","state_abbr":"TX"},"geometry":{"type":"Polygon","coordinates":[[[-97.86418823588235,32.08751972188721],[-97.63088412634126,32.20778807857078],[-97.6165269503695,32.2034927801178],[-97.56986612846129,32.17686192970929],[-97.56627683446834,32.15023107930079],[-97.51602671856718,32.13390894517945],[-97.51243742457424,32.162257914969146],[-97.47654448464485,32.17342569094691],[-97.45859801468015,32.170848511875114],[-97.49449095460955,32.12789552734527],[-97.46936589665896,32.086660662196614],[-97.4909016606166,32.06002981178811],[-97.48731236662366,32.01793588694886],[-97.42629436874368,32.028244603236026],[-97.37963354683546,31.97240572334723],[-97.44065154471544,31.929452738817382],[-97.36168707687077,31.890795052740522],[-97.38322284082841,31.871036679856793],[-97.32579413694137,31.8418286503765],[-97.28272260902608,31.843546769757694],[-97.28272260902608,31.822929337183368],[-97.32579413694137,31.78856694955949],[-97.2755440210402,31.745613965029648],[-97.60575906839068,31.58754698195981],[-97.6883128302283,31.71125157740577],[-97.76727729807297,31.67259389132891],[-98.00417070160701,32.01793588694886],[-97.86418823588235,32.08751972188721]]]}},{"type":"Feature","id":"48037","properties":{"name":"Bowie","county_fips":"48037","state_abbr":"TX"},"geometry":{"type":"Polygon","coordinates":[[[-94.73791316803168,33.705988178971786],[-94.70919881608816,33.687088865778655],[-94.64818081820817,33.687947925469246],[-94.64459152421524,33.66818955258552],[-94.5871628203282,33.67935732856328],[-94.51896623446234,33.61664597114971],[-94.48666258852587,33.638122463414625],[-94.45794823658237,33.644994940939405],[-94.45794823658237,33.59860571764717],[-94.41846600266003,33.57712922538225],[-94.38616235672356,33.58228358352583],[-94.39334094470944,33.55135743466434],[-94.35744800478004,33.54362589744897],[-94.33950153481534,33.56682050909509],[-94.31078718287182,33.55135743466434],[-94.300019300893,33.57627016569165],[-94.22464412704127,33.553075554045535],[-94.18516189311893,33.59259229981299],[-94.14209036520364,33.57798828507285],[-94.12414389523894,33.55221649435494],[-94.10260813128131,33.57025674785747],[-94.04517942739427,33.55135743466434],[-94.04517942739427,33.55221649435494],[-94.04517942739427,33.55135743466434],[-94.04159013340133,33.541907778067774],[-94.04159013340133,33.297934825938256],[-94.09184024930249,33.30566636315363],[-94.13850107121071,33.29363952748527],[-94.16721542315423,33.310820721297205],[-94.21746553905538,33.29707576624766],[-94.23900130301303,33.27302209491094],[-94.23182271502715,33.241236886358855],[-94.37898376873768,33.255840901099006],[-94.41487670866708,33.2841898708887],[-94.51896623446234,33.28247175150751],[-94.52973411644116,33.26700867707677],[-94.61946646626465,33.24725030419304],[-94.65177011220112,33.26872679645796],[-94.69125234612346,33.3125388406784],[-94.73073458004579,33.30910260191602],[-94.74868105001049,33.328860974799746],[-94.74509175601756,33.703410999899994],[-94.73791316803168,33.705988178971786]]]}},{"type":"Feature","id":"48039","properties":{"name":"Brazoria","county_fips":"48039","state_abbr":"TX"},"geometry":{"type":"Polygon","coordinates":[[[-95.87571936379364,29.229428131271305],[-95.84700501185011,29.262931459204587],[-95.79675489594895,29.307602563115623],[-95.75368336803368,29.324783756927566],[-95.65318313623136,29.291280428994284],[-95.57780796237962,29.340246831358307],[-95.5670400804008,29.390072293412928],[-95.5490936104361,29.395226651556513],[-95.5490936104361,29.438179636086353],[-95.46295055460554,29.43903869577695],[-95.4234683206832,29.579924485034844],[-95.34450385283853,29.58593790286902],[-95.33014667686676,29.598823798227976],[-95.26195009100091,29.5928103803938],[-95.25477150301502,29.55415269431694],[-95.2152892690927,29.555870813698135],[-95.23323573905739,29.46566954618546],[-95.05736033340332,29.202797280862804],[-95.10043186131861,29.17358925138251],[-95.11119974329743,29.19592480333803],[-95.15786056520565,29.18905232581325],[-95.16503915319153,29.113455073040726],[-95.14350338923389,29.091119521085204],[-95.10402115531154,29.12290472963729],[-95.11837833128331,29.07823362572625],[-95.24041432704327,28.98889141790417],[-95.38398608676086,28.866045882148818],[-95.43782549665497,28.859173404624038],[-95.50602208252081,28.825670076690763],[-95.57062937439375,28.83168349452494],[-95.59216513835138,28.871200240292396],[-95.63523666626666,28.897831090700905],[-95.64959384223842,28.941643134921343],[-95.67471890018899,28.96483774656746],[-95.7644512500125,28.967414925639254],[-95.7823977199772,29.043871238102376],[-95.7644512500125,29.060193372223715],[-95.84341571785717,29.105723535825355],[-95.83982642386424,29.174448311073107],[-95.87571936379364,29.229428131271305]]]}},{"type":"Feature","id":"48041","properties":{"name":"Brazos","county_fips":"48041","state_abbr":"TX"},"geometry":{"type":"Polygon","coordinates":[[[-96.56845310443104,30.695843023120226],[-96.4571849906499,30.74480942548425],[-96.38898840478404,30.86421872247722],[-96.33873828888288,30.920916662056612],[-96.24182735107351,30.973319303183025],[-96.19875582315822,30.932084438034373],[-96.21311299912999,30.911467005460047],[-96.1772200592006,30.858205304643043],[-96.1700414712147,30.822983857328566],[-96.18439864718647,30.797212066610662],[-96.16286288322883,30.769722156511563],[-96.1772200592006,30.70958797816978],[-96.16286288322883,30.65890345642456],[-96.1879879411794,30.599628337773375],[-96.13055923729237,30.490527757067568],[-96.10543417934178,30.421802981819816],[-96.15568429524295,30.329883594925946],[-96.14850570725707,30.368541281002805],[-96.19875582315822,30.38314529574295],[-96.26695240902409,30.35909162440624],[-96.29925605496055,30.37884999728997],[-96.2956667609676,30.412353325223243],[-96.27054170301703,30.415789563985633],[-96.29207746697466,30.44413853377533],[-96.34232758287582,30.474205622946222],[-96.36027405284052,30.542071338503376],[-96.41411346273462,30.53949415943159],[-96.42488134471344,30.587601502105016],[-96.48589934259343,30.603923636226355],[-96.511024400544,30.62797730756307],[-96.6007567503675,30.640863202922027],[-96.56845310443104,30.695843023120226]]]}},{"type":"Feature","id":"48043","properties":{"name":"Brewster","county_fips":"48043","state_abbr":"TX"},"geometry":{"type":"Polygon","coordinates":[[[-103.800880500205,30.412353325223243],[-103.43836180691807,30.665775933949334],[-102.56616336663366,30.052407314863146],[-102.32209137511374,29.878877257362568],[-102.35080572705726,29.86255512324123],[-102.38669866698666,29.76719949758497],[-102.50873466274662,29.783521631706314],[-102.54103830868308,29.751736423154227],[-102.56616336663366,29.761186079750793],[-102.64512783447834,29.733696169651694],[-102.67025289242892,29.742286766557662],[-102.69896724437244,29.695897543265424],[-102.69178865638656,29.676139170381695],[-102.73844947829478,29.641776782757823],[-102.73844947829478,29.598823798227976],[-102.76357453624536,29.598823798227976],[-102.77075312423123,29.548139276482758],[-102.81023535815358,29.522367485764853],[-102.80664606416063,29.494018515975156],[-102.83177112211122,29.444193053920536],[-102.82459253412533,29.399521950009493],[-102.84253900409004,29.35828708486084],[-102.87843194401944,29.35399178640786],[-102.88919982599826,29.29213948868488],[-102.90714629596296,29.260354280132795],[-102.87125335603355,29.241454966939664],[-102.88919982599826,29.20881069869698],[-102.95380711787118,29.176166430454302],[-102.98970005780058,29.183038907979075],[-103.01482511575115,29.125481908709084],[-103.07584311363114,29.08854234201341],[-103.10096817158171,29.05761619315193],[-103.11532534755347,28.985455179141788],[-103.16557546345463,28.978582701617015],[-103.2265934613346,28.991468596975963],[-103.28043287122871,28.982018940379398],[-103.33068298712986,29.021535686146855],[-103.42759392493925,29.04215311872118],[-103.52450486274863,29.137508744377442],[-103.61064791857918,29.16585771416714],[-103.64654085850857,29.15898523664236],[-103.72550532635326,29.191629504885043],[-103.79370191221912,29.259495220442197],[-103.800880500205,30.412353325223243]]]}},{"type":"Feature","id":"48045","properties":{"name":"Briscoe","county_fips":"48045","state_abbr":"TX"},"geometry":{"type":"Polygon","coordinates":[[[-101.47142869878698,34.74716852397523],[-101.09096353553535,34.74802758366583],[-100.94380248182482,34.74802758366583],[-100.94739177581775,34.3124843205332],[-101.04071341963419,34.3124843205332],[-101.47142869878698,34.3124843205332],[-101.47142869878698,34.74716852397523]]]}},{"type":"Feature","id":"48047","properties":{"name":"Brooks","county_fips":"48047","state_abbr":"TX"},"geometry":{"type":"Polygon","coordinates":[[[-98.5246183305833,27.264758618876186],[-98.23388551715517,27.262181439804394],[-98.0580101115011,27.261322380113796],[-97.98622423164231,27.2604633204232],[-97.98622423164231,27.208919738987383],[-97.98622423164231,26.781108013070124],[-98.32002857298572,26.78282613245132],[-98.42411809878098,26.783685192141917],[-98.4169395107951,27.05514805437054],[-98.46718962669627,27.054288994679943],[-98.46718962669627,27.141913083120826],[-98.49231468464684,27.141913083120826],[-98.49231468464684,27.234691529705294],[-98.5246183305833,27.264758618876186]]]}},{"type":"Feature","id":"48049","properties":{"name":"Brown","county_fips":"48049","state_abbr":"TX"},"geometry":{"type":"Polygon","coordinates":[[[-99.19581630726307,32.078929124981244],[-99.12044113341133,32.07978818467184],[-98.92302996379964,32.078070065290646],[-98.6681900903009,31.700942861118605],[-98.76151173411733,31.68805696575965],[-98.77945820408203,31.61074159360593],[-98.9912265496655,31.484459819088187],[-99.019940901609,31.469855804348036],[-99.04147666556665,31.490473236922362],[-99.09172678146781,31.461265207442068],[-99.20299489524895,31.46727862527625],[-99.19581630726307,32.078929124981244]]]}},{"type":"Feature","id":"48051","properties":{"name":"Burleson","county_fips":"48051","state_abbr":"TX"},"geometry":{"type":"Polygon","coordinates":[[[-96.96327544365444,30.557534412934125],[-96.62229251432514,30.731064470434696],[-96.56845310443104,30.695843023120226],[-96.6007567503675,30.640863202922027],[-96.511024400544,30.62797730756307],[-96.48589934259343,30.603923636226355],[-96.42488134471344,30.587601502105016],[-96.41411346273462,30.53949415943159],[-96.36027405284052,30.542071338503376],[-96.34232758287582,30.474205622946222],[-96.29207746697466,30.44413853377533],[-96.27054170301703,30.415789563985633],[-96.2956667609676,30.412353325223243],[-96.29925605496055,30.37884999728997],[-96.3136132309323,30.384004355433547],[-96.4212920507205,30.34362854997549],[-96.64023898428984,30.296380266992664],[-96.69407839418393,30.32043393832938],[-96.7443285100851,30.319574878638782],[-96.79098933199332,30.390876832958327],[-96.87354309383093,30.457883488824884],[-96.92020391573915,30.53949415943159],[-96.96327544365444,30.557534412934125]]]}},{"type":"Feature","id":"48053","properties":{"name":"Burnet","county_fips":"48053","state_abbr":"TX"},"geometry":{"type":"Polygon","coordinates":[[[-98.43847527475275,31.02915818307183],[-97.91084905779057,31.035171600906004],[-97.82829529595296,30.90631264731647],[-97.96109917369174,30.7860442906329],[-98.05083152351523,30.62454106880068],[-98.12261740337402,30.484514339233385],[-98.09749234542345,30.46733314542145],[-98.12620669736697,30.426098280272797],[-98.35233221892219,30.48623245861458],[-98.35233221892219,30.558393472624722],[-98.3989930408304,30.5635478307683],[-98.3989930408304,30.598769278082777],[-98.43847527475275,30.673507471164704],[-98.40258233482335,30.676084650236497],[-98.41335021680216,30.704433620026194],[-98.37027868888688,30.74051412703127],[-98.42411809878098,30.750822843318424],[-98.43129668676686,30.79033958908589],[-98.37745727687276,30.835010692996924],[-98.44924315673157,30.870232140311394],[-98.44565386273862,30.92177572174721],[-98.41335021680216,30.942393154321536],[-98.44565386273862,30.9518428109181],[-98.46001103871038,31.007681690806905],[-98.43847527475275,31.02915818307183]]]}},{"type":"Feature","id":"48055","properties":{"name":"Caldwell","county_fips":"48055","state_abbr":"TX"},"geometry":{"type":"Polygon","coordinates":[[[-97.70984859418594,30.02491740476404],[-97.64883059630596,30.067870389293887],[-97.31502625496255,29.786957870468697],[-97.31861554895548,29.784380691396912],[-97.5985804804048,29.630609006780062],[-97.6344734203342,29.649508319973194],[-97.6524198902989,29.66668951378513],[-97.72061647616475,29.682152588215878],[-97.73856294612946,29.713078737077367],[-97.76727729807297,29.719092154911543],[-97.78163447404474,29.759467960369598],[-97.79958094400943,29.752595482844825],[-97.81752741397413,29.790394109231087],[-97.84265247192471,29.798984706137055],[-97.8498310599106,29.843655810048098],[-97.87495611786117,29.85825982478824],[-97.89290258782587,29.884031615506153],[-97.79240235602356,29.945024853538527],[-97.76009871008709,29.987118778377777],[-97.70984859418594,30.02491740476404]]]}},{"type":"Feature","id":"48057","properties":{"name":"Calhoun","county_fips":"48057","state_abbr":"TX"},"geometry":{"type":"MultiPolygon","coordinates":[[[[-96.80893580195801,28.217455815748153],[-96.79816791997919,28.27243563594635],[-96.78740003800037,28.250100083990837],[-96.80893580195801,28.217455815748153]]],[[[-96.64382827828278,28.71227419753197],[-96.58639957439574,28.725160092890924],[-96.57922098640987,28.706260779697793],[-96.42847063870639,28.703683600626],[-96.39975628676287,28.730314451034502],[-96.4033455807558,28.674475571145706],[-96.32438111291113,28.675334630836304],[-96.32438111291113,28.64269036259362],[-96.37822052280522,28.390126813558133],[-96.44282781467814,28.31796579954799],[-96.63306039630396,28.22261017389173],[-96.71920345213452,28.164194114931142],[-96.85200732987329,28.06024789236892],[-96.82329297792977,28.139281383903835],[-96.81970368393684,28.16848941338413],[-96.79098933199332,28.189106845958456],[-96.73356062810628,28.19082496533965],[-96.60793533835339,28.281026232852327],[-96.52538157651576,28.32312015769157],[-96.43923852068521,28.342878530575298],[-96.45359569665696,28.37981809727097],[-96.4212920507205,28.404730828298277],[-96.45359569665696,28.41847578334783],[-96.511024400544,28.383254336033353],[-96.5828102804028,28.35318724686246],[-96.62229251432514,28.31882485923859],[-96.68331051220511,28.3145295607856],[-96.70484627616275,28.34889194840948],[-96.70484627616275,28.400435529845296],[-96.76586427404274,28.41074424613246],[-96.79098933199332,28.446824753137527],[-96.81252509595096,28.43050261901619],[-96.84841803588036,28.47603278261782],[-96.89148956379563,28.50695893147931],[-96.90225744577445,28.567093109821094],[-96.93097179771797,28.586851482704823],[-96.85200732987329,28.63495882537825],[-96.72279274612745,28.67018027269272],[-96.64382827828278,28.71227419753197]]]]}},{"type":"Feature","id":"48059","properties":{"name":"Callahan","county_fips":"48059","state_abbr":"TX"},"geometry":{"type":"Polygon","coordinates":[[[-99.6301208804088,32.51447238811387],[-99.6121744104441,32.51447238811387],[-99.11326254542544,32.51447238811387],[-99.12044113341133,32.07978818467184],[-99.19581630726307,32.078929124981244],[-99.6301208804088,32.081506304053036],[-99.6301208804088,32.51447238811387]]]}},{"type":"Feature","id":"48061","properties":{"name":"Cameron","county_fips":"48061","state_abbr":"TX"},"geometry":{"type":"MultiPolygon","coordinates":[[[[-97.22529390513904,26.411712346113454],[-97.19657955319553,26.306048004170037],[-97.15709731927319,26.08269248461484],[-97.18222237722377,26.123068290072894],[-97.20016884718846,26.249350064590644],[-97.24324037510375,26.411712346113454],[-97.22529390513904,26.411712346113454]]],[[[-97.86059894188942,26.348141929009287],[-97.526794600546,26.299175526645264],[-97.52320530655307,26.323229197981973],[-97.48013377863778,26.33611509334093],[-97.44783013270133,26.32494731736317],[-97.39040142881429,26.411712346113454],[-97.35091919489194,26.411712346113454],[-97.29707978499785,26.295739287882874],[-97.27913331503315,26.27082655685556],[-97.3114369609696,26.230450751397512],[-97.29707978499785,26.20124272191721],[-97.30066907899078,26.147981021100207],[-97.27195472704726,26.08612872337723],[-97.20016884718846,26.076679066780663],[-97.19657955319553,26.04661197760977],[-97.15350802528025,26.062075052040512],[-97.14632943729437,25.952974471334706],[-97.22888319913199,25.95898788916889],[-97.2755440210402,25.952115411644108],[-97.2755440210402,25.93579327752277],[-97.35091919489194,25.925484561235606],[-97.37245495884959,25.840437651866516],[-97.44424083870838,25.84988730846308],[-97.46936589665896,25.884249696086954],[-97.52320530655307,25.886826875158746],[-97.5447410705107,25.934075158141574],[-97.58422330443304,25.937511396903965],[-97.64883059630596,26.021699246582465],[-97.76009871008709,26.03200796286962],[-97.79958094400943,26.060356932659325],[-97.8677775298753,26.056920693896934],[-97.86059894188942,26.06980658925589],[-97.86059894188942,26.348141929009287]]]]}},{"type":"Feature","id":"48063","properties":{"name":"Camp","county_fips":"48063","state_abbr":"TX"},"geometry":{"type":"Polygon","coordinates":[[[-95.15068197721976,33.013586068350676],[-95.12555691926919,33.034203500925],[-95.09325327333273,33.03763973968739],[-95.01428880548805,33.07629742576425],[-94.93532433764337,33.07372024669246],[-94.89225280972809,33.025612904019034],[-94.8204669298693,32.98265991948919],[-94.77021681396813,32.92596197990979],[-94.71996669806698,32.90448548764487],[-95.15068197721976,32.902767368263675],[-95.15068197721976,33.013586068350676]]]}},{"type":"Feature","id":"48065","properties":{"name":"Carson","county_fips":"48065","state_abbr":"TX"},"geometry":{"type":"Polygon","coordinates":[[[-101.62217904649046,35.61997316962169],[-101.62217904649046,35.624268468074675],[-101.0873742415424,35.62512752776527],[-101.0873742415424,35.61911410993109],[-101.0873742415424,35.181852727417265],[-101.62217904649046,35.18271178710786],[-101.62217904649046,35.61997316962169]]]}},{"type":"Feature","id":"48067","properties":{"name":"Cass","county_fips":"48067","state_abbr":"TX"},"geometry":{"type":"Polygon","coordinates":[[[-94.65177011220112,33.26872679645796],[-94.61946646626465,33.24725030419304],[-94.52973411644116,33.26700867707677],[-94.51896623446234,33.28247175150751],[-94.41487670866708,33.2841898708887],[-94.37898376873768,33.255840901099006],[-94.23182271502715,33.241236886358855],[-94.23900130301303,33.27302209491094],[-94.21746553905538,33.29707576624766],[-94.16721542315423,33.310820721297205],[-94.13850107121071,33.29363952748527],[-94.09184024930249,33.30566636315363],[-94.04159013340133,33.297934825938256],[-94.04159013340133,33.01959948618486],[-94.04159013340133,32.88129087599875],[-94.65535940619405,32.87957275661756],[-94.65177011220112,33.26872679645796]]]}},{"type":"Feature","id":"48069","properties":{"name":"Castro","county_fips":"48069","state_abbr":"TX"},"geometry":{"type":"Polygon","coordinates":[[[-102.52668113271132,34.74716852397523],[-102.16775173341733,34.74716852397523],[-101.99905491574916,34.74802758366583],[-101.99905491574916,34.3133433802238],[-102.08878726557265,34.3133433802238],[-102.52668113271132,34.3133433802238],[-102.52668113271132,34.74716852397523]]]}},{"type":"Feature","id":"48071","properties":{"name":"Chambers","county_fips":"48071","state_abbr":"TX"},"geometry":{"type":"Polygon","coordinates":[[[-94.98198515955158,29.884031615506153],[-94.4435910606106,29.88918597364973],[-94.35744800478004,29.887467854268536],[-94.35385871078711,29.56188423153231],[-94.3718051807518,29.555870813698135],[-94.3718051807518,29.59710567884678],[-94.41846600266003,29.58937414163141],[-94.42205529665296,29.56617952998529],[-94.51178764647646,29.54298491833918],[-94.54768058640586,29.572192947819474],[-94.74150246202461,29.525803724527243],[-94.77021681396813,29.548139276482758],[-94.70919881608816,29.625454648636484],[-94.6948416401164,29.694179423884236],[-94.6948416401164,29.757749840988403],[-94.73791316803168,29.76204513944139],[-94.75585963799638,29.78180351232512],[-94.81687763587635,29.756890781297805],[-94.85277057580575,29.721669333983336],[-94.86712775177752,29.678716349453488],[-94.92096716167161,29.658098916879162],[-94.93173504365043,29.67356199130991],[-94.91378857368574,29.69761566264662],[-94.94609221962219,29.71651497583975],[-94.91378857368574,29.76634043789437],[-94.91019927969279,29.821320258092577],[-94.97839586555865,29.867709481384807],[-94.98198515955158,29.884031615506153]]]}},{"type":"Feature","id":"48073","properties":{"name":"Cherokee","county_fips":"48073","state_abbr":"TX"},"geometry":{"type":"Polygon","coordinates":[[[-95.4593612606126,32.13562706456064],[-94.98557445354453,32.13820424363243],[-94.98557445354453,31.84612394882948],[-94.93891363163631,31.84526488913889],[-94.97121727757278,31.782553531725313],[-94.92814574965749,31.766231397603967],[-94.96762798357983,31.754204561935616],[-94.96762798357983,31.697506622356215],[-94.93173504365043,31.62190936958369],[-94.92455645566456,31.57981544474444],[-94.89225280972809,31.578097325363245],[-94.89225280972809,31.54115775866758],[-94.86712775177752,31.526553743927437],[-95.00352092350923,31.426043760127598],[-95.06453892138921,31.47157392372923],[-95.10043186131861,31.46813768496684],[-95.10043186131861,31.51882220671206],[-95.14350338923389,31.539439639286385],[-95.16862844718447,31.58325168350683],[-95.2081106811068,31.570365788147875],[-95.27271797297972,31.592701340103396],[-95.27630726697267,31.65713081689816],[-95.34091455884558,31.735305248742485],[-95.40193255672557,31.761936099150986],[-95.39475396873968,31.786848830178293],[-95.41270043870438,31.835815232542323],[-95.44859337863379,31.843546769757694],[-95.4234683206832,31.9251574403644],[-95.45218267262672,31.959519827988274],[-95.4234683206832,32.01879494663946],[-95.42705761467614,32.08408348312483],[-95.4593612606126,32.13562706456064]]]}},{"type":"Feature","id":"48075","properties":{"name":"Childress","county_fips":"48075","state_abbr":"TX"},"geometry":{"type":"Polygon","coordinates":[[[-100.41617626486264,34.74716852397523],[-99.99981816168162,34.746309464284636],[-99.99622886768867,34.56075257111571],[-99.99622886768867,34.311625260842604],[-100.41617626486264,34.3133433802238],[-100.41617626486264,34.74716852397523]]]}},{"type":"Feature","id":"48077","properties":{"name":"Clay","county_fips":"48077","state_abbr":"TX"},"geometry":{"type":"Polygon","coordinates":[[[-98.42411809878098,34.083974442834425],[-98.36310010090101,34.15699451653516],[-98.29490351503514,34.13294084519845],[-98.24106410514105,34.13294084519845],[-98.16927822528224,34.11404153200532],[-98.14056387333873,34.141531442104416],[-98.10826022740227,34.15441733746337],[-98.09390305143052,34.111464352933524],[-98.12261740337402,34.08139726376263],[-98.08672446344463,34.003222831918315],[-98.01852787757878,33.99377317532175],[-97.97186705567056,34.00580001099011],[-97.94674199771997,33.988618817178164],[-97.97186705567056,33.93707523574235],[-97.95392058570586,33.937934295432946],[-97.97904564365643,33.88982695275952],[-97.97904564365643,33.46716958498585],[-98.42052880478805,33.46716958498585],[-98.42411809878098,33.83570619225192],[-98.42411809878098,34.083974442834425]]]}},{"type":"Feature","id":"48079","properties":{"name":"Cochran","county_fips":"48079","state_abbr":"TX"},"geometry":{"type":"Polygon","coordinates":[[[-103.05789664366642,33.38813609345093],[-103.0543073496735,33.57025674785747],[-103.04712876168762,33.82453841627416],[-102.61641348253482,33.825397475964756],[-102.59487771857718,33.38813609345093],[-103.05789664366642,33.38813609345093]]]}},{"type":"Feature","id":"48081","properties":{"name":"Coke","county_fips":"48081","state_abbr":"TX"},"geometry":{"type":"Polygon","coordinates":[[[-100.82176648606486,32.086660662196614],[-100.6638375503755,32.08580160250602],[-100.23671156521564,32.082365363743634],[-100.23671156521564,31.693211323903235],[-100.82535578005779,31.695788502975027],[-100.82176648606486,32.086660662196614]]]}},{"type":"Feature","id":"48083","properties":{"name":"Coleman","county_fips":"48083","state_abbr":"TX"},"geometry":{"type":"Polygon","coordinates":[[[-99.72344252422523,31.576379205982057],[-99.71267464224641,32.082365363743634],[-99.6301208804088,32.081506304053036],[-99.19581630726307,32.078929124981244],[-99.20299489524895,31.46727862527625],[-99.23888783517835,31.48274169970699],[-99.30349512705126,31.43291623765237],[-99.31426300903009,31.409721626006252],[-99.40399535885358,31.445802133011327],[-99.44347759277592,31.47501016249162],[-99.43629900479004,31.445802133011327],[-99.47219194471944,31.42174846167461],[-99.49372770867708,31.444084013630132],[-99.51167417864178,31.424325640746403],[-99.53679923659236,31.48360075939759],[-99.60140652846528,31.492191356303557],[-99.62653158641587,31.46727862527625],[-99.67678170231702,31.497345714447142],[-99.65165664436644,31.527412803618027],[-99.72344252422523,31.576379205982057]]]}},{"type":"Feature","id":"48085","properties":{"name":"Collin","county_fips":"48085","state_abbr":"TX"},"geometry":{"type":"Polygon","coordinates":[[[-96.83406085990859,33.40531728726287],[-96.3853991107911,33.3975857500475],[-96.3853991107911,33.3408878104681],[-96.2956667609676,33.35205558644586],[-96.2956667609676,32.98180085979859],[-96.51820298852988,32.98265991948919],[-96.84482874188741,32.98781427763277],[-96.83406085990859,33.40531728726287]]]}},{"type":"Feature","id":"48087","properties":{"name":"Collingsworth","county_fips":"48087","state_abbr":"TX"},"geometry":{"type":"Polygon","coordinates":[[[-100.5382122606226,35.18357084679846],[-99.99981816168162,35.18271178710786],[-99.99981816168162,35.030658221872216],[-99.99981816168162,34.746309464284636],[-100.41617626486264,34.74716852397523],[-100.54180155461555,34.74802758366583],[-100.5382122606226,35.18357084679846]]]}},{"type":"Feature","id":"48089","properties":{"name":"Colorado","county_fips":"48089","state_abbr":"TX"},"geometry":{"type":"Polygon","coordinates":[[[-96.87354309383093,29.632327126161258],[-96.71561415814158,29.79297128830288],[-96.56845310443104,29.961346987659873],[-96.53614945849458,29.907226227152265],[-96.41411346273462,29.824756496854967],[-96.34232758287582,29.829910854998545],[-96.29925605496055,29.737132408414077],[-96.27054170301703,29.71651497583975],[-96.25977382103821,29.669266692856922],[-96.19875582315822,29.656380797497967],[-96.17363076520765,29.634045245542453],[-96.30643464294643,29.514635948549483],[-96.3495061708617,29.406394427534273],[-96.64023898428984,29.24746838477384],[-96.65818545425454,29.263790518895185],[-96.56127451644517,29.33509247321473],[-96.79457862598626,29.577347305963052],[-96.83406085990859,29.576488246272454],[-96.84482874188741,29.61686405173051],[-96.87354309383093,29.632327126161258]]]}},{"type":"Feature","id":"48091","properties":{"name":"Comal","county_fips":"48091","state_abbr":"TX"},"geometry":{"type":"Polygon","coordinates":[[[-98.64665432634325,29.744863945629454],[-98.41335021680216,29.937293316323156],[-98.29849280902809,30.037803300122995],[-98.02929575955758,29.848810168191676],[-98.00058140761408,29.752595482844825],[-98.09031375743757,29.683870707597073],[-98.30926069100691,29.594528499774995],[-98.34515363093631,29.619441230802302],[-98.34515363093631,29.65466267811678],[-98.3810465708657,29.674421051000508],[-98.3810465708657,29.703629080480802],[-98.33797504295042,29.721669333983336],[-98.4169395107951,29.746582065010642],[-98.47795750867508,29.733696169651694],[-98.542564800548,29.751736423154227],[-98.58204703447034,29.741427706867064],[-98.64665432634325,29.744863945629454]]]}},{"type":"Feature","id":"48093","properties":{"name":"Comanche","county_fips":"48093","state_abbr":"TX"},"geometry":{"type":"Polygon","coordinates":[[[-98.92302996379964,32.078070065290646],[-98.54974338853388,32.26104977938779],[-98.32720716097161,31.94147957448574],[-98.25183198711987,31.9801372605626],[-98.20876045920458,31.917425903149024],[-98.15492104931049,31.8418286503765],[-98.46360033270332,31.68376166730667],[-98.49231468464684,31.723278413074127],[-98.6681900903009,31.700942861118605],[-98.92302996379964,32.078070065290646]]]}},{"type":"Feature","id":"48095","properties":{"name":"Concho","county_fips":"48095","state_abbr":"TX"},"geometry":{"type":"Polygon","coordinates":[[[-100.11108627546275,31.580674504435038],[-99.72344252422523,31.576379205982057],[-99.65165664436644,31.527412803618027],[-99.67678170231702,31.497345714447142],[-99.62653158641587,31.46727862527625],[-99.60140652846528,31.492191356303557],[-99.60499582245822,31.087574242032417],[-100.11467556945568,31.087574242032417],[-100.11108627546275,31.580674504435038]]]}},{"type":"Feature","id":"48097","properties":{"name":"Cooke","county_fips":"48097","state_abbr":"TX"},"geometry":{"type":"Polygon","coordinates":[[[-97.48372307263072,33.91559874347743],[-97.45859801468015,33.903571907809074],[-97.46218730867308,33.849451147301465],[-97.44424083870838,33.82367935658356],[-97.37245495884959,33.819384058130574],[-97.33297272492725,33.87436387832878],[-97.30066907899078,33.880377296162955],[-97.25400825708256,33.864055162041616],[-97.24682966909668,33.90013566904668],[-97.21093672916729,33.91645780316803],[-97.17863308323082,33.89240413183131],[-97.17145449524494,33.83570619225192],[-97.20734743517434,33.80993440153401],[-97.16427590725907,33.7291827906179],[-97.12479367333673,33.71715595494955],[-97.08531143941438,33.74378680535805],[-97.0960793213932,33.79876662555625],[-97.04941849948499,33.81766593874938],[-97.08890073340733,33.85374644575445],[-97.04223991149911,33.83742431163311],[-96.98481120761207,33.88639071399714],[-96.99557908959089,33.94910207141071],[-96.94532897368973,33.94910207141071],[-96.94532897368973,33.41648506324063],[-97.38322284082841,33.430230018290175],[-97.48731236662366,33.433666257052565],[-97.48372307263072,33.91559874347743]]]}},{"type":"Feature","id":"48099","properties":{"name":"Coryell","county_fips":"48099","state_abbr":"TX"},"geometry":{"type":"Polygon","coordinates":[[[-98.18004610726106,31.46384238651386],[-97.76727729807297,31.67259389132891],[-97.6883128302283,31.71125157740577],[-97.60575906839068,31.58754698195981],[-97.4191157807578,31.320379418184174],[-97.90725976379764,31.069533988529876],[-98.18004610726106,31.46384238651386]]]}},{"type":"Feature","id":"48101","properties":{"name":"Cottle","county_fips":"48101","state_abbr":"TX"},"geometry":{"type":"Polygon","coordinates":[[[-100.51667649666496,34.314202439914396],[-100.41617626486264,34.3133433802238],[-99.99622886768867,34.311625260842604],[-99.99622886768867,34.22400117240172],[-100.01058604366042,34.242041425904254],[-100.04647898358984,34.230014590235896],[-100.05006827758277,33.83570619225192],[-100.5202657906579,33.83570619225192],[-100.51667649666496,34.314202439914396]]]}},{"type":"Feature","id":"48103","properties":{"name":"Crane","county_fips":"48103","state_abbr":"TX"},"geometry":{"type":"Polygon","coordinates":[[[-102.7671638302383,31.651976458754582],[-102.31850208112081,31.651117399063985],[-102.30773419914199,31.19839294211942],[-102.3005556111561,31.085856122651222],[-102.3902879609796,31.087574242032417],[-102.42977019490195,31.12880910718107],[-102.42977019490195,31.193238583975834],[-102.50155607476074,31.253372762317618],[-102.58052054260543,31.27141301582015],[-102.6774314804148,31.32982907478074],[-102.75280665426654,31.279144553035522],[-102.7671638302383,31.293748567775673],[-102.7671638302383,31.651976458754582]]]}},{"type":"Feature","id":"48105","properties":{"name":"Crockett","county_fips":"48105","state_abbr":"TX"},"geometry":{"type":"Polygon","coordinates":[[[-102.3902879609796,31.087574242032417],[-102.3005556111561,31.085856122651222],[-101.77651868818688,31.07984270481704],[-101.27401752917528,31.07898364512645],[-100.96174895178952,31.082419883888832],[-100.96174895178952,30.70615173940739],[-100.96174895178952,30.287789670086696],[-101.00482047970479,30.286930610396098],[-101.75857221822217,30.287789670086696],[-101.73703645426454,30.327306415854153],[-101.70114351433514,30.346205729047284],[-101.66883986839868,30.33933325152251],[-101.70114351433514,30.402044608936087],[-101.74062574825747,30.42094392212922],[-101.70114351433514,30.457883488824884],[-101.6796077503775,30.521453905929057],[-101.64730410444103,30.560970651696515],[-101.66525057440573,30.588460561795614],[-101.65089339843398,30.6202457703477],[-101.71191139631395,30.654608157971573],[-101.76934010020099,30.652890038590378],[-101.77651868818688,30.681239008380075],[-101.80882233412333,30.699279261882616],[-101.81600092210921,30.751681903009022],[-101.83394739207391,30.757695320843204],[-101.83035809808098,30.801507365063642],[-101.8590724500245,30.873668379073784],[-101.89137609596095,30.89084957288572],[-101.87342962599625,30.912326065150644],[-101.95239409384094,30.95527904968049],[-101.99187632776328,30.98964143730437],[-102.01341209172091,30.979332721017208],[-102.0493050316503,31.003386392353917],[-102.08160867758677,30.98706425823258],[-102.13903738147381,30.99479579544795],[-102.20005537935378,31.030876302453017],[-102.28978772917729,31.0360306605966],[-102.32209137511374,31.061802451314506],[-102.3902879609796,31.087574242032417]]]}},{"type":"Feature","id":"48107","properties":{"name":"Crosby","county_fips":"48107","state_abbr":"TX"},"geometry":{"type":"Polygon","coordinates":[[[-101.56475034260342,33.830551834108334],[-101.04071341963419,33.833988072870724],[-101.03712412564126,33.3975857500475],[-101.55757175461754,33.395008570975705],[-101.56475034260342,33.830551834108334]]]}},{"type":"Feature","id":"48109","properties":{"name":"Culberson","county_fips":"48109","state_abbr":"TX"},"geometry":{"type":"Polygon","coordinates":[[[-104.91715093200932,32.000754693136926],[-104.84895434614346,32.000754693136926],[-104.53309647476475,31.99989563344633],[-104.02341672776727,31.99989563344633],[-104.10238119561195,31.10561449553495],[-104.91715093200932,30.66319875487754],[-104.91715093200932,30.835869752687522],[-104.9063830500305,30.835869752687522],[-104.90997234402343,30.999950153591527],[-104.91715093200932,31.813479680586802],[-104.91715093200932,32.000754693136926]]]}},{"type":"Feature","id":"48111","properties":{"name":"Dallam","county_fips":"48111","state_abbr":"TX"},"geometry":{"type":"Polygon","coordinates":[[[-103.00405723377233,36.50050935248352],[-102.16416243942439,36.50050935248352],[-102.16416243942439,36.055516432754324],[-103.03995017370173,36.055516432754324],[-103.03995017370173,36.317529638386375],[-103.04353946769467,36.50050935248352],[-103.00405723377233,36.50050935248352]]]}},{"type":"Feature","id":"48113","properties":{"name":"Dallas","county_fips":"48113","state_abbr":"TX"},"geometry":{"type":"Polygon","coordinates":[[[-97.03147202952029,32.98953239701397],[-96.84482874188741,32.98781427763277],[-96.51820298852988,32.98265991948919],[-96.51820298852988,32.8134251604416],[-96.52179228252282,32.54539853697536],[-96.5289708705087,32.54539853697536],[-97.03865061750616,32.54883477573775],[-97.03147202952029,32.98953239701397]]]}},{"type":"Feature","id":"48115","properties":{"name":"Dawson","county_fips":"48115","state_abbr":"TX"},"geometry":{"type":"Polygon","coordinates":[[[-102.20723396733966,32.95860624815248],[-102.0744300896009,32.959465307843075],[-101.69037563235632,32.96204248691486],[-101.69037563235632,32.525640164091634],[-102.20364467334673,32.52306298501984],[-102.20723396733966,32.95860624815248]]]}},{"type":"Feature","id":"48117","properties":{"name":"Deaf Smith","county_fips":"48117","state_abbr":"TX"},"geometry":{"type":"Polygon","coordinates":[[[-103.04353946769467,35.18357084679846],[-102.16775173341733,35.18357084679846],[-102.16775173341733,34.74716852397523],[-102.52668113271132,34.74716852397523],[-103.04353946769467,34.74716852397523],[-103.04353946769467,34.954201909409086],[-103.04353946769467,35.18357084679846]]]}},{"type":"Feature","id":"48119","properties":{"name":"Delta","county_fips":"48119","state_abbr":"TX"},"geometry":{"type":"Polygon","coordinates":[[[-95.85777289382894,33.40961258571585],[-95.85777289382894,33.46201522684226],[-95.82546924789247,33.45857898807988],[-95.76086195601955,33.49551855477554],[-95.68189748817488,33.47060582374823],[-95.64241525425254,33.486927957869575],[-95.5670400804008,33.47747830127301],[-95.52755784647846,33.44569309272092],[-95.49166490654906,33.45514274931749],[-95.41628973269732,33.41218976478764],[-95.30861091290913,33.380404556235554],[-95.30502161891619,33.37782737716377],[-95.30861091290913,33.37696831747317],[-95.34450385283853,33.36150524304242],[-95.40193255672557,33.371813959329586],[-95.50243278852788,33.34776028799288],[-95.5849865503655,33.35892806397064],[-95.67471890018899,33.30223012439124],[-95.73214760407603,33.30480730346303],[-95.78598701397013,33.25412278171781],[-95.86136218782187,33.21890133440334],[-95.85777289382894,33.40961258571585]]]}},{"type":"Feature","id":"48121","properties":{"name":"Denton","county_fips":"48121","state_abbr":"TX"},"geometry":{"type":"Polygon","coordinates":[[[-97.38322284082841,33.430230018290175],[-96.94532897368973,33.41648506324063],[-96.83406085990859,33.40531728726287],[-96.84482874188741,32.98781427763277],[-97.03147202952029,32.98953239701397],[-97.39758001680016,32.991250516395155],[-97.39399072280722,33.183679887088864],[-97.38322284082841,33.430230018290175]]]}},{"type":"Feature","id":"48123","properties":{"name":"DeWitt","county_fips":"48123","state_abbr":"TX"},"geometry":{"type":"Polygon","coordinates":[[[-97.61293765637656,29.110018834278335],[-97.33656201892019,29.315334100331],[-97.23965108111081,29.384058875578752],[-96.97763261962619,29.10400541644416],[-97.30425837298372,28.864327762767623],[-97.34015131291312,28.895253911629112],[-97.4191157807578,28.925321000800004],[-97.57345542245422,28.813643241022405],[-97.75650941609416,29.00693167140671],[-97.61293765637656,29.110018834278335]]]}},{"type":"Feature","id":"48125","properties":{"name":"Dickens","county_fips":"48125","state_abbr":"TX"},"geometry":{"type":"Polygon","coordinates":[[[-101.04071341963419,33.833988072870724],[-100.5202657906579,33.83570619225192],[-100.51667649666496,33.3975857500475],[-101.03712412564126,33.3975857500475],[-101.04071341963419,33.833988072870724]]]}},{"type":"Feature","id":"48127","properties":{"name":"Dimmit","county_fips":"48127","state_abbr":"TX"},"geometry":{"type":"Polygon","coordinates":[[[-100.11467556945568,28.647844720737204],[-99.40758465284652,28.640972243212424],[-99.3968167708677,28.640972243212424],[-99.3968167708677,28.252677263062623],[-99.39322747687477,28.204569920389197],[-100.11467556945568,28.197697442864424],[-100.11467556945568,28.647844720737204]]]}},{"type":"Feature","id":"48129","properties":{"name":"Donley","county_fips":"48129","state_abbr":"TX"},"geometry":{"type":"Polygon","coordinates":[[[-101.0873742415424,35.181852727417265],[-100.5382122606226,35.18357084679846],[-100.54180155461555,34.74802758366583],[-100.94380248182482,34.74802758366583],[-101.09096353553535,34.74802758366583],[-101.0873742415424,35.181852727417265]]]}},{"type":"Feature","id":"48131","properties":{"name":"Duval","county_fips":"48131","state_abbr":"TX"},"geometry":{"type":"Polygon","coordinates":[[[-98.80458326203262,28.057670713297128],[-98.33438574895749,28.057670713297128],[-98.23388551715517,28.057670713297128],[-98.23388551715517,27.262181439804394],[-98.5246183305833,27.264758618876186],[-98.52102903659036,27.342933050720504],[-98.58922562245623,27.358396125151245],[-98.79740467404673,27.354100826698264],[-98.80458326203262,28.057670713297128]]]}},{"type":"Feature","id":"48133","properties":{"name":"Eastland","county_fips":"48133","state_abbr":"TX"},"geometry":{"type":"Polygon","coordinates":[[[-99.11326254542544,32.51447238811387],[-99.09531607546074,32.51447238811387],[-98.57486844648446,32.51533144780447],[-98.47436821468214,32.512754268732685],[-98.47436821468214,32.29884840577405],[-98.54974338853388,32.26104977938779],[-98.92302996379964,32.078070065290646],[-99.12044113341133,32.07978818467184],[-99.11326254542544,32.51447238811387]]]}},{"type":"Feature","id":"48135","properties":{"name":"Ector","county_fips":"48135","state_abbr":"TX"},"geometry":{"type":"Polygon","coordinates":[[[-102.79946747617475,32.08580160250602],[-102.28619843518435,32.086660662196614],[-102.28619843518435,31.651117399063985],[-102.31850208112081,31.651117399063985],[-102.7671638302383,31.651976458754582],[-102.79946747617475,31.651976458754582],[-102.79946747617475,32.08580160250602]]]}},{"type":"Feature","id":"48137","properties":{"name":"Edwards","county_fips":"48137","state_abbr":"TX"},"geometry":{"type":"Polygon","coordinates":[[[-100.6997304903049,30.288648729777293],[-100.11467556945568,30.290366849158488],[-99.7557461701617,30.290366849158488],[-99.75933546415463,30.073883807128063],[-99.96751451574515,30.082474404034038],[-99.97469310373103,30.02491740476404],[-99.9890502797028,30.025776464454637],[-100.00340745567455,29.8969175108651],[-100.03212180761807,29.84795110850108],[-100.01417533765337,29.794689407684075],[-100.03571110161101,29.779226333253327],[-100.02494321963219,29.72338745336453],[-100.06442545355453,29.711360617696172],[-100.01776463164632,29.676998230072293],[-100.01417533765337,29.62373652925529],[-100.11108627546275,29.622877469564692],[-100.6997304903049,29.62373652925529],[-100.6997304903049,30.288648729777293]]]}},{"type":"Feature","id":"48141","properties":{"name":"El Paso","county_fips":"48141","state_abbr":"TX"},"geometry":{"type":"Polygon","coordinates":[[[-106.37799358713586,32.000754693136926],[-105.99752842388423,32.00247281251812],[-105.99393912989129,31.478446401254004],[-105.95804618996189,31.478446401254004],[-105.95804618996189,31.423466581055806],[-105.99752842388423,31.38652701436014],[-106.08008218572185,31.39855385002849],[-106.20570747547475,31.465560505895056],[-106.24518970939708,31.54115775866758],[-106.28108264932649,31.561775191241907],[-106.30261841328412,31.620191250202495],[-106.34927923519234,31.696647562665618],[-106.38158288112881,31.731869009980095],[-106.44977946699467,31.76451327822278],[-106.489261700917,31.748191144101433],[-106.52874393483934,31.78341259141591],[-106.54669040480404,31.80746626275262],[-106.60411910869108,31.824647456564563],[-106.60052981469813,31.84440582944829],[-106.63642275462755,31.865882321713208],[-106.64719063660635,31.898526589955893],[-106.62206557865578,31.91398966438664],[-106.61847628466285,32.000754693136926],[-106.37799358713586,32.000754693136926]]]}},{"type":"Feature","id":"48139","properties":{"name":"Ellis","county_fips":"48139","state_abbr":"TX"},"geometry":{"type":"Polygon","coordinates":[[[-97.08531143941438,32.54969383542835],[-97.03865061750616,32.54883477573775],[-96.5289708705087,32.54539853697536],[-96.50384581255813,32.52735828347283],[-96.511024400544,32.481828119871196],[-96.4751314606146,32.43457983688836],[-96.43564922669226,32.41138522524225],[-96.45359569665696,32.358982584115836],[-96.38180981679817,32.328915494944944],[-96.39616699276992,32.32376113680136],[-96.89507885778858,32.073774766837666],[-96.9417396796968,32.05229827457274],[-97.08531143941438,32.26534507784077],[-97.08531143941438,32.54969383542835]]]}},{"type":"Feature","id":"48143","properties":{"name":"Erath","county_fips":"48143","state_abbr":"TX"},"geometry":{"type":"Polygon","coordinates":[[[-98.47436821468214,32.512754268732685],[-98.06877799347993,32.51189520904209],[-97.94674199771997,32.23355986928869],[-97.86418823588235,32.08751972188721],[-98.00417070160701,32.01793588694886],[-98.20876045920458,31.917425903149024],[-98.25183198711987,31.9801372605626],[-98.32720716097161,31.94147957448574],[-98.54974338853388,32.26104977938779],[-98.47436821468214,32.29884840577405],[-98.47436821468214,32.512754268732685]]]}},{"type":"Feature","id":"48145","properties":{"name":"Falls","county_fips":"48145","state_abbr":"TX"},"geometry":{"type":"Polygon","coordinates":[[[-97.27913331503315,31.28000361272612],[-96.80175721397214,31.52225844547445],[-96.59716745637456,31.220728494074933],[-96.83047156591566,31.10561449553495],[-96.83047156591566,31.11076885367853],[-97.07095426344263,30.98620519854198],[-97.27913331503315,31.28000361272612]]]}},{"type":"Feature","id":"48147","properties":{"name":"Fannin","county_fips":"48147","state_abbr":"TX"},"geometry":{"type":"Polygon","coordinates":[[[-96.3853991107911,33.3975857500475],[-96.37822052280522,33.725746551855515],[-96.36386334683347,33.69224322392223],[-96.32079181891818,33.694820402994026],[-96.2956667609676,33.764404237932375],[-96.22747017510174,33.74808210381103],[-96.1772200592006,33.76010893947939],[-96.14850570725707,33.83742431163311],[-96.09825559135591,33.830551834108334],[-96.10184488534885,33.84773302792027],[-96.04800547545474,33.83656525194252],[-95.94032665566655,33.861477982969824],[-95.93673736167361,33.88724977368773],[-95.84700501185011,33.8408605503955],[-95.85418359983599,33.82797465503654],[-95.85777289382894,33.46201522684226],[-95.85777289382894,33.40961258571585],[-96.2956667609676,33.35205558644586],[-96.3853991107911,33.3408878104681],[-96.3853991107911,33.3975857500475]]]}},{"type":"Feature","id":"48149","properties":{"name":"Fayette","county_fips":"48149","state_abbr":"TX"},"geometry":{"type":"Polygon","coordinates":[[[-97.31502625496255,29.786957870468697],[-97.02429344153441,30.05154825517255],[-97.02070414754147,30.03178988228882],[-96.84482874188741,30.115977731967313],[-96.79457862598626,30.160648835878355],[-96.76586427404274,30.13917234361343],[-96.68331051220511,30.15119917928179],[-96.64741757227571,30.145185761447607],[-96.62229251432514,30.044675777647768],[-96.56845310443104,29.961346987659873],[-96.71561415814158,29.79297128830288],[-96.87354309383093,29.632327126161258],[-97.14274014330142,29.62803182770827],[-97.1319722613226,29.643494902139018],[-97.31861554895548,29.784380691396912],[-97.31502625496255,29.786957870468697]]]}},{"type":"Feature","id":"48151","properties":{"name":"Fisher","county_fips":"48151","state_abbr":"TX"},"geometry":{"type":"Polygon","coordinates":[[[-100.65665896238961,32.963760606296056],[-100.5202657906579,32.96290154660546],[-100.1433899213992,32.96032436753367],[-100.14697921539215,32.52306298501984],[-100.66024825638256,32.525640164091634],[-100.65665896238961,32.963760606296056]]]}},{"type":"Feature","id":"48153","properties":{"name":"Floyd","county_fips":"48153","state_abbr":"TX"},"geometry":{"type":"Polygon","coordinates":[[[-101.56475034260342,34.3124843205332],[-101.47142869878698,34.3124843205332],[-101.04071341963419,34.3124843205332],[-101.04071341963419,33.833988072870724],[-101.56475034260342,33.830551834108334],[-101.56475034260342,34.3124843205332]]]}},{"type":"Feature","id":"48155","properties":{"name":"Foard","county_fips":"48155","state_abbr":"TX"},"geometry":{"type":"Polygon","coordinates":[[[-99.99622886768867,34.22400117240172],[-99.7736926401264,34.09342409943099],[-99.74856758217582,34.10115563664636],[-99.67319240832408,34.088269741287405],[-99.62294229242292,34.096001278502776],[-99.54756711857118,34.05562547304473],[-99.53320994259943,34.07366572654726],[-99.49013841468414,34.06507512964129],[-99.47578123871239,34.08569256221562],[-99.47578123871239,33.833988072870724],[-99.47578123871239,33.733478089070886],[-99.49372770867708,33.76698141700417],[-99.5224420606206,33.76955859607595],[-99.5762814705147,33.803061924009235],[-99.60140652846528,33.78759884957849],[-99.63371017440174,33.814229699986996],[-99.69472817228171,33.827115595345944],[-99.7019067602676,33.799625685246845],[-99.7557461701617,33.82110217751177],[-99.83112134401344,33.81680687905879],[-99.83471063800637,33.83570619225192],[-99.99622886768867,33.83570619225192],[-100.05006827758277,33.83570619225192],[-100.04647898358984,34.230014590235896],[-100.01058604366042,34.242041425904254],[-99.99622886768867,34.22400117240172]]]}},{"type":"Feature","id":"48157","properties":{"name":"Fort Bend","county_fips":"48157","state_abbr":"TX"},"geometry":{"type":"Polygon","coordinates":[[[-96.08748770937709,29.601400977299768],[-96.02646971149711,29.603119096680963],[-96.01211253552535,29.71995121460214],[-96.03364829948299,29.72768275181751],[-95.972630301603,29.72854181150811],[-95.82546924789247,29.788675989849892],[-95.59934372633725,29.660676095950954],[-95.4234683206832,29.579924485034844],[-95.46295055460554,29.43903869577695],[-95.5490936104361,29.438179636086353],[-95.5490936104361,29.395226651556513],[-95.5670400804008,29.390072293412928],[-95.57780796237962,29.340246831358307],[-95.65318313623136,29.291280428994284],[-95.75368336803368,29.324783756927566],[-95.79675489594895,29.307602563115623],[-95.84700501185011,29.262931459204587],[-95.87571936379364,29.266367697966977],[-95.89366583375833,29.315334100331],[-95.94750524365243,29.333374353833534],[-95.94750524365243,29.37289109960099],[-95.972630301603,29.41154878567785],[-96.05877335743357,29.47340108340083],[-96.02288041750417,29.501750053190527],[-96.05518406344063,29.51205876947769],[-96.04082688746887,29.540407739267387],[-96.05877335743357,29.588515081940812],[-96.08748770937709,29.601400977299768]]]}},{"type":"Feature","id":"48159","properties":{"name":"Franklin","county_fips":"48159","state_abbr":"TX"},"geometry":{"type":"Polygon","coordinates":[[[-95.30861091290913,33.37696831747317],[-95.30502161891619,33.37782737716377],[-95.25477150301502,33.367518660876605],[-95.12555691926919,33.38985421283212],[-95.12555691926919,33.034203500925],[-95.15068197721976,33.013586068350676],[-95.1722177411774,32.96204248691486],[-95.30861091290913,32.96290154660546],[-95.30861091290913,33.37696831747317]]]}},{"type":"Feature","id":"48161","properties":{"name":"Freestone","county_fips":"48161","state_abbr":"TX"},"geometry":{"type":"Polygon","coordinates":[[[-96.49666722457223,31.79629848677486],[-96.05518406344063,32.012781528805284],[-96.05159476944769,32.005909051280504],[-96.06236265142651,31.978419141181405],[-96.02646971149711,31.95694264891648],[-96.00134465354652,31.913130604696043],[-96.02646971149711,31.873613858928586],[-95.96904100761007,31.87533197830978],[-95.99416606556065,31.8409695906859],[-95.97621959559595,31.832378993779933],[-95.98339818358183,31.786848830178293],[-95.87571936379364,31.754204561935616],[-95.87930865778657,31.69922474173741],[-95.8003441899419,31.674312010710103],[-95.78598701397013,31.6184731308213],[-96.23823805708057,31.413157864768642],[-96.49666722457223,31.79629848677486]]]}},{"type":"Feature","id":"48163","properties":{"name":"Frio","county_fips":"48163","state_abbr":"TX"},"geometry":{"type":"Polygon","coordinates":[[[-99.4147632408324,29.091119521085204],[-98.80458326203262,29.090260461394607],[-98.80099396803968,28.647844720737204],[-99.3968167708677,28.640972243212424],[-99.40758465284652,28.640972243212424],[-99.4147632408324,29.091119521085204]]]}},{"type":"Feature","id":"48165","properties":{"name":"Gaines","county_fips":"48165","state_abbr":"TX"},"geometry":{"type":"Polygon","coordinates":[[[-103.06507523165232,32.959465307843075],[-102.59487771857718,32.95860624815248],[-102.20723396733966,32.95860624815248],[-102.20364467334673,32.52306298501984],[-102.2108232613326,32.52306298501984],[-103.06507523165232,32.52220392532925],[-103.06507523165232,32.959465307843075]]]}},{"type":"Feature","id":"48167","properties":{"name":"Galveston","county_fips":"48167","state_abbr":"TX"},"geometry":{"type":"MultiPolygon","coordinates":[[[[-94.51178764647646,29.54298491833918],[-94.42205529665296,29.56617952998529],[-94.41846600266003,29.58937414163141],[-94.3718051807518,29.59710567884678],[-94.3718051807518,29.555870813698135],[-94.59434140831408,29.468246725257245],[-94.6948416401164,29.41584408413084],[-94.73073458004579,29.3694548608386],[-94.7845739899399,29.375468278672784],[-94.70560952209522,29.436461516705165],[-94.67330587615876,29.476837322163213],[-94.62664505425053,29.475978262472623],[-94.59434140831408,29.49230039659396],[-94.56562705637056,29.53181714236142],[-94.5333234104341,29.518072187311866],[-94.49384117651176,29.524944664836646],[-94.51178764647646,29.54298491833918]]],[[[-95.10402115531154,29.12290472963729],[-95.00352092350923,29.18475702736027],[-94.9927530415304,29.20107916148161],[-94.87789563375634,29.286126070850706],[-94.82405622386223,29.305884443734435],[-94.82405622386223,29.344542129811295],[-94.73073458004579,29.33165623445234],[-94.8025204599046,29.279253593325926],[-95.02505668746687,29.147817460664605],[-95.11837833128331,29.07823362572625],[-95.10402115531154,29.12290472963729]]],[[[-95.2152892690927,29.555870813698135],[-95.16503915319153,29.49745475473754],[-95.10402115531154,29.510340650096495],[-95.08966397933979,29.53181714236142],[-95.08966397933979,29.53181714236142],[-95.06453892138921,29.55844799276992],[-95.017878099481,29.555011754007538],[-94.98198515955158,29.511199709787093],[-94.91019927969279,29.496595695046942],[-94.93173504365043,29.45020647175471],[-94.89225280972809,29.433025277942775],[-94.88507422174222,29.36601862207622],[-94.89225280972809,29.30846162280622],[-94.92096716167161,29.28183077239772],[-94.95327080760808,29.290421369303687],[-95.05736033340332,29.202797280862804],[-95.23323573905739,29.46566954618546],[-95.2152892690927,29.555870813698135]]]]}},{"type":"Feature","id":"48169","properties":{"name":"Garza","county_fips":"48169","state_abbr":"TX"},"geometry":{"type":"Polygon","coordinates":[[[-101.55757175461754,33.395008570975705],[-101.03712412564126,33.3975857500475],[-101.03712412564126,32.970633083820836],[-101.17351729737297,32.963760606296056],[-101.55757175461754,32.96118342722426],[-101.55757175461754,33.395008570975705]]]}},{"type":"Feature","id":"48171","properties":{"name":"Gillespie","county_fips":"48171","state_abbr":"TX"},"geometry":{"type":"Polygon","coordinates":[[[-99.30349512705126,30.499977413664134],[-98.96251219772198,30.49825929428294],[-98.59281491644916,30.499977413664134],[-98.58922562245623,30.13917234361343],[-98.91944066980669,30.138313283922834],[-99.29990583305833,30.134017985469846],[-99.30349512705126,30.286930610396098],[-99.30349512705126,30.499977413664134]]]}},{"type":"Feature","id":"48173","properties":{"name":"Glasscock","county_fips":"48173","state_abbr":"TX"},"geometry":{"type":"Polygon","coordinates":[[[-101.77651868818688,32.086660662196614],[-101.69396492634925,32.08751972188721],[-101.26324964719646,32.08751972188721],[-101.2668389411894,31.651117399063985],[-101.77651868818688,31.651117399063985],[-101.77651868818688,32.086660662196614]]]}},{"type":"Feature","id":"48175","properties":{"name":"Goliad","county_fips":"48175","state_abbr":"TX"},"geometry":{"type":"Polygon","coordinates":[[[-97.77804518005179,28.667603093620933],[-97.57345542245422,28.813643241022405],[-97.4191157807578,28.925321000800004],[-97.34015131291312,28.895253911629112],[-97.30425837298372,28.864327762767623],[-97.30425837298372,28.84542844957449],[-97.23247249312493,28.86518682245822],[-97.18581167121671,28.832542554215536],[-97.16068661326612,28.775844614636142],[-97.18222237722377,28.610905154041532],[-97.15350802528025,28.570529348583477],[-97.16068661326612,28.55334815477154],[-97.37604425284252,28.38840869417694],[-97.42988366273663,28.412462365513647],[-97.45859801468015,28.40730800737007],[-97.48013377863778,28.43393885777857],[-97.55191965849659,28.450260991899917],[-97.55909824648246,28.513831409004084],[-97.62370553835538,28.529294483434832],[-97.64524130231302,28.520703886528857],[-97.69549141821417,28.541321319103183],[-97.73138435814357,28.628945407544073],[-97.77804518005179,28.667603093620933]]]}},{"type":"Feature","id":"48177","properties":{"name":"Gonzales","county_fips":"48177","state_abbr":"TX"},"geometry":{"type":"Polygon","coordinates":[[[-97.83906317793178,29.377186398053972],[-97.6344734203342,29.649508319973194],[-97.5985804804048,29.630609006780062],[-97.31861554895548,29.784380691396912],[-97.1319722613226,29.643494902139018],[-97.14274014330142,29.62803182770827],[-97.20375814118141,29.580783544725442],[-97.20375814118141,29.507763471024703],[-97.23965108111081,29.384058875578752],[-97.33656201892019,29.315334100331],[-97.61293765637656,29.110018834278335],[-97.72779506415064,29.221696594055935],[-97.85700964789648,29.353132726717263],[-97.83906317793178,29.377186398053972]]]}},{"type":"Feature","id":"48179","properties":{"name":"Gray","county_fips":"48179","state_abbr":"TX"},"geometry":{"type":"Polygon","coordinates":[[[-101.0873742415424,35.61911410993109],[-100.54180155461555,35.61911410993109],[-100.5382122606226,35.18357084679846],[-101.0873742415424,35.181852727417265],[-101.0873742415424,35.61911410993109]]]}},{"type":"Feature","id":"48181","properties":{"name":"Grayson","county_fips":"48181","state_abbr":"TX"},"geometry":{"type":"Polygon","coordinates":[[[-96.94532897368973,33.94910207141071],[-96.93456109171092,33.95425642955429],[-96.9058467397674,33.949961131101304],[-96.88431097580975,33.8683504604946],[-96.85200732987329,33.84687396822968],[-96.83047156591566,33.87522293801938],[-96.78381074400744,33.86319610235102],[-96.76945356803567,33.827115595345944],[-96.70484627616275,33.83484713256132],[-96.67613192421923,33.90872626595265],[-96.58998886838867,33.894981310903106],[-96.62947110231102,33.845155848848485],[-96.57204239842397,33.819384058130574],[-96.53256016450165,33.822820296892964],[-96.50384581255813,33.77385389452894],[-96.42847063870639,33.77900825267252],[-96.37822052280522,33.725746551855515],[-96.3853991107911,33.3975857500475],[-96.83406085990859,33.40531728726287],[-96.94532897368973,33.41648506324063],[-96.94532897368973,33.94910207141071]]]}},{"type":"Feature","id":"48183","properties":{"name":"Gregg","county_fips":"48183","state_abbr":"TX"},"geometry":{"type":"Polygon","coordinates":[[[-94.98557445354453,32.53766699975999],[-94.97480657156571,32.5359488803788],[-94.8204669298693,32.590928700577],[-94.74509175601756,32.667385013040125],[-94.70202022810227,32.651921938609384],[-94.70202022810227,32.42169394152941],[-94.6410022302223,32.39849932988329],[-94.57998423234231,32.3950630911209],[-94.60151999629996,32.35984164380643],[-94.63741293622935,32.3701503600936],[-94.98557445354453,32.371009419784194],[-94.98557445354453,32.53766699975999]]]}},{"type":"Feature","id":"48185","properties":{"name":"Grimes","county_fips":"48185","state_abbr":"TX"},"geometry":{"type":"Polygon","coordinates":[[[-96.1700414712147,30.822983857328566],[-95.86136218782187,30.86421872247722],[-95.82905854188542,30.630554486634864],[-95.80393348393484,30.337615132141316],[-95.80393348393484,30.245695745247446],[-96.08748770937709,30.22851455143551],[-96.09466629736296,30.22507831267312],[-96.08748770937709,30.288648729777293],[-96.15568429524295,30.329883594925946],[-96.10543417934178,30.421802981819816],[-96.13055923729237,30.490527757067568],[-96.1879879411794,30.599628337773375],[-96.16286288322883,30.65890345642456],[-96.1772200592006,30.70958797816978],[-96.16286288322883,30.769722156511563],[-96.18439864718647,30.797212066610662],[-96.1700414712147,30.822983857328566]]]}},{"type":"Feature","id":"48187","properties":{"name":"Guadalupe","county_fips":"48187","state_abbr":"TX"},"geometry":{"type":"Polygon","coordinates":[[[-98.30926069100691,29.594528499774995],[-98.09031375743757,29.683870707597073],[-98.00058140761408,29.752595482844825],[-97.87495611786117,29.85825982478824],[-97.8498310599106,29.843655810048098],[-97.84265247192471,29.798984706137055],[-97.81752741397413,29.790394109231087],[-97.79958094400943,29.752595482844825],[-97.78163447404474,29.759467960369598],[-97.76727729807297,29.719092154911543],[-97.73856294612946,29.713078737077367],[-97.72061647616475,29.682152588215878],[-97.6524198902989,29.66668951378513],[-97.6344734203342,29.649508319973194],[-97.83906317793178,29.377186398053972],[-98.12261740337402,29.378904517435167],[-98.13338528535284,29.441615874848743],[-98.12261740337402,29.47769638185381],[-98.16568893128931,29.47769638185381],[-98.16927822528224,29.49573663535635],[-98.2195283411834,29.52408560514605],[-98.2374748111481,29.555870813698135],[-98.29849280902809,29.561025171841713],[-98.30926069100691,29.594528499774995]]]}},{"type":"Feature","id":"48189","properties":{"name":"Hale","county_fips":"48189","state_abbr":"TX"},"geometry":{"type":"Polygon","coordinates":[[[-102.08878726557265,34.3133433802238],[-101.99905491574916,34.3133433802238],[-101.56475034260342,34.3124843205332],[-101.56475034260342,33.830551834108334],[-102.08519797157972,33.82453841627416],[-102.08878726557265,34.3133433802238]]]}},{"type":"Feature","id":"48191","properties":{"name":"Hall","county_fips":"48191","state_abbr":"TX"},"geometry":{"type":"Polygon","coordinates":[[[-100.94380248182482,34.74802758366583],[-100.54180155461555,34.74802758366583],[-100.41617626486264,34.74716852397523],[-100.41617626486264,34.3133433802238],[-100.51667649666496,34.314202439914396],[-100.94739177581775,34.3124843205332],[-100.94380248182482,34.74802758366583]]]}},{"type":"Feature","id":"48193","properties":{"name":"Hamilton","county_fips":"48193","state_abbr":"TX"},"geometry":{"type":"Polygon","coordinates":[[[-98.46360033270332,31.68376166730667],[-98.15492104931049,31.8418286503765],[-98.20876045920458,31.917425903149024],[-98.00417070160701,32.01793588694886],[-97.76727729807297,31.67259389132891],[-98.18004610726106,31.46384238651386],[-98.26977845708457,31.416594103531033],[-98.46360033270332,31.68376166730667]]]}},{"type":"Feature","id":"48195","properties":{"name":"Hansford","county_fips":"48195","state_abbr":"TX"},"geometry":{"type":"Polygon","coordinates":[[[-101.62217904649046,36.49965029279292],[-101.08378494754947,36.49965029279292],[-101.0873742415424,36.05723455213551],[-101.0873742415424,36.055516432754324],[-101.62217904649046,36.055516432754324],[-101.62217904649046,36.49965029279292]]]}},{"type":"Feature","id":"48197","properties":{"name":"Hardeman","county_fips":"48197","state_abbr":"TX"},"geometry":{"type":"Polygon","coordinates":[[[-99.99622886768867,34.311625260842604],[-99.99622886768867,34.56075257111571],[-99.92803228182281,34.577074705237045],[-99.84547851998519,34.5066318106081],[-99.79522840408404,34.45422916948169],[-99.70908534825348,34.38722251361513],[-99.60140652846528,34.37433661825618],[-99.57987076450765,34.41643054309542],[-99.51885276662766,34.41471242371423],[-99.47578123871239,34.396672170211694],[-99.47578123871239,34.08569256221562],[-99.49013841468414,34.06507512964129],[-99.53320994259943,34.07366572654726],[-99.54756711857118,34.05562547304473],[-99.62294229242292,34.096001278502776],[-99.67319240832408,34.088269741287405],[-99.74856758217582,34.10115563664636],[-99.7736926401264,34.09342409943099],[-99.99622886768867,34.22400117240172],[-99.99622886768867,34.311625260842604]]]}},{"type":"Feature","id":"48199","properties":{"name":"Hardin","county_fips":"48199","state_abbr":"TX"},"geometry":{"type":"Polygon","coordinates":[[[-94.73432387403874,30.48966869737697],[-94.53691270442704,30.491386816758165],[-94.54409129241292,30.526608264072635],[-94.07030448534485,30.525749204382038],[-94.12055460124601,30.426098280272797],[-94.0846616613166,30.341910430594304],[-94.12055460124601,30.282635311943118],[-94.09542954329542,30.257722580915804],[-94.11696530725307,30.241400446794465],[-94.09184024930249,30.204460880098793],[-94.11696530725307,30.160648835878355],[-94.17798330513304,30.188138745977454],[-94.23541200902008,30.165803194021933],[-94.27489424294242,30.17009849247492],[-94.29284071290712,30.117695851348508],[-94.40051953269533,30.09707841877418],[-94.4435910606106,30.113400552895527],[-94.59793070230702,30.111682433514332],[-94.73432387403874,30.48966869737697]]]}},{"type":"Feature","id":"48201","properties":{"name":"Harris","county_fips":"48201","state_abbr":"TX"},"geometry":{"type":"Polygon","coordinates":[[[-95.80393348393484,30.09020594124941],[-95.76086195601955,30.086769702487018],[-95.67112960619606,30.10137371722717],[-95.6208794902949,30.13573610485104],[-95.59216513835138,30.13573610485104],[-95.55268290442903,30.170957552165518],[-95.50243278852788,30.143467642066412],[-95.47371843658436,30.103091836608364],[-95.4234683206832,30.115118672276715],[-95.29425373693736,30.027494583835832],[-95.25118220902209,30.043816717957178],[-95.09684256732567,30.167521313403128],[-95.03223527545275,29.993991255902557],[-94.98557445354453,29.972514763637633],[-94.9999316295163,29.92011212251122],[-94.98198515955158,29.884031615506153],[-94.97839586555865,29.867709481384807],[-94.91019927969279,29.821320258092577],[-94.91378857368574,29.76634043789437],[-94.94609221962219,29.71651497583975],[-94.91378857368574,29.69761566264662],[-94.93173504365043,29.67356199130991],[-94.96762798357983,29.700192841718412],[-95.00711021750217,29.65895797656976],[-95.01428880548805,29.628890887398867],[-94.98198515955158,29.601400977299768],[-95.017878099481,29.555011754007538],[-95.06453892138921,29.55844799276992],[-95.08966397933979,29.53181714236142],[-95.08966397933979,29.53181714236142],[-95.10402115531154,29.510340650096495],[-95.16503915319153,29.49745475473754],[-95.2152892690927,29.555870813698135],[-95.25477150301502,29.55415269431694],[-95.26195009100091,29.5928103803938],[-95.33014667686676,29.598823798227976],[-95.34450385283853,29.58593790286902],[-95.4234683206832,29.579924485034844],[-95.59934372633725,29.660676095950954],[-95.82546924789247,29.788675989849892],[-95.9618624196242,30.163226014950148],[-95.91161230372303,30.12800456763567],[-95.87571936379364,30.121991149801495],[-95.82905854188542,30.08161534434344],[-95.80393348393484,30.09020594124941]]]}},{"type":"Feature","id":"48203","properties":{"name":"Harrison","county_fips":"48203","state_abbr":"TX"},"geometry":{"type":"Polygon","coordinates":[[[-94.70202022810227,32.79280772786727],[-94.50460905849059,32.69401586344863],[-94.39334094470944,32.69401586344863],[-94.29284071290712,32.72751919138191],[-94.27848353693537,32.74985474333743],[-94.23541200902008,32.74384132550325],[-94.22464412704127,32.70776081849818],[-94.17080471714716,32.702606460354595],[-94.13491177721777,32.740405086740864],[-94.09184024930249,32.7309554301443],[-94.10978671926719,32.71291517664176],[-94.07748307333073,32.68800244561445],[-94.04159013340133,32.69315680375803],[-94.04159013340133,32.39248591204912],[-94.35026941679416,32.32633831587315],[-94.38257306273063,32.366714121331206],[-94.44000176661766,32.362418822878226],[-94.49025188251882,32.394204031430306],[-94.51896623446234,32.38819061359613],[-94.55485917439174,32.40794898647986],[-94.57998423234231,32.3950630911209],[-94.6410022302223,32.39849932988329],[-94.70202022810227,32.42169394152941],[-94.70202022810227,32.651921938609384],[-94.70202022810227,32.79280772786727]]]}},{"type":"Feature","id":"48205","properties":{"name":"Hartley","county_fips":"48205","state_abbr":"TX"},"geometry":{"type":"Polygon","coordinates":[[[-103.03995017370173,36.055516432754324],[-102.16416243942439,36.055516432754324],[-102.16416243942439,35.627704706837065],[-103.03995017370173,35.62255034869348],[-103.03995017370173,35.73938246661466],[-103.03995017370173,36.055516432754324]]]}},{"type":"Feature","id":"48207","properties":{"name":"Haskell","county_fips":"48207","state_abbr":"TX"},"geometry":{"type":"Polygon","coordinates":[[[-99.99263957369573,33.3975857500475],[-99.47219194471944,33.399303869428685],[-99.47219194471944,32.95688812877128],[-99.6121744104441,32.95688812877128],[-99.9890502797028,32.96032436753367],[-99.99263957369573,33.3975857500475]]]}},{"type":"Feature","id":"48209","properties":{"name":"Hays","county_fips":"48209","state_abbr":"TX"},"geometry":{"type":"Polygon","coordinates":[[[-98.17286751927519,30.356514445334447],[-97.70984859418594,30.02491740476404],[-97.76009871008709,29.987118778377777],[-97.79240235602356,29.945024853538527],[-97.89290258782587,29.884031615506153],[-97.87495611786117,29.85825982478824],[-98.00058140761408,29.752595482844825],[-98.02929575955758,29.848810168191676],[-98.29849280902809,30.037803300122995],[-98.17286751927519,30.356514445334447]]]}},{"type":"Feature","id":"48211","properties":{"name":"Hemphill","county_fips":"48211","state_abbr":"TX"},"geometry":{"type":"Polygon","coordinates":[[[-100.54180155461555,36.05637549244492],[-99.99981816168162,36.055516432754324],[-99.99981816168162,35.88112731556315],[-99.99981816168162,35.61911410993109],[-100.54180155461555,35.61911410993109],[-100.54180155461555,36.05637549244492]]]}},{"type":"Feature","id":"48213","properties":{"name":"Henderson","county_fips":"48213","state_abbr":"TX"},"geometry":{"type":"Polygon","coordinates":[[[-96.45359569665696,32.358982584115836],[-96.07671982739826,32.35726446473464],[-95.44859337863379,32.355546345353446],[-95.44859337863379,32.29541216701166],[-95.48807561255612,32.23527798866988],[-95.46295055460554,32.2017746607366],[-95.4773077305773,32.1467948405384],[-95.4593612606126,32.13562706456064],[-95.42705761467614,32.08408348312483],[-96.05159476944769,32.005909051280504],[-96.05518406344063,32.012781528805284],[-96.06595194541946,32.08580160250602],[-96.10543417934178,32.07549288621885],[-96.11261276732768,32.16053979558795],[-96.16645217722177,32.158821676206756],[-96.1772200592006,32.18115722816228],[-96.15568429524295,32.21466055609555],[-96.19875582315822,32.20692901888018],[-96.23464876308762,32.24988200341003],[-96.28489887898878,32.255895421244205],[-96.3136132309323,32.30314370422704],[-96.38180981679817,32.328915494944944],[-96.45359569665696,32.358982584115836]]]}},{"type":"Feature","id":"48215","properties":{"name":"Hidalgo","county_fips":"48215","state_abbr":"TX"},"geometry":{"type":"Polygon","coordinates":[[[-98.32002857298572,26.78282613245132],[-97.98622423164231,26.781108013070124],[-97.98622423164231,26.61616855247552],[-97.95750987969879,26.611873254022534],[-98.00417070160701,26.448651912809126],[-97.86059894188942,26.433188838378378],[-97.86059894188942,26.348141929009287],[-97.86059894188942,26.06980658925589],[-97.8677775298753,26.056920693896934],[-97.88572399984,26.0663703504935],[-97.96827776167761,26.05176633575335],[-97.98263493764937,26.067229410184098],[-98.02929575955758,26.0663703504935],[-98.0400636415364,26.041457619466193],[-98.0759565814658,26.068088469874695],[-98.14774246132461,26.056061634206337],[-98.17645681326813,26.074960947399468],[-98.19799257722576,26.056061634206337],[-98.24824269312693,26.073242828018273],[-98.27695704507045,26.099014618736184],[-98.26618916309162,26.120491111001108],[-98.32361786697867,26.121350170691706],[-98.33438574895749,26.159148797077968],[-98.38822515885158,26.15828973738737],[-98.46360033270332,26.222719214182135],[-98.49590397863979,26.21326955758557],[-98.58563632846328,26.25450442273422],[-98.49231468464684,26.445215674046736],[-98.39540374683746,26.625618209072087],[-98.32002857298572,26.78282613245132]]]}},{"type":"Feature","id":"48217","properties":{"name":"Hill","county_fips":"48217","state_abbr":"TX"},"geometry":{"type":"Polygon","coordinates":[[[-97.47654448464485,32.17342569094691],[-97.47654448464485,32.182016287852875],[-97.08531143941438,32.26534507784077],[-96.9417396796968,32.05229827457274],[-96.89507885778858,32.073774766837666],[-96.71920345213452,31.815197799967997],[-96.93097179771797,31.708674398333976],[-97.03865061750616,31.863305142641423],[-97.2755440210402,31.745613965029648],[-97.32579413694137,31.78856694955949],[-97.28272260902608,31.822929337183368],[-97.28272260902608,31.843546769757694],[-97.32579413694137,31.8418286503765],[-97.38322284082841,31.871036679856793],[-97.36168707687077,31.890795052740522],[-97.44065154471544,31.929452738817382],[-97.37963354683546,31.97240572334723],[-97.42629436874368,32.028244603236026],[-97.48731236662366,32.01793588694886],[-97.4909016606166,32.06002981178811],[-97.46936589665896,32.086660662196614],[-97.49449095460955,32.12789552734527],[-97.45859801468015,32.170848511875114],[-97.47654448464485,32.17342569094691]]]}},{"type":"Feature","id":"48219","properties":{"name":"Hockley","county_fips":"48219","state_abbr":"TX"},"geometry":{"type":"Polygon","coordinates":[[[-102.61641348253482,33.825397475964756],[-102.08519797157972,33.82453841627416],[-102.0744300896009,33.38985421283212],[-102.59487771857718,33.38813609345093],[-102.61641348253482,33.825397475964756]]]}},{"type":"Feature","id":"48221","properties":{"name":"Hood","county_fips":"48221","state_abbr":"TX"},"geometry":{"type":"Polygon","coordinates":[[[-98.065188699487,32.559143492024916],[-97.6165269503695,32.555707253262526],[-97.6165269503695,32.31860677865778],[-97.78163447404474,32.316888659276586],[-97.94674199771997,32.23355986928869],[-98.06877799347993,32.51189520904209],[-98.065188699487,32.559143492024916]]]}},{"type":"Feature","id":"48223","properties":{"name":"Hopkins","county_fips":"48223","state_abbr":"TX"},"geometry":{"type":"Polygon","coordinates":[[[-95.86136218782187,33.21890133440334],[-95.78598701397013,33.25412278171781],[-95.73214760407603,33.30480730346303],[-95.67471890018899,33.30223012439124],[-95.5849865503655,33.35892806397064],[-95.50243278852788,33.34776028799288],[-95.40193255672557,33.371813959329586],[-95.34450385283853,33.36150524304242],[-95.30861091290913,33.37696831747317],[-95.30861091290913,32.96290154660546],[-95.66395101821018,32.96032436753367],[-95.66754031220312,32.979223680726804],[-95.86136218782187,32.979223680726804],[-95.86495148181481,32.99984111330113],[-95.86136218782187,33.21890133440334]]]}},{"type":"Feature","id":"48225","properties":{"name":"Houston","county_fips":"48225","state_abbr":"TX"},"geometry":{"type":"Polygon","coordinates":[[[-95.73932619206191,31.504218191971916],[-95.64600454824547,31.527412803618027],[-95.65318313623136,31.542016818358178],[-95.27271797297972,31.592701340103396],[-95.2081106811068,31.570365788147875],[-95.16862844718447,31.58325168350683],[-95.14350338923389,31.539439639286385],[-95.10043186131861,31.51882220671206],[-95.10043186131861,31.46813768496684],[-95.06453892138921,31.47157392372923],[-95.00352092350923,31.426043760127598],[-94.95686010160101,31.38652701436014],[-95.43423620266202,31.058366212552123],[-95.61729019630197,30.930366318653178],[-95.6388259602596,30.926930079890795],[-95.68189748817488,30.98706425823258],[-95.63523666626666,31.037748779977797],[-95.66395101821018,31.084138003270027],[-95.72496901609016,31.07984270481704],[-95.7644512500125,31.09444671955719],[-95.77521913199132,31.135681584705843],[-95.7285583100831,31.16403055449554],[-95.7465047800478,31.182070807998073],[-95.72496901609016,31.27141301582015],[-95.6567724302243,31.31780223911239],[-95.66036172421724,31.357318984879846],[-95.69266537015369,31.37535923838238],[-95.7106118401184,31.454392729917295],[-95.7465047800478,31.457828968679678],[-95.73932619206191,31.504218191971916]]]}},{"type":"Feature","id":"48227","properties":{"name":"Howard","county_fips":"48227","state_abbr":"TX"},"geometry":{"type":"Polygon","coordinates":[[[-101.69037563235632,32.525640164091634],[-101.17351729737297,32.52392204471044],[-101.18428517935179,32.08751972188721],[-101.26324964719646,32.08751972188721],[-101.69396492634925,32.08751972188721],[-101.69037563235632,32.525640164091634]]]}},{"type":"Feature","id":"48229","properties":{"name":"Hudspeth","county_fips":"48229","state_abbr":"TX"},"geometry":{"type":"Polygon","coordinates":[[[-105.99752842388423,32.00247281251812],[-105.43041997299973,32.000754693136926],[-104.91715093200932,32.000754693136926],[-104.91715093200932,31.813479680586802],[-104.90997234402343,30.999950153591527],[-104.9063830500305,30.835869752687522],[-104.91715093200932,30.835869752687522],[-104.91715093200932,30.66319875487754],[-104.98175822388224,30.62883636725367],[-105.00688328183281,30.68639336652366],[-105.06072269172691,30.68639336652366],[-105.11097280762807,30.743091306103054],[-105.15404433554335,30.751681903009022],[-105.16481221752217,30.772299335583348],[-105.21865162741626,30.801507365063642],[-105.26172315533155,30.79807112630126],[-105.28684821328213,30.82212479763797],[-105.39811632706326,30.85562812557125],[-105.39811632706326,30.889131453504532],[-105.55604526275262,30.99050049699496],[-105.60270608466084,31.082419883888832],[-105.64577761257613,31.11420509244092],[-105.71038490444904,31.13654064439644],[-105.7426885503855,31.164889614186137],[-105.77499219632196,31.166607733567332],[-105.78217078430784,31.19753388242882],[-105.8683138401384,31.288594209632087],[-105.94009971999719,31.31866129880298],[-105.95445689596896,31.365050522095217],[-105.99752842388423,31.38652701436014],[-105.95804618996189,31.423466581055806],[-105.95804618996189,31.478446401254004],[-105.99393912989129,31.478446401254004],[-105.99752842388423,32.00247281251812]]]}},{"type":"Feature","id":"48231","properties":{"name":"Hunt","county_fips":"48231","state_abbr":"TX"},"geometry":{"type":"Polygon","coordinates":[[[-96.2956667609676,32.98180085979859],[-96.2956667609676,33.35205558644586],[-95.85777289382894,33.40961258571585],[-95.86136218782187,33.21890133440334],[-95.86495148181481,32.99984111330113],[-95.86136218782187,32.979223680726804],[-95.9439159496595,32.9800827404174],[-95.98698747757477,32.87613651785517],[-95.93314806768068,32.83747883177831],[-96.07671982739826,32.83833789146891],[-96.2956667609676,32.84177413023129],[-96.2956667609676,32.98180085979859]]]}},{"type":"Feature","id":"48233","properties":{"name":"Hutchinson","county_fips":"48233","state_abbr":"TX"},"geometry":{"type":"Polygon","coordinates":[[[-101.62217904649046,36.055516432754324],[-101.0873742415424,36.055516432754324],[-101.0873742415424,35.62512752776527],[-101.62217904649046,35.624268468074675],[-101.62217904649046,36.055516432754324]]]}},{"type":"Feature","id":"48235","properties":{"name":"Irion","county_fips":"48235","state_abbr":"TX"},"geometry":{"type":"Polygon","coordinates":[[[-101.2668389411894,31.528271863308625],[-100.69255190231902,31.523976564855644],[-100.68896260832608,31.08671518234182],[-100.96174895178952,31.082419883888832],[-101.27401752917528,31.07898364512645],[-101.2668389411894,31.528271863308625]]]}},{"type":"Feature","id":"48237","properties":{"name":"Jack","county_fips":"48237","state_abbr":"TX"},"geometry":{"type":"Polygon","coordinates":[[[-98.42052880478805,33.3958676306663],[-98.42052880478805,33.46716958498585],[-97.97904564365643,33.46716958498585],[-97.97904564365643,33.433666257052565],[-97.91802764577645,33.433666257052565],[-97.9216169397694,33.00155923268232],[-98.05442081750817,33.00327735206351],[-98.42770739277393,33.0075726505165],[-98.42052880478805,33.3958676306663]]]}},{"type":"Feature","id":"48239","properties":{"name":"Jackson","county_fips":"48239","state_abbr":"TX"},"geometry":{"type":"Polygon","coordinates":[[[-96.93815038570385,29.063629610986105],[-96.65818545425454,29.263790518895185],[-96.64023898428984,29.24746838477384],[-96.31002393693936,28.963119627186266],[-96.32438111291113,28.675334630836304],[-96.4033455807558,28.674475571145706],[-96.39975628676287,28.730314451034502],[-96.42847063870639,28.703683600626],[-96.57922098640987,28.706260779697793],[-96.58639957439574,28.725160092890924],[-96.64382827828278,28.71227419753197],[-96.71920345213452,28.817079479784795],[-96.71202486414863,28.851441867408667],[-96.74073921609215,28.893535792247917],[-96.79098933199332,28.91844852327523],[-96.83047156591566,29.021535686146855],[-96.93815038570385,29.063629610986105]]]}},{"type":"Feature","id":"48241","properties":{"name":"Jasper","county_fips":"48241","state_abbr":"TX"},"geometry":{"type":"Polygon","coordinates":[[[-94.45794823658237,31.03345348152481],[-94.13132248322482,31.09960107770077],[-94.04159013340133,31.118500390893907],[-94.03800083940838,31.133963465324648],[-93.9123755496555,31.158017136661364],[-93.86571472774727,30.94754751246512],[-93.90160766767667,30.242259506485063],[-94.11696530725307,30.241400446794465],[-94.09542954329542,30.257722580915804],[-94.12055460124601,30.282635311943118],[-94.0846616613166,30.341910430594304],[-94.12055460124601,30.426098280272797],[-94.07030448534485,30.525749204382038],[-94.09184024930249,30.585024323033224],[-94.05235801538015,30.630554486634864],[-94.09184024930249,30.688111485904855],[-94.12055460124601,30.684675247142465],[-94.14567965919659,30.787762410014096],[-94.18157259912599,30.79807112630126],[-94.18157259912599,30.835869752687522],[-94.21387624506245,30.900299229482286],[-94.20310836308363,30.935520676796763],[-94.24259059700597,30.963010586895862],[-94.25694777297772,31.018849466784665],[-94.28566212492125,31.039466899358985],[-94.32155506485064,31.02142664585645],[-94.35026941679416,31.038607839668394],[-94.45076964859648,31.008540750497502],[-94.45794823658237,31.03345348152481]]]}},{"type":"Feature","id":"48243","properties":{"name":"Jeff Davis","county_fips":"48243","state_abbr":"TX"},"geometry":{"type":"Polygon","coordinates":[[[-104.91715093200932,30.66319875487754],[-104.10238119561195,31.10561449553495],[-103.5855228606286,30.766285917749173],[-103.43836180691807,30.665775933949334],[-103.800880500205,30.412353325223243],[-103.90138073200731,30.412353325223243],[-104.98175822388224,30.62883636725367],[-104.91715093200932,30.66319875487754]]]}},{"type":"Feature","id":"48245","properties":{"name":"Jefferson","county_fips":"48245","state_abbr":"TX"},"geometry":{"type":"Polygon","coordinates":[[[-94.4435910606106,30.113400552895527],[-94.40051953269533,30.09707841877418],[-94.29284071290712,30.117695851348508],[-94.27489424294242,30.17009849247492],[-94.23541200902008,30.165803194021933],[-94.17798330513304,30.188138745977454],[-94.11696530725307,30.160648835878355],[-94.08107236732367,30.127145507945073],[-94.09184024930249,30.083333463724635],[-94.0308222514225,30.060997911769114],[-94.0308222514225,30.02835364352643],[-93.99851860548605,30.01289056909569],[-93.8585361397614,29.97766912178121],[-93.8405896697967,29.944165793847937],[-93.85494684576845,29.865132302313015],[-93.92314343163432,29.818743079020784],[-93.93032201962019,29.79726658675586],[-93.89801837368373,29.771494796037956],[-93.83700037580375,29.690743185121846],[-93.83700037580375,29.678716349453488],[-94.00210789947899,29.68129352852528],[-94.13491177721777,29.6469311409014],[-94.35385871078711,29.56188423153231],[-94.35744800478004,29.887467854268536],[-94.4435910606106,29.88918597364973],[-94.4435910606106,30.113400552895527]]]}},{"type":"Feature","id":"48247","properties":{"name":"Jim Hogg","county_fips":"48247","state_abbr":"TX"},"geometry":{"type":"Polygon","coordinates":[[[-98.95533360973609,27.269053917329167],[-98.79740467404673,27.26819485763857],[-98.79740467404673,27.354100826698264],[-98.58922562245623,27.358396125151245],[-98.52102903659036,27.342933050720504],[-98.5246183305833,27.264758618876186],[-98.49231468464684,27.234691529705294],[-98.49231468464684,27.141913083120826],[-98.46718962669627,27.141913083120826],[-98.46718962669627,27.054288994679943],[-98.4169395107951,27.05514805437054],[-98.42411809878098,26.783685192141917],[-98.95533360973609,26.785403311523112],[-98.95533360973609,27.269053917329167]]]}},{"type":"Feature","id":"48249","properties":{"name":"Jim Wells","county_fips":"48249","state_abbr":"TX"},"geometry":{"type":"Polygon","coordinates":[[[-98.23388551715517,28.057670713297128],[-97.88213470584705,28.05681165360653],[-97.83906317793178,28.03447610165101],[-97.80317023800238,28.038771400103997],[-97.79958094400943,27.99581841557415],[-97.93597411574115,27.884999715487147],[-97.93238482174822,27.776758194471938],[-97.94315270372704,27.635872405214045],[-98.0580101115011,27.635872405214045],[-98.0580101115011,27.261322380113796],[-98.23388551715517,27.262181439804394],[-98.23388551715517,28.057670713297128]]]}},{"type":"Feature","id":"48251","properties":{"name":"Johnson","county_fips":"48251","state_abbr":"TX"},"geometry":{"type":"Polygon","coordinates":[[[-97.6165269503695,32.555707253262526],[-97.55191965849659,32.555707253262526],[-97.08531143941438,32.54969383542835],[-97.08531143941438,32.26534507784077],[-97.47654448464485,32.182016287852875],[-97.47654448464485,32.17342569094691],[-97.51243742457424,32.162257914969146],[-97.51602671856718,32.13390894517945],[-97.56627683446834,32.15023107930079],[-97.56986612846129,32.17686192970929],[-97.6165269503695,32.2034927801178],[-97.6165269503695,32.31860677865778],[-97.6165269503695,32.555707253262526]]]}},{"type":"Feature","id":"48253","properties":{"name":"Jones","county_fips":"48253","state_abbr":"TX"},"geometry":{"type":"Polygon","coordinates":[[[-100.1433899213992,32.96032436753367],[-99.9890502797028,32.96032436753367],[-99.6121744104441,32.95688812877128],[-99.6121744104441,32.51447238811387],[-99.6301208804088,32.51447238811387],[-99.6301208804088,32.520485805948056],[-100.14697921539215,32.52306298501984],[-100.1433899213992,32.96032436753367]]]}},{"type":"Feature","id":"48255","properties":{"name":"Karnes","county_fips":"48255","state_abbr":"TX"},"geometry":{"type":"Polygon","coordinates":[[[-98.19081398923989,28.882368016270156],[-97.72779506415064,29.221696594055935],[-97.61293765637656,29.110018834278335],[-97.75650941609416,29.00693167140671],[-97.57345542245422,28.813643241022405],[-97.77804518005179,28.667603093620933],[-97.82470600196001,28.67018027269272],[-97.91443835178352,28.72000573474734],[-98.00417070160701,28.689938645576447],[-98.09749234542345,28.787012390613903],[-98.19081398923989,28.882368016270156]]]}},{"type":"Feature","id":"48257","properties":{"name":"Kaufman","county_fips":"48257","state_abbr":"TX"},"geometry":{"type":"Polygon","coordinates":[[[-96.51820298852988,32.8134251604416],[-96.2956667609676,32.814284220132194],[-96.2956667609676,32.84177413023129],[-96.07671982739826,32.83833789146891],[-96.07671982739826,32.35726446473464],[-96.45359569665696,32.358982584115836],[-96.43564922669226,32.41138522524225],[-96.4751314606146,32.43457983688836],[-96.511024400544,32.481828119871196],[-96.50384581255813,32.52735828347283],[-96.5289708705087,32.54539853697536],[-96.52179228252282,32.54539853697536],[-96.51820298852988,32.8134251604416]]]}},{"type":"Feature","id":"48259","properties":{"name":"Kendall","county_fips":"48259","state_abbr":"TX"},"geometry":{"type":"Polygon","coordinates":[[[-98.91944066980669,30.138313283922834],[-98.58922562245623,30.13917234361343],[-98.41335021680216,29.937293316323156],[-98.64665432634325,29.744863945629454],[-98.70049373623736,29.737132408414077],[-98.73997597015969,29.71651497583975],[-98.77945820408203,29.71995121460214],[-98.91944066980669,29.78180351232512],[-98.91944066980669,30.138313283922834]]]}},{"type":"Feature","id":"48261","properties":{"name":"Kenedy","county_fips":"48261","state_abbr":"TX"},"geometry":{"type":"MultiPolygon","coordinates":[[[[-97.37604425284252,27.277644514235135],[-97.347329900899,27.277644514235135],[-97.37245495884959,27.153080859098587],[-97.37963354683546,27.06030241251412],[-97.37604425284252,26.97181926438264],[-97.347329900899,26.795712027810275],[-97.28990119701197,26.600705478044773],[-97.31502625496255,26.599846418354176],[-97.35809778287782,26.725269133181328],[-97.39040142881429,26.800866385953853],[-97.40116931079311,26.891926713157126],[-97.39758001680016,27.0104769504595],[-97.40116931079311,27.115282232712325],[-97.37604425284252,27.277644514235135]]],[[[-97.98622423164231,27.208919738987383],[-97.95033129171291,27.2329734103241],[-97.84265247192471,27.24414118630186],[-97.78522376803768,27.283657932069318],[-97.72779506415064,27.265617678566784],[-97.63806271432713,27.281939812688123],[-97.62729483234831,27.243282126611263],[-97.54115177651776,27.22953717156171],[-97.45141942669426,27.262181439804394],[-97.42270507475074,27.26389955918559],[-97.44065154471544,27.164248635076348],[-97.42988366273663,27.160812396313958],[-97.44424083870838,26.987282338813387],[-97.46577660266603,26.80945698285982],[-97.48013377863778,26.806879803788036],[-97.46577660266603,26.70980605875058],[-97.44065154471544,26.599846418354176],[-97.86059894188942,26.598128298972988],[-97.95750987969879,26.611873254022534],[-97.98622423164231,26.61616855247552],[-97.98622423164231,26.781108013070124],[-97.98622423164231,27.208919738987383]]]]}},{"type":"Feature","id":"48263","properties":{"name":"Kent","county_fips":"48263","state_abbr":"TX"},"geometry":{"type":"Polygon","coordinates":[[[-101.03712412564126,33.3975857500475],[-100.51667649666496,33.3975857500475],[-100.5202657906579,32.96290154660546],[-100.65665896238961,32.963760606296056],[-100.99046330373304,32.96461966598665],[-101.03712412564126,32.970633083820836],[-101.03712412564126,33.3975857500475]]]}},{"type":"Feature","id":"48265","properties":{"name":"Kerr","county_fips":"48265","state_abbr":"TX"},"geometry":{"type":"Polygon","coordinates":[[[-99.7557461701617,30.290366849158488],[-99.30349512705126,30.286930610396098],[-99.29990583305833,30.134017985469846],[-98.91944066980669,30.138313283922834],[-98.91944066980669,29.78180351232512],[-99.17786983729837,29.895199391483906],[-99.27837006910069,29.90378998838988],[-99.60140652846528,29.908085286842862],[-99.69113887828878,29.90894434653346],[-99.69113887828878,30.073883807128063],[-99.75933546415463,30.073883807128063],[-99.7557461701617,30.290366849158488]]]}},{"type":"Feature","id":"48267","properties":{"name":"Kimble","county_fips":"48267","state_abbr":"TX"},"geometry":{"type":"Polygon","coordinates":[[[-100.11467556945568,30.710447037860376],[-99.48295982669826,30.710447037860376],[-99.48295982669826,30.499977413664134],[-99.30349512705126,30.499977413664134],[-99.30349512705126,30.286930610396098],[-99.7557461701617,30.290366849158488],[-100.11467556945568,30.290366849158488],[-100.11467556945568,30.710447037860376]]]}},{"type":"Feature","id":"48269","properties":{"name":"King","county_fips":"48269","state_abbr":"TX"},"geometry":{"type":"Polygon","coordinates":[[[-100.5202657906579,33.83570619225192],[-100.05006827758277,33.83570619225192],[-99.99622886768867,33.83570619225192],[-99.99263957369573,33.3975857500475],[-100.51667649666496,33.3975857500475],[-100.5202657906579,33.83570619225192]]]}},{"type":"Feature","id":"48271","properties":{"name":"Kinney","county_fips":"48271","state_abbr":"TX"},"geometry":{"type":"Polygon","coordinates":[[[-100.79664142811427,29.241454966939664],[-100.74639131221312,29.255199921989217],[-100.74639131221312,29.32821999568995],[-100.71049837228372,29.337669652286515],[-100.6997304903049,29.42013938258382],[-100.6997304903049,29.62373652925529],[-100.11108627546275,29.622877469564692],[-100.11108627546275,29.085965162941626],[-100.66742684436844,29.08424704356043],[-100.69255190231902,29.11517319242192],[-100.77510566415664,29.17358925138251],[-100.76433778217782,29.185616087050867],[-100.79664142811427,29.241454966939664]]]}},{"type":"Feature","id":"48273","properties":{"name":"Kleberg","county_fips":"48273","state_abbr":"TX"},"geometry":{"type":"MultiPolygon","coordinates":[[[[-97.26836543305433,27.57573822687226],[-97.22170461114611,27.57659728656286],[-97.29707978499785,27.427120900398997],[-97.347329900899,27.277644514235135],[-97.37604425284252,27.277644514235135],[-97.36168707687077,27.35238270731707],[-97.30425837298372,27.50701345162451],[-97.26836543305433,27.57573822687226]]],[[[-97.94315270372704,27.635872405214045],[-97.88931329383293,27.620409330783303],[-97.87495611786117,27.58776506254062],[-97.83906317793178,27.558557033060325],[-97.32579413694137,27.561134212132117],[-97.37245495884959,27.42540278101781],[-97.36886566485664,27.412516885658853],[-97.41193719277193,27.32145655845558],[-97.48372307263072,27.29826194680946],[-97.5088481305813,27.27506733516335],[-97.54833036450364,27.29053040959409],[-97.49808024860248,27.308570663096624],[-97.48731236662366,27.359255184841842],[-97.51602671856718,27.361832363913635],[-97.53756248252482,27.335201513505133],[-97.60934836238361,27.285376051450513],[-97.63806271432713,27.281939812688123],[-97.72779506415064,27.265617678566784],[-97.78522376803768,27.283657932069318],[-97.84265247192471,27.24414118630186],[-97.95033129171291,27.2329734103241],[-97.98622423164231,27.208919738987383],[-97.98622423164231,27.2604633204232],[-98.0580101115011,27.261322380113796],[-98.0580101115011,27.635872405214045],[-97.94315270372704,27.635872405214045]]]]}},{"type":"Feature","id":"48275","properties":{"name":"Knox","county_fips":"48275","state_abbr":"TX"},"geometry":{"type":"Polygon","coordinates":[[[-99.99622886768867,33.83570619225192],[-99.83471063800637,33.83570619225192],[-99.83112134401344,33.81680687905879],[-99.7557461701617,33.82110217751177],[-99.7019067602676,33.799625685246845],[-99.69472817228171,33.827115595345944],[-99.63371017440174,33.814229699986996],[-99.60140652846528,33.78759884957849],[-99.5762814705147,33.803061924009235],[-99.5224420606206,33.76955859607595],[-99.49372770867708,33.76698141700417],[-99.47578123871239,33.733478089070886],[-99.47219194471944,33.399303869428685],[-99.99263957369573,33.3975857500475],[-99.99622886768867,33.83570619225192]]]}},{"type":"Feature","id":"48283","properties":{"name":"La Salle","county_fips":"48283","state_abbr":"TX"},"geometry":{"type":"Polygon","coordinates":[[[-99.3968167708677,28.640972243212424],[-98.80099396803968,28.647844720737204],[-98.80099396803968,28.646985661046607],[-98.80099396803968,28.20199274131741],[-98.80458326203262,28.057670713297128],[-99.38963818288182,28.03018080319803],[-99.39322747687477,28.204569920389197],[-99.3968167708677,28.252677263062623],[-99.3968167708677,28.640972243212424]]]}},{"type":"Feature","id":"48277","properties":{"name":"Lamar","county_fips":"48277","state_abbr":"TX"},"geometry":{"type":"Polygon","coordinates":[[[-95.84700501185011,33.8408605503955],[-95.8003441899419,33.861477982969824],[-95.77162983799838,33.84343772946729],[-95.76086195601955,33.872645758947584],[-95.75727266202662,33.89240413183131],[-95.68548678216781,33.88982695275952],[-95.59934372633725,33.93449805667056],[-95.56345078640786,33.93192087759877],[-95.53832572845728,33.87951823647236],[-95.46295055460554,33.88553165430654],[-95.46295055460554,33.872645758947584],[-95.34091455884558,33.869209520185194],[-95.30861091290913,33.880377296162955],[-95.31220020690206,33.87522293801938],[-95.30861091290913,33.380404556235554],[-95.41628973269732,33.41218976478764],[-95.49166490654906,33.45514274931749],[-95.52755784647846,33.44569309272092],[-95.5670400804008,33.47747830127301],[-95.64241525425254,33.486927957869575],[-95.68189748817488,33.47060582374823],[-95.76086195601955,33.49551855477554],[-95.82546924789247,33.45857898807988],[-95.85777289382894,33.46201522684226],[-95.85418359983599,33.82797465503654],[-95.84700501185011,33.8408605503955]]]}},{"type":"Feature","id":"48279","properties":{"name":"Lamb","county_fips":"48279","state_abbr":"TX"},"geometry":{"type":"Polygon","coordinates":[[[-102.61641348253482,34.3124843205332],[-102.52668113271132,34.3133433802238],[-102.08878726557265,34.3133433802238],[-102.08519797157972,33.82453841627416],[-102.61641348253482,33.825397475964756],[-102.61641348253482,34.3124843205332]]]}},{"type":"Feature","id":"48281","properties":{"name":"Lampasas","county_fips":"48281","state_abbr":"TX"},"geometry":{"type":"Polygon","coordinates":[[[-98.56410056450564,31.2301781506715],[-98.26618916309162,31.41058068569685],[-98.26977845708457,31.416594103531033],[-98.18004610726106,31.46384238651386],[-97.90725976379764,31.069533988529876],[-97.91084905779057,31.035171600906004],[-98.43847527475275,31.02915818307183],[-98.48513609666097,31.066097749767493],[-98.45642174471745,31.07812458543585],[-98.48154680266802,31.119359450584497],[-98.5246183305833,31.089292361413605],[-98.54974338853388,31.123654749037485],[-98.51026115461154,31.15543995758957],[-98.56768985849858,31.19839294211942],[-98.56410056450564,31.2301781506715]]]}},{"type":"Feature","id":"48285","properties":{"name":"Lavaca","county_fips":"48285","state_abbr":"TX"},"geometry":{"type":"Polygon","coordinates":[[[-97.14274014330142,29.62803182770827],[-96.87354309383093,29.632327126161258],[-96.84482874188741,29.61686405173051],[-96.83406085990859,29.576488246272454],[-96.79457862598626,29.577347305963052],[-96.56127451644517,29.33509247321473],[-96.65818545425454,29.263790518895185],[-96.93815038570385,29.063629610986105],[-96.97763261962619,29.10400541644416],[-97.23965108111081,29.384058875578752],[-97.20375814118141,29.507763471024703],[-97.20375814118141,29.580783544725442],[-97.14274014330142,29.62803182770827]]]}},{"type":"Feature","id":"48287","properties":{"name":"Lee","county_fips":"48287","state_abbr":"TX"},"geometry":{"type":"Polygon","coordinates":[[[-97.33297272492725,30.402903668626678],[-97.15350802528025,30.457024429134286],[-96.96327544365444,30.557534412934125],[-96.92020391573915,30.53949415943159],[-96.87354309383093,30.457883488824884],[-96.79098933199332,30.390876832958327],[-96.7443285100851,30.319574878638782],[-96.69407839418393,30.32043393832938],[-96.64023898428984,30.296380266992664],[-96.68689980619806,30.25600446153461],[-96.73356062810628,30.241400446794465],[-96.74073921609215,30.19758840257402],[-96.79457862598626,30.160648835878355],[-96.84482874188741,30.115977731967313],[-97.02070414754147,30.03178988228882],[-97.02429344153441,30.05154825517255],[-97.08172214542145,30.259440700297],[-97.20016884718846,30.337615132141316],[-97.33297272492725,30.402903668626678]]]}},{"type":"Feature","id":"48289","properties":{"name":"Leon","county_fips":"48289","state_abbr":"TX"},"geometry":{"type":"Polygon","coordinates":[[[-96.32079181891818,31.357318984879846],[-96.32438111291113,31.373641119001185],[-96.23823805708057,31.413157864768642],[-95.78598701397013,31.6184731308213],[-95.76804054400543,31.597855698246974],[-95.75727266202662,31.643385861848614],[-95.73573689806898,31.653694578135777],[-95.7106118401184,31.615895951749515],[-95.7285583100831,31.58325168350683],[-95.71779042810428,31.554043654026536],[-95.75009407404073,31.55232553464534],[-95.73932619206191,31.504218191971916],[-95.7465047800478,31.457828968679678],[-95.7106118401184,31.454392729917295],[-95.69266537015369,31.37535923838238],[-95.66036172421724,31.357318984879846],[-95.6567724302243,31.31780223911239],[-95.72496901609016,31.27141301582015],[-95.7465047800478,31.182070807998073],[-95.7285583100831,31.16403055449554],[-95.77521913199132,31.135681584705843],[-95.7644512500125,31.09444671955719],[-95.97621959559595,31.091869540485398],[-96.04800547545474,31.06781586914869],[-96.1700414712147,30.99479579544795],[-96.24182735107351,30.973319303183025],[-96.25977382103821,31.00596357142571],[-96.24182735107351,31.06094339162391],[-96.27054170301703,31.07812458543585],[-96.2956667609676,31.139976883158823],[-96.2956667609676,31.181211748307476],[-96.331559700897,31.25251370262702],[-96.32079181891818,31.357318984879846]]]}},{"type":"Feature","id":"48291","properties":{"name":"Liberty","county_fips":"48291","state_abbr":"TX"},"geometry":{"type":"Polygon","coordinates":[[[-95.16503915319153,30.345346669356687],[-94.84200269382693,30.487091518305178],[-94.84918128181282,30.49396399582995],[-94.73432387403874,30.48966869737697],[-94.59793070230702,30.111682433514332],[-94.4435910606106,30.113400552895527],[-94.4435910606106,29.88918597364973],[-94.98198515955158,29.884031615506153],[-94.9999316295163,29.92011212251122],[-94.98557445354453,29.972514763637633],[-95.03223527545275,29.993991255902557],[-95.09684256732567,30.167521313403128],[-95.16503915319153,30.345346669356687]]]}},{"type":"Feature","id":"48293","properties":{"name":"Limestone","county_fips":"48293","state_abbr":"TX"},"geometry":{"type":"Polygon","coordinates":[[[-96.93097179771797,31.708674398333976],[-96.71920345213452,31.815197799967997],[-96.49666722457223,31.79629848677486],[-96.23823805708057,31.413157864768642],[-96.32438111291113,31.373641119001185],[-96.32079181891818,31.357318984879846],[-96.59716745637456,31.220728494074933],[-96.80175721397214,31.52225844547445],[-96.93097179771797,31.708674398333976]]]}},{"type":"Feature","id":"48295","properties":{"name":"Lipscomb","county_fips":"48295","state_abbr":"TX"},"geometry":{"type":"Polygon","coordinates":[[[-100.54539084860848,36.49965029279292],[-100.00340745567455,36.49965029279292],[-99.99981816168162,36.49965029279292],[-99.99981816168162,36.055516432754324],[-100.54180155461555,36.05637549244492],[-100.54539084860848,36.05637549244492],[-100.54539084860848,36.49965029279292]]]}},{"type":"Feature","id":"48297","properties":{"name":"Live Oak","county_fips":"48297","state_abbr":"TX"},"geometry":{"type":"Polygon","coordinates":[[[-98.33438574895749,28.612623273422727],[-98.09749234542345,28.787012390613903],[-98.00417070160701,28.689938645576447],[-98.09031375743757,28.663307795167945],[-97.81034882598826,28.183093428124273],[-97.81752741397413,28.177080010290098],[-97.9036704698047,28.11436865287652],[-97.90008117581175,28.06797942958429],[-97.88213470584705,28.05681165360653],[-98.23388551715517,28.057670713297128],[-98.33438574895749,28.057670713297128],[-98.33438574895749,28.612623273422727]]]}},{"type":"Feature","id":"48299","properties":{"name":"Llano","county_fips":"48299","state_abbr":"TX"},"geometry":{"type":"Polygon","coordinates":[[[-98.96610149171491,30.92177572174721],[-98.44565386273862,30.92177572174721],[-98.44924315673157,30.870232140311394],[-98.37745727687276,30.835010692996924],[-98.43129668676686,30.79033958908589],[-98.42411809878098,30.750822843318424],[-98.37027868888688,30.74051412703127],[-98.41335021680216,30.704433620026194],[-98.40258233482335,30.676084650236497],[-98.43847527475275,30.673507471164704],[-98.3989930408304,30.598769278082777],[-98.3989930408304,30.5635478307683],[-98.35233221892219,30.558393472624722],[-98.35233221892219,30.48623245861458],[-98.40976092280923,30.50169553304533],[-98.59281491644916,30.499977413664134],[-98.96251219772198,30.49825929428294],[-98.96610149171491,30.92177572174721]]]}},{"type":"Feature","id":"48301","properties":{"name":"Loving","county_fips":"48301","state_abbr":"TX"},"geometry":{"type":"Polygon","coordinates":[[[-103.980345199852,31.99989563344633],[-103.72191603236031,31.99989563344633],[-103.32709369313693,32.000754693136926],[-103.32709369313693,31.651117399063985],[-103.61064791857918,31.651976458754582],[-103.63218368253682,31.673452951019506],[-103.62500509455094,31.705238159571593],[-103.66089803448034,31.71039251771517],[-103.6932016804168,31.748191144101433],[-103.72550532635326,31.739600547195465],[-103.79729120621205,31.770526696056955],[-103.82959485214852,31.88821787366873],[-103.88702355603556,31.870177620166196],[-103.95163084790848,31.987009738087373],[-103.980345199852,31.99989563344633]]]}},{"type":"Feature","id":"48303","properties":{"name":"Lubbock","county_fips":"48303","state_abbr":"TX"},"geometry":{"type":"Polygon","coordinates":[[[-102.08519797157972,33.82453841627416],[-101.56475034260342,33.830551834108334],[-101.55757175461754,33.395008570975705],[-102.0744300896009,33.38985421283212],[-102.08519797157972,33.82453841627416]]]}},{"type":"Feature","id":"48305","properties":{"name":"Lynn","county_fips":"48305","state_abbr":"TX"},"geometry":{"type":"Polygon","coordinates":[[[-102.0744300896009,33.38985421283212],[-101.55757175461754,33.395008570975705],[-101.55757175461754,32.96118342722426],[-101.69037563235632,32.96204248691486],[-102.0744300896009,32.959465307843075],[-102.0744300896009,33.38985421283212]]]}},{"type":"Feature","id":"48313","properties":{"name":"Madison","county_fips":"48313","state_abbr":"TX"},"geometry":{"type":"Polygon","coordinates":[[[-96.24182735107351,30.973319303183025],[-96.1700414712147,30.99479579544795],[-96.04800547545474,31.06781586914869],[-95.97621959559595,31.091869540485398],[-95.7644512500125,31.09444671955719],[-95.72496901609016,31.07984270481704],[-95.66395101821018,31.084138003270027],[-95.63523666626666,31.037748779977797],[-95.68189748817488,30.98706425823258],[-95.6388259602596,30.926930079890795],[-95.61729019630197,30.930366318653178],[-95.65318313623136,30.893426751957513],[-95.71779042810428,30.911467005460047],[-95.78598701397013,30.879681796907967],[-95.86136218782187,30.86421872247722],[-96.1700414712147,30.822983857328566],[-96.1772200592006,30.858205304643043],[-96.21311299912999,30.911467005460047],[-96.19875582315822,30.932084438034373],[-96.24182735107351,30.973319303183025]]]}},{"type":"Feature","id":"48315","properties":{"name":"Marion","county_fips":"48315","state_abbr":"TX"},"geometry":{"type":"Polygon","coordinates":[[[-94.70560952209522,32.87957275661756],[-94.65535940619405,32.87957275661756],[-94.04159013340133,32.88129087599875],[-94.04159013340133,32.69315680375803],[-94.07748307333073,32.68800244561445],[-94.10978671926719,32.71291517664176],[-94.09184024930249,32.7309554301443],[-94.13491177721777,32.740405086740864],[-94.17080471714716,32.702606460354595],[-94.22464412704127,32.70776081849818],[-94.23541200902008,32.74384132550325],[-94.27848353693537,32.74985474333743],[-94.29284071290712,32.72751919138191],[-94.39334094470944,32.69401586344863],[-94.50460905849059,32.69401586344863],[-94.70202022810227,32.79280772786727],[-94.70560952209522,32.87957275661756]]]}},{"type":"Feature","id":"48317","properties":{"name":"Martin","county_fips":"48317","state_abbr":"TX"},"geometry":{"type":"Polygon","coordinates":[[[-102.2108232613326,32.52306298501984],[-102.20364467334673,32.52306298501984],[-101.69037563235632,32.525640164091634],[-101.69396492634925,32.08751972188721],[-101.77651868818688,32.086660662196614],[-102.2108232613326,32.086660662196614],[-102.2108232613326,32.52306298501984]]]}},{"type":"Feature","id":"48319","properties":{"name":"Mason","county_fips":"48319","state_abbr":"TX"},"geometry":{"type":"Polygon","coordinates":[[[-99.48654912069121,30.94067503494034],[-99.09172678146781,30.94067503494034],[-99.09172678146781,30.92177572174721],[-98.96610149171491,30.92177572174721],[-98.96251219772198,30.49825929428294],[-99.30349512705126,30.499977413664134],[-99.48295982669826,30.499977413664134],[-99.48295982669826,30.710447037860376],[-99.48654912069121,30.94067503494034]]]}},{"type":"Feature","id":"48321","properties":{"name":"Matagorda","county_fips":"48321","state_abbr":"TX"},"geometry":{"type":"Polygon","coordinates":[[[-96.37822052280522,28.390126813558133],[-96.32438111291113,28.64269036259362],[-96.32438111291113,28.675334630836304],[-96.31002393693936,28.963119627186266],[-95.96545171361713,29.146958400974007],[-95.87571936379364,29.229428131271305],[-95.83982642386424,29.174448311073107],[-95.84341571785717,29.105723535825355],[-95.7644512500125,29.060193372223715],[-95.7823977199772,29.043871238102376],[-95.7644512500125,28.967414925639254],[-95.67471890018899,28.96483774656746],[-95.64959384223842,28.941643134921343],[-95.63523666626666,28.897831090700905],[-95.59216513835138,28.871200240292396],[-95.57062937439375,28.83168349452494],[-95.50602208252081,28.825670076690763],[-95.66036172421724,28.75093188360883],[-95.81111207192072,28.66502591454914],[-96.00134465354652,28.588569602086018],[-96.22029158711587,28.49235491673916],[-96.37822052280522,28.390126813558133]]]}},{"type":"Feature","id":"48323","properties":{"name":"Maverick","county_fips":"48323","state_abbr":"TX"},"geometry":{"type":"Polygon","coordinates":[[[-100.66742684436844,29.08424704356043],[-100.11108627546275,29.085965162941626],[-100.11467556945568,28.647844720737204],[-100.11467556945568,28.197697442864424],[-100.21158650726507,28.196838383173827],[-100.22235438924389,28.235496069250686],[-100.24747944719446,28.23377794986949],[-100.29414026910268,28.28446247161471],[-100.28696168111681,28.317106739857394],[-100.34797967899678,28.403012708917082],[-100.33721179701797,28.443388514375137],[-100.36951544295442,28.47689184230842],[-100.33721179701797,28.501804573335725],[-100.38028332493325,28.51125422993229],[-100.4125869708697,28.551630035390346],[-100.39822979489794,28.585133363323628],[-100.44847991079911,28.609187034660344],[-100.44489061680616,28.63753600445004],[-100.49873002670026,28.66158967578675],[-100.51308720267203,28.705401720007195],[-100.50590861468613,28.740623167321665],[-100.53462296662966,28.762958719277187],[-100.54898014260142,28.825670076690763],[-100.57051590655907,28.82652913638136],[-100.60281955249552,28.902126389153885],[-100.63153390443904,28.902985448844483],[-100.66742684436844,29.08424704356043]]]}},{"type":"Feature","id":"48307","properties":{"name":"McCulloch","county_fips":"48307","state_abbr":"TX"},"geometry":{"type":"Polygon","coordinates":[[[-99.60499582245822,31.087574242032417],[-99.60140652846528,31.492191356303557],[-99.53679923659236,31.48360075939759],[-99.51167417864178,31.424325640746403],[-99.49372770867708,31.444084013630132],[-99.47219194471944,31.42174846167461],[-99.43629900479004,31.445802133011327],[-99.44347759277592,31.47501016249162],[-99.40399535885358,31.445802133011327],[-99.31426300903009,31.409721626006252],[-99.30349512705126,31.43291623765237],[-99.23888783517835,31.48274169970699],[-99.20299489524895,31.46727862527625],[-99.09172678146781,31.461265207442068],[-99.09172678146781,30.94067503494034],[-99.48654912069121,30.94067503494034],[-99.60499582245822,30.94067503494034],[-99.60499582245822,31.087574242032417]]]}},{"type":"Feature","id":"48309","properties":{"name":"McLennan","county_fips":"48309","state_abbr":"TX"},"geometry":{"type":"Polygon","coordinates":[[[-97.2755440210402,31.745613965029648],[-97.03865061750616,31.863305142641423],[-96.93097179771797,31.708674398333976],[-96.80175721397214,31.52225844547445],[-97.27913331503315,31.28000361272612],[-97.34374060690607,31.243923105721052],[-97.4191157807578,31.320379418184174],[-97.60575906839068,31.58754698195981],[-97.2755440210402,31.745613965029648]]]}},{"type":"Feature","id":"48311","properties":{"name":"McMullen","county_fips":"48311","state_abbr":"TX"},"geometry":{"type":"Polygon","coordinates":[[[-98.80099396803968,28.646985661046607],[-98.33438574895749,28.6487037804278],[-98.33438574895749,28.612623273422727],[-98.33438574895749,28.057670713297128],[-98.80458326203262,28.057670713297128],[-98.80099396803968,28.20199274131741],[-98.80099396803968,28.646985661046607]]]}},{"type":"Feature","id":"48325","properties":{"name":"Medina","county_fips":"48325","state_abbr":"TX"},"geometry":{"type":"Polygon","coordinates":[[[-99.41117394683947,29.627172768017672],[-99.0019944316443,29.622877469564692],[-98.97686937369373,29.613427812968126],[-98.98404796167961,29.564461410604103],[-98.92661925779257,29.56188423153231],[-98.80817255602555,29.690743185121846],[-98.80458326203262,29.522367485764853],[-98.80458326203262,29.25090462353623],[-98.80458326203262,29.090260461394607],[-99.4147632408324,29.091119521085204],[-99.41117394683947,29.627172768017672]]]}},{"type":"Feature","id":"48327","properties":{"name":"Menard","county_fips":"48327","state_abbr":"TX"},"geometry":{"type":"Polygon","coordinates":[[[-100.11467556945568,31.087574242032417],[-99.60499582245822,31.087574242032417],[-99.60499582245822,30.94067503494034],[-99.48654912069121,30.94067503494034],[-99.48295982669826,30.710447037860376],[-100.11467556945568,30.710447037860376],[-100.11467556945568,31.087574242032417]]]}},{"type":"Feature","id":"48329","properties":{"name":"Midland","county_fips":"48329","state_abbr":"TX"},"geometry":{"type":"Polygon","coordinates":[[[-102.28619843518435,32.086660662196614],[-102.2108232613326,32.086660662196614],[-101.77651868818688,32.086660662196614],[-101.77651868818688,31.651117399063985],[-102.28619843518435,31.651117399063985],[-102.28619843518435,32.086660662196614]]]}},{"type":"Feature","id":"48331","properties":{"name":"Milam","county_fips":"48331","state_abbr":"TX"},"geometry":{"type":"Polygon","coordinates":[[[-97.31502625496255,30.75254096269962],[-97.2575975510755,30.88999051319513],[-97.07095426344263,30.98620519854198],[-96.83047156591566,31.11076885367853],[-96.83047156591566,31.10561449553495],[-96.79457862598626,31.066097749767493],[-96.76945356803567,30.999950153591527],[-96.75509639206392,30.926930079890795],[-96.72997133411333,30.899440169791696],[-96.68331051220511,30.90631264731647],[-96.69407839418393,30.86421872247722],[-96.63664969029689,30.804084544135435],[-96.64741757227571,30.779171813108128],[-96.61152463234632,30.757695320843204],[-96.62229251432514,30.731064470434696],[-96.96327544365444,30.557534412934125],[-97.15350802528025,30.457024429134286],[-97.27195472704726,30.735359768887683],[-97.31502625496255,30.75254096269962]]]}},{"type":"Feature","id":"48333","properties":{"name":"Mills","county_fips":"48333","state_abbr":"TX"},"geometry":{"type":"Polygon","coordinates":[[[-98.9912265496655,31.484459819088187],[-98.77945820408203,31.61074159360593],[-98.76151173411733,31.68805696575965],[-98.6681900903009,31.700942861118605],[-98.49231468464684,31.723278413074127],[-98.46360033270332,31.68376166730667],[-98.26977845708457,31.416594103531033],[-98.26618916309162,31.41058068569685],[-98.56410056450564,31.2301781506715],[-98.5784577404774,31.26454053829538],[-98.62511856238562,31.269694896438956],[-98.58563632846328,31.322956597255967],[-98.64665432634325,31.31436600035],[-98.63947573835738,31.354741805808054],[-98.65742220832207,31.369345820548197],[-98.71126161821618,31.347010268592683],[-98.7040830302303,31.407144446934467],[-98.73638667616676,31.43033905858058],[-98.75074385213851,31.389104193431926],[-98.77945820408203,31.378795477144763],[-98.77227961609616,31.411439745387447],[-98.85483337793377,31.413157864768642],[-98.86919055390554,31.443224953939534],[-98.92661925779257,31.434634357033566],[-98.96610149171491,31.450956491154905],[-98.9912265496655,31.484459819088187]]]}},{"type":"Feature","id":"48335","properties":{"name":"Mitchell","county_fips":"48335","state_abbr":"TX"},"geometry":{"type":"Polygon","coordinates":[[[-101.17351729737297,32.52392204471044],[-101.17351729737297,32.52735828347283],[-100.66024825638256,32.525640164091634],[-100.6638375503755,32.08580160250602],[-100.82176648606486,32.086660662196614],[-101.18428517935179,32.08751972188721],[-101.17351729737297,32.52392204471044]]]}},{"type":"Feature","id":"48337","properties":{"name":"Montague","county_fips":"48337","state_abbr":"TX"},"geometry":{"type":"Polygon","coordinates":[[[-97.97904564365643,33.46716958498585],[-97.97904564365643,33.88982695275952],[-97.87854541185412,33.85031020699206],[-97.83547388393883,33.85804174420743],[-97.73138435814357,33.93707523574235],[-97.6883128302283,33.98690069779697],[-97.65600918429183,33.98947787686876],[-97.58781259842598,33.953397369863694],[-97.5985804804048,33.91817592254922],[-97.5626875404754,33.89755848997489],[-97.48372307263072,33.91559874347743],[-97.48731236662366,33.433666257052565],[-97.91802764577645,33.433666257052565],[-97.97904564365643,33.433666257052565],[-97.97904564365643,33.46716958498585]]]}},{"type":"Feature","id":"48339","properties":{"name":"Montgomery","county_fips":"48339","state_abbr":"TX"},"geometry":{"type":"Polygon","coordinates":[[[-95.82905854188542,30.630554486634864],[-95.59934372633725,30.5094270702607],[-95.36245032280323,30.5085680105701],[-95.35886102881028,30.504272712117114],[-95.31578950089501,30.412353325223243],[-95.23682503305032,30.37884999728997],[-95.20452138711387,30.34792384842848],[-95.2260571510715,30.319574878638782],[-95.16503915319153,30.345346669356687],[-95.09684256732567,30.167521313403128],[-95.25118220902209,30.043816717957178],[-95.29425373693736,30.027494583835832],[-95.4234683206832,30.115118672276715],[-95.47371843658436,30.103091836608364],[-95.50243278852788,30.143467642066412],[-95.55268290442903,30.170957552165518],[-95.59216513835138,30.13573610485104],[-95.6208794902949,30.13573610485104],[-95.67112960619606,30.10137371722717],[-95.76086195601955,30.086769702487018],[-95.80393348393484,30.09020594124941],[-95.80393348393484,30.245695745247446],[-95.80393348393484,30.337615132141316],[-95.82905854188542,30.630554486634864]]]}},{"type":"Feature","id":"48341","properties":{"name":"Moore","county_fips":"48341","state_abbr":"TX"},"geometry":{"type":"Polygon","coordinates":[[[-102.16416243942439,36.055516432754324],[-101.62217904649046,36.055516432754324],[-101.62217904649046,35.624268468074675],[-101.62217904649046,35.61997316962169],[-102.16416243942439,35.61997316962169],[-102.16416243942439,35.627704706837065],[-102.16416243942439,36.055516432754324]]]}},{"type":"Feature","id":"48343","properties":{"name":"Morris","county_fips":"48343","state_abbr":"TX"},"geometry":{"type":"Polygon","coordinates":[[[-94.80969904789048,33.36322336242362],[-94.77739540195401,33.33143815387153],[-94.74868105001049,33.328860974799746],[-94.73073458004579,33.30910260191602],[-94.69125234612346,33.3125388406784],[-94.65177011220112,33.26872679645796],[-94.65535940619405,32.87957275661756],[-94.70560952209522,32.87957275661756],[-94.71996669806698,32.90448548764487],[-94.77021681396813,32.92596197990979],[-94.8204669298693,32.98265991948919],[-94.80969904789048,33.36322336242362]]]}},{"type":"Feature","id":"48345","properties":{"name":"Motley","county_fips":"48345","state_abbr":"TX"},"geometry":{"type":"Polygon","coordinates":[[[-101.04071341963419,34.3124843205332],[-100.94739177581775,34.3124843205332],[-100.51667649666496,34.314202439914396],[-100.5202657906579,33.83570619225192],[-101.04071341963419,33.833988072870724],[-101.04071341963419,34.3124843205332]]]}},{"type":"Feature","id":"48347","properties":{"name":"Nacogdoches","county_fips":"48347","state_abbr":"TX"},"geometry":{"type":"Polygon","coordinates":[[[-94.93891363163631,31.84526488913889],[-94.45076964859648,31.84440582944829],[-94.4256445906459,31.79887566584665],[-94.41846600266003,31.70609721926219],[-94.40051953269533,31.653694578135777],[-94.35026941679416,31.60730535484354],[-94.31078718287182,31.589265101341006],[-94.300019300893,31.526553743927437],[-94.32155506485064,31.44494307332073],[-94.30360859488594,31.42174846167461],[-94.32514435884359,31.400271969409687],[-94.32873365283652,31.359896163951632],[-94.31437647686477,31.304916343753433],[-94.33950153481534,31.26368147860478],[-94.32514435884359,31.22502379252792],[-94.38257306273063,31.273990194891944],[-94.39693023870238,31.30233916468164],[-94.45076964859648,31.321238477874772],[-94.4974304705047,31.405426327553272],[-94.54409129241292,31.404567267862674],[-94.54409129241292,31.432057177961774],[-94.68766305213052,31.450956491154905],[-94.82405622386223,31.48360075939759],[-94.86712775177752,31.526553743927437],[-94.89225280972809,31.54115775866758],[-94.89225280972809,31.578097325363245],[-94.92455645566456,31.57981544474444],[-94.93173504365043,31.62190936958369],[-94.96762798357983,31.697506622356215],[-94.96762798357983,31.754204561935616],[-94.92814574965749,31.766231397603967],[-94.97121727757278,31.782553531725313],[-94.93891363163631,31.84526488913889]]]}},{"type":"Feature","id":"48349","properties":{"name":"Navarro","county_fips":"48349","state_abbr":"TX"},"geometry":{"type":"Polygon","coordinates":[[[-96.89507885778858,32.073774766837666],[-96.39616699276992,32.32376113680136],[-96.38180981679817,32.328915494944944],[-96.3136132309323,32.30314370422704],[-96.28489887898878,32.255895421244205],[-96.23464876308762,32.24988200341003],[-96.19875582315822,32.20692901888018],[-96.15568429524295,32.21466055609555],[-96.1772200592006,32.18115722816228],[-96.16645217722177,32.158821676206756],[-96.11261276732768,32.16053979558795],[-96.10543417934178,32.07549288621885],[-96.06595194541946,32.08580160250602],[-96.05518406344063,32.012781528805284],[-96.49666722457223,31.79629848677486],[-96.71920345213452,31.815197799967997],[-96.89507885778858,32.073774766837666]]]}},{"type":"Feature","id":"48351","properties":{"name":"Newton","county_fips":"48351","state_abbr":"TX"},"geometry":{"type":"Polygon","coordinates":[[[-93.9123755496555,31.158017136661364],[-93.60010697226971,31.176057390163898],[-93.5534461503615,31.185507046760463],[-93.53191038640387,31.184647987069866],[-93.5534461503615,31.097023898628983],[-93.52473179841797,31.070393048220474],[-93.5175532104321,31.024003824928243],[-93.56421403234032,31.00596357142571],[-93.56780332633326,30.977614601636013],[-93.52473179841797,30.930366318653178],[-93.55703544435444,30.911467005460047],[-93.55703544435444,30.868514020930206],[-93.5534461503615,30.82470197670976],[-93.58574979629796,30.796353006920064],[-93.61805344223441,30.742232246412456],[-93.62882132421323,30.679520888998887],[-93.67189285212852,30.658044396733963],[-93.6790714401144,30.599628337773375],[-93.72932155601555,30.573856547055463],[-93.74008943799437,30.53949415943159],[-93.7149643800438,30.518876726857265],[-93.6970179100791,30.440702295012947],[-93.74008943799437,30.402044608936087],[-93.75803590795907,30.39001777326773],[-93.76521449594496,30.33331983368833],[-93.70778579205792,30.288648729777293],[-93.70419649806497,30.24397762586625],[-93.90160766767667,30.242259506485063],[-93.86571472774727,30.94754751246512],[-93.9123755496555,31.158017136661364]]]}},{"type":"Feature","id":"48353","properties":{"name":"Nolan","county_fips":"48353","state_abbr":"TX"},"geometry":{"type":"Polygon","coordinates":[[[-100.66024825638256,32.525640164091634],[-100.14697921539215,32.52306298501984],[-100.1505685093851,32.082365363743634],[-100.23671156521564,32.082365363743634],[-100.6638375503755,32.08580160250602],[-100.66024825638256,32.525640164091634]]]}},{"type":"Feature","id":"48355","properties":{"name":"Nueces","county_fips":"48355","state_abbr":"TX"},"geometry":{"type":"MultiPolygon","coordinates":[[[[-97.0781328514285,27.91506680465804],[-97.04223991149911,27.836892372813722],[-97.09249002740027,27.786207851068504],[-97.13915084930849,27.716624016130154],[-97.22170461114611,27.57659728656286],[-97.26836543305433,27.57573822687226],[-97.23606178711786,27.634154285832857],[-97.18581167121671,27.69428846417464],[-97.14991873128731,27.769026657256568],[-97.1212043793438,27.79909374642746],[-97.12838296732967,27.839469551885514],[-97.0781328514285,27.91506680465804]]],[[[-97.79958094400943,27.99581841557415],[-97.81752741397413,27.969187565165647],[-97.80675953199531,27.934825177541768],[-97.78163447404474,27.947711072900724],[-97.7242057701577,27.915925864348637],[-97.69190212422124,27.917643983729832],[-97.67395565425653,27.882422536415362],[-97.63806271432713,27.86524134260342],[-97.63088412634126,27.893590312393115],[-97.58781259842598,27.855791686006853],[-97.50525883658837,27.844623910029092],[-97.4729551906519,27.824006477454766],[-97.4191157807578,27.823147417764176],[-97.37963354683546,27.83775143250432],[-97.39399072280722,27.78277161230612],[-97.36886566485664,27.74153674715747],[-97.31502625496255,27.712328717677174],[-97.25400825708256,27.696865643246426],[-97.29707978499785,27.61353685325853],[-97.2934904910049,27.5937784803748],[-97.32579413694137,27.561134212132117],[-97.83906317793178,27.558557033060325],[-97.87495611786117,27.58776506254062],[-97.88931329383293,27.620409330783303],[-97.94315270372704,27.635872405214045],[-97.93238482174822,27.776758194471938],[-97.93597411574115,27.884999715487147],[-97.79958094400943,27.99581841557415]]]]}},{"type":"Feature","id":"48357","properties":{"name":"Ochiltree","county_fips":"48357","state_abbr":"TX"},"geometry":{"type":"Polygon","coordinates":[[[-101.08378494754947,36.49965029279292],[-100.95457036380363,36.49965029279292],[-100.54539084860848,36.49965029279292],[-100.54539084860848,36.05637549244492],[-101.0873742415424,36.05723455213551],[-101.08378494754947,36.49965029279292]]]}},{"type":"Feature","id":"48359","properties":{"name":"Oldham","county_fips":"48359","state_abbr":"TX"},"geometry":{"type":"Polygon","coordinates":[[[-103.03995017370173,35.62255034869348],[-102.16416243942439,35.627704706837065],[-102.16416243942439,35.61997316962169],[-102.16775173341733,35.18357084679846],[-103.04353946769467,35.18357084679846],[-103.03995017370173,35.62255034869348]]]}},{"type":"Feature","id":"48361","properties":{"name":"Orange","county_fips":"48361","state_abbr":"TX"},"geometry":{"type":"Polygon","coordinates":[[[-94.11696530725307,30.241400446794465],[-93.90160766767667,30.242259506485063],[-93.70419649806497,30.24397762586625],[-93.72214296802967,30.209615238242378],[-93.68983932209322,30.141749522685224],[-93.7329108500085,30.08161534434344],[-93.70060720407204,30.065293210222094],[-93.72214296802967,30.05154825517255],[-93.74008943799437,30.021481166001657],[-93.79033955389554,29.987977838068375],[-93.81546461184611,29.920971182201818],[-93.85494684576845,29.865132302313015],[-93.8405896697967,29.944165793847937],[-93.8585361397614,29.97766912178121],[-93.99851860548605,30.01289056909569],[-94.0308222514225,30.02835364352643],[-94.0308222514225,30.060997911769114],[-94.09184024930249,30.083333463724635],[-94.08107236732367,30.127145507945073],[-94.11696530725307,30.160648835878355],[-94.09184024930249,30.204460880098793],[-94.11696530725307,30.241400446794465]]]}},{"type":"Feature","id":"48363","properties":{"name":"Palo Pinto","county_fips":"48363","state_abbr":"TX"},"geometry":{"type":"Polygon","coordinates":[[[-98.57486844648446,32.95431094969949],[-98.42770739277393,32.952592830318295],[-98.42770739277393,33.0075726505165],[-98.05442081750817,33.00327735206351],[-98.065188699487,32.559143492024916],[-98.06877799347993,32.51189520904209],[-98.47436821468214,32.512754268732685],[-98.57486844648446,32.51533144780447],[-98.57486844648446,32.95431094969949]]]}},{"type":"Feature","id":"48365","properties":{"name":"Panola","county_fips":"48365","state_abbr":"TX"},"geometry":{"type":"Polygon","coordinates":[[[-94.49025188251882,32.394204031430306],[-94.44000176661766,32.362418822878226],[-94.38257306273063,32.366714121331206],[-94.35026941679416,32.32633831587315],[-94.04159013340133,32.39248591204912],[-94.04159013340133,32.19576124290242],[-94.04159013340133,31.992164096230958],[-94.01287578145781,31.981855379943795],[-94.01646507545075,31.9801372605626],[-94.51178764647646,31.974123842728424],[-94.60151999629996,31.973264783037827],[-94.60151999629996,32.07978818467184],[-94.57998423234231,32.15968073589735],[-94.57998423234231,32.2026337204272],[-94.55844846838468,32.24902294371943],[-94.52973411644116,32.27221755536555],[-94.49384117651176,32.35640540504404],[-94.49025188251882,32.394204031430306]]]}},{"type":"Feature","id":"48367","properties":{"name":"Parker","county_fips":"48367","state_abbr":"TX"},"geometry":{"type":"Polygon","coordinates":[[[-98.05442081750817,33.00327735206351],[-97.9216169397694,33.00155923268232],[-97.5447410705107,32.99382769546695],[-97.55191965849659,32.555707253262526],[-97.6165269503695,32.555707253262526],[-98.065188699487,32.559143492024916],[-98.05442081750817,33.00327735206351]]]}},{"type":"Feature","id":"48369","properties":{"name":"Parmer","county_fips":"48369","state_abbr":"TX"},"geometry":{"type":"Polygon","coordinates":[[[-103.04353946769467,34.3124843205332],[-103.04353946769467,34.74716852397523],[-102.52668113271132,34.74716852397523],[-102.52668113271132,34.3133433802238],[-102.61641348253482,34.3124843205332],[-103.04353946769467,34.3124843205332]]]}},{"type":"Feature","id":"48371","properties":{"name":"Pecos","county_fips":"48371","state_abbr":"TX"},"geometry":{"type":"Polygon","coordinates":[[[-103.5855228606286,30.766285917749173],[-103.37375451504515,30.98706425823258],[-103.0112358217582,31.371063939929392],[-102.93227135391353,31.350446507355066],[-102.82818182811828,31.26711771736717],[-102.7671638302383,31.293748567775673],[-102.75280665426654,31.279144553035522],[-102.6774314804148,31.32982907478074],[-102.58052054260543,31.27141301582015],[-102.50155607476074,31.253372762317618],[-102.42977019490195,31.193238583975834],[-102.42977019490195,31.12880910718107],[-102.3902879609796,31.087574242032417],[-102.32209137511374,31.061802451314506],[-102.28978772917729,31.0360306605966],[-102.20005537935378,31.030876302453017],[-102.13903738147381,30.99479579544795],[-102.08160867758677,30.98706425823258],[-102.0493050316503,31.003386392353917],[-102.01341209172091,30.979332721017208],[-101.99187632776328,30.98964143730437],[-101.95239409384094,30.95527904968049],[-101.87342962599625,30.912326065150644],[-101.89137609596095,30.89084957288572],[-101.8590724500245,30.873668379073784],[-101.83035809808098,30.801507365063642],[-101.83394739207391,30.757695320843204],[-101.81600092210921,30.751681903009022],[-101.80882233412333,30.699279261882616],[-101.77651868818688,30.681239008380075],[-101.76934010020099,30.652890038590378],[-102.13903738147381,30.65632627735277],[-102.13903738147381,30.59791021839218],[-102.34362713907139,30.598769278082777],[-102.34362713907139,30.284353431324305],[-102.56616336663366,30.283494371633708],[-102.56616336663366,30.052407314863146],[-103.43836180691807,30.665775933949334],[-103.5855228606286,30.766285917749173]]]}},{"type":"Feature","id":"48373","properties":{"name":"Polk","county_fips":"48373","state_abbr":"TX"},"geometry":{"type":"Polygon","coordinates":[[[-95.20093209312093,30.82470197670976],[-94.93891363163631,31.042044078430777],[-94.84200269382693,31.146849360683603],[-94.73791316803168,31.103896376153756],[-94.61946646626465,31.085856122651222],[-94.56203776237761,31.05922527224272],[-94.658948700187,31.011976989259885],[-94.54409129241292,30.526608264072635],[-94.53691270442704,30.491386816758165],[-94.73432387403874,30.48966869737697],[-94.84918128181282,30.49396399582995],[-94.86712775177752,30.511145189641894],[-94.83482410584105,30.530903562525623],[-94.96403868958689,30.576433726127256],[-95.0286459814598,30.57901090519905],[-95.00711021750217,30.606500815298148],[-95.05377103941039,30.680379948689485],[-95.10402115531154,30.658044396733963],[-95.11119974329743,30.692406784357836],[-95.14709268322683,30.71388327662276],[-95.13273550725506,30.781748992179914],[-95.20093209312093,30.82470197670976]]]}},{"type":"Feature","id":"48375","properties":{"name":"Potter","county_fips":"48375","state_abbr":"TX"},"geometry":{"type":"Polygon","coordinates":[[[-102.16416243942439,35.61997316962169],[-101.62217904649046,35.61997316962169],[-101.62217904649046,35.18271178710786],[-102.16775173341733,35.18357084679846],[-102.16416243942439,35.61997316962169]]]}},{"type":"Feature","id":"48377","properties":{"name":"Presidio","county_fips":"48377","state_abbr":"TX"},"geometry":{"type":"Polygon","coordinates":[[[-104.98175822388224,30.62883636725367],[-103.90138073200731,30.412353325223243],[-103.800880500205,30.412353325223243],[-103.79370191221912,29.259495220442197],[-103.8367734401344,29.27839453363533],[-103.97675590585905,29.29643478713787],[-104.03777390373904,29.32048845847458],[-104.10597048960489,29.37289109960099],[-104.14545272352723,29.383199815888155],[-104.21364930939309,29.452783650826504],[-104.21364930939309,29.47340108340083],[-104.26389942529424,29.513776888858885],[-104.33927459914598,29.51979030669306],[-104.38234612706127,29.54298491833918],[-104.40029259702597,29.572192947819474],[-104.50797141681416,29.63919960368603],[-104.54027506275062,29.676139170381695],[-104.5654001207012,29.77063573634736],[-104.60847164861649,29.818743079020784],[-104.63359670656706,29.8702866604566],[-104.68025752847528,29.924407420964208],[-104.68025752847528,29.97509194270942],[-104.70538258642586,30.024058345073442],[-104.68384682246823,30.08591064279642],[-104.69461470444703,30.13229986608866],[-104.68743611646116,30.179548149071486],[-104.71256117441173,30.237964208032075],[-104.75204340833407,30.26373599874998],[-104.7628112903129,30.30153462513625],[-104.80947211222112,30.335037953069524],[-104.81306140621406,30.360809743787435],[-104.85972222812228,30.39001777326773],[-104.85254364013639,30.418366743057426],[-104.89920446204461,30.57042030829308],[-104.9243295199952,30.604782695916953],[-104.96740104791047,30.608218934679343],[-104.98175822388224,30.62883636725367]]]}},{"type":"Feature","id":"48379","properties":{"name":"Rains","county_fips":"48379","state_abbr":"TX"},"geometry":{"type":"Polygon","coordinates":[[[-95.86136218782187,32.979223680726804],[-95.66754031220312,32.979223680726804],[-95.66395101821018,32.96032436753367],[-95.63523666626666,32.720646713857136],[-95.66036172421724,32.71119705726057],[-95.7106118401184,32.74555944488444],[-95.79675489594895,32.775626534055334],[-95.86495148181481,32.77734465343653],[-95.92238018570185,32.81514327982279],[-95.93314806768068,32.83747883177831],[-95.98698747757477,32.87613651785517],[-95.9439159496595,32.9800827404174],[-95.86136218782187,32.979223680726804]]]}},{"type":"Feature","id":"48381","properties":{"name":"Randall","county_fips":"48381","state_abbr":"TX"},"geometry":{"type":"Polygon","coordinates":[[[-102.16775173341733,35.18357084679846],[-101.62217904649046,35.18271178710786],[-101.62935763447634,34.74802758366583],[-101.99905491574916,34.74802758366583],[-102.16775173341733,34.74716852397523],[-102.16775173341733,35.18357084679846]]]}},{"type":"Feature","id":"48383","properties":{"name":"Reagan","county_fips":"48383","state_abbr":"TX"},"geometry":{"type":"Polygon","coordinates":[[[-101.77651868818688,31.651117399063985],[-101.2668389411894,31.651117399063985],[-101.2668389411894,31.55662083309833],[-101.2668389411894,31.528271863308625],[-101.27401752917528,31.07898364512645],[-101.77651868818688,31.07984270481704],[-101.77651868818688,31.651117399063985]]]}},{"type":"Feature","id":"48385","properties":{"name":"Real","county_fips":"48385","state_abbr":"TX"},"geometry":{"type":"Polygon","coordinates":[[[-99.75933546415463,30.073883807128063],[-99.69113887828878,30.073883807128063],[-99.69113887828878,29.90894434653346],[-99.60140652846528,29.908085286842862],[-99.60140652846528,29.627172768017672],[-100.01417533765337,29.62373652925529],[-100.01776463164632,29.676998230072293],[-100.06442545355453,29.711360617696172],[-100.02494321963219,29.72338745336453],[-100.03571110161101,29.779226333253327],[-100.01417533765337,29.794689407684075],[-100.03212180761807,29.84795110850108],[-100.00340745567455,29.8969175108651],[-99.9890502797028,30.025776464454637],[-99.97469310373103,30.02491740476404],[-99.96751451574515,30.082474404034038],[-99.75933546415463,30.073883807128063]]]}},{"type":"Feature","id":"48387","properties":{"name":"Red River","county_fips":"48387","state_abbr":"TX"},"geometry":{"type":"Polygon","coordinates":[[[-95.30861091290913,33.880377296162955],[-95.25477150301502,33.902712848118476],[-95.22964644506445,33.961128907079065],[-95.1542712712127,33.93707523574235],[-95.12196762527626,33.93106181790817],[-95.05018174541745,33.864055162041616],[-94.97121727757278,33.86233704266042],[-94.94609221962219,33.8125115806058],[-94.87071704577045,33.745504924739244],[-94.82764551785517,33.741209626286256],[-94.77380610796108,33.75495458133581],[-94.73791316803168,33.705988178971786],[-94.74509175601756,33.703410999899994],[-94.74868105001049,33.328860974799746],[-94.77739540195401,33.33143815387153],[-94.80969904789048,33.36322336242362],[-94.8743063397634,33.39414951128511],[-94.91019927969279,33.383840794997944],[-95.017878099481,33.39071327252272],[-95.05018174541745,33.38298173530735],[-95.09325327333273,33.3975857500475],[-95.12555691926919,33.38985421283212],[-95.25477150301502,33.367518660876605],[-95.30502161891619,33.37782737716377],[-95.30861091290913,33.380404556235554],[-95.31220020690206,33.87522293801938],[-95.30861091290913,33.880377296162955]]]}},{"type":"Feature","id":"48389","properties":{"name":"Reeves","county_fips":"48389","state_abbr":"TX"},"geometry":{"type":"Polygon","coordinates":[[[-104.02341672776727,31.99989563344633],[-103.980345199852,31.99989563344633],[-103.95163084790848,31.987009738087373],[-103.88702355603556,31.870177620166196],[-103.82959485214852,31.88821787366873],[-103.79729120621205,31.770526696056955],[-103.72550532635326,31.739600547195465],[-103.6932016804168,31.748191144101433],[-103.66089803448034,31.71039251771517],[-103.62500509455094,31.705238159571593],[-103.63218368253682,31.673452951019506],[-103.61064791857918,31.651976458754582],[-103.57475497864978,31.63307714556145],[-103.5316834507345,31.642526802158017],[-103.51014768677686,31.626204668036678],[-103.5137369807698,31.582392623816233],[-103.49579051080511,31.550607415264146],[-103.50296909879098,31.505077251662513],[-103.48861192281922,31.459547088060873],[-103.4598975708757,31.428620939199384],[-103.39529027900278,31.431198118271176],[-103.33068298712986,31.412298805078045],[-103.26248640126401,31.427761879508786],[-103.24453993129931,31.389104193431926],[-103.17993263942638,31.370204880238795],[-103.06866452564525,31.365050522095217],[-103.05789664366642,31.385667954669543],[-103.0112358217582,31.371063939929392],[-103.37375451504515,30.98706425823258],[-103.5855228606286,30.766285917749173],[-104.10238119561195,31.10561449553495],[-104.02341672776727,31.99989563344633]]]}},{"type":"Feature","id":"48391","properties":{"name":"Refugio","county_fips":"48391","state_abbr":"TX"},"geometry":{"type":"Polygon","coordinates":[[[-97.54115177651776,28.16505317462174],[-97.37604425284252,28.38840869417694],[-97.16068661326612,28.55334815477154],[-97.10684720337203,28.555066274152736],[-97.09249002740027,28.53444884157841],[-97.04582920549205,28.549911916009158],[-96.98122191361914,28.49922739426394],[-96.91661462174622,28.485482439214387],[-96.89148956379563,28.50695893147931],[-96.84841803588036,28.47603278261782],[-96.81252509595096,28.43050261901619],[-96.79098933199332,28.446824753137527],[-96.76586427404274,28.41074424613246],[-96.79098933199332,28.38411339572395],[-96.79098933199332,28.31882485923859],[-97.12479367333673,28.27157657625576],[-97.12479367333673,28.25353632275322],[-97.02788273552736,28.18481154750547],[-97.15350802528025,28.133267966069653],[-97.21452602316023,28.07657002649026],[-97.26118684506845,28.07571096679966],[-97.31861554895548,28.13756326452264],[-97.34374060690607,28.120382070710704],[-97.42629436874368,28.11780489163891],[-97.48372307263072,28.16848941338413],[-97.51961601256012,28.151308219572194],[-97.54115177651776,28.16505317462174]]]}},{"type":"Feature","id":"48393","properties":{"name":"Roberts","county_fips":"48393","state_abbr":"TX"},"geometry":{"type":"Polygon","coordinates":[[[-101.0873742415424,35.62512752776527],[-101.0873742415424,36.055516432754324],[-101.0873742415424,36.05723455213551],[-100.54539084860848,36.05637549244492],[-100.54180155461555,36.05637549244492],[-100.54180155461555,35.61911410993109],[-101.0873742415424,35.61911410993109],[-101.0873742415424,35.62512752776527]]]}},{"type":"Feature","id":"48395","properties":{"name":"Robertson","county_fips":"48395","state_abbr":"TX"},"geometry":{"type":"Polygon","coordinates":[[[-96.83047156591566,31.10561449553495],[-96.59716745637456,31.220728494074933],[-96.32079181891818,31.357318984879846],[-96.331559700897,31.25251370262702],[-96.2956667609676,31.181211748307476],[-96.2956667609676,31.139976883158823],[-96.27054170301703,31.07812458543585],[-96.24182735107351,31.06094339162391],[-96.25977382103821,31.00596357142571],[-96.24182735107351,30.973319303183025],[-96.33873828888288,30.920916662056612],[-96.38898840478404,30.86421872247722],[-96.4571849906499,30.74480942548425],[-96.56845310443104,30.695843023120226],[-96.62229251432514,30.731064470434696],[-96.61152463234632,30.757695320843204],[-96.64741757227571,30.779171813108128],[-96.63664969029689,30.804084544135435],[-96.69407839418393,30.86421872247722],[-96.68331051220511,30.90631264731647],[-96.72997133411333,30.899440169791696],[-96.75509639206392,30.926930079890795],[-96.76945356803567,30.999950153591527],[-96.79457862598626,31.066097749767493],[-96.83047156591566,31.10561449553495]]]}},{"type":"Feature","id":"48397","properties":{"name":"Rockwall","county_fips":"48397","state_abbr":"TX"},"geometry":{"type":"Polygon","coordinates":[[[-96.51820298852988,32.98265991948919],[-96.2956667609676,32.98180085979859],[-96.2956667609676,32.84177413023129],[-96.2956667609676,32.814284220132194],[-96.51820298852988,32.8134251604416],[-96.51820298852988,32.98265991948919]]]}},{"type":"Feature","id":"48399","properties":{"name":"Runnels","county_fips":"48399","state_abbr":"TX"},"geometry":{"type":"Polygon","coordinates":[[[-100.23671156521564,32.082365363743634],[-100.1505685093851,32.082365363743634],[-99.71267464224641,32.082365363743634],[-99.72344252422523,31.576379205982057],[-100.11108627546275,31.580674504435038],[-100.23312227122271,31.582392623816233],[-100.23671156521564,31.693211323903235],[-100.23671156521564,32.082365363743634]]]}},{"type":"Feature","id":"48401","properties":{"name":"Rusk","county_fips":"48401","state_abbr":"TX"},"geometry":{"type":"Polygon","coordinates":[[[-94.98557445354453,32.371009419784194],[-94.63741293622935,32.3701503600936],[-94.60151999629996,32.35984164380643],[-94.57998423234231,32.3950630911209],[-94.55485917439174,32.40794898647986],[-94.51896623446234,32.38819061359613],[-94.49025188251882,32.394204031430306],[-94.49384117651176,32.35640540504404],[-94.52973411644116,32.27221755536555],[-94.55844846838468,32.24902294371943],[-94.57998423234231,32.2026337204272],[-94.57998423234231,32.15968073589735],[-94.60151999629996,32.07978818467184],[-94.60151999629996,31.973264783037827],[-94.51178764647646,31.974123842728424],[-94.51178764647646,31.924298380673804],[-94.47948400054,31.901962828718283],[-94.45076964859648,31.84440582944829],[-94.93891363163631,31.84526488913889],[-94.98557445354453,31.84612394882948],[-94.98557445354453,32.13820424363243],[-94.98557445354453,32.371009419784194]]]}},{"type":"Feature","id":"48403","properties":{"name":"Sabine","county_fips":"48403","state_abbr":"TX"},"geometry":{"type":"Polygon","coordinates":[[[-93.98416142951429,31.569506728457277],[-93.89801837368373,31.611600653296527],[-93.83341108181081,31.585828862578623],[-93.78675025990259,31.527412803618027],[-93.74008943799437,31.52225844547445],[-93.72932155601555,31.492191356303557],[-93.75085731997319,31.46899674465744],[-93.70060720407204,31.43807059579595],[-93.70419649806497,31.41058068569685],[-93.67548214612145,31.3976947903379],[-93.66471426414263,31.35560086549865],[-93.68625002810028,31.31007070189701],[-93.643178500185,31.269694896438956],[-93.62164273622736,31.27141301582015],[-93.60010697226971,31.176057390163898],[-93.9123755496555,31.158017136661364],[-94.03800083940838,31.133963465324648],[-94.0308222514225,31.240486866958662],[-94.0487687213872,31.296325746847465],[-94.02364366343663,31.36419146240462],[-94.04517942739427,31.409721626006252],[-93.98416142951429,31.466419565585653],[-93.98416142951429,31.569506728457277]]]}},{"type":"Feature","id":"48405","properties":{"name":"San Augustine","county_fips":"48405","state_abbr":"TX"},"geometry":{"type":"Polygon","coordinates":[[[-94.40051953269533,31.653694578135777],[-94.09184024930249,31.620191250202495],[-93.98416142951429,31.569506728457277],[-93.98416142951429,31.466419565585653],[-94.04517942739427,31.409721626006252],[-94.02364366343663,31.36419146240462],[-94.0487687213872,31.296325746847465],[-94.0308222514225,31.240486866958662],[-94.03800083940838,31.133963465324648],[-94.04159013340133,31.118500390893907],[-94.13132248322482,31.09960107770077],[-94.19234048110481,31.13654064439644],[-94.24976918499185,31.188084225832256],[-94.32514435884359,31.22502379252792],[-94.33950153481534,31.26368147860478],[-94.31437647686477,31.304916343753433],[-94.32873365283652,31.359896163951632],[-94.32514435884359,31.400271969409687],[-94.30360859488594,31.42174846167461],[-94.32155506485064,31.44494307332073],[-94.300019300893,31.526553743927437],[-94.31078718287182,31.589265101341006],[-94.35026941679416,31.60730535484354],[-94.40051953269533,31.653694578135777]]]}},{"type":"Feature","id":"48407","properties":{"name":"San Jacinto","county_fips":"48407","state_abbr":"TX"},"geometry":{"type":"Polygon","coordinates":[[[-95.35886102881028,30.504272712117114],[-95.32655738287383,30.859923424024238],[-95.31220020690206,30.8977220504105],[-95.25118220902209,30.90631264731647],[-95.2440036210362,30.86679590154901],[-95.20093209312093,30.82470197670976],[-95.13273550725506,30.781748992179914],[-95.14709268322683,30.71388327662276],[-95.11119974329743,30.692406784357836],[-95.10402115531154,30.658044396733963],[-95.05377103941039,30.680379948689485],[-95.00711021750217,30.606500815298148],[-95.0286459814598,30.57901090519905],[-94.96403868958689,30.576433726127256],[-94.83482410584105,30.530903562525623],[-94.86712775177752,30.511145189641894],[-94.84918128181282,30.49396399582995],[-94.84200269382693,30.487091518305178],[-95.16503915319153,30.345346669356687],[-95.2260571510715,30.319574878638782],[-95.20452138711387,30.34792384842848],[-95.23682503305032,30.37884999728997],[-95.31578950089501,30.412353325223243],[-95.35886102881028,30.504272712117114]]]}},{"type":"Feature","id":"48409","properties":{"name":"San Patricio","county_fips":"48409","state_abbr":"TX"},"geometry":{"type":"Polygon","coordinates":[[[-97.81752741397413,28.177080010290098],[-97.56986612846129,28.12983172730727],[-97.54115177651776,28.16505317462174],[-97.51961601256012,28.151308219572194],[-97.48372307263072,28.16848941338413],[-97.42629436874368,28.11780489163891],[-97.34374060690607,28.120382070710704],[-97.31861554895548,28.13756326452264],[-97.26118684506845,28.07571096679966],[-97.13556155531555,27.90218090929909],[-97.18581167121671,27.830878954979546],[-97.22888319913199,27.82916083559835],[-97.25041896308963,27.87640911858118],[-97.32579413694137,27.86781852167521],[-97.34015131291312,27.88328159610596],[-97.4550087206872,27.873831939509387],[-97.49449095460955,27.88414065579655],[-97.50525883658837,27.844623910029092],[-97.58781259842598,27.855791686006853],[-97.63088412634126,27.893590312393115],[-97.63806271432713,27.86524134260342],[-97.67395565425653,27.882422536415362],[-97.69190212422124,27.917643983729832],[-97.7242057701577,27.915925864348637],[-97.78163447404474,27.947711072900724],[-97.80675953199531,27.934825177541768],[-97.81752741397413,27.969187565165647],[-97.79958094400943,27.99581841557415],[-97.80317023800238,28.038771400103997],[-97.83906317793178,28.03447610165101],[-97.88213470584705,28.05681165360653],[-97.90008117581175,28.06797942958429],[-97.9036704698047,28.11436865287652],[-97.81752741397413,28.177080010290098]]]}},{"type":"Feature","id":"48411","properties":{"name":"San Saba","county_fips":"48411","state_abbr":"TX"},"geometry":{"type":"Polygon","coordinates":[[[-99.09172678146781,30.94067503494034],[-99.09172678146781,31.461265207442068],[-99.04147666556665,31.490473236922362],[-99.019940901609,31.469855804348036],[-98.9912265496655,31.484459819088187],[-98.96610149171491,31.450956491154905],[-98.92661925779257,31.434634357033566],[-98.86919055390554,31.443224953939534],[-98.85483337793377,31.413157864768642],[-98.77227961609616,31.411439745387447],[-98.77945820408203,31.378795477144763],[-98.75074385213851,31.389104193431926],[-98.73638667616676,31.43033905858058],[-98.7040830302303,31.407144446934467],[-98.71126161821618,31.347010268592683],[-98.65742220832207,31.369345820548197],[-98.63947573835738,31.354741805808054],[-98.64665432634325,31.31436600035],[-98.58563632846328,31.322956597255967],[-98.62511856238562,31.269694896438956],[-98.5784577404774,31.26454053829538],[-98.56410056450564,31.2301781506715],[-98.56768985849858,31.19839294211942],[-98.51026115461154,31.15543995758957],[-98.54974338853388,31.123654749037485],[-98.5246183305833,31.089292361413605],[-98.48154680266802,31.119359450584497],[-98.45642174471745,31.07812458543585],[-98.48513609666097,31.066097749767493],[-98.43847527475275,31.02915818307183],[-98.46001103871038,31.007681690806905],[-98.44565386273862,30.9518428109181],[-98.41335021680216,30.942393154321536],[-98.44565386273862,30.92177572174721],[-98.96610149171491,30.92177572174721],[-99.09172678146781,30.92177572174721],[-99.09172678146781,30.94067503494034]]]}},{"type":"Feature","id":"48413","properties":{"name":"Schleicher","county_fips":"48413","state_abbr":"TX"},"geometry":{"type":"Polygon","coordinates":[[[-100.96174895178952,31.082419883888832],[-100.68896260832608,31.08671518234182],[-100.11467556945568,31.087574242032417],[-100.11467556945568,30.710447037860376],[-100.96174895178952,30.70615173940739],[-100.96174895178952,31.082419883888832]]]}},{"type":"Feature","id":"48415","properties":{"name":"Scurry","county_fips":"48415","state_abbr":"TX"},"geometry":{"type":"Polygon","coordinates":[[[-101.17351729737297,32.963760606296056],[-101.03712412564126,32.970633083820836],[-100.99046330373304,32.96461966598665],[-100.65665896238961,32.963760606296056],[-100.66024825638256,32.525640164091634],[-101.17351729737297,32.52735828347283],[-101.17351729737297,32.963760606296056]]]}},{"type":"Feature","id":"48417","properties":{"name":"Shackelford","county_fips":"48417","state_abbr":"TX"},"geometry":{"type":"Polygon","coordinates":[[[-99.6121744104441,32.95688812877128],[-99.47219194471944,32.95688812877128],[-99.09531607546074,32.95688812877128],[-99.09531607546074,32.51447238811387],[-99.11326254542544,32.51447238811387],[-99.6121744104441,32.51447238811387],[-99.6121744104441,32.95688812877128]]]}},{"type":"Feature","id":"48419","properties":{"name":"Shelby","county_fips":"48419","state_abbr":"TX"},"geometry":{"type":"Polygon","coordinates":[[[-94.51178764647646,31.974123842728424],[-94.01646507545075,31.9801372605626],[-94.01287578145781,31.981855379943795],[-93.97339354753547,31.920003082220816],[-93.90878625566255,31.893372231812315],[-93.88007190371903,31.84440582944829],[-93.8764826097261,31.82207027749277],[-93.822643199832,31.774821994509942],[-93.82982178781788,31.745613965029648],[-93.80110743587436,31.697506622356215],[-93.82623249382493,31.661426115351148],[-93.81546461184611,31.622768429274288],[-93.83341108181081,31.585828862578623],[-93.89801837368373,31.611600653296527],[-93.98416142951429,31.569506728457277],[-94.09184024930249,31.620191250202495],[-94.40051953269533,31.653694578135777],[-94.41846600266003,31.70609721926219],[-94.4256445906459,31.79887566584665],[-94.45076964859648,31.84440582944829],[-94.47948400054,31.901962828718283],[-94.51178764647646,31.924298380673804],[-94.51178764647646,31.974123842728424]]]}},{"type":"Feature","id":"48421","properties":{"name":"Sherman","county_fips":"48421","state_abbr":"TX"},"geometry":{"type":"Polygon","coordinates":[[[-102.16416243942439,36.50050935248352],[-102.03135856168561,36.50050935248352],[-101.62217904649046,36.49965029279292],[-101.62217904649046,36.055516432754324],[-102.16416243942439,36.055516432754324],[-102.16416243942439,36.50050935248352]]]}},{"type":"Feature","id":"48423","properties":{"name":"Smith","county_fips":"48423","state_abbr":"TX"},"geometry":{"type":"Polygon","coordinates":[[[-95.59575443234432,32.687143385923854],[-95.47012914259142,32.605532715317146],[-95.40911114471145,32.605532715317146],[-95.40911114471145,32.605532715317146],[-95.4055218507185,32.605532715317146],[-95.4055218507185,32.605532715317146],[-95.4055218507185,32.60467365562655],[-95.4055218507185,32.60467365562655],[-95.40193255672557,32.60467365562655],[-95.40193255672557,32.606391775007744],[-95.40193255672557,32.60467365562655],[-95.40193255672557,32.606391775007744],[-95.39834326273262,32.605532715317146],[-95.39834326273262,32.605532715317146],[-95.38398608676086,32.601237416864166],[-95.38398608676086,32.601237416864166],[-95.34450385283853,32.608968954079536],[-95.23682503305032,32.56086161140611],[-95.20452138711387,32.57202938738387],[-95.16503915319153,32.544539477284765],[-95.1542712712127,32.570311268002676],[-95.13991409524095,32.55055289511895],[-95.07889609736097,32.555707253262526],[-95.0106995114951,32.51619050749507],[-94.98557445354453,32.53766699975999],[-94.98557445354453,32.371009419784194],[-94.98557445354453,32.13820424363243],[-95.4593612606126,32.13562706456064],[-95.4773077305773,32.1467948405384],[-95.46295055460554,32.2017746607366],[-95.48807561255612,32.23527798866988],[-95.44859337863379,32.29541216701166],[-95.44859337863379,32.355546345353446],[-95.50243278852788,32.409667105861054],[-95.59575443234432,32.48011000049],[-95.59575443234432,32.687143385923854]]]}},{"type":"Feature","id":"48425","properties":{"name":"Somervell","county_fips":"48425","state_abbr":"TX"},"geometry":{"type":"Polygon","coordinates":[[[-97.94674199771997,32.23355986928869],[-97.78163447404474,32.316888659276586],[-97.6165269503695,32.31860677865778],[-97.6165269503695,32.2034927801178],[-97.63088412634126,32.20778807857078],[-97.86418823588235,32.08751972188721],[-97.94674199771997,32.23355986928869]]]}},{"type":"Feature","id":"48427","properties":{"name":"Starr","county_fips":"48427","state_abbr":"TX"},"geometry":{"type":"Polygon","coordinates":[[[-99.17069124931248,26.57149744856448],[-99.01276231362313,26.675443671126708],[-98.95533360973609,26.785403311523112],[-98.42411809878098,26.783685192141917],[-98.32002857298572,26.78282613245132],[-98.39540374683746,26.625618209072087],[-98.49231468464684,26.445215674046736],[-98.58563632846328,26.25450442273422],[-98.65383291432914,26.23560510954109],[-98.70049373623736,26.265672198711982],[-98.75433314613146,26.32494731736317],[-98.79022608606085,26.33181979488794],[-98.79740467404673,26.360168764677645],[-98.82611902599025,26.3704774809648],[-98.89072631786317,26.357591585605853],[-98.96610149171491,26.397967391063908],[-99.0091730196302,26.395390211992115],[-99.03788737157372,26.41257140580405],[-99.08095889948899,26.396249271682713],[-99.11326254542544,26.434047898068975],[-99.09172678146781,26.477000882598823],[-99.12761972139721,26.52510822527225],[-99.16710195531955,26.53627600125001],[-99.17069124931248,26.57149744856448]]]}},{"type":"Feature","id":"48429","properties":{"name":"Stephens","county_fips":"48429","state_abbr":"TX"},"geometry":{"type":"Polygon","coordinates":[[[-99.09531607546074,32.95688812877128],[-98.95174431574316,32.95688812877128],[-98.57486844648446,32.95431094969949],[-98.57486844648446,32.51533144780447],[-99.09531607546074,32.51447238811387],[-99.09531607546074,32.95688812877128]]]}},{"type":"Feature","id":"48431","properties":{"name":"Sterling","county_fips":"48431","state_abbr":"TX"},"geometry":{"type":"Polygon","coordinates":[[[-101.2668389411894,31.651117399063985],[-101.26324964719646,32.08751972188721],[-101.18428517935179,32.08751972188721],[-100.82176648606486,32.086660662196614],[-100.82535578005779,31.695788502975027],[-100.86124871998719,31.705238159571593],[-100.86483801398013,31.562634250932504],[-101.2668389411894,31.55662083309833],[-101.2668389411894,31.651117399063985]]]}},{"type":"Feature","id":"48433","properties":{"name":"Stonewall","county_fips":"48433","state_abbr":"TX"},"geometry":{"type":"Polygon","coordinates":[[[-100.51667649666496,33.3975857500475],[-99.99263957369573,33.3975857500475],[-99.9890502797028,32.96032436753367],[-100.1433899213992,32.96032436753367],[-100.5202657906579,32.96290154660546],[-100.51667649666496,33.3975857500475]]]}},{"type":"Feature","id":"48435","properties":{"name":"Sutton","county_fips":"48435","state_abbr":"TX"},"geometry":{"type":"Polygon","coordinates":[[[-100.96174895178952,30.70615173940739],[-100.11467556945568,30.710447037860376],[-100.11467556945568,30.290366849158488],[-100.6997304903049,30.288648729777293],[-100.96174895178952,30.287789670086696],[-100.96174895178952,30.70615173940739]]]}},{"type":"Feature","id":"48437","properties":{"name":"Swisher","county_fips":"48437","state_abbr":"TX"},"geometry":{"type":"Polygon","coordinates":[[[-101.99905491574916,34.74802758366583],[-101.62935763447634,34.74802758366583],[-101.47142869878698,34.74716852397523],[-101.47142869878698,34.3124843205332],[-101.56475034260342,34.3124843205332],[-101.99905491574916,34.3133433802238],[-101.99905491574916,34.74802758366583]]]}},{"type":"Feature","id":"48439","properties":{"name":"Tarrant","county_fips":"48439","state_abbr":"TX"},"geometry":{"type":"Polygon","coordinates":[[[-97.5447410705107,32.99382769546695],[-97.39758001680016,32.991250516395155],[-97.03147202952029,32.98953239701397],[-97.03865061750616,32.54883477573775],[-97.08531143941438,32.54969383542835],[-97.55191965849659,32.555707253262526],[-97.5447410705107,32.99382769546695]]]}},{"type":"Feature","id":"48441","properties":{"name":"Taylor","county_fips":"48441","state_abbr":"TX"},"geometry":{"type":"Polygon","coordinates":[[[-100.14697921539215,32.52306298501984],[-99.6301208804088,32.520485805948056],[-99.6301208804088,32.51447238811387],[-99.6301208804088,32.081506304053036],[-99.71267464224641,32.082365363743634],[-100.1505685093851,32.082365363743634],[-100.14697921539215,32.52306298501984]]]}},{"type":"Feature","id":"48443","properties":{"name":"Terrell","county_fips":"48443","state_abbr":"TX"},"geometry":{"type":"Polygon","coordinates":[[[-101.76934010020099,30.652890038590378],[-101.71191139631395,30.654608157971573],[-101.65089339843398,30.6202457703477],[-101.66525057440573,30.588460561795614],[-101.64730410444103,30.560970651696515],[-101.6796077503775,30.521453905929057],[-101.70114351433514,30.457883488824884],[-101.74062574825747,30.42094392212922],[-101.70114351433514,30.402044608936087],[-101.66883986839868,30.33933325152251],[-101.70114351433514,30.346205729047284],[-101.73703645426454,30.327306415854153],[-101.75857221822217,30.287789670086696],[-101.76216151221512,29.782662572015717],[-101.85189386203861,29.801561885208848],[-101.93085832988329,29.78953504954049],[-101.97392985779857,29.810152482114816],[-102.03494785567855,29.80413906428064],[-102.0493050316503,29.785239751087502],[-102.14262667546674,29.803280004590043],[-102.18210890938909,29.846232989119883],[-102.2287697312973,29.843655810048098],[-102.32209137511374,29.878877257362568],[-102.56616336663366,30.052407314863146],[-102.56616336663366,30.283494371633708],[-102.34362713907139,30.284353431324305],[-102.34362713907139,30.598769278082777],[-102.13903738147381,30.59791021839218],[-102.13903738147381,30.65632627735277],[-101.76934010020099,30.652890038590378]]]}},{"type":"Feature","id":"48445","properties":{"name":"Terry","county_fips":"48445","state_abbr":"TX"},"geometry":{"type":"Polygon","coordinates":[[[-102.59487771857718,33.38813609345093],[-102.0744300896009,33.38985421283212],[-102.0744300896009,32.959465307843075],[-102.20723396733966,32.95860624815248],[-102.59487771857718,32.95860624815248],[-102.59487771857718,33.38813609345093]]]}},{"type":"Feature","id":"48447","properties":{"name":"Throckmorton","county_fips":"48447","state_abbr":"TX"},"geometry":{"type":"Polygon","coordinates":[[[-99.47219194471944,33.399303869428685],[-98.95533360973609,33.3975857500475],[-98.95174431574316,32.95688812877128],[-99.09531607546074,32.95688812877128],[-99.47219194471944,32.95688812877128],[-99.47219194471944,33.399303869428685]]]}},{"type":"Feature","id":"48449","properties":{"name":"Titus","county_fips":"48449","state_abbr":"TX"},"geometry":{"type":"Polygon","coordinates":[[[-95.12555691926919,33.38985421283212],[-95.09325327333273,33.3975857500475],[-95.05018174541745,33.38298173530735],[-95.017878099481,33.39071327252272],[-94.91019927969279,33.383840794997944],[-94.8743063397634,33.39414951128511],[-94.80969904789048,33.36322336242362],[-94.8204669298693,32.98265991948919],[-94.89225280972809,33.025612904019034],[-94.93532433764337,33.07372024669246],[-95.01428880548805,33.07629742576425],[-95.09325327333273,33.03763973968739],[-95.12555691926919,33.034203500925],[-95.12555691926919,33.38985421283212]]]}},{"type":"Feature","id":"48451","properties":{"name":"Tom Green","county_fips":"48451","state_abbr":"TX"},"geometry":{"type":"Polygon","coordinates":[[[-101.2668389411894,31.55662083309833],[-100.86483801398013,31.562634250932504],[-100.86124871998719,31.705238159571593],[-100.82535578005779,31.695788502975027],[-100.23671156521564,31.693211323903235],[-100.23312227122271,31.582392623816233],[-100.11108627546275,31.580674504435038],[-100.11467556945568,31.087574242032417],[-100.68896260832608,31.08671518234182],[-100.69255190231902,31.523976564855644],[-101.2668389411894,31.528271863308625],[-101.2668389411894,31.55662083309833]]]}},{"type":"Feature","id":"48453","properties":{"name":"Travis","county_fips":"48453","state_abbr":"TX"},"geometry":{"type":"Polygon","coordinates":[[[-98.12620669736697,30.426098280272797],[-98.09749234542345,30.46733314542145],[-98.12261740337402,30.484514339233385],[-98.05083152351523,30.62454106880068],[-98.00775999559995,30.627118247872474],[-97.98981352563526,30.609937054060538],[-97.95750987969879,30.62797730756307],[-97.91802764577645,30.604782695916953],[-97.91443835178352,30.580729024580243],[-97.8677775298753,30.546366636956364],[-97.8498310599106,30.472487503565027],[-97.77445588605886,30.430393578725784],[-97.59499118641186,30.50169553304533],[-97.54833036450364,30.47506468263682],[-97.51243742457424,30.485373398923983],[-97.44424083870838,30.461319727587274],[-97.36886566485664,30.419225802748024],[-97.49449095460955,30.207038059170586],[-97.64883059630596,30.067870389293887],[-97.70984859418594,30.02491740476404],[-98.17286751927519,30.356514445334447],[-98.12620669736697,30.426098280272797]]]}},{"type":"Feature","id":"48455","properties":{"name":"Trinity","county_fips":"48455","state_abbr":"TX"},"geometry":{"type":"Polygon","coordinates":[[[-95.43423620266202,31.058366212552123],[-94.95686010160101,31.38652701436014],[-94.96044939559395,31.34872838797387],[-94.89943139771397,31.327251895708955],[-94.87789563375634,31.28343985148851],[-94.89943139771397,31.257668060770605],[-94.85994916379164,31.235332508815084],[-94.86353845778457,31.200970121191204],[-94.84200269382693,31.146849360683603],[-94.93891363163631,31.042044078430777],[-95.20093209312093,30.82470197670976],[-95.2440036210362,30.86679590154901],[-95.25118220902209,30.90631264731647],[-95.31220020690206,30.8977220504105],[-95.32655738287383,30.859923424024238],[-95.39834326273262,30.857346244952446],[-95.38039679276793,30.887413334123337],[-95.43423620266202,30.937238796177958],[-95.43423620266202,31.058366212552123]]]}},{"type":"Feature","id":"48457","properties":{"name":"Tyler","county_fips":"48457","state_abbr":"TX"},"geometry":{"type":"Polygon","coordinates":[[[-94.56203776237761,31.05922527224272],[-94.45794823658237,31.03345348152481],[-94.45076964859648,31.008540750497502],[-94.35026941679416,31.038607839668394],[-94.32155506485064,31.02142664585645],[-94.28566212492125,31.039466899358985],[-94.25694777297772,31.018849466784665],[-94.24259059700597,30.963010586895862],[-94.20310836308363,30.935520676796763],[-94.21387624506245,30.900299229482286],[-94.18157259912599,30.835869752687522],[-94.18157259912599,30.79807112630126],[-94.14567965919659,30.787762410014096],[-94.12055460124601,30.684675247142465],[-94.09184024930249,30.688111485904855],[-94.05235801538015,30.630554486634864],[-94.09184024930249,30.585024323033224],[-94.07030448534485,30.525749204382038],[-94.54409129241292,30.526608264072635],[-94.658948700187,31.011976989259885],[-94.56203776237761,31.05922527224272]]]}},{"type":"Feature","id":"48459","properties":{"name":"Upshur","county_fips":"48459","state_abbr":"TX"},"geometry":{"type":"Polygon","coordinates":[[[-95.15068197721976,32.902767368263675],[-94.71996669806698,32.90448548764487],[-94.70560952209522,32.87957275661756],[-94.70202022810227,32.79280772786727],[-94.70202022810227,32.651921938609384],[-94.74509175601756,32.667385013040125],[-94.8204669298693,32.590928700577],[-94.97480657156571,32.5359488803788],[-94.98557445354453,32.53766699975999],[-95.0106995114951,32.51619050749507],[-95.07889609736097,32.555707253262526],[-95.13991409524095,32.55055289511895],[-95.1542712712127,32.570311268002676],[-95.15068197721976,32.902767368263675]]]}},{"type":"Feature","id":"48461","properties":{"name":"Upton","county_fips":"48461","state_abbr":"TX"},"geometry":{"type":"Polygon","coordinates":[[[-102.31850208112081,31.651117399063985],[-102.28619843518435,31.651117399063985],[-101.77651868818688,31.651117399063985],[-101.77651868818688,31.07984270481704],[-102.3005556111561,31.085856122651222],[-102.30773419914199,31.19839294211942],[-102.31850208112081,31.651117399063985]]]}},{"type":"Feature","id":"48463","properties":{"name":"Uvalde","county_fips":"48463","state_abbr":"TX"},"geometry":{"type":"Polygon","coordinates":[[[-100.11108627546275,29.622877469564692],[-100.01417533765337,29.62373652925529],[-99.60140652846528,29.627172768017672],[-99.41117394683947,29.627172768017672],[-99.4147632408324,29.091119521085204],[-100.11108627546275,29.085965162941626],[-100.11108627546275,29.622877469564692]]]}},{"type":"Feature","id":"48465","properties":{"name":"Val Verde","county_fips":"48465","state_abbr":"TX"},"geometry":{"type":"Polygon","coordinates":[[[-101.75857221822217,30.287789670086696],[-101.00482047970479,30.286930610396098],[-100.96174895178952,30.287789670086696],[-100.6997304903049,30.288648729777293],[-100.6997304903049,29.62373652925529],[-100.6997304903049,29.42013938258382],[-100.71049837228372,29.337669652286515],[-100.74639131221312,29.32821999568995],[-100.74639131221312,29.255199921989217],[-100.79664142811427,29.241454966939664],[-100.8791951899519,29.28183077239772],[-100.88637377793778,29.307602563115623],[-100.94739177581775,29.34711930888308],[-101.01199906769067,29.368595801148004],[-101.05865988959889,29.440756815158146],[-101.05865988959889,29.45879706866068],[-101.15198153341532,29.476837322163213],[-101.17351729737297,29.514635948549483],[-101.25607105921058,29.520649366383658],[-101.24530317723176,29.56961576874768],[-101.25248176521765,29.625454648636484],[-101.27042823518235,29.629749947089465],[-101.29196399913998,29.572192947819474],[-101.31349976309762,29.595387559465593],[-101.30632117511175,29.640917723067226],[-101.36733917299172,29.664112334713344],[-101.41399999489994,29.756890781297805],[-101.44271434684346,29.753454542535422],[-101.47501799277993,29.78094445263452],[-101.52167881468814,29.759467960369598],[-101.54680387263872,29.79726658675586],[-101.57551822458224,29.77407197510975],[-101.70832210232102,29.762904199131988],[-101.76216151221512,29.782662572015717],[-101.75857221822217,30.287789670086696]]]}},{"type":"Feature","id":"48467","properties":{"name":"Van Zandt","county_fips":"48467","state_abbr":"TX"},"geometry":{"type":"Polygon","coordinates":[[[-96.07671982739826,32.83833789146891],[-95.93314806768068,32.83747883177831],[-95.92238018570185,32.81514327982279],[-95.86495148181481,32.77734465343653],[-95.79675489594895,32.775626534055334],[-95.7106118401184,32.74555944488444],[-95.66036172421724,32.71119705726057],[-95.63523666626666,32.720646713857136],[-95.59575443234432,32.687143385923854],[-95.59575443234432,32.48011000049],[-95.50243278852788,32.409667105861054],[-95.44859337863379,32.355546345353446],[-96.07671982739826,32.35726446473464],[-96.07671982739826,32.83833789146891]]]}},{"type":"Feature","id":"48469","properties":{"name":"Victoria","county_fips":"48469","state_abbr":"TX"},"geometry":{"type":"Polygon","coordinates":[[[-97.30425837298372,28.864327762767623],[-96.97763261962619,29.10400541644416],[-96.93815038570385,29.063629610986105],[-96.83047156591566,29.021535686146855],[-96.79098933199332,28.91844852327523],[-96.74073921609215,28.893535792247917],[-96.71202486414863,28.851441867408667],[-96.71920345213452,28.817079479784795],[-96.64382827828278,28.71227419753197],[-96.72279274612745,28.67018027269272],[-96.85200732987329,28.63495882537825],[-96.93097179771797,28.586851482704823],[-96.90225744577445,28.567093109821094],[-96.89148956379563,28.50695893147931],[-96.91661462174622,28.485482439214387],[-96.98122191361914,28.49922739426394],[-97.04582920549205,28.549911916009158],[-97.09249002740027,28.53444884157841],[-97.10684720337203,28.555066274152736],[-97.16068661326612,28.55334815477154],[-97.15350802528025,28.570529348583477],[-97.18222237722377,28.610905154041532],[-97.16068661326612,28.775844614636142],[-97.18581167121671,28.832542554215536],[-97.23247249312493,28.86518682245822],[-97.30425837298372,28.84542844957449],[-97.30425837298372,28.864327762767623]]]}},{"type":"Feature","id":"48471","properties":{"name":"Walker","county_fips":"48471","state_abbr":"TX"},"geometry":{"type":"Polygon","coordinates":[[[-95.61729019630197,30.930366318653178],[-95.43423620266202,31.058366212552123],[-95.43423620266202,30.937238796177958],[-95.38039679276793,30.887413334123337],[-95.39834326273262,30.857346244952446],[-95.32655738287383,30.859923424024238],[-95.35886102881028,30.504272712117114],[-95.36245032280323,30.5085680105701],[-95.59934372633725,30.5094270702607],[-95.82905854188542,30.630554486634864],[-95.86136218782187,30.86421872247722],[-95.78598701397013,30.879681796907967],[-95.71779042810428,30.911467005460047],[-95.65318313623136,30.893426751957513],[-95.61729019630197,30.930366318653178]]]}},{"type":"Feature","id":"48473","properties":{"name":"Waller","county_fips":"48473","state_abbr":"TX"},"geometry":{"type":"Polygon","coordinates":[[[-96.09466629736296,30.22507831267312],[-96.08748770937709,30.22851455143551],[-95.80393348393484,30.245695745247446],[-95.80393348393484,30.09020594124941],[-95.82905854188542,30.08161534434344],[-95.87571936379364,30.121991149801495],[-95.91161230372303,30.12800456763567],[-95.9618624196242,30.163226014950148],[-95.82546924789247,29.788675989849892],[-95.972630301603,29.72854181150811],[-96.03364829948299,29.72768275181751],[-96.04800547545474,29.803280004590043],[-96.10184488534885,29.80929342242422],[-96.11979135531355,29.836783332523318],[-96.09466629736296,29.876300078290775],[-96.12696994329943,29.898635630246297],[-96.12338064930648,29.968219465184646],[-96.08389841538416,30.00515903188031],[-96.14491641326413,30.07044756836568],[-96.19157723517235,30.138313283922834],[-96.15568429524295,30.141749522685224],[-96.1592735892359,30.207038059170586],[-96.09466629736296,30.22507831267312]]]}},{"type":"Feature","id":"48475","properties":{"name":"Ward","county_fips":"48475","state_abbr":"TX"},"geometry":{"type":"Polygon","coordinates":[[[-103.61064791857918,31.651976458754582],[-103.32709369313693,31.651117399063985],[-102.79946747617475,31.651976458754582],[-102.7671638302383,31.651976458754582],[-102.7671638302383,31.293748567775673],[-102.82818182811828,31.26711771736717],[-102.93227135391353,31.350446507355066],[-103.0112358217582,31.371063939929392],[-103.05789664366642,31.385667954669543],[-103.06866452564525,31.365050522095217],[-103.17993263942638,31.370204880238795],[-103.24453993129931,31.389104193431926],[-103.26248640126401,31.427761879508786],[-103.33068298712986,31.412298805078045],[-103.39529027900278,31.431198118271176],[-103.4598975708757,31.428620939199384],[-103.48861192281922,31.459547088060873],[-103.50296909879098,31.505077251662513],[-103.49579051080511,31.550607415264146],[-103.5137369807698,31.582392623816233],[-103.51014768677686,31.626204668036678],[-103.5316834507345,31.642526802158017],[-103.57475497864978,31.63307714556145],[-103.61064791857918,31.651976458754582]]]}},{"type":"Feature","id":"48477","properties":{"name":"Washington","county_fips":"48477","state_abbr":"TX"},"geometry":{"type":"Polygon","coordinates":[[[-96.79457862598626,30.160648835878355],[-96.74073921609215,30.19758840257402],[-96.73356062810628,30.241400446794465],[-96.68689980619806,30.25600446153461],[-96.64023898428984,30.296380266992664],[-96.4212920507205,30.34362854997549],[-96.3136132309323,30.384004355433547],[-96.29925605496055,30.37884999728997],[-96.26695240902409,30.35909162440624],[-96.19875582315822,30.38314529574295],[-96.14850570725707,30.368541281002805],[-96.15568429524295,30.329883594925946],[-96.08748770937709,30.288648729777293],[-96.09466629736296,30.22507831267312],[-96.1592735892359,30.207038059170586],[-96.15568429524295,30.141749522685224],[-96.19157723517235,30.138313283922834],[-96.14491641326413,30.07044756836568],[-96.1592735892359,30.054125434244334],[-96.25977382103821,30.075601926509258],[-96.28848817298173,30.09707841877418],[-96.51820298852988,30.065293210222094],[-96.58639957439574,30.064434150531497],[-96.62229251432514,30.044675777647768],[-96.64741757227571,30.145185761447607],[-96.68331051220511,30.15119917928179],[-96.76586427404274,30.13917234361343],[-96.79457862598626,30.160648835878355]]]}},{"type":"Feature","id":"48479","properties":{"name":"Webb","county_fips":"48479","state_abbr":"TX"},"geometry":{"type":"Polygon","coordinates":[[[-100.21158650726507,28.196838383173827],[-100.11467556945568,28.197697442864424],[-99.39322747687477,28.204569920389197],[-99.38963818288182,28.03018080319803],[-98.80458326203262,28.057670713297128],[-98.79740467404673,27.354100826698264],[-98.79740467404673,27.26819485763857],[-98.95533360973609,27.269053917329167],[-99.33220947899478,27.273349215782154],[-99.37169171291713,27.318879379383787],[-99.45424547475474,27.264758618876186],[-99.49731700267002,27.27163109640096],[-99.49372770867708,27.303416304953046],[-99.53679923659236,27.312865961549612],[-99.5044955906559,27.338637752267516],[-99.48654912069121,27.412516885658853],[-99.49731700267002,27.439147736067355],[-99.48295982669826,27.49069131750317],[-99.52962064860648,27.49928191440914],[-99.51167417864178,27.564570450894507],[-99.55474570655706,27.614395912949128],[-99.57987076450765,27.60236907728077],[-99.60499582245822,27.641885823048227],[-99.63729946839467,27.62642274861748],[-99.66960311433114,27.65992607655076],[-99.70549605426054,27.654771718407176],[-99.77010334613345,27.732087090560903],[-99.80240699206992,27.74153674715747],[-99.81317487404874,27.774181015400146],[-99.84188922599226,27.766449478184775],[-99.87778216592166,27.79909374642746],[-99.87778216592166,27.842046730957307],[-99.90290722387223,27.86438228291282],[-99.89213934189341,27.899603730227298],[-99.93880016380163,27.94083859537595],[-99.93162157581575,27.981214400834006],[-99.99263957369573,27.99495935588355],[-100.01776463164632,28.0645431908219],[-100.05365757157571,28.08430156370563],[-100.08237192351923,28.144435742047413],[-100.1613363913639,28.16848941338413],[-100.21158650726507,28.196838383173827]]]}},{"type":"Feature","id":"48481","properties":{"name":"Wharton","county_fips":"48481","state_abbr":"TX"},"geometry":{"type":"Polygon","coordinates":[[[-96.17363076520765,29.634045245542453],[-96.10902347333473,29.622877469564692],[-96.08748770937709,29.601400977299768],[-96.05877335743357,29.588515081940812],[-96.04082688746887,29.540407739267387],[-96.05518406344063,29.51205876947769],[-96.02288041750417,29.501750053190527],[-96.05877335743357,29.47340108340083],[-95.972630301603,29.41154878567785],[-95.94750524365243,29.37289109960099],[-95.94750524365243,29.333374353833534],[-95.89366583375833,29.315334100331],[-95.87571936379364,29.266367697966977],[-95.84700501185011,29.262931459204587],[-95.87571936379364,29.229428131271305],[-95.96545171361713,29.146958400974007],[-96.31002393693936,28.963119627186266],[-96.64023898428984,29.24746838477384],[-96.3495061708617,29.406394427534273],[-96.30643464294643,29.514635948549483],[-96.17363076520765,29.634045245542453]]]}},{"type":"Feature","id":"48483","properties":{"name":"Wheeler","county_fips":"48483","state_abbr":"TX"},"geometry":{"type":"Polygon","coordinates":[[[-100.54180155461555,35.61911410993109],[-99.99981816168162,35.61911410993109],[-99.99981816168162,35.4223894407844],[-99.99981816168162,35.18271178710786],[-100.5382122606226,35.18357084679846],[-100.54180155461555,35.61911410993109]]]}},{"type":"Feature","id":"48485","properties":{"name":"Wichita","county_fips":"48485","state_abbr":"TX"},"geometry":{"type":"Polygon","coordinates":[[[-98.95174431574316,34.21283339642396],[-98.91944066980669,34.18190724756247],[-98.85842267192672,34.161289814988145],[-98.8117618500185,34.15871263591635],[-98.76510102811028,34.13637708396083],[-98.68972585425854,34.13294084519845],[-98.64665432634325,34.164726053750535],[-98.61076138641386,34.15699451653516],[-98.57127915249151,34.144967680866806],[-98.48513609666097,34.0624979505695],[-98.42411809878098,34.083974442834425],[-98.42411809878098,33.83570619225192],[-98.95174431574316,33.833988072870724],[-98.95174431574316,34.21283339642396]]]}},{"type":"Feature","id":"48487","properties":{"name":"Wilbarger","county_fips":"48487","state_abbr":"TX"},"geometry":{"type":"Polygon","coordinates":[[[-99.47578123871239,34.08569256221562],[-99.47578123871239,34.396672170211694],[-99.43988829878299,34.37433661825618],[-99.3968167708677,34.37777285701856],[-99.38245959489595,34.45680634855348],[-99.31785230302303,34.407839946189455],[-99.26042359913599,34.403544647736474],[-99.27478077510774,34.384645334543336],[-99.21017348323483,34.33653799186991],[-99.19222701327013,34.21626963518634],[-99.12761972139721,34.218846814258136],[-99.12044113341133,34.2016656204462],[-99.07736960549605,34.211115277042765],[-99.0450659595596,34.19822938168381],[-98.98763725567255,34.22142399332993],[-98.95174431574316,34.21283339642396],[-98.95174431574316,33.833988072870724],[-99.47578123871239,33.833988072870724],[-99.47578123871239,34.08569256221562]]]}},{"type":"Feature","id":"48489","properties":{"name":"Willacy","county_fips":"48489","state_abbr":"TX"},"geometry":{"type":"MultiPolygon","coordinates":[[[[-97.31502625496255,26.599846418354176],[-97.28990119701197,26.600705478044773],[-97.22529390513904,26.411712346113454],[-97.24324037510375,26.411712346113454],[-97.28272260902608,26.542289419084184],[-97.36886566485664,26.556034374133738],[-97.30425837298372,26.579228985779856],[-97.31502625496255,26.599846418354176]]],[[[-97.95750987969879,26.611873254022534],[-97.86059894188942,26.598128298972988],[-97.44065154471544,26.599846418354176],[-97.41552648676486,26.553457195061945],[-97.41193719277193,26.481296181051803],[-97.37963354683546,26.480437121361206],[-97.35091919489194,26.411712346113454],[-97.39040142881429,26.411712346113454],[-97.44783013270133,26.32494731736317],[-97.48013377863778,26.33611509334093],[-97.52320530655307,26.323229197981973],[-97.526794600546,26.299175526645264],[-97.86059894188942,26.348141929009287],[-97.86059894188942,26.433188838378378],[-98.00417070160701,26.448651912809126],[-97.95750987969879,26.611873254022534]]]]}},{"type":"Feature","id":"48491","properties":{"name":"Williamson","county_fips":"48491","state_abbr":"TX"},"geometry":{"type":"Polygon","coordinates":[[[-98.05083152351523,30.62454106880068],[-97.96109917369174,30.7860442906329],[-97.82829529595296,30.90631264731647],[-97.62370553835538,30.870232140311394],[-97.31502625496255,30.75254096269962],[-97.27195472704726,30.735359768887683],[-97.15350802528025,30.457024429134286],[-97.33297272492725,30.402903668626678],[-97.36886566485664,30.419225802748024],[-97.44424083870838,30.461319727587274],[-97.51243742457424,30.485373398923983],[-97.54833036450364,30.47506468263682],[-97.59499118641186,30.50169553304533],[-97.77445588605886,30.430393578725784],[-97.8498310599106,30.472487503565027],[-97.8677775298753,30.546366636956364],[-97.91443835178352,30.580729024580243],[-97.91802764577645,30.604782695916953],[-97.95750987969879,30.62797730756307],[-97.98981352563526,30.609937054060538],[-98.00775999559995,30.627118247872474],[-98.05083152351523,30.62454106880068]]]}},{"type":"Feature","id":"48493","properties":{"name":"Wilson","county_fips":"48493","state_abbr":"TX"},"geometry":{"type":"Polygon","coordinates":[[[-98.40617162881628,29.114314132731323],[-98.14056387333873,29.437320576395756],[-98.13338528535284,29.441615874848743],[-98.12261740337402,29.378904517435167],[-97.83906317793178,29.377186398053972],[-97.85700964789648,29.353132726717263],[-97.72779506415064,29.221696594055935],[-98.19081398923989,28.882368016270156],[-98.40617162881628,29.114314132731323]]]}},{"type":"Feature","id":"48495","properties":{"name":"Winkler","county_fips":"48495","state_abbr":"TX"},"geometry":{"type":"Polygon","coordinates":[[[-103.32709369313693,32.000754693136926],[-103.06507523165232,32.000754693136926],[-103.06507523165232,32.086660662196614],[-102.79946747617475,32.08580160250602],[-102.79946747617475,31.651976458754582],[-103.32709369313693,31.651117399063985],[-103.32709369313693,32.000754693136926]]]}},{"type":"Feature","id":"48497","properties":{"name":"Wise","county_fips":"48497","state_abbr":"TX"},"geometry":{"type":"Polygon","coordinates":[[[-97.91802764577645,33.433666257052565],[-97.48731236662366,33.433666257052565],[-97.38322284082841,33.430230018290175],[-97.39399072280722,33.183679887088864],[-97.39758001680016,32.991250516395155],[-97.5447410705107,32.99382769546695],[-97.9216169397694,33.00155923268232],[-97.91802764577645,33.433666257052565]]]}},{"type":"Feature","id":"48499","properties":{"name":"Wood","county_fips":"48499","state_abbr":"TX"},"geometry":{"type":"Polygon","coordinates":[[[-95.66395101821018,32.96032436753367],[-95.30861091290913,32.96290154660546],[-95.1722177411774,32.96204248691486],[-95.15068197721976,33.013586068350676],[-95.15068197721976,32.902767368263675],[-95.1542712712127,32.570311268002676],[-95.16503915319153,32.544539477284765],[-95.20452138711387,32.57202938738387],[-95.23682503305032,32.56086161140611],[-95.34450385283853,32.608968954079536],[-95.38398608676086,32.601237416864166],[-95.38398608676086,32.601237416864166],[-95.39834326273262,32.605532715317146],[-95.39834326273262,32.605532715317146],[-95.40193255672557,32.606391775007744],[-95.40193255672557,32.60467365562655],[-95.40193255672557,32.606391775007744],[-95.40193255672557,32.60467365562655],[-95.4055218507185,32.60467365562655],[-95.4055218507185,32.60467365562655],[-95.4055218507185,32.605532715317146],[-95.4055218507185,32.605532715317146],[-95.40911114471145,32.605532715317146],[-95.40911114471145,32.605532715317146],[-95.47012914259142,32.605532715317146],[-95.59575443234432,32.687143385923854],[-95.63523666626666,32.720646713857136],[-95.66395101821018,32.96032436753367]]]}},{"type":"Feature","id":"48501","properties":{"name":"Yoakum","county_fips":"48501","state_abbr":"TX"},"geometry":{"type":"Polygon","coordinates":[[[-103.05789664366642,33.38813609345093],[-102.59487771857718,33.38813609345093],[-102.59487771857718,32.95860624815248],[-103.06507523165232,32.959465307843075],[-103.05789664366642,33.26013619955199],[-103.05789664366642,33.38813609345093]]]}},{"type":"Feature","id":"48503","properties":{"name":"Young","county_fips":"48503","state_abbr":"TX"},"geometry":{"type":"Polygon","coordinates":[[[-98.95533360973609,33.3975857500475],[-98.42052880478805,33.3958676306663],[-98.42770739277393,33.0075726505165],[-98.42770739277393,32.952592830318295],[-98.57486844648446,32.95431094969949],[-98.95174431574316,32.95688812877128],[-98.95533360973609,33.3975857500475]]]}},{"type":"Feature","id":"48505","properties":{"name":"Zapata","county_fips":"48505","state_abbr":"TX"},"geometry":{"type":"Polygon","coordinates":[[[-99.45424547475474,27.264758618876186],[-99.37169171291713,27.318879379383787],[-99.33220947899478,27.273349215782154],[-98.95533360973609,27.269053917329167],[-98.95533360973609,26.785403311523112],[-99.01276231362313,26.675443671126708],[-99.17069124931248,26.57149744856448],[-99.17786983729837,26.620463850928502],[-99.199405601256,26.656544357933576],[-99.21017348323483,26.72441007349073],[-99.23888783517835,26.745886565755654],[-99.24247712917129,26.787980490594904],[-99.26760218712187,26.842960310793103],[-99.32862018500184,26.879899877488768],[-99.32144159701596,26.906530727897277],[-99.36810241892418,26.92886627985279],[-99.39322747687477,26.960651488404878],[-99.37528100691006,26.977832682216814],[-99.4147632408324,27.01734942798428],[-99.44706688676887,27.023362845818454],[-99.4506561807618,27.06803394972949],[-99.42912041680417,27.094664800138],[-99.43988829878299,27.151362739717392],[-99.42553112281122,27.176275470744706],[-99.45424547475474,27.264758618876186]]]}},{"type":"Feature","id":"48507","properties":{"name":"Zavala","county_fips":"48507","state_abbr":"TX"},"geometry":{"type":"Polygon","coordinates":[[[-100.11108627546275,29.085965162941626],[-99.4147632408324,29.091119521085204],[-99.40758465284652,28.640972243212424],[-100.11467556945568,28.647844720737204],[-100.11108627546275,29.085965162941626]]]}}]}