{"type":"FeatureCollection","features":[{"type":"Feature","id":"51001","properties":{"name":"Accomack","county_fips":"51001","state_abbr":"VA"},"geometry":{"type":"MultiPolygon","coordinates":[[[[-75.66799418354184,37.95060211021109],[-75.64645841958419,37.94716587144871],[-75.62492265562655,37.99441415443154],[-75.24086819838197,38.02705842267422],[-75.29829690226902,37.95919270711706],[-75.35213631216313,37.87500485743857],[-75.38085066410665,37.85181024579245],[-75.39879713407134,37.869850499294984],[-75.45263654396544,37.86383708146081],[-75.5208331298313,37.79683042559425],[-75.56390465774658,37.73669624725247],[-75.60338689166892,37.62845472623726],[-75.59979759767597,37.57347490603905],[-75.67158347753477,37.48327363852638],[-75.67517277152771,37.46351526564265],[-75.71465500545006,37.4497703105931],[-75.81156594325942,37.47382398192981],[-75.78644088530885,37.52880380212802],[-75.83669100121001,37.55457559284592],[-75.93719123301233,37.54942123470234],[-75.9264233510335,37.60010575644756],[-75.86899464714647,37.667971472004716],[-75.80438735527355,37.76246803797037],[-75.81874453124531,37.791676067450666],[-75.74336935739358,37.80628008219082],[-75.68952994749947,37.86211896207961],[-75.68594065350653,37.88617263341633],[-75.75772653336533,37.90421288691886],[-75.66799418354184,37.95060211021109]]],[[[-75.9982092308923,37.84837400703007],[-75.97308417294173,37.83548811167111],[-75.9982092308923,37.81229350002499],[-75.9982092308923,37.84837400703007]]],[[[-75.99461993689937,37.953179289282886],[-76.03410217082171,37.915380662896624],[-76.04487005280052,37.953179289282886],[-75.99461993689937,37.953179289282886]]]]}},{"type":"Feature","id":"51003","properties":{"name":"Albemarle","county_fips":"51003","state_abbr":"VA"},"geometry":{"type":"Polygon","coordinates":[[[-78.8373407793078,38.04767585524855],[-78.77991207542075,38.081179183181824],[-78.78709066340663,38.126709346783464],[-78.74760842948429,38.20660189800898],[-78.71171548955489,38.24010522594225],[-78.65428678566785,38.26072265851658],[-78.66146537365374,38.277903852328514],[-78.36714326623266,38.184266346053455],[-78.2092143305433,38.131004645236445],[-78.25228585845858,38.06313892967929],[-78.30612526835269,38.0064409900999],[-78.49276855598556,37.79683042559425],[-78.49994714397144,37.761608978279774],[-78.61480455174552,37.7555955604456],[-78.64351890368903,37.73326000849008],[-78.68659043160432,37.737555306943065],[-78.66864396163962,37.75903179920799],[-78.8373407793078,38.04767585524855]],[[-78.52148290792908,38.026199362983625],[-78.51789361393614,38.01073628855288],[-78.45328632206322,38.02190406453064],[-78.44969702807028,38.0588436312263],[-78.48558996799967,38.069152347513466],[-78.52148290792908,38.026199362983625]]]}},{"type":"Feature","id":"51510","properties":{"name":"Alexandria","county_fips":"51510","state_abbr":"VA"},"geometry":{"type":"Polygon","coordinates":[[[-77.11089036870368,38.84316512874128],[-77.04269378283783,38.83972888997889],[-77.03910448884488,38.79162154730547],[-77.03910448884488,38.785608129471285],[-77.09294389873898,38.80278932328323],[-77.13601542665427,38.79849402483024],[-77.14319401464014,38.82598393492934],[-77.11089036870368,38.84316512874128]]]}},{"type":"Feature","id":"51005","properties":{"name":"Alleghany","county_fips":"51005","state_abbr":"VA"},"geometry":{"type":"Polygon","coordinates":[[[-80.05770073690736,37.95232022959229],[-80.00386132701327,37.96005176680766],[-79.9356647411474,37.954038348973484],[-79.88900391923919,37.8930451109411],[-79.80645015740157,37.881018275272744],[-79.74902145351453,37.88531357372573],[-79.69159274962749,37.84407870857708],[-79.64852122171222,37.87414579774797],[-79.60544969379694,37.86211896207961],[-79.67364627966279,37.76332709766097],[-79.81721803938039,37.80112572404723],[-79.91771827118271,37.70147479993799],[-80.02180779697797,37.64735403943039],[-80.03257567895679,37.66023993478934],[-80.14384379273793,37.59666951768517],[-80.21921896658966,37.62759566654666],[-80.28023696446964,37.656803696026955],[-80.2945941404414,37.692025143341425],[-80.25152261252612,37.72552847127471],[-80.25870120051201,37.756454620136196],[-80.18332602666027,37.85266930548305],[-80.05770073690736,37.95232022959229]],[[-80.00745062100621,37.76074991858918],[-79.99309344503445,37.74786402323023],[-79.96796838708387,37.803702903119024],[-79.98591485704857,37.81401161940619],[-80.00745062100621,37.76074991858918]]]}},{"type":"Feature","id":"51007","properties":{"name":"Amelia","county_fips":"51007","state_abbr":"VA"},"geometry":{"type":"Polygon","coordinates":[[[-78.23433938849388,37.368159639986395],[-78.18408927259273,37.44461595244952],[-78.13383915669156,37.45492466873668],[-78.0656425708257,37.45234748966489],[-78.01539245492455,37.47210586254862],[-78.01539245492455,37.491864235432345],[-77.90053504715047,37.47554210131101],[-77.86464210722107,37.456642788117875],[-77.85387422524225,37.417985102041015],[-77.8754099891999,37.41712604235042],[-77.87899928319283,37.3664415206052],[-77.83592775527755,37.3380925508155],[-77.79644552135521,37.333797252362515],[-77.80721340333403,37.30458922288222],[-77.76055258142581,37.26936777556775],[-77.70312387753877,37.29599862597625],[-77.64928446764468,37.265072477114764],[-77.74619540545405,37.19291146310462],[-77.79644552135521,37.19291146310462],[-77.82515987329873,37.20236111970119],[-78.23075009450095,37.29599862597625],[-78.23433938849388,37.368159639986395]]]}},{"type":"Feature","id":"51009","properties":{"name":"Amherst","county_fips":"51009","state_abbr":"VA"},"geometry":{"type":"Polygon","coordinates":[[[-79.43675287612876,37.6172869502595],[-79.34702052630526,37.66023993478934],[-79.26446676446764,37.795112306213056],[-79.23216311853118,37.81315255971559],[-79.21062735457355,37.78909888837888],[-79.1711451206512,37.80284384342843],[-79.13884147471474,37.81401161940619],[-79.11012712277123,37.78480358992589],[-79.07064488884889,37.77793111240112],[-79.06705559485594,37.72037411313112],[-78.98450183301833,37.695461382103815],[-78.89835877718777,37.54426687655876],[-78.86964442524425,37.541689697486966],[-78.89476948319484,37.51334072769727],[-78.97732324503245,37.468669623786234],[-79.02039477294772,37.429152878018776],[-79.07064488884889,37.4214213408034],[-79.08500206482064,37.3947904903949],[-79.12089500475004,37.39822672915729],[-79.18550229662296,37.46609244471444],[-79.2249845305453,37.506468250172496],[-79.29677041040411,37.50131389202891],[-79.33625264432644,37.515058847078464],[-79.3685562902629,37.55113935408353],[-79.37932417224172,37.59065609985099],[-79.43675287612876,37.6172869502595]]]}},{"type":"Feature","id":"51011","properties":{"name":"Appomattox","county_fips":"51011","state_abbr":"VA"},"geometry":{"type":"Polygon","coordinates":[[[-78.86964442524425,37.541689697486966],[-78.82657289732897,37.55285747346473],[-78.70453690156901,37.45578372842728],[-78.68300113761137,37.429152878018776],[-78.63634031570315,37.41626698265982],[-78.62916172771727,37.38448177410773],[-78.59326878778788,37.39822672915729],[-78.59326878778788,37.344965028340276],[-78.62557243372433,37.32177041669416],[-78.68300113761137,37.248750342993425],[-78.73325125351253,37.22040137320373],[-78.77632278142781,37.228991970109696],[-78.82298360333603,37.20493829877298],[-78.8552872492725,37.21181077629776],[-78.86246583725837,37.24015974608746],[-78.91989454114541,37.245314104231035],[-78.92707312913129,37.27709931278312],[-79.02039477294772,37.429152878018776],[-78.97732324503245,37.468669623786234],[-78.89476948319484,37.51334072769727],[-78.86964442524425,37.541689697486966]]]}},{"type":"Feature","id":"51013","properties":{"name":"Arlington","county_fips":"51013","state_abbr":"VA"},"geometry":{"type":"Polygon","coordinates":[[[-77.11806895668957,38.934225455944556],[-77.03910448884488,38.87151409853098],[-77.04269378283783,38.83972888997889],[-77.11089036870368,38.84316512874128],[-77.15037260262602,38.87580939698396],[-77.17190836658366,38.892990590795904],[-77.11806895668957,38.934225455944556]]]}},{"type":"Feature","id":"51015","properties":{"name":"Augusta","county_fips":"51015","state_abbr":"VA"},"geometry":{"type":"Polygon","coordinates":[[[-79.5121280499805,38.180830107291065],[-79.47982440404404,38.21605155460554],[-79.43675287612876,38.21605155460554],[-79.40803852418524,38.242682405014044],[-79.40803852418524,38.277903852328514],[-79.32548476234761,38.380991015200145],[-79.31112758637586,38.411917164061634],[-79.2249845305453,38.478064760237594],[-78.91271595315953,38.303675643046425],[-78.89476948319484,38.30625282211822],[-78.74760842948429,38.20660189800898],[-78.78709066340663,38.126709346783464],[-78.77991207542075,38.081179183181824],[-78.8373407793078,38.04767585524855],[-78.87323371923719,38.02877654205541],[-78.90553736517364,37.94630681175811],[-78.94143030510305,37.94029339392393],[-79.00603759697597,37.88187733496334],[-79.0455198308983,37.89046793186931],[-79.06346630086301,37.91709878227782],[-79.15678794467945,37.89132699155991],[-79.18550229662296,37.914521603206026],[-79.48341369803698,38.08633354132541],[-79.49418158001579,38.095783197921975],[-79.43675287612876,38.16278985378853],[-79.47982440404404,38.1705213910039],[-79.52648522595226,38.15162207781077],[-79.5121280499805,38.180830107291065]],[[-79.11371641676416,38.15419925688256],[-79.08500206482064,38.126709346783464],[-79.04910912489125,38.12241404833048],[-79.02039477294772,38.1438905405954],[-79.0096268909689,38.18168916698166],[-79.03475194891949,38.1988703607936],[-79.09218065280652,38.18598446543465],[-79.11371641676416,38.15419925688256]],[[-78.94860889308893,38.069152347513466],[-78.92348383513836,38.0313537211272],[-78.87323371923719,38.04080337772377],[-78.86605513125131,38.095783197921975],[-78.90553736517364,38.100078496374955],[-78.94860889308893,38.069152347513466]]]}},{"type":"Feature","id":"51017","properties":{"name":"Bath","county_fips":"51017","state_abbr":"VA"},"geometry":{"type":"Polygon","coordinates":[[[-79.960789799098,38.06399798936989],[-79.92489685916858,38.106950973899735],[-79.94643262312623,38.13186370492704],[-79.92130756517565,38.17997104760047],[-79.83157521535215,38.24955488253882],[-79.79568227542275,38.26673607635076],[-79.70594992559926,38.22120591274912],[-79.56237816588165,38.1988703607936],[-79.5121280499805,38.180830107291065],[-79.52648522595226,38.15162207781077],[-79.47982440404404,38.1705213910039],[-79.43675287612876,38.16278985378853],[-79.49418158001579,38.095783197921975],[-79.48341369803698,38.08633354132541],[-79.53366381393813,38.00300475133751],[-79.60903898778987,37.93513903578035],[-79.64852122171222,37.87414579774797],[-79.69159274962749,37.84407870857708],[-79.74902145351453,37.88531357372573],[-79.80645015740157,37.881018275272744],[-79.88900391923919,37.8930451109411],[-79.9356647411474,37.954038348973484],[-80.00386132701327,37.96005176680766],[-80.05770073690736,37.95232022959229],[-80.01103991499915,37.98582355752557],[-79.960789799098,38.06399798936989]]]}},{"type":"Feature","id":"51019","properties":{"name":"Bedford","county_fips":"51019","state_abbr":"VA"},"geometry":{"type":"Polygon","coordinates":[[[-79.84593239132391,37.309743581025806],[-79.78850368743687,37.35097844617446],[-79.77773580545805,37.38190459503594],[-79.81362874538745,37.403381087300865],[-79.7562000415004,37.425716639256386],[-79.69159274962749,37.476401161001604],[-79.65928910369104,37.48499175790757],[-79.63416404574045,37.456642788117875],[-79.58750322383223,37.4497703105931],[-79.5659674598746,37.487568936979365],[-79.49777087400874,37.533099100581],[-79.43316358213582,37.572615846348455],[-79.4582886400864,37.60611917428174],[-79.43675287612876,37.6172869502595],[-79.37932417224172,37.59065609985099],[-79.3685562902629,37.55113935408353],[-79.33625264432644,37.515058847078464],[-79.29677041040411,37.50131389202891],[-79.2249845305453,37.506468250172496],[-79.18550229662296,37.46609244471444],[-79.21062735457355,37.468669623786234],[-79.26805605846059,37.43087099739997],[-79.23216311853118,37.3930723710137],[-79.25728817648177,37.35613280431804],[-79.44393146411464,37.05546191260912],[-79.49059228602286,37.05803909168091],[-79.46187793407934,37.02195858467584],[-79.47982440404404,37.0056364505545],[-79.54084240192401,37.04601225601255],[-79.59468181181812,37.04257601725017],[-79.67723557365574,37.15511283671836],[-79.70594992559926,37.151676597955976],[-79.72389639556395,37.19205240341403],[-79.84593239132391,37.225555731347306],[-79.85670027330274,37.26679059649596],[-79.84593239132391,37.309743581025806]]]}},{"type":"Feature","id":"51021","properties":{"name":"Bland","county_fips":"51021","state_abbr":"VA"},"geometry":{"type":"Polygon","coordinates":[[[-81.22422128461284,37.23500538794387],[-81.1129531708317,37.27881743216432],[-80.98014929309292,37.30201204381043],[-80.98014929309292,37.29256238721386],[-81.01245293902939,37.27538119340193],[-80.85452400334003,37.14738129950299],[-80.92989917719177,37.114737031260304],[-80.91195270722707,37.07350216611165],[-81.03398870298703,37.04687131570315],[-81.1129531708317,37.02281764436644],[-81.16679258072581,37.02453576374763],[-81.22422128461284,37.04773037539375],[-81.28523928249282,37.01938140560405],[-81.37856092630926,36.952374749737494],[-81.4359896301963,37.009931749007485],[-81.46111468814688,37.03570353972539],[-81.4000966902669,37.05803909168091],[-81.35702516235162,37.05803909168091],[-81.27088210652106,37.09326053899538],[-81.27088210652106,37.12762292661926],[-81.3283108104081,37.13879070259702],[-81.31395363443634,37.15940813517135],[-81.26370351853518,37.17315309022089],[-81.28523928249282,37.21610607475074],[-81.22422128461284,37.23500538794387]]]}},{"type":"Feature","id":"51023","properties":{"name":"Botetourt","county_fips":"51023","state_abbr":"VA"},"geometry":{"type":"Polygon","coordinates":[[[-80.07564720687206,37.422280400493996],[-80.04693285492854,37.44289783306832],[-80.01103991499915,37.51076354862548],[-79.96796838708387,37.54426687655876],[-80.02898638496384,37.62415942778427],[-80.02180779697797,37.64735403943039],[-79.91771827118271,37.70147479993799],[-79.81721803938039,37.80112572404723],[-79.67364627966279,37.76332709766097],[-79.68800345563456,37.73497812787127],[-79.67005698566986,37.67398488983889],[-79.68441416164161,37.66195805417053],[-79.57314604786048,37.595810457994574],[-79.57673534185342,37.580347383563826],[-79.49777087400874,37.533099100581],[-79.5659674598746,37.487568936979365],[-79.58750322383223,37.4497703105931],[-79.63416404574045,37.456642788117875],[-79.65928910369104,37.48499175790757],[-79.69159274962749,37.476401161001604],[-79.7562000415004,37.425716639256386],[-79.81362874538745,37.403381087300865],[-79.77773580545805,37.38190459503594],[-79.78850368743687,37.35097844617446],[-79.84593239132391,37.309743581025806],[-79.86746815528156,37.32864289421894],[-80.06129003090031,37.40853544544445],[-80.07564720687206,37.422280400493996]]]}},{"type":"Feature","id":"51520","properties":{"name":"Bristol","county_fips":"51520","state_abbr":"VA"},"geometry":{"type":"Polygon","coordinates":[[[-82.24358077860778,36.59586497813977],[-82.17897348673486,36.62679112700126],[-82.11436619486194,36.63881796266962],[-82.14666984079841,36.595005918449175],[-82.24358077860778,36.59586497813977]]]}},{"type":"Feature","id":"51025","properties":{"name":"Brunswick","county_fips":"51025","state_abbr":"VA"},"geometry":{"type":"Polygon","coordinates":[[[-78.047696100861,36.544321396703964],[-78.02616033690337,36.77798563254632],[-78.00462457294573,37.02281764436644],[-77.96873163301633,36.987596197051964],[-77.88976716517165,36.98845525674256],[-77.83951704927048,36.99618679395793],[-77.76414187541876,36.97471030169301],[-77.7138917595176,36.91371706366063],[-77.65646305563055,36.894817750467496],[-77.65646305563055,36.713556155751554],[-77.76773116941169,36.545180456394554],[-77.90053504715047,36.544321396703964],[-78.047696100861,36.544321396703964]]]}},{"type":"Feature","id":"51027","properties":{"name":"Buchanan","county_fips":"51027","state_abbr":"VA"},"geometry":{"type":"Polygon","coordinates":[[[-81.96720514115141,37.537394399033985],[-81.92772290722907,37.51248166800667],[-81.99233019910199,37.48327363852638],[-81.98874090510905,37.45492466873668],[-81.93490149521494,37.43602535554355],[-81.92772290722907,37.35870998338983],[-81.8774727913279,37.33207913298132],[-81.85234773337733,37.287408029070285],[-81.78774044150441,37.28483084999849],[-81.74466891358914,37.26335435773357],[-81.73749032560325,37.23844162670626],[-81.76261538355384,37.2015020600106],[-81.85593702737027,37.17401214991149],[-81.9025978492785,37.14222694135941],[-81.98874090510905,37.12848198630986],[-82.03540172701727,37.05116661415614],[-82.15025913479134,37.04171695755957],[-82.13590195881959,37.05030755446554],[-82.15743772277723,37.110441732807324],[-82.2364021906219,37.21266983598835],[-82.25075936659367,37.272804014330134],[-82.29383089450894,37.306307342263416],[-82.31536665846659,37.29599862597625],[-81.96720514115141,37.537394399033985]]]}},{"type":"Feature","id":"51029","properties":{"name":"Buckingham","county_fips":"51029","state_abbr":"VA"},"geometry":{"type":"Polygon","coordinates":[[[-78.64351890368903,37.73326000849008],[-78.61480455174552,37.7555955604456],[-78.49994714397144,37.761608978279774],[-78.49276855598556,37.79683042559425],[-78.46405420404204,37.75989085889858],[-78.42098267612675,37.74013248601485],[-78.24151797647976,37.69030702396023],[-78.24869656446565,37.63532720376203],[-78.46405420404204,37.3398106701967],[-78.51071502595026,37.329501953909535],[-78.55019725987259,37.34668314772147],[-78.59326878778788,37.39822672915729],[-78.62916172771727,37.38448177410773],[-78.63634031570315,37.41626698265982],[-78.68300113761137,37.429152878018776],[-78.70453690156901,37.45578372842728],[-78.82657289732897,37.55285747346473],[-78.8014478393784,37.642199681286804],[-78.74042984149841,37.63189096499964],[-78.71889407754077,37.66195805417053],[-78.6399296096961,37.68601172550725],[-78.64351890368903,37.73326000849008]]]}},{"type":"Feature","id":"51530","properties":{"name":"Buena Vista","county_fips":"51530","state_abbr":"VA"},"geometry":{"type":"Polygon","coordinates":[[[-79.38291346623465,37.741850605396046],[-79.3326633503335,37.75989085889858],[-79.32548476234761,37.74356872477724],[-79.37214558425585,37.695461382103815],[-79.38291346623465,37.741850605396046]]]}},{"type":"Feature","id":"51031","properties":{"name":"Campbell","county_fips":"51031","state_abbr":"VA"},"geometry":{"type":"Polygon","coordinates":[[[-79.44393146411464,37.05546191260912],[-79.25728817648177,37.35613280431804],[-79.21421664856648,37.33293819267192],[-79.17832370863708,37.34238784926848],[-79.08500206482064,37.3947904903949],[-79.07064488884889,37.4214213408034],[-79.02039477294772,37.429152878018776],[-78.92707312913129,37.27709931278312],[-78.91989454114541,37.245314104231035],[-78.86246583725837,37.24015974608746],[-78.8552872492725,37.21181077629776],[-78.82298360333603,37.20493829877298],[-78.90553736517364,37.02195858467584],[-78.97014465704657,37.05030755446554],[-79.00244830298303,37.03054918158181],[-79.09218065280652,37.0614753304433],[-79.12807359273593,37.089824300233],[-79.18191300263003,37.06920686765867],[-79.2608774704747,37.13105916538165],[-79.29677041040411,37.10442831497314],[-79.3326633503335,37.125904807238065],[-79.4044492301923,37.09154241961419],[-79.4044492301923,37.064052509515086],[-79.44393146411464,37.05546191260912]]]}},{"type":"Feature","id":"51033","properties":{"name":"Caroline","county_fips":"51033","state_abbr":"VA"},"geometry":{"type":"Polygon","coordinates":[[[-77.6421058796588,37.99097791566915],[-77.5164805899059,38.10523285451854],[-77.36931953619536,38.24697770346703],[-77.32624800828007,38.24525958408584],[-77.22574777647776,38.241823345323446],[-77.25087283442834,38.22979650965509],[-77.25446212842128,38.18942070419703],[-77.21497989449894,38.19715224141241],[-77.18985483654836,38.17481668945689],[-77.11447966269662,38.149903958429576],[-77.10730107471075,38.12585028709287],[-77.14319401464014,38.12069592894928],[-77.16831907259072,38.07946106380063],[-77.08935460474605,38.01331346762467],[-77.07140813478135,37.96434706526065],[-77.15037260262602,37.97207860247602],[-77.18267624856249,37.949743050520496],[-77.18267624856249,37.89132699155991],[-77.24010495244953,37.90936724506244],[-77.2472835404354,37.875863917129166],[-77.34419447824477,37.78909888837888],[-77.39803388813888,37.77707205271052],[-77.39444459414594,37.80284384342843],[-77.4267482400824,37.82947469383693],[-77.42315894608946,37.864696141151406],[-77.4446947100471,37.8947632303223],[-77.48417694396943,37.88359545434454],[-77.52724847188472,37.9205350210402],[-77.54519494184942,37.91623972258722],[-77.57749858778588,37.95833364742647],[-77.60980223372233,37.954038348973484],[-77.6421058796588,37.99097791566915]]]}},{"type":"Feature","id":"51035","properties":{"name":"Carroll","county_fips":"51035","state_abbr":"VA"},"geometry":{"type":"Polygon","coordinates":[[[-80.73966659556595,36.879354676036755],[-80.68223789167891,36.894817750467496],[-80.63557706977069,36.93175731716317],[-80.46329095810958,36.70840179760797],[-80.46688025210251,36.6731803502935],[-80.52430895598955,36.643972320813205],[-80.59609483584836,36.66115351462514],[-80.62121989379894,36.618200530095294],[-80.61045201182012,36.55806635175351],[-80.70377365563655,36.5623616502065],[-80.83657753337533,36.55892541144411],[-80.91554200122,36.64998573864738],[-80.8796490612906,36.69293872317723],[-80.91913129521295,36.693797782867826],[-80.9334884711847,36.671462230912304],[-81.04116729097291,36.806334602336015],[-80.85093470934709,36.84928758686586],[-80.73966659556595,36.879354676036755]]]}},{"type":"Feature","id":"51036","properties":{"name":"Charles City","county_fips":"51036","state_abbr":"VA"},"geometry":{"type":"Polygon","coordinates":[[[-77.25087283442834,37.38190459503594],[-77.22215848248483,37.406817326063255],[-77.17908695456954,37.49100517574175],[-77.12524754467545,37.47124680285802],[-77.09653319273193,37.44032065399654],[-77.02115801888019,37.41626698265982],[-76.9421935510355,37.410253564825645],[-76.9421935510355,37.383622714417136],[-76.90271131711317,37.40424014699146],[-76.90271131711317,37.37760929658296],[-76.90988990509905,37.348401267102666],[-76.87399696516965,37.3655824609146],[-76.87399696516965,37.26077717866178],[-76.9421935510355,37.234146328253274],[-76.97090790297902,37.248750342993425],[-77.01039013690136,37.30544828257282],[-77.0678188407884,37.26936777556775],[-77.0857653107531,37.310602640716404],[-77.12524754467545,37.302871103501026],[-77.27240859838598,37.32091135700357],[-77.25087283442834,37.38190459503594]]]}},{"type":"Feature","id":"51037","properties":{"name":"Charlotte","county_fips":"51037","state_abbr":"VA"},"geometry":{"type":"Polygon","coordinates":[[[-78.82298360333603,37.20493829877298],[-78.77632278142781,37.228991970109696],[-78.73325125351253,37.22040137320373],[-78.68300113761137,37.248750342993425],[-78.69376901959019,37.20407923908238],[-78.64351890368903,37.19462958248582],[-78.63634031570315,37.16971685145851],[-78.58250090580906,37.140508821978216],[-78.54660796587966,37.15081753826538],[-78.5143043199432,37.13277728476284],[-78.48200067400674,37.08552900178001],[-78.4425184400844,37.079515583945835],[-78.49276855598556,36.89138151170511],[-78.64710819768197,36.698093081320806],[-78.69017972559725,36.74190512554125],[-78.66505466764667,36.764240677496765],[-78.68659043160432,36.82437485583855],[-78.67223325563255,36.85787818377183],[-78.75119772347723,36.91973048149481],[-78.72607266552666,36.93777073499734],[-78.74042984149841,37.00134115210152],[-78.7942692513925,36.95581098849988],[-78.81580501535015,36.984159958289574],[-78.90194807118071,36.97986465983659],[-78.90553736517364,37.02195858467584],[-78.82298360333603,37.20493829877298]]]}},{"type":"Feature","id":"51540","properties":{"name":"Charlottesville","county_fips":"51540","state_abbr":"VA"},"geometry":{"type":"Polygon","coordinates":[[[-78.52148290792908,38.026199362983625],[-78.48558996799967,38.069152347513466],[-78.44969702807028,38.0588436312263],[-78.45328632206322,38.02190406453064],[-78.51789361393614,38.01073628855288],[-78.52148290792908,38.026199362983625]]]}},{"type":"Feature","id":"51550","properties":{"name":"Chesapeake","county_fips":"51550","state_abbr":"VA"},"geometry":{"type":"Polygon","coordinates":[[[-76.42174592205922,36.8664687806778],[-76.38226368813687,36.837260751197505],[-76.40379945209452,36.814066139551386],[-76.375085100151,36.78571716976169],[-76.29253133831338,36.798603065120645],[-76.28894204432044,36.821797676766764],[-76.22433475244752,36.8398379302693],[-76.20279898848989,36.76939503564035],[-76.1417809906099,36.75736819997199],[-76.08076299272993,36.71269709606096],[-76.06999511075111,36.67747564874648],[-76.12024522665226,36.66544881307812],[-76.1238345206452,36.55033481453814],[-76.31406710227103,36.55033481453814],[-76.48994250792508,36.55033481453814],[-76.45763886198861,36.81664331862318],[-76.42174592205922,36.8664687806778]]]}},{"type":"Feature","id":"51041","properties":{"name":"Chesterfield","county_fips":"51041","state_abbr":"VA"},"geometry":{"type":"Polygon","coordinates":[[[-77.85387422524225,37.417985102041015],[-77.80721340333403,37.42657569894698],[-77.79644552135521,37.45921996718967],[-77.65646305563055,37.56402524944249],[-77.59544505775058,37.55543465253652],[-77.59544505775058,37.53481721996219],[-77.52724847188472,37.5322400408904],[-77.50571270792707,37.467810564095636],[-77.41956965209651,37.44719313152131],[-77.38726600616006,37.387058953179526],[-77.31189083230832,37.37331399812997],[-77.27958718637186,37.35183750586505],[-77.25087283442834,37.38190459503594],[-77.27240859838598,37.32091135700357],[-77.2831764803648,37.31317981978819],[-77.33342659626597,37.31232076009759],[-77.35137306623066,37.31232076009759],[-77.37649812418124,37.24445504454044],[-77.40521247612476,37.237582567015664],[-77.38367671216712,37.24273692515924],[-77.36931953619536,37.298575805048046],[-77.43033753407533,37.276240253092524],[-77.41598035810358,37.23328726856268],[-77.44828400404003,37.222978552275514],[-77.52006988389884,37.21696513444134],[-77.55955211782117,37.225555731347306],[-77.61339152771528,37.271085894948946],[-77.64928446764468,37.265072477114764],[-77.70312387753877,37.29599862597625],[-77.76055258142581,37.26936777556775],[-77.80721340333403,37.30458922288222],[-77.79644552135521,37.333797252362515],[-77.83592775527755,37.3380925508155],[-77.87899928319283,37.3664415206052],[-77.8754099891999,37.41712604235042],[-77.85387422524225,37.417985102041015]]]}},{"type":"Feature","id":"51043","properties":{"name":"Clarke","county_fips":"51043","state_abbr":"VA"},"geometry":{"type":"Polygon","coordinates":[[[-78.03333892488925,39.26496343682436],[-77.82874916729168,39.13266824447244],[-77.86105281322813,39.081124663036626],[-77.96155304503044,39.01411800717006],[-78.00462457294573,38.97975561954619],[-78.05846398283983,39.01927236531365],[-78.09794621676217,39.01325894747947],[-78.15178562665626,39.03645355912558],[-78.07282115881159,39.178198408074074],[-78.07641045280452,39.204829258482576],[-78.03333892488925,39.26496343682436]]]}},{"type":"Feature","id":"51570","properties":{"name":"Colonial Heights","county_fips":"51570","state_abbr":"VA"},"geometry":{"type":"Polygon","coordinates":[[[-77.40521247612476,37.237582567015664],[-77.41598035810358,37.23328726856268],[-77.43033753407533,37.276240253092524],[-77.36931953619536,37.298575805048046],[-77.38367671216712,37.24273692515924],[-77.40521247612476,37.237582567015664]]]}},{"type":"Feature","id":"51580","properties":{"name":"Covington","county_fips":"51580","state_abbr":"VA"},"geometry":{"type":"Polygon","coordinates":[[[-80.00745062100621,37.76074991858918],[-79.98591485704857,37.81401161940619],[-79.96796838708387,37.803702903119024],[-79.99309344503445,37.74786402323023],[-80.00745062100621,37.76074991858918]]]}},{"type":"Feature","id":"51045","properties":{"name":"Craig","county_fips":"51045","state_abbr":"VA"},"geometry":{"type":"Polygon","coordinates":[[[-80.21921896658966,37.62759566654666],[-80.14384379273793,37.59666951768517],[-80.03257567895679,37.66023993478934],[-80.02180779697797,37.64735403943039],[-80.02898638496384,37.62415942778427],[-79.96796838708387,37.54426687655876],[-80.01103991499915,37.51076354862548],[-80.04693285492854,37.44289783306832],[-80.07564720687206,37.422280400493996],[-80.14743308673087,37.38276365472654],[-80.20127249662497,37.37846835627356],[-80.26229049450494,37.341528789577886],[-80.32330849238492,37.36901869967699],[-80.43098731217312,37.31661605855058],[-80.4740588400884,37.42399851987519],[-80.29818343443434,37.50818636955369],[-80.28382625846258,37.533099100581],[-80.3304870803708,37.53653533934339],[-80.32689778637786,37.56402524944249],[-80.26229049450494,37.59323327892278],[-80.21921896658966,37.62759566654666]]]}},{"type":"Feature","id":"51047","properties":{"name":"Culpeper","county_fips":"51047","state_abbr":"VA"},"geometry":{"type":"Polygon","coordinates":[[[-77.93642798707987,38.69626592164921],[-77.90771363513635,38.697124981339805],[-77.87182069520695,38.64815857897578],[-77.8574635192352,38.557957311463106],[-77.81439199131991,38.53046740136401],[-77.73542752347524,38.41277622375223],[-77.69235599555995,38.426521178801785],[-77.63492729167291,38.41019904468044],[-77.61698082170821,38.36810511984119],[-77.64569517365173,38.37841383612835],[-77.70312387753877,38.361232642316416],[-77.77132046340463,38.3930178508685],[-77.78208834538346,38.364668881078806],[-77.82874916729168,38.38185007489074],[-77.90771363513635,38.38185007489074],[-77.91130292912929,38.37068229891298],[-78.0297496308963,38.32858837407373],[-78.03692821888218,38.31226623995239],[-78.09435692276922,38.311407180261796],[-78.0835890407904,38.327729314383134],[-78.11948198071981,38.36896417953179],[-78.09794621676217,38.38614537334373],[-78.11948198071981,38.434252716017156],[-78.23075009450095,38.5321855207452],[-78.17691068460684,38.52101774476744],[-78.09076762877629,38.59747405723056],[-77.93642798707987,38.69626592164921]]]}},{"type":"Feature","id":"51049","properties":{"name":"Cumberland","county_fips":"51049","state_abbr":"VA"},"geometry":{"type":"Polygon","coordinates":[[[-78.46405420404204,37.3398106701967],[-78.24869656446565,37.63532720376203],[-78.24151797647976,37.69030702396023],[-78.18049997859978,37.745286844158436],[-78.15896421464214,37.748723082920826],[-78.1015355107551,37.71607881467814],[-78.10871409874099,37.67999830767307],[-78.07282115881159,37.65766275571755],[-78.08717833478335,37.62845472623726],[-78.13383915669156,37.45492466873668],[-78.18408927259273,37.44461595244952],[-78.23433938849388,37.368159639986395],[-78.32048244432444,37.30888452133521],[-78.34201820828208,37.31919323762237],[-78.39585761817618,37.30544828257282],[-78.46405420404204,37.3398106701967]]]}},{"type":"Feature","id":"51590","properties":{"name":"Danville","county_fips":"51590","state_abbr":"VA"},"geometry":{"type":"Polygon","coordinates":[[[-79.34343123231233,36.540885157941574],[-79.46905652206522,36.540885157941574],[-79.4582886400864,36.57696566494664],[-79.51930663796638,36.60359651535515],[-79.50136016800168,36.618200530095294],[-79.422395700157,36.60101933628336],[-79.39727064220642,36.643972320813205],[-79.36496699626996,36.60789181380813],[-79.3326633503335,36.601878395973955],[-79.30394899838998,36.57009318742187],[-79.33625264432644,36.57181130680306],[-79.34343123231233,36.540885157941574]]]}},{"type":"Feature","id":"51051","properties":{"name":"Dickenson","county_fips":"51051","state_abbr":"VA"},"geometry":{"type":"Polygon","coordinates":[[[-82.55226006200061,37.203220179391785],[-82.4876527701277,37.23156914918149],[-82.35484889238892,37.265072477114764],[-82.31536665846659,37.29599862597625],[-82.29383089450894,37.306307342263416],[-82.25075936659367,37.272804014330134],[-82.2364021906219,37.21266983598835],[-82.15743772277723,37.110441732807324],[-82.13590195881959,37.05030755446554],[-82.15025913479134,37.04171695755957],[-82.19691995669956,37.03140824127241],[-82.26152724857248,36.98931431643316],[-82.28665230652307,36.998763973029725],[-82.3261345404454,36.971274062930625],[-82.3620274803748,36.95581098849988],[-82.3799739503395,36.98072371952719],[-82.48047418214182,37.02281764436644],[-82.49483135811357,37.059757211062106],[-82.54508147401474,37.12504574754747],[-82.55226006200061,37.203220179391785]]]}},{"type":"Feature","id":"51053","properties":{"name":"Dinwiddie","county_fips":"51053","state_abbr":"VA"},"geometry":{"type":"Polygon","coordinates":[[[-77.79644552135521,37.19291146310462],[-77.74619540545405,37.19291146310462],[-77.64928446764468,37.265072477114764],[-77.61339152771528,37.271085894948946],[-77.55955211782117,37.225555731347306],[-77.52006988389884,37.21696513444134],[-77.44828400404003,37.222978552275514],[-77.45546259202592,37.187757104961044],[-77.39803388813888,37.17057591114911],[-77.39803388813888,36.99275055519555],[-77.62057011570116,36.87763655665556],[-77.65646305563055,36.894817750467496],[-77.7138917595176,36.91371706366063],[-77.76414187541876,36.97471030169301],[-77.83951704927048,36.99618679395793],[-77.88976716517165,36.98845525674256],[-77.90053504715047,37.1439450607406],[-77.79644552135521,37.19291146310462]]]}},{"type":"Feature","id":"51595","properties":{"name":"Emporia","county_fips":"51595","state_abbr":"VA"},"geometry":{"type":"Polygon","coordinates":[[[-77.55596282382824,36.713556155751554],[-77.52006988389884,36.71269709606096],[-77.50930200192002,36.682630006890065],[-77.55596282382824,36.67489846967469],[-77.55596282382824,36.713556155751554]]]}},{"type":"Feature","id":"51057","properties":{"name":"Essex","county_fips":"51057","state_abbr":"VA"},"geometry":{"type":"Polygon","coordinates":[[[-77.11447966269662,38.149903958429576],[-77.06064025280253,38.161930794097934],[-77.03192590085901,38.09148789946899],[-77.00321154891549,38.10866909328092],[-76.93860425704257,38.076883884728844],[-76.9063006111061,37.99870945288452],[-76.9063006111061,37.972937662166615],[-76.80580037930379,37.89648134970349],[-76.734014499445,37.798548544975446],[-76.68376438354383,37.77019957518574],[-76.7519609694097,37.7289647100371],[-76.80580037930379,37.795112306213056],[-76.87399696516965,37.7830854705447],[-76.9063006111061,37.795971365903654],[-76.9421935510355,37.7830854705447],[-76.94578284502845,37.82775657445574],[-77.00321154891549,37.83634717136171],[-77.04269378283783,37.86899143960439],[-77.02115801888019,37.88531357372573],[-77.03192590085901,37.92568937918379],[-77.07140813478135,37.96434706526065],[-77.08935460474605,38.01331346762467],[-77.16831907259072,38.07946106380063],[-77.14319401464014,38.12069592894928],[-77.10730107471075,38.12585028709287],[-77.11447966269662,38.149903958429576]]]}},{"type":"Feature","id":"51600","properties":{"name":"Fairfax","county_fips":"51600","state_abbr":"VA"},"geometry":{"type":"Polygon","coordinates":[[[-77.33342659626597,38.85605102410023],[-77.29394436234362,38.87151409853098],[-77.26881930439305,38.84058794966949],[-77.3190694202942,38.834574531835315],[-77.33342659626597,38.85605102410023]]]}},{"type":"Feature","id":"51059","properties":{"name":"Fairfax","county_fips":"51059","state_abbr":"VA"},"geometry":{"type":"Polygon","coordinates":[[[-77.5344270598706,38.847460427194264],[-77.32983730227302,39.05793005139051],[-77.2472835404354,39.02700390252902],[-77.25087283442834,38.985769037380365],[-77.22215848248483,38.97116502264022],[-77.15037260262602,38.966010664496636],[-77.11806895668957,38.934225455944556],[-77.17190836658366,38.892990590795904],[-77.15037260262602,38.87580939698396],[-77.11089036870368,38.84316512874128],[-77.14319401464014,38.82598393492934],[-77.13601542665427,38.79849402483024],[-77.09294389873898,38.80278932328323],[-77.03910448884488,38.785608129471285],[-77.04269378283783,38.71860147360473],[-77.0857653107531,38.70571557824577],[-77.13242613266132,38.67393036969369],[-77.12883683866839,38.63527268361683],[-77.20062271852719,38.61723243011429],[-77.22215848248483,38.63784986268862],[-77.27599789237892,38.69454780226802],[-77.36214094820949,38.72203771236712],[-77.43392682806828,38.77959471163711],[-77.49494482594825,38.79849402483024],[-77.50930200192002,38.84144700936009],[-77.5344270598706,38.847460427194264]],[[-77.33342659626597,38.85605102410023],[-77.3190694202942,38.834574531835315],[-77.26881930439305,38.84058794966949],[-77.29394436234362,38.87151409853098],[-77.33342659626597,38.85605102410023]]]}},{"type":"Feature","id":"51610","properties":{"name":"Falls Church","county_fips":"51610","state_abbr":"VA"},"geometry":{"type":"Polygon","coordinates":[[[-77.17190836658366,38.892990590795904],[-77.15037260262602,38.87580939698396],[-77.17190836658366,38.892990590795904],[-77.17190836658366,38.892990590795904]]]}},{"type":"Feature","id":"51061","properties":{"name":"Fauquier","county_fips":"51061","state_abbr":"VA"},"geometry":{"type":"Polygon","coordinates":[[[-78.00462457294573,38.97975561954619],[-77.96155304503044,39.01411800717006],[-77.65646305563055,38.942816052850524],[-77.69235599555995,38.88697717296172],[-77.71030246552465,38.823406755857555],[-77.53083776587766,38.55623919208191],[-77.63492729167291,38.46689698425983],[-77.63492729167291,38.41019904468044],[-77.69235599555995,38.426521178801785],[-77.73542752347524,38.41277622375223],[-77.81439199131991,38.53046740136401],[-77.8574635192352,38.557957311463106],[-77.87182069520695,38.64815857897578],[-77.90771363513635,38.697124981339805],[-77.93642798707987,38.69626592164921],[-78.01539245492455,38.7271920705107],[-78.02616033690337,38.79591684575845],[-78.05128539485395,38.79935308452084],[-78.13024986269862,38.8646416210062],[-78.06205327683277,38.892131531105306],[-78.07641045280452,38.91274896367963],[-78.00462457294573,38.97975561954619]]]}},{"type":"Feature","id":"51063","properties":{"name":"Floyd","county_fips":"51063","state_abbr":"VA"},"geometry":{"type":"Polygon","coordinates":[[[-80.54225542595425,36.98501901798017],[-80.51713036800368,37.01079080869808],[-80.47046954609546,36.99360961488614],[-80.43457660616606,37.01680422653226],[-80.41304084220842,37.003059271482705],[-80.3484335503355,37.02195858467584],[-80.28382625846258,37.07865652425524],[-80.17973673266732,37.11301891187911],[-80.12948661676616,37.12332762816627],[-80.10795085280853,37.07779746456464],[-80.12230802878028,36.991032435814354],[-80.14384379273793,36.9497975706657],[-80.17255814468145,36.952374749737494],[-80.19768320263202,36.901690227992276],[-80.23716543655436,36.87248219851198],[-80.29100484644846,36.85787818377183],[-80.34484425634255,36.813207079860796],[-80.38791578425784,36.79774400543005],[-80.39509437224372,36.74448230461304],[-80.44534448814488,36.74791854337543],[-80.46329095810958,36.70840179760797],[-80.63557706977069,36.93175731716317],[-80.59609483584836,36.94292509314093],[-80.54225542595425,36.98501901798017]]]}},{"type":"Feature","id":"51065","properties":{"name":"Fluvanna","county_fips":"51065","state_abbr":"VA"},"geometry":{"type":"Polygon","coordinates":[[[-78.49276855598556,37.79683042559425],[-78.30612526835269,38.0064409900999],[-78.23075009450095,37.97895108000079],[-78.06205327683277,37.90507194660946],[-78.15537492064921,37.76332709766097],[-78.15896421464214,37.748723082920826],[-78.18049997859978,37.745286844158436],[-78.24151797647976,37.69030702396023],[-78.42098267612675,37.74013248601485],[-78.46405420404204,37.75989085889858],[-78.49276855598556,37.79683042559425]]]}},{"type":"Feature","id":"51620","properties":{"name":"Franklin","county_fips":"51620","state_abbr":"VA"},"geometry":{"type":"Polygon","coordinates":[[[-76.9242470810708,36.70754273791737],[-76.92783637506375,36.7006702603926],[-76.92783637506375,36.699811200702],[-76.92783637506375,36.7006702603926],[-76.92783637506375,36.699811200702],[-76.9242470810708,36.699811200702],[-76.9242470810708,36.699811200702],[-76.92065778707787,36.699811200702],[-76.92065778707787,36.699811200702],[-76.91706849308493,36.699811200702],[-76.91706849308493,36.7006702603926],[-76.91706849308493,36.699811200702],[-76.91706849308493,36.7006702603926],[-76.91706849308493,36.699811200702],[-76.91706849308493,36.7006702603926],[-76.91706849308493,36.694656842558416],[-76.91706849308493,36.694656842558416],[-76.9242470810708,36.682630006890065],[-76.9242470810708,36.68348906658066],[-76.9242470810708,36.682630006890065],[-76.9242470810708,36.68348906658066],[-76.90988990509905,36.648267619266186],[-76.96372931499315,36.66716693245932],[-76.96731860898609,36.702388379773794],[-76.9242470810708,36.70754273791737]]]}},{"type":"Feature","id":"51067","properties":{"name":"Franklin","county_fips":"51067","state_abbr":"VA"},"geometry":{"type":"Polygon","coordinates":[[[-80.12948661676616,37.12332762816627],[-80.08641508885088,37.16112625455254],[-80.00745062100621,37.172294030530296],[-79.96437909309093,37.137072583215826],[-79.84593239132391,37.225555731347306],[-79.72389639556395,37.19205240341403],[-79.70594992559926,37.151676597955976],[-79.67723557365574,37.15511283671836],[-79.59468181181812,37.04257601725017],[-79.64134263372634,36.856160064390636],[-79.67005698566986,36.82781109460094],[-79.74184286552865,36.80719366202661],[-79.75978933549335,36.78829434883348],[-79.80286086340863,36.79173058759587],[-80.00027203302032,36.83038827367273],[-80.01821850298502,36.78142187130871],[-80.03975426694267,36.79430776666766],[-80.06487932489324,36.84155604965049],[-80.23716543655436,36.87248219851198],[-80.19768320263202,36.901690227992276],[-80.17255814468145,36.952374749737494],[-80.14384379273793,36.9497975706657],[-80.12230802878028,36.991032435814354],[-80.10795085280853,37.07779746456464],[-80.12948661676616,37.12332762816627]]]}},{"type":"Feature","id":"51069","properties":{"name":"Frederick","county_fips":"51069","state_abbr":"VA"},"geometry":{"type":"Polygon","coordinates":[[[-78.50712573195732,39.088856200251996],[-78.4604649100491,39.1137689312793],[-78.40303620616206,39.16703063209631],[-78.43892914609145,39.1979567809578],[-78.39944691216913,39.24434600425003],[-78.42098267612675,39.25723189960899],[-78.33842891428914,39.34829222681226],[-78.36355397223971,39.35774188340883],[-78.34201820828208,39.38866803227032],[-78.35996467824678,39.412721703607026],[-78.34560750227502,39.46598340442404],[-78.227160800508,39.39124521134211],[-78.03333892488925,39.26496343682436],[-78.07641045280452,39.204829258482576],[-78.07282115881159,39.178198408074074],[-78.15178562665626,39.03645355912558],[-78.16255350863509,39.01755424593245],[-78.31330385633856,39.008104589335886],[-78.34560750227502,39.0596481707717],[-78.34560750227502,39.09572867777677],[-78.39226832418323,39.10174209561095],[-78.44969702807028,39.05621193200931],[-78.45328632206322,39.027862962219615],[-78.54301867188671,39.05621193200931],[-78.50712573195732,39.088856200251996]],[[-78.18767856658566,39.174762169311684],[-78.18408927259273,39.130950125091246],[-78.13742845068451,39.18421182590825],[-78.18767856658566,39.204829258482576],[-78.18767856658566,39.174762169311684]]]}},{"type":"Feature","id":"51630","properties":{"name":"Fredericksburg","county_fips":"51630","state_abbr":"VA"},"geometry":{"type":"Polygon","coordinates":[[[-77.44828400404003,38.284776329853294],[-77.51289129591295,38.27962197170971],[-77.53083776587766,38.30883000119],[-77.50212341393414,38.326011195001946],[-77.46623047400473,38.31827965778657],[-77.44828400404003,38.284776329853294]]]}},{"type":"Feature","id":"51640","properties":{"name":"Galax","county_fips":"51640","state_abbr":"VA"},"geometry":{"type":"Polygon","coordinates":[[[-80.9334884711847,36.671462230912304],[-80.91913129521295,36.693797782867826],[-80.8796490612906,36.69293872317723],[-80.91554200122,36.64998573864738],[-80.9334884711847,36.671462230912304]]]}},{"type":"Feature","id":"51071","properties":{"name":"Giles","county_fips":"51071","state_abbr":"VA"},"geometry":{"type":"Polygon","coordinates":[[[-80.98014929309292,37.29256238721386],[-80.91913129521295,37.306307342263416],[-80.85093470934709,37.34668314772147],[-80.88323835528355,37.383622714417136],[-80.85811329733298,37.429152878018776],[-80.85811329733298,37.42829381832818],[-80.78273812348124,37.3947904903949],[-80.76838094750947,37.372454938439375],[-80.62121989379894,37.43344817647176],[-80.55302330793307,37.47382398192981],[-80.5099517800178,37.48155551914518],[-80.49559460404603,37.43516629585295],[-80.4740588400884,37.42399851987519],[-80.43098731217312,37.31661605855058],[-80.47764813408133,37.28483084999849],[-80.60686271782717,37.24445504454044],[-80.80068459344594,37.18002556774567],[-80.85452400334003,37.14738129950299],[-81.01245293902939,37.27538119340193],[-80.98014929309292,37.29256238721386]]]}},{"type":"Feature","id":"51073","properties":{"name":"Gloucester","county_fips":"51073","state_abbr":"VA"},"geometry":{"type":"Polygon","coordinates":[[[-76.65505003160031,37.603541995209945],[-76.59403203372034,37.5880789207792],[-76.5007103899039,37.53653533934339],[-76.43610309803098,37.51419978738787],[-76.45046027400274,37.48499175790757],[-76.44687098000979,37.41970322142221],[-76.40379945209452,37.39994484853848],[-76.44687098000979,37.3664415206052],[-76.40738874608746,37.33293819267192],[-76.38226368813687,37.28568990968909],[-76.34996004220042,37.27366307402073],[-76.41815662806628,37.264213417424166],[-76.49712109591096,37.241018805778054],[-76.60121062170622,37.31403887947879],[-76.65863932559326,37.38018647565475],[-76.71247873548735,37.43173005709056],[-76.66581791357913,37.45578372842728],[-76.64787144361443,37.49615953388533],[-76.66940720757208,37.529662861818615],[-76.65505003160031,37.603541995209945]]]}},{"type":"Feature","id":"51075","properties":{"name":"Goochland","county_fips":"51075","state_abbr":"VA"},"geometry":{"type":"Polygon","coordinates":[[[-78.06205327683277,37.90507194660946],[-78.01539245492455,37.892186051250505],[-77.99026739697396,37.85782366362663],[-77.94719586905869,37.84751494733947],[-77.88976716517165,37.76074991858918],[-77.8323384612846,37.753018381373806],[-77.79644552135521,37.7289647100371],[-77.71030246552465,37.706629158081576],[-77.63133799767998,37.70577009839098],[-77.65287376163761,37.64048156190561],[-77.61698082170821,37.57777020449204],[-77.65646305563055,37.56402524944249],[-77.76055258142581,37.611273532425315],[-77.82157057930579,37.60869635335353],[-77.8323384612846,37.633609084380836],[-77.91130292912929,37.68944796426964],[-77.94719586905869,37.67828018829188],[-77.94360657506574,37.643917800668],[-77.98308880898809,37.62415942778427],[-78.07282115881159,37.65766275571755],[-78.10871409874099,37.67999830767307],[-78.1015355107551,37.71607881467814],[-78.15896421464214,37.748723082920826],[-78.15537492064921,37.76332709766097],[-78.06205327683277,37.90507194660946]]]}},{"type":"Feature","id":"51077","properties":{"name":"Grayson","county_fips":"51077","state_abbr":"VA"},"geometry":{"type":"Polygon","coordinates":[[[-81.64775797577975,36.61218711226112],[-81.60468644786448,36.63795890297902],[-81.53290056800567,36.67661658905588],[-81.5436684499845,36.701529320083196],[-81.43957892418923,36.71699239451394],[-81.38573951429514,36.740187006160056],[-81.26370351853518,36.763381617806175],[-81.18473905069051,36.75822725966259],[-81.08782811288113,36.767676916259155],[-81.08423881888818,36.78829434883348],[-81.04116729097291,36.806334602336015],[-80.9334884711847,36.671462230912304],[-80.91554200122,36.64998573864738],[-80.83657753337533,36.55892541144411],[-80.90118482524825,36.5615025905159],[-81.17756046270462,36.57181130680306],[-81.35343586835869,36.574388485874856],[-81.67647232772327,36.5881334409244],[-81.64775797577975,36.61218711226112]]]}},{"type":"Feature","id":"51079","properties":{"name":"Greene","county_fips":"51079","state_abbr":"VA"},"geometry":{"type":"Polygon","coordinates":[[[-78.48558996799967,38.4213668206582],[-78.45328632206322,38.47548758116581],[-78.43533985209852,38.4497157904479],[-78.4425184400844,38.41019904468044],[-78.42816126411263,38.36724606015059],[-78.34919679626796,38.27704479263792],[-78.28817879838797,38.272749494184936],[-78.36714326623266,38.184266346053455],[-78.66146537365374,38.277903852328514],[-78.55378655386554,38.334601791907915],[-78.54301867188671,38.364668881078806],[-78.48558996799967,38.4213668206582]]]}},{"type":"Feature","id":"51081","properties":{"name":"Greensville","county_fips":"51081","state_abbr":"VA"},"geometry":{"type":"Polygon","coordinates":[[[-77.76773116941169,36.545180456394554],[-77.65646305563055,36.713556155751554],[-77.65646305563055,36.894817750467496],[-77.62057011570116,36.87763655665556],[-77.57749858778588,36.851864765937655],[-77.50930200192002,36.844992288412875],[-77.45905188601886,36.863032541915416],[-77.49135553195532,36.721287692966925],[-77.43033753407533,36.70754273791737],[-77.50212341393414,36.67060317122171],[-77.4626411800118,36.65256291771917],[-77.41598035810358,36.65428103710037],[-77.37649812418124,36.632804544835444],[-77.3549623602236,36.55377105330053],[-77.29753365633655,36.544321396703964],[-77.76773116941169,36.545180456394554]],[[-77.55596282382824,36.713556155751554],[-77.55596282382824,36.67489846967469],[-77.50930200192002,36.682630006890065],[-77.52006988389884,36.71269709606096],[-77.55596282382824,36.713556155751554]]]}},{"type":"Feature","id":"51083","properties":{"name":"Halifax","county_fips":"51083","state_abbr":"VA"},"geometry":{"type":"Polygon","coordinates":[[[-79.21780594255942,36.54174421763217],[-79.09218065280652,37.0614753304433],[-79.00244830298303,37.03054918158181],[-78.97014465704657,37.05030755446554],[-78.90553736517364,37.02195858467584],[-78.90194807118071,36.97986465983659],[-78.81580501535015,36.984159958289574],[-78.7942692513925,36.95581098849988],[-78.74042984149841,37.00134115210152],[-78.72607266552666,36.93777073499734],[-78.75119772347723,36.91973048149481],[-78.67223325563255,36.85787818377183],[-78.68659043160432,36.82437485583855],[-78.66505466764667,36.764240677496765],[-78.69017972559725,36.74190512554125],[-78.64710819768197,36.698093081320806],[-78.6758225496255,36.68864342472424],[-78.71171548955489,36.64139514174141],[-78.71530478354784,36.58126096339963],[-78.73325125351253,36.54174421763217],[-78.79785854538545,36.54174421763217],[-79.13884147471474,36.54174421763217],[-79.21780594255942,36.54174421763217]]]}},{"type":"Feature","id":"51650","properties":{"name":"Hampton","county_fips":"51650","state_abbr":"VA"},"geometry":{"type":"Polygon","coordinates":[[[-76.43610309803098,37.094978658376576],[-76.39662086410864,37.107005494044934],[-76.3032992202922,37.103569255282544],[-76.28894204432044,37.1173142103321],[-76.27099557435574,37.08466994208941],[-76.3032992202922,37.00134115210152],[-76.31765639626396,37.014227047460466],[-76.38944227612276,36.98931431643316],[-76.45046027400274,37.037421659106585],[-76.43610309803098,37.094978658376576]]]}},{"type":"Feature","id":"51085","properties":{"name":"Hanover","county_fips":"51085","state_abbr":"VA"},"geometry":{"type":"Polygon","coordinates":[[[-77.79644552135521,37.7289647100371],[-77.68876670156702,38.00815910948109],[-77.6421058796588,37.99097791566915],[-77.60980223372233,37.954038348973484],[-77.57749858778588,37.95833364742647],[-77.54519494184942,37.91623972258722],[-77.52724847188472,37.9205350210402],[-77.48417694396943,37.88359545434454],[-77.4446947100471,37.8947632303223],[-77.42315894608946,37.864696141151406],[-77.4267482400824,37.82947469383693],[-77.39444459414594,37.80284384342843],[-77.39803388813888,37.77707205271052],[-77.34419447824477,37.78909888837888],[-77.29394436234362,37.74013248601485],[-77.29394436234362,37.714360695296946],[-77.2293370704707,37.71350163560635],[-77.24010495244953,37.68601172550725],[-77.18267624856249,37.68343454643546],[-77.18626554255542,37.65766275571755],[-77.11089036870368,37.66195805417053],[-77.12524754467545,37.62673660685606],[-77.1396047206472,37.592374219232184],[-77.17190836658366,37.59666951768517],[-77.24010495244953,37.53825345872458],[-77.40521247612476,37.60526011459114],[-77.44828400404003,37.684293606126054],[-77.49494482594825,37.70147479993799],[-77.55955211782117,37.68171642705426],[-77.63133799767998,37.70577009839098],[-77.71030246552465,37.706629158081576],[-77.79644552135521,37.7289647100371]]]}},{"type":"Feature","id":"51660","properties":{"name":"Harrisonburg","county_fips":"51660","state_abbr":"VA"},"geometry":{"type":"Polygon","coordinates":[[[-78.91630524715247,38.43768895477954],[-78.86964442524425,38.47978287961879],[-78.83375148531485,38.45315202921029],[-78.82657289732897,38.4205077609676],[-78.88041230722307,38.411917164061634],[-78.91271595315953,38.39044067179671],[-78.91630524715247,38.43768895477954]]]}},{"type":"Feature","id":"51087","properties":{"name":"Henrico","county_fips":"51087","state_abbr":"VA"},"geometry":{"type":"Polygon","coordinates":[[[-77.65646305563055,37.56402524944249],[-77.61698082170821,37.57777020449204],[-77.65287376163761,37.64048156190561],[-77.63133799767998,37.70577009839098],[-77.55955211782117,37.68171642705426],[-77.49494482594825,37.70147479993799],[-77.44828400404003,37.684293606126054],[-77.40521247612476,37.60526011459114],[-77.24010495244953,37.53825345872458],[-77.17908695456954,37.49100517574175],[-77.22215848248483,37.406817326063255],[-77.25087283442834,37.38190459503594],[-77.27958718637186,37.35183750586505],[-77.31189083230832,37.37331399812997],[-77.38726600616006,37.387058953179526],[-77.41956965209651,37.44719313152131],[-77.41598035810358,37.51677696645966],[-77.39444459414594,37.5047501307913],[-77.39444459414594,37.55028029439294],[-77.43751612206121,37.59838763706637],[-77.47340906199062,37.57862926418264],[-77.54160564785647,37.58120644325442],[-77.53083776587766,37.55887089129891],[-77.59544505775058,37.55543465253652],[-77.65646305563055,37.56402524944249]]]}},{"type":"Feature","id":"51089","properties":{"name":"Henry","county_fips":"51089","state_abbr":"VA"},"geometry":{"type":"Polygon","coordinates":[[[-80.03975426694267,36.79430776666766],[-80.01821850298502,36.78142187130871],[-80.00027203302032,36.83038827367273],[-79.80286086340863,36.79173058759587],[-79.75978933549335,36.78829434883348],[-79.74184286552865,36.80719366202661],[-79.67005698566986,36.82781109460094],[-79.64134263372634,36.856160064390636],[-79.71312851358513,36.54174421763217],[-80.02898638496384,36.54260327732277],[-80.05411144291443,36.54260327732277],[-80.05770073690736,36.656858216172154],[-80.09359367683676,36.72472393172931],[-80.09359367683676,36.779703751927514],[-80.03975426694267,36.79430776666766]],[[-79.90336109521095,36.68434812627125],[-79.86028956729567,36.64998573864738],[-79.83157521535215,36.64654949988499],[-79.83875380333804,36.70410649915499],[-79.88182533125331,36.71183803637036],[-79.90336109521095,36.68434812627125]]]}},{"type":"Feature","id":"51091","properties":{"name":"Highland","county_fips":"51091","state_abbr":"VA"},"geometry":{"type":"Polygon","coordinates":[[[-79.64852122171222,38.59146063939639],[-79.53725310793108,38.55108483393833],[-79.47623511005109,38.45744732766327],[-79.31112758637586,38.411917164061634],[-79.32548476234761,38.380991015200145],[-79.40803852418524,38.277903852328514],[-79.40803852418524,38.242682405014044],[-79.43675287612876,38.21605155460554],[-79.47982440404404,38.21605155460554],[-79.5121280499805,38.180830107291065],[-79.56237816588165,38.1988703607936],[-79.70594992559926,38.22120591274912],[-79.79568227542275,38.26673607635076],[-79.81003945139452,38.30539376242762],[-79.73107498354983,38.38013195550955],[-79.68800345563456,38.43167553694536],[-79.69877133761338,38.48751441683416],[-79.64852122171222,38.59146063939639]]]}},{"type":"Feature","id":"51670","properties":{"name":"Hopewell","county_fips":"51670","state_abbr":"VA"},"geometry":{"type":"Polygon","coordinates":[[[-77.33342659626597,37.31232076009759],[-77.2831764803648,37.31317981978819],[-77.25446212842128,37.29342144690446],[-77.30471224432245,37.26163623835238],[-77.32624800828007,37.26679059649596],[-77.33342659626597,37.31232076009759]]]}},{"type":"Feature","id":"51093","properties":{"name":"Isle of Wight","county_fips":"51093","state_abbr":"VA"},"geometry":{"type":"Polygon","coordinates":[[[-76.9242470810708,36.70754273791737],[-76.90271131711317,36.75736819997199],[-76.86681837718378,36.78829434883348],[-76.85246120121201,36.851864765937655],[-76.81656826128261,36.88021373572735],[-76.81656826128261,36.90598552644526],[-76.85963978919789,36.95581098849988],[-76.84887190721906,36.99618679395793],[-76.6981215595156,37.05889815137151],[-76.67299650156501,37.14222694135941],[-76.65505003160031,37.03913977848778],[-76.57608556375564,37.02281764436644],[-76.48635321393213,36.952374749737494],[-76.4827639199392,36.929180138091375],[-76.52942474184742,36.91629424273242],[-76.74837167541675,36.752213841828414],[-76.89912202312023,36.643972320813205],[-76.90988990509905,36.648267619266186],[-76.9242470810708,36.68348906658066],[-76.9242470810708,36.682630006890065],[-76.9242470810708,36.68348906658066],[-76.9242470810708,36.682630006890065],[-76.91706849308493,36.694656842558416],[-76.91706849308493,36.694656842558416],[-76.91706849308493,36.7006702603926],[-76.91706849308493,36.699811200702],[-76.91706849308493,36.7006702603926],[-76.91706849308493,36.699811200702],[-76.91706849308493,36.7006702603926],[-76.91706849308493,36.699811200702],[-76.92065778707787,36.699811200702],[-76.92065778707787,36.699811200702],[-76.9242470810708,36.699811200702],[-76.9242470810708,36.699811200702],[-76.92783637506375,36.699811200702],[-76.92783637506375,36.7006702603926],[-76.92783637506375,36.699811200702],[-76.92783637506375,36.7006702603926],[-76.9242470810708,36.70754273791737]]]}},{"type":"Feature","id":"51095","properties":{"name":"James City","county_fips":"51095","state_abbr":"VA"},"geometry":{"type":"Polygon","coordinates":[[[-76.90271131711317,37.37760929658296],[-76.89194343513435,37.43258911678116],[-76.82374684926849,37.4506293702837],[-76.76990743937439,37.43516629585295],[-76.74119308743087,37.46695150440504],[-76.71247873548735,37.43173005709056],[-76.65863932559326,37.38018647565475],[-76.67299650156501,37.3673005802958],[-76.74119308743087,37.36987775936759],[-76.75555026340263,37.35441468493684],[-76.72683591145912,37.306307342263416],[-76.72683591145912,37.25046846237462],[-76.66222861958619,37.25132752206522],[-76.60121062170622,37.23844162670626],[-76.5904427397274,37.21352889567895],[-76.57967485774857,37.18260274681746],[-76.61197850368504,37.16713967238672],[-76.65146073760738,37.221260432894326],[-76.73042520545205,37.21352889567895],[-76.75913955739557,37.19205240341403],[-76.79503249732497,37.23156914918149],[-76.85963978919789,37.241018805778054],[-76.87399696516965,37.26077717866178],[-76.87399696516965,37.3655824609146],[-76.90988990509905,37.348401267102666],[-76.90271131711317,37.37760929658296]]]}},{"type":"Feature","id":"51097","properties":{"name":"King and Queen","county_fips":"51097","state_abbr":"VA"},"geometry":{"type":"Polygon","coordinates":[[[-77.07140813478135,37.96434706526065],[-77.03192590085901,37.92568937918379],[-77.02115801888019,37.88531357372573],[-77.04269378283783,37.86899143960439],[-77.00321154891549,37.83634717136171],[-76.94578284502845,37.82775657445574],[-76.9421935510355,37.7830854705447],[-76.9063006111061,37.795971365903654],[-76.87399696516965,37.7830854705447],[-76.80580037930379,37.795112306213056],[-76.7519609694097,37.7289647100371],[-76.71965732347323,37.65766275571755],[-76.65505003160031,37.603541995209945],[-76.66940720757208,37.529662861818615],[-76.64787144361443,37.49615953388533],[-76.66581791357913,37.45578372842728],[-76.71247873548735,37.43173005709056],[-76.74119308743087,37.46695150440504],[-76.79144320333204,37.51763602615026],[-76.77708602736027,37.55457559284592],[-76.88117555315553,37.656803696026955],[-76.9063006111061,37.65508557664576],[-76.91706849308493,37.69374326272262],[-77.03192590085901,37.72123317282172],[-77.07499742877428,37.77363581394813],[-77.1037117807178,37.78566264961649],[-77.15037260262602,37.88187733496334],[-77.18267624856249,37.89132699155991],[-77.18267624856249,37.949743050520496],[-77.15037260262602,37.97207860247602],[-77.07140813478135,37.96434706526065]]]}},{"type":"Feature","id":"51099","properties":{"name":"King George","county_fips":"51099","state_abbr":"VA"},"geometry":{"type":"Polygon","coordinates":[[[-77.28676577435775,38.34920580664806],[-77.24010495244953,38.33202461283612],[-77.16114048460484,38.345769567885675],[-77.1396047206472,38.36810511984119],[-77.0857653107531,38.36810511984119],[-77.04269378283783,38.400749388083874],[-77.01039013690136,38.37497759736597],[-77.03192590085901,38.311407180261796],[-76.99603296092961,38.277903852328514],[-77.04628307683076,38.26072265851658],[-77.04628307683076,38.200588480174794],[-77.06064025280253,38.161930794097934],[-77.11447966269662,38.149903958429576],[-77.18985483654836,38.17481668945689],[-77.21497989449894,38.19715224141241],[-77.25446212842128,38.18942070419703],[-77.25087283442834,38.22979650965509],[-77.22574777647776,38.241823345323446],[-77.32624800828007,38.24525958408584],[-77.34419447824477,38.261581718207175],[-77.32265871428714,38.345769567885675],[-77.28676577435775,38.34920580664806]]]}},{"type":"Feature","id":"51101","properties":{"name":"King William","county_fips":"51101","state_abbr":"VA"},"geometry":{"type":"Polygon","coordinates":[[[-77.34419447824477,37.78909888837888],[-77.2472835404354,37.875863917129166],[-77.24010495244953,37.90936724506244],[-77.18267624856249,37.89132699155991],[-77.15037260262602,37.88187733496334],[-77.1037117807178,37.78566264961649],[-77.07499742877428,37.77363581394813],[-77.03192590085901,37.72123317282172],[-76.91706849308493,37.69374326272262],[-76.9063006111061,37.65508557664576],[-76.88117555315553,37.656803696026955],[-76.77708602736027,37.55457559284592],[-76.79144320333204,37.51763602615026],[-76.81656826128261,37.55028029439294],[-76.87758625916258,37.5313809811998],[-76.85246120121201,37.572615846348455],[-76.9421935510355,37.55972995098951],[-76.96731860898609,37.58636080139801],[-76.98167578495784,37.56574336882368],[-77.08935460474605,37.618146009950095],[-77.12524754467545,37.62673660685606],[-77.11089036870368,37.66195805417053],[-77.18626554255542,37.65766275571755],[-77.18267624856249,37.68343454643546],[-77.24010495244953,37.68601172550725],[-77.2293370704707,37.71350163560635],[-77.29394436234362,37.714360695296946],[-77.29394436234362,37.74013248601485],[-77.34419447824477,37.78909888837888]]]}},{"type":"Feature","id":"51103","properties":{"name":"Lancaster","county_fips":"51103","state_abbr":"VA"},"geometry":{"type":"Polygon","coordinates":[[[-76.50788897788978,37.8389243504335],[-76.46840674396744,37.822602216312156],[-76.42892451004509,37.82861563414634],[-76.40021015810157,37.780508291472906],[-76.36431721817218,37.768481455804555],[-76.375085100151,37.711783516225154],[-76.3212456902569,37.680857367363664],[-76.3391921602216,37.65594463633636],[-76.29253133831338,37.63618626345263],[-76.36072792417924,37.61041447273472],[-76.47199603796038,37.66539429293292],[-76.51147827188272,37.642199681286804],[-76.5366033298333,37.66367617355173],[-76.5366033298333,37.698897620866205],[-76.58326415174152,37.768481455804555],[-76.64069285562856,37.792535127141264],[-76.58685344573445,37.811434440334395],[-76.56531768177682,37.837206231052306],[-76.50788897788978,37.8389243504335]]]}},{"type":"Feature","id":"51105","properties":{"name":"Lee","county_fips":"51105","state_abbr":"VA"},"geometry":{"type":"Polygon","coordinates":[[[-83.46035144221442,36.664589753387524],[-83.4316370902709,36.66630787276872],[-83.31319038850388,36.70926085729857],[-83.19474368673687,36.73932794646946],[-83.13731498284983,36.74276418523185],[-83.13013639486394,36.78571716976169],[-83.07270769097691,36.85444194500944],[-82.96861816518165,36.85787818377183],[-82.87888581535815,36.89309963108631],[-82.83581428744287,36.84756946748467],[-82.77120699556995,36.80032118450184],[-82.828635699457,36.74705948368483],[-82.82504640546405,36.73331452863528],[-82.94708240122401,36.675757529365285],[-82.98656463514635,36.594146858758585],[-83.25935097860979,36.594146858758585],[-83.27729744857449,36.598442157211565],[-83.47111932419324,36.59758309752097],[-83.67570908179081,36.60101933628336],[-83.6469947298473,36.624213947929476],[-83.52854802808028,36.66630787276872],[-83.46035144221442,36.664589753387524]]]}},{"type":"Feature","id":"51678","properties":{"name":"Lexington","county_fips":"51678","state_abbr":"VA"},"geometry":{"type":"Polygon","coordinates":[[[-79.46187793407934,37.78652170930709],[-79.41521711217112,37.78823982868828],[-79.45469934609346,37.765045217042164],[-79.46187793407934,37.78652170930709]]]}},{"type":"Feature","id":"51107","properties":{"name":"Loudoun","county_fips":"51107","state_abbr":"VA"},"geometry":{"type":"Polygon","coordinates":[[[-77.82874916729168,39.13266824447244],[-77.75337399343994,39.28300369032689],[-77.72107034750347,39.32166137640376],[-77.6779988195882,39.324238555475546],[-77.61698082170821,39.30276206321062],[-77.56314141181412,39.30362112290122],[-77.54160564785647,39.26496343682436],[-77.49494482594825,39.25121848177481],[-77.45905188601886,39.220292332913324],[-77.5164805899059,39.170466870858704],[-77.52006988389884,39.12064140880408],[-77.48417694396943,39.10947363282632],[-77.4626411800118,39.07597030489304],[-77.32983730227302,39.05793005139051],[-77.5344270598706,38.847460427194264],[-77.5523735298353,38.88697717296172],[-77.59185576375764,38.897285889248884],[-77.62057011570116,38.931648276872764],[-77.65646305563055,38.942816052850524],[-77.96155304503044,39.01411800717006],[-77.86105281322813,39.081124663036626],[-77.82874916729168,39.13266824447244]]]}},{"type":"Feature","id":"51109","properties":{"name":"Louisa","county_fips":"51109","state_abbr":"VA"},"geometry":{"type":"Polygon","coordinates":[[[-78.30612526835269,38.0064409900999],[-78.25228585845858,38.06313892967929],[-78.2092143305433,38.131004645236445],[-78.16973209662096,38.12928652585525],[-78.1015355107551,38.15248113750137],[-78.047696100861,38.13615900338003],[-78.00103527895278,38.13787712276122],[-77.95437445704457,38.11811874987749],[-77.91848151711517,38.11811874987749],[-77.78567763937639,38.076024825038246],[-77.73901681746817,38.0330718405084],[-77.68876670156702,38.00815910948109],[-77.79644552135521,37.7289647100371],[-77.8323384612846,37.753018381373806],[-77.88976716517165,37.76074991858918],[-77.94719586905869,37.84751494733947],[-77.99026739697396,37.85782366362663],[-78.01539245492455,37.892186051250505],[-78.06205327683277,37.90507194660946],[-78.23075009450095,37.97895108000079],[-78.30612526835269,38.0064409900999]]]}},{"type":"Feature","id":"51111","properties":{"name":"Lunenburg","county_fips":"51111","state_abbr":"VA"},"geometry":{"type":"Polygon","coordinates":[[[-78.49276855598556,36.89138151170511],[-78.4425184400844,37.079515583945835],[-78.35996467824678,37.106146434354336],[-78.27382162241622,37.103569255282544],[-78.23792868248682,37.11989138940389],[-78.23075009450095,37.09669677775777],[-78.16973209662096,37.05718003199031],[-78.0835890407904,37.01680422653226],[-78.00462457294573,37.02281764436644],[-78.02616033690337,36.77798563254632],[-78.11230339273392,36.798603065120645],[-78.24151797647976,36.80805272171721],[-78.32048244432444,36.84928758686586],[-78.39585761817618,36.86389160160601],[-78.42098267612675,36.851864765937655],[-78.49276855598556,36.89138151170511]]]}},{"type":"Feature","id":"51680","properties":{"name":"Lynchburg","county_fips":"51680","state_abbr":"VA"},"geometry":{"type":"Polygon","coordinates":[[[-79.18550229662296,37.46609244471444],[-79.12089500475004,37.39822672915729],[-79.08500206482064,37.3947904903949],[-79.17832370863708,37.34238784926848],[-79.21421664856648,37.33293819267192],[-79.25728817648177,37.35613280431804],[-79.23216311853118,37.3930723710137],[-79.26805605846059,37.43087099739997],[-79.21062735457355,37.468669623786234],[-79.18550229662296,37.46609244471444]]]}},{"type":"Feature","id":"51113","properties":{"name":"Madison","county_fips":"51113","state_abbr":"VA"},"geometry":{"type":"Polygon","coordinates":[[[-78.33842891428914,38.627541146401455],[-78.23075009450095,38.5321855207452],[-78.11948198071981,38.434252716017156],[-78.09794621676217,38.38614537334373],[-78.11948198071981,38.36896417953179],[-78.0835890407904,38.327729314383134],[-78.09435692276922,38.311407180261796],[-78.12666056870569,38.2821991507815],[-78.18408927259273,38.26759513604135],[-78.17691068460684,38.2547092406824],[-78.25228585845858,38.234091808108076],[-78.28817879838797,38.272749494184936],[-78.34919679626796,38.27704479263792],[-78.42816126411263,38.36724606015059],[-78.4425184400844,38.41019904468044],[-78.43533985209852,38.4497157904479],[-78.45328632206322,38.47548758116581],[-78.43533985209852,38.52187680445804],[-78.38150044220441,38.561393550225496],[-78.38508973619736,38.58287004249042],[-78.33842891428914,38.627541146401455]]]}},{"type":"Feature","id":"51683","properties":{"name":"Manassas","county_fips":"51683","state_abbr":"VA"},"geometry":{"type":"Polygon","coordinates":[[[-77.47699835598355,38.781312831018305],[-77.45905188601886,38.77272223411234],[-77.45546259202592,38.735782667416665],[-77.52724847188472,38.73320548834488],[-77.47699835598355,38.781312831018305]],[[-77.4805876499765,38.75124574184741],[-77.4805876499765,38.75124574184741],[-77.4805876499765,38.75124574184741],[-77.4805876499765,38.75124574184741]]]}},{"type":"Feature","id":"51685","properties":{"name":"Manassas Park","county_fips":"51685","state_abbr":"VA"},"geometry":{"type":"Polygon","coordinates":[[[-77.43392682806828,38.77959471163711],[-77.45905188601886,38.77272223411234],[-77.47699835598355,38.781312831018305],[-77.43392682806828,38.77959471163711]]]}},{"type":"Feature","id":"51690","properties":{"name":"Martinsville","county_fips":"51690","state_abbr":"VA"},"geometry":{"type":"Polygon","coordinates":[[[-79.90336109521095,36.68434812627125],[-79.88182533125331,36.71183803637036],[-79.83875380333804,36.70410649915499],[-79.83157521535215,36.64654949988499],[-79.86028956729567,36.64998573864738],[-79.90336109521095,36.68434812627125]]]}},{"type":"Feature","id":"51115","properties":{"name":"Mathews","county_fips":"51115","state_abbr":"VA"},"geometry":{"type":"Polygon","coordinates":[[[-76.43610309803098,37.51419978738787],[-76.40379945209452,37.53567627965279],[-76.35354933619335,37.52708568274682],[-76.32842427824278,37.495300474194735],[-76.29253133831338,37.51677696645966],[-76.26381698636986,37.48155551914518],[-76.24587051640516,37.387058953179526],[-76.27458486834868,37.309743581025806],[-76.3391921602216,37.36386434153341],[-76.40379945209452,37.39994484853848],[-76.44687098000979,37.41970322142221],[-76.45046027400274,37.48499175790757],[-76.43610309803098,37.51419978738787]]]}},{"type":"Feature","id":"51117","properties":{"name":"Mecklenburg","county_fips":"51117","state_abbr":"VA"},"geometry":{"type":"Polygon","coordinates":[[[-78.64710819768197,36.698093081320806],[-78.49276855598556,36.89138151170511],[-78.42098267612675,36.851864765937655],[-78.39585761817618,36.86389160160601],[-78.32048244432444,36.84928758686586],[-78.24151797647976,36.80805272171721],[-78.11230339273392,36.798603065120645],[-78.02616033690337,36.77798563254632],[-78.047696100861,36.544321396703964],[-78.32407173831739,36.543462337013366],[-78.45687561605615,36.54260327732277],[-78.73325125351253,36.54174421763217],[-78.71530478354784,36.58126096339963],[-78.71171548955489,36.64139514174141],[-78.6758225496255,36.68864342472424],[-78.64710819768197,36.698093081320806]]]}},{"type":"Feature","id":"51119","properties":{"name":"Middlesex","county_fips":"51119","state_abbr":"VA"},"geometry":{"type":"Polygon","coordinates":[[[-76.7519609694097,37.7289647100371],[-76.68376438354383,37.77019957518574],[-76.61915709167091,37.74442778446784],[-76.58326415174152,37.66195805417053],[-76.54378191781917,37.6164278905689],[-76.43610309803098,37.61299165180651],[-76.4109780400804,37.58206550294502],[-76.29970992629926,37.561448070370695],[-76.35354933619335,37.52708568274682],[-76.40379945209452,37.53567627965279],[-76.43610309803098,37.51419978738787],[-76.5007103899039,37.53653533934339],[-76.59403203372034,37.5880789207792],[-76.65505003160031,37.603541995209945],[-76.71965732347323,37.65766275571755],[-76.7519609694097,37.7289647100371]]]}},{"type":"Feature","id":"51121","properties":{"name":"Montgomery","county_fips":"51121","state_abbr":"VA"},"geometry":{"type":"MultiPolygon","coordinates":[[[[-80.52071966199662,37.13191822507225],[-80.52071966199662,37.13191822507225],[-80.52071966199662,37.13191822507225],[-80.52071966199662,37.13191822507225]]],[[[-80.60686271782717,37.24445504454044],[-80.47764813408133,37.28483084999849],[-80.43098731217312,37.31661605855058],[-80.32330849238492,37.36901869967699],[-80.26229049450494,37.341528789577886],[-80.25870120051201,37.30888452133521],[-80.19050461464614,37.23328726856268],[-80.17973673266732,37.11301891187911],[-80.28382625846258,37.07865652425524],[-80.3484335503355,37.02195858467584],[-80.41304084220842,37.003059271482705],[-80.43457660616606,37.01680422653226],[-80.47046954609546,36.99360961488614],[-80.51713036800368,37.01079080869808],[-80.54225542595425,36.98501901798017],[-80.56738048390484,37.04773037539375],[-80.54225542595425,37.048589435084345],[-80.5817376598766,37.089824300233],[-80.53148754397543,37.133636344453436],[-80.5637911899119,37.17401214991149],[-80.5278982499825,37.206656418154175],[-80.58891624786247,37.183461806508056],[-80.61404130581306,37.21095171660716],[-80.60686271782717,37.24445504454044]]]]}},{"type":"Feature","id":"51125","properties":{"name":"Nelson","county_fips":"51125","state_abbr":"VA"},"geometry":{"type":"Polygon","coordinates":[[[-79.15678794467945,37.89132699155991],[-79.06346630086301,37.91709878227782],[-79.0455198308983,37.89046793186931],[-79.00603759697597,37.88187733496334],[-78.94143030510305,37.94029339392393],[-78.90553736517364,37.94630681175811],[-78.87323371923719,38.02877654205541],[-78.8373407793078,38.04767585524855],[-78.66864396163962,37.75903179920799],[-78.68659043160432,37.737555306943065],[-78.64351890368903,37.73326000849008],[-78.6399296096961,37.68601172550725],[-78.71889407754077,37.66195805417053],[-78.74042984149841,37.63189096499964],[-78.8014478393784,37.642199681286804],[-78.82657289732897,37.55285747346473],[-78.86964442524425,37.541689697486966],[-78.89835877718777,37.54426687655876],[-78.98450183301833,37.695461382103815],[-79.06705559485594,37.72037411313112],[-79.07064488884889,37.77793111240112],[-79.11012712277123,37.78480358992589],[-79.13884147471474,37.81401161940619],[-79.1711451206512,37.80284384342843],[-79.14602006270063,37.85610554424544],[-79.15678794467945,37.89132699155991]]]}},{"type":"Feature","id":"51127","properties":{"name":"New Kent","county_fips":"51127","state_abbr":"VA"},"geometry":{"type":"Polygon","coordinates":[[[-77.24010495244953,37.53825345872458],[-77.17190836658366,37.59666951768517],[-77.1396047206472,37.592374219232184],[-77.12524754467545,37.62673660685606],[-77.08935460474605,37.618146009950095],[-76.98167578495784,37.56574336882368],[-76.96731860898609,37.58636080139801],[-76.9421935510355,37.55972995098951],[-76.85246120121201,37.572615846348455],[-76.87758625916258,37.5313809811998],[-76.81656826128261,37.55028029439294],[-76.79144320333204,37.51763602615026],[-76.74119308743087,37.46695150440504],[-76.76990743937439,37.43516629585295],[-76.82374684926849,37.4506293702837],[-76.89194343513435,37.43258911678116],[-76.90271131711317,37.37760929658296],[-76.90271131711317,37.40424014699146],[-76.9421935510355,37.383622714417136],[-76.9421935510355,37.410253564825645],[-77.02115801888019,37.41626698265982],[-77.09653319273193,37.44032065399654],[-77.12524754467545,37.47124680285802],[-77.17908695456954,37.49100517574175],[-77.24010495244953,37.53825345872458]]]}},{"type":"Feature","id":"51700","properties":{"name":"Newport News","county_fips":"51700","state_abbr":"VA"},"geometry":{"type":"Polygon","coordinates":[[[-76.61197850368504,37.16713967238672],[-76.57967485774857,37.18260274681746],[-76.5904427397274,37.21352889567895],[-76.56531768177682,37.22040137320373],[-76.51506756587565,37.17830744836448],[-76.46122815598156,37.102710195591946],[-76.43610309803098,37.094978658376576],[-76.45046027400274,37.037421659106585],[-76.38944227612276,36.98931431643316],[-76.42892451004509,36.96955594354943],[-76.4648174499745,37.02797200251002],[-76.56890697576975,37.08037464363643],[-76.61915709167091,37.11903232971329],[-76.61197850368504,37.16713967238672]]]}},{"type":"Feature","id":"51710","properties":{"name":"Norfolk","county_fips":"51710","state_abbr":"VA"},"geometry":{"type":"Polygon","coordinates":[[[-76.33201357223572,36.88880433263332],[-76.31765639626396,36.88536809387093],[-76.32842427824278,36.95924722726227],[-76.2674062803628,36.964401585405845],[-76.18485251852519,36.93089825747257],[-76.195620400504,36.82781109460094],[-76.22433475244752,36.8398379302693],[-76.28894204432044,36.821797676766764],[-76.33201357223572,36.88880433263332]]]}},{"type":"Feature","id":"51131","properties":{"name":"Northampton","county_fips":"51131","state_abbr":"VA"},"geometry":{"type":"Polygon","coordinates":[[[-75.93719123301233,37.54942123470234],[-75.83669100121001,37.55457559284592],[-75.78644088530885,37.52880380212802],[-75.81156594325942,37.47382398192981],[-75.71465500545006,37.4497703105931],[-75.67517277152771,37.46351526564265],[-75.65722630156301,37.45148842997429],[-75.72183359343593,37.37331399812997],[-75.7649051213512,37.30544828257282],[-75.79720876728767,37.29599862597625],[-75.79361947329473,37.24703222361223],[-75.83310170721707,37.17315309022089],[-75.89770899908999,37.118173270022695],[-75.95513770297703,37.11989138940389],[-75.94078052700527,37.089824300233],[-75.97308417294173,37.08552900178001],[-75.97667346693467,37.15769001579015],[-76.01256640686407,37.20493829877298],[-76.02692358283582,37.25734093989939],[-76.01974499484994,37.31747511824118],[-75.98744134891349,37.368159639986395],[-75.97667346693467,37.44461595244952],[-75.93719123301233,37.54942123470234]]]}},{"type":"Feature","id":"51133","properties":{"name":"Northumberland","county_fips":"51133","state_abbr":"VA"},"geometry":{"type":"Polygon","coordinates":[[[-76.5186568598686,38.03478995988959],[-76.46840674396744,38.01331346762467],[-76.41456733407334,37.96692424433244],[-76.34278145421455,37.94716587144871],[-76.23510263442634,37.88874981248812],[-76.25304910439104,37.83291093259932],[-76.30688851428513,37.81229350002499],[-76.3212456902569,37.680857367363664],[-76.375085100151,37.711783516225154],[-76.36431721817218,37.768481455804555],[-76.40021015810157,37.780508291472906],[-76.42892451004509,37.82861563414634],[-76.46840674396744,37.822602216312156],[-76.50788897788978,37.8389243504335],[-76.54737121181212,37.86899143960439],[-76.554549799798,37.93170279701796],[-76.63351426764268,37.96692424433244],[-76.61556779767797,38.00128663195631],[-76.5724962697627,38.02705842267422],[-76.5186568598686,38.03478995988959]]]}},{"type":"Feature","id":"51720","properties":{"name":"Norton","county_fips":"51720","state_abbr":"VA"},"geometry":{"type":"Polygon","coordinates":[[[-82.66352817578175,36.92058954118541],[-82.63481382383823,36.952374749737494],[-82.59892088390883,36.95838816757167],[-82.6132780598806,36.90512646675466],[-82.66352817578175,36.92058954118541]]]}},{"type":"Feature","id":"51135","properties":{"name":"Nottoway","county_fips":"51135","state_abbr":"VA"},"geometry":{"type":"Polygon","coordinates":[[[-78.23075009450095,37.29599862597625],[-77.82515987329873,37.20236111970119],[-77.79644552135521,37.19291146310462],[-77.90053504715047,37.1439450607406],[-77.88976716517165,36.98845525674256],[-77.96873163301633,36.987596197051964],[-78.00462457294573,37.02281764436644],[-78.0835890407904,37.01680422653226],[-78.16973209662096,37.05718003199031],[-78.23075009450095,37.09669677775777],[-78.23792868248682,37.11989138940389],[-78.23075009450095,37.29599862597625]]]}},{"type":"Feature","id":"51137","properties":{"name":"Orange","county_fips":"51137","state_abbr":"VA"},"geometry":{"type":"Polygon","coordinates":[[[-78.36714326623266,38.184266346053455],[-78.28817879838797,38.272749494184936],[-78.25228585845858,38.234091808108076],[-78.17691068460684,38.2547092406824],[-78.18408927259273,38.26759513604135],[-78.12666056870569,38.2821991507815],[-78.09435692276922,38.311407180261796],[-78.03692821888218,38.31226623995239],[-78.0297496308963,38.32858837407373],[-77.91130292912929,38.37068229891298],[-77.90771363513635,38.38185007489074],[-77.82874916729168,38.38185007489074],[-77.78208834538346,38.364668881078806],[-77.77132046340463,38.3930178508685],[-77.70312387753877,38.361232642316416],[-77.7138917595176,38.33546085159851],[-77.95437445704457,38.11811874987749],[-78.00103527895278,38.13787712276122],[-78.047696100861,38.13615900338003],[-78.1015355107551,38.15248113750137],[-78.16973209662096,38.12928652585525],[-78.2092143305433,38.131004645236445],[-78.36714326623266,38.184266346053455]]]}},{"type":"Feature","id":"51139","properties":{"name":"Page","county_fips":"51139","state_abbr":"VA"},"geometry":{"type":"Polygon","coordinates":[[[-78.64351890368903,38.604346534755344],[-78.58967949379493,38.68681626505264],[-78.55019725987259,38.73062830927309],[-78.51071502595026,38.7254739511295],[-78.39585761817618,38.82254769616696],[-78.29176809238092,38.78045377132771],[-78.28458950439504,38.75897727906278],[-78.32048244432444,38.73750078679786],[-78.33125032630326,38.70227933948339],[-78.31330385633856,38.68252096659966],[-78.33842891428914,38.627541146401455],[-78.38508973619736,38.58287004249042],[-78.38150044220441,38.561393550225496],[-78.43533985209852,38.52187680445804],[-78.45328632206322,38.47548758116581],[-78.48558996799967,38.4213668206582],[-78.54660796587966,38.426521178801785],[-78.55737584785848,38.447138611376104],[-78.6219831397314,38.46603792456924],[-78.63275102171022,38.49782313312132],[-78.69017972559725,38.511568088170876],[-78.64351890368903,38.604346534755344]]]}},{"type":"Feature","id":"51141","properties":{"name":"Patrick","county_fips":"51141","state_abbr":"VA"},"geometry":{"type":"Polygon","coordinates":[[[-80.46329095810958,36.70840179760797],[-80.44534448814488,36.74791854337543],[-80.39509437224372,36.74448230461304],[-80.38791578425784,36.79774400543005],[-80.34484425634255,36.813207079860796],[-80.29100484644846,36.85787818377183],[-80.23716543655436,36.87248219851198],[-80.06487932489324,36.84155604965049],[-80.03975426694267,36.79430776666766],[-80.09359367683676,36.779703751927514],[-80.09359367683676,36.72472393172931],[-80.05770073690736,36.656858216172154],[-80.05411144291443,36.54260327732277],[-80.2945941404414,36.544321396703964],[-80.44175519415194,36.55033481453814],[-80.61045201182012,36.55806635175351],[-80.62121989379894,36.618200530095294],[-80.59609483584836,36.66115351462514],[-80.52430895598955,36.643972320813205],[-80.46688025210251,36.6731803502935],[-80.46329095810958,36.70840179760797]]]}},{"type":"Feature","id":"51730","properties":{"name":"Petersburg","county_fips":"51730","state_abbr":"VA"},"geometry":{"type":"Polygon","coordinates":[[[-77.44828400404003,37.222978552275514],[-77.41598035810358,37.23328726856268],[-77.40521247612476,37.237582567015664],[-77.37649812418124,37.24445504454044],[-77.32983730227302,37.19634770186701],[-77.34419447824477,37.17401214991149],[-77.39803388813888,37.17057591114911],[-77.45546259202592,37.187757104961044],[-77.44828400404003,37.222978552275514]]]}},{"type":"Feature","id":"51143","properties":{"name":"Pittsylvania","county_fips":"51143","state_abbr":"VA"},"geometry":{"type":"Polygon","coordinates":[[[-79.64134263372634,36.856160064390636],[-79.59468181181812,37.04257601725017],[-79.54084240192401,37.04601225601255],[-79.47982440404404,37.0056364505545],[-79.46187793407934,37.02195858467584],[-79.49059228602286,37.05803909168091],[-79.44393146411464,37.05546191260912],[-79.4044492301923,37.064052509515086],[-79.4044492301923,37.09154241961419],[-79.3326633503335,37.125904807238065],[-79.29677041040411,37.10442831497314],[-79.2608774704747,37.13105916538165],[-79.18191300263003,37.06920686765867],[-79.12807359273593,37.089824300233],[-79.09218065280652,37.0614753304433],[-79.21780594255942,36.54174421763217],[-79.34343123231233,36.540885157941574],[-79.33625264432644,36.57181130680306],[-79.30394899838998,36.57009318742187],[-79.3326633503335,36.601878395973955],[-79.36496699626996,36.60789181380813],[-79.39727064220642,36.643972320813205],[-79.422395700157,36.60101933628336],[-79.50136016800168,36.618200530095294],[-79.51930663796638,36.60359651535515],[-79.4582886400864,36.57696566494664],[-79.46905652206522,36.540885157941574],[-79.5121280499805,36.540885157941574],[-79.71312851358513,36.54174421763217],[-79.64134263372634,36.856160064390636]]]}},{"type":"Feature","id":"51735","properties":{"name":"Poquoson","county_fips":"51735","state_abbr":"VA"},"geometry":{"type":"Polygon","coordinates":[[[-76.39662086410864,37.164562493314925],[-76.34996004220042,37.17057591114911],[-76.33560286622865,37.1439450607406],[-76.28894204432044,37.1173142103321],[-76.3032992202922,37.103569255282544],[-76.39662086410864,37.107005494044934],[-76.41456733407334,37.15597189640896],[-76.39662086410864,37.164562493314925]]]}},{"type":"Feature","id":"51740","properties":{"name":"Portsmouth","county_fips":"51740","state_abbr":"VA"},"geometry":{"type":"Polygon","coordinates":[[[-76.40738874608746,36.89739492953929],[-76.38585298212982,36.9231667202572],[-76.35354933619335,36.9231667202572],[-76.33201357223572,36.88880433263332],[-76.28894204432044,36.821797676766764],[-76.29253133831338,36.798603065120645],[-76.375085100151,36.78571716976169],[-76.40379945209452,36.814066139551386],[-76.38226368813687,36.837260751197505],[-76.42174592205922,36.8664687806778],[-76.40738874608746,36.89739492953929]]]}},{"type":"Feature","id":"51145","properties":{"name":"Powhatan","county_fips":"51145","state_abbr":"VA"},"geometry":{"type":"Polygon","coordinates":[[[-78.13383915669156,37.45492466873668],[-78.08717833478335,37.62845472623726],[-78.07282115881159,37.65766275571755],[-77.98308880898809,37.62415942778427],[-77.94360657506574,37.643917800668],[-77.94719586905869,37.67828018829188],[-77.91130292912929,37.68944796426964],[-77.8323384612846,37.633609084380836],[-77.82157057930579,37.60869635335353],[-77.76055258142581,37.611273532425315],[-77.65646305563055,37.56402524944249],[-77.79644552135521,37.45921996718967],[-77.80721340333403,37.42657569894698],[-77.85387422524225,37.417985102041015],[-77.86464210722107,37.456642788117875],[-77.90053504715047,37.47554210131101],[-78.01539245492455,37.491864235432345],[-78.01539245492455,37.47210586254862],[-78.0656425708257,37.45234748966489],[-78.13383915669156,37.45492466873668]]]}},{"type":"Feature","id":"51147","properties":{"name":"Prince Edward","county_fips":"51147","state_abbr":"VA"},"geometry":{"type":"Polygon","coordinates":[[[-78.68300113761137,37.248750342993425],[-78.62557243372433,37.32177041669416],[-78.59326878778788,37.344965028340276],[-78.59326878778788,37.39822672915729],[-78.55019725987259,37.34668314772147],[-78.51071502595026,37.329501953909535],[-78.46405420404204,37.3398106701967],[-78.39585761817618,37.30544828257282],[-78.34201820828208,37.31919323762237],[-78.32048244432444,37.30888452133521],[-78.23433938849388,37.368159639986395],[-78.23075009450095,37.29599862597625],[-78.23792868248682,37.11989138940389],[-78.27382162241622,37.103569255282544],[-78.35996467824678,37.106146434354336],[-78.4425184400844,37.079515583945835],[-78.48200067400674,37.08552900178001],[-78.5143043199432,37.13277728476284],[-78.54660796587966,37.15081753826538],[-78.58250090580906,37.140508821978216],[-78.63634031570315,37.16971685145851],[-78.64351890368903,37.19462958248582],[-78.69376901959019,37.20407923908238],[-78.68300113761137,37.248750342993425]]]}},{"type":"Feature","id":"51149","properties":{"name":"Prince George","county_fips":"51149","state_abbr":"VA"},"geometry":{"type":"Polygon","coordinates":[[[-77.39803388813888,37.17057591114911],[-77.34419447824477,37.17401214991149],[-77.32983730227302,37.19634770186701],[-77.37649812418124,37.24445504454044],[-77.35137306623066,37.31232076009759],[-77.33342659626597,37.31232076009759],[-77.32624800828007,37.26679059649596],[-77.30471224432245,37.26163623835238],[-77.25446212842128,37.29342144690446],[-77.2831764803648,37.31317981978819],[-77.27240859838598,37.32091135700357],[-77.12524754467545,37.302871103501026],[-77.0857653107531,37.310602640716404],[-77.0678188407884,37.26936777556775],[-77.01039013690136,37.30544828257282],[-76.97090790297902,37.248750342993425],[-77.01397943089431,37.23328726856268],[-77.01039013690136,37.21266983598835],[-77.07140813478135,37.184320866198654],[-77.15396189661897,37.11215985218852],[-77.39803388813888,36.99275055519555],[-77.39803388813888,37.17057591114911]]]}},{"type":"Feature","id":"51153","properties":{"name":"Prince William","county_fips":"51153","state_abbr":"VA"},"geometry":{"type":"MultiPolygon","coordinates":[[[[-77.4805876499765,38.75124574184741],[-77.4805876499765,38.75124574184741],[-77.4805876499765,38.75124574184741],[-77.4805876499765,38.75124574184741]]],[[[-77.65646305563055,38.942816052850524],[-77.62057011570116,38.931648276872764],[-77.59185576375764,38.897285889248884],[-77.5523735298353,38.88697717296172],[-77.5344270598706,38.847460427194264],[-77.50930200192002,38.84144700936009],[-77.49494482594825,38.79849402483024],[-77.43392682806828,38.77959471163711],[-77.36214094820949,38.72203771236712],[-77.27599789237892,38.69454780226802],[-77.22215848248483,38.63784986268862],[-77.2472835404354,38.63527268361683],[-77.2472835404354,38.59060157970579],[-77.3011229503295,38.5046956106461],[-77.3729088301883,38.52101774476744],[-77.41956965209651,38.56397072929729],[-77.48776623796238,38.59146063939639],[-77.53083776587766,38.55623919208191],[-77.71030246552465,38.823406755857555],[-77.69235599555995,38.88697717296172],[-77.65646305563055,38.942816052850524]],[[-77.45905188601886,38.77272223411234],[-77.43392682806828,38.77959471163711],[-77.47699835598355,38.781312831018305],[-77.52724847188472,38.73320548834488],[-77.45546259202592,38.735782667416665],[-77.45905188601886,38.77272223411234]]]]}},{"type":"Feature","id":"51155","properties":{"name":"Pulaski","county_fips":"51155","state_abbr":"VA"},"geometry":{"type":"Polygon","coordinates":[[[-80.85452400334003,37.14738129950299],[-80.80068459344594,37.18002556774567],[-80.60686271782717,37.24445504454044],[-80.61404130581306,37.21095171660716],[-80.58891624786247,37.183461806508056],[-80.5278982499825,37.206656418154175],[-80.5637911899119,37.17401214991149],[-80.53148754397543,37.133636344453436],[-80.55302330793307,37.14652223981239],[-80.59250554185542,37.12762292661926],[-80.5817376598766,37.089824300233],[-80.54225542595425,37.048589435084345],[-80.56738048390484,37.04773037539375],[-80.54225542595425,36.98501901798017],[-80.59609483584836,36.94292509314093],[-80.63557706977069,36.93175731716317],[-80.68223789167891,36.894817750467496],[-80.73966659556595,36.879354676036755],[-80.86170259132591,37.0039183311733],[-80.89400623726237,37.02711294281942],[-80.91195270722707,37.07350216611165],[-80.92989917719177,37.114737031260304],[-80.85452400334003,37.14738129950299]]]}},{"type":"Feature","id":"51750","properties":{"name":"Radford","county_fips":"51750","state_abbr":"VA"},"geometry":{"type":"Polygon","coordinates":[[[-80.53148754397543,37.133636344453436],[-80.5817376598766,37.089824300233],[-80.59250554185542,37.12762292661926],[-80.55302330793307,37.14652223981239],[-80.53148754397543,37.133636344453436]],[[-80.52071966199662,37.13191822507225],[-80.52071966199662,37.13191822507225],[-80.52071966199662,37.13191822507225],[-80.52071966199662,37.13191822507225]]]}},{"type":"Feature","id":"51157","properties":{"name":"Rappahannock","county_fips":"51157","state_abbr":"VA"},"geometry":{"type":"Polygon","coordinates":[[[-78.28458950439504,38.75897727906278],[-78.25228585845858,38.75725915968159],[-78.18408927259273,38.792480606996065],[-78.15178562665626,38.854332904719044],[-78.13024986269862,38.8646416210062],[-78.05128539485395,38.79935308452084],[-78.02616033690337,38.79591684575845],[-78.01539245492455,38.7271920705107],[-77.93642798707987,38.69626592164921],[-78.09076762877629,38.59747405723056],[-78.17691068460684,38.52101774476744],[-78.23075009450095,38.5321855207452],[-78.33842891428914,38.627541146401455],[-78.31330385633856,38.68252096659966],[-78.33125032630326,38.70227933948339],[-78.32048244432444,38.73750078679786],[-78.28458950439504,38.75897727906278]]]}},{"type":"Feature","id":"51159","properties":{"name":"Richmond","county_fips":"51159","state_abbr":"VA"},"geometry":{"type":"Polygon","coordinates":[[[-76.93860425704257,38.076883884728844],[-76.87758625916258,38.12413216771167],[-76.82374684926849,38.064857049060485],[-76.75913955739557,38.0322127808178],[-76.76631814538145,38.00128663195631],[-76.65505003160031,37.98238731876318],[-76.63351426764268,37.96692424433244],[-76.554549799798,37.93170279701796],[-76.54737121181212,37.86899143960439],[-76.50788897788978,37.8389243504335],[-76.56531768177682,37.837206231052306],[-76.58685344573445,37.811434440334395],[-76.64069285562856,37.792535127141264],[-76.6801750895509,37.826038455074546],[-76.72324661746617,37.83634717136171],[-76.79862179131791,37.92483031949319],[-76.83810402524026,37.934279976089755],[-76.85246120121201,37.972937662166615],[-76.9063006111061,37.99870945288452],[-76.93860425704257,38.076883884728844]]]}},{"type":"Feature","id":"51760","properties":{"name":"Richmond","county_fips":"51760","state_abbr":"VA"},"geometry":{"type":"Polygon","coordinates":[[[-77.59544505775058,37.55543465253652],[-77.53083776587766,37.55887089129891],[-77.54160564785647,37.58120644325442],[-77.47340906199062,37.57862926418264],[-77.43751612206121,37.59838763706637],[-77.39444459414594,37.55028029439294],[-77.39444459414594,37.5047501307913],[-77.41598035810358,37.51677696645966],[-77.41956965209651,37.44719313152131],[-77.50571270792707,37.467810564095636],[-77.52724847188472,37.5322400408904],[-77.59544505775058,37.53481721996219],[-77.59544505775058,37.55543465253652]]]}},{"type":"Feature","id":"51770","properties":{"name":"Roanoke","county_fips":"51770","state_abbr":"VA"},"geometry":{"type":"Polygon","coordinates":[[[-80.03257567895679,37.26249529804297],[-80.02180779697797,37.30802546164461],[-79.97514697506975,37.33551537174371],[-79.91771827118271,37.32864289421894],[-79.88541462524626,37.309743581025806],[-79.89977180121801,37.25734093989939],[-79.9536112111121,37.21181077629776],[-79.99668273902739,37.25218658175581],[-80.03257567895679,37.26249529804297]]]}},{"type":"Feature","id":"51161","properties":{"name":"Roanoke","county_fips":"51161","state_abbr":"VA"},"geometry":{"type":"Polygon","coordinates":[[[-80.26229049450494,37.341528789577886],[-80.20127249662497,37.37846835627356],[-80.14743308673087,37.38276365472654],[-80.07564720687206,37.422280400493996],[-80.06129003090031,37.40853544544445],[-79.86746815528156,37.32864289421894],[-79.84593239132391,37.309743581025806],[-79.85670027330274,37.26679059649596],[-79.84593239132391,37.225555731347306],[-79.96437909309093,37.137072583215826],[-80.00745062100621,37.172294030530296],[-80.08641508885088,37.16112625455254],[-80.12948661676616,37.12332762816627],[-80.17973673266732,37.11301891187911],[-80.19050461464614,37.23328726856268],[-80.25870120051201,37.30888452133521],[-80.26229049450494,37.341528789577886]],[[-80.03257567895679,37.26249529804297],[-79.99668273902739,37.25218658175581],[-79.9536112111121,37.21181077629776],[-79.89977180121801,37.25734093989939],[-79.88541462524626,37.309743581025806],[-79.91771827118271,37.32864289421894],[-79.97514697506975,37.33551537174371],[-80.02180779697797,37.30802546164461],[-80.03257567895679,37.32434759576595],[-80.11871873478735,37.287408029070285],[-80.07564720687206,37.25734093989939],[-80.03257567895679,37.26249529804297]]]}},{"type":"Feature","id":"51163","properties":{"name":"Rockbridge","county_fips":"51163","state_abbr":"VA"},"geometry":{"type":"Polygon","coordinates":[[[-79.67364627966279,37.76332709766097],[-79.60544969379694,37.86211896207961],[-79.64852122171222,37.87414579774797],[-79.60903898778987,37.93513903578035],[-79.53366381393813,38.00300475133751],[-79.48341369803698,38.08633354132541],[-79.18550229662296,37.914521603206026],[-79.15678794467945,37.89132699155991],[-79.14602006270063,37.85610554424544],[-79.1711451206512,37.80284384342843],[-79.21062735457355,37.78909888837888],[-79.23216311853118,37.81315255971559],[-79.26446676446764,37.795112306213056],[-79.34702052630526,37.66023993478934],[-79.43675287612876,37.6172869502595],[-79.4582886400864,37.60611917428174],[-79.43316358213582,37.572615846348455],[-79.49777087400874,37.533099100581],[-79.57673534185342,37.580347383563826],[-79.57314604786048,37.595810457994574],[-79.68441416164161,37.66195805417053],[-79.67005698566986,37.67398488983889],[-79.68800345563456,37.73497812787127],[-79.67364627966279,37.76332709766097]],[[-79.46187793407934,37.78652170930709],[-79.45469934609346,37.765045217042164],[-79.41521711217112,37.78823982868828],[-79.46187793407934,37.78652170930709]],[[-79.38291346623465,37.741850605396046],[-79.37214558425585,37.695461382103815],[-79.32548476234761,37.74356872477724],[-79.3326633503335,37.75989085889858],[-79.38291346623465,37.741850605396046]]]}},{"type":"Feature","id":"51165","properties":{"name":"Rockingham","county_fips":"51165","state_abbr":"VA"},"geometry":{"type":"Polygon","coordinates":[[[-79.05628771287712,38.761554458134576],[-78.99526971499715,38.850037606266056],[-78.86964442524425,38.76327257751577],[-78.64351890368903,38.604346534755344],[-78.69017972559725,38.511568088170876],[-78.63275102171022,38.49782313312132],[-78.6219831397314,38.46603792456924],[-78.55737584785848,38.447138611376104],[-78.54660796587966,38.426521178801785],[-78.48558996799967,38.4213668206582],[-78.54301867188671,38.364668881078806],[-78.55378655386554,38.334601791907915],[-78.66146537365374,38.277903852328514],[-78.65428678566785,38.26072265851658],[-78.71171548955489,38.24010522594225],[-78.74760842948429,38.20660189800898],[-78.89476948319484,38.30625282211822],[-78.91271595315953,38.303675643046425],[-79.2249845305453,38.478064760237594],[-79.12089500475004,38.66018541464414],[-79.09218065280652,38.65932635495354],[-79.08859135881359,38.72031959298592],[-79.05628771287712,38.761554458134576]],[[-78.91630524715247,38.43768895477954],[-78.91271595315953,38.39044067179671],[-78.88041230722307,38.411917164061634],[-78.82657289732897,38.4205077609676],[-78.83375148531485,38.45315202921029],[-78.86964442524425,38.47978287961879],[-78.91630524715247,38.43768895477954]]]}},{"type":"Feature","id":"51167","properties":{"name":"Russell","county_fips":"51167","state_abbr":"VA"},"geometry":{"type":"Polygon","coordinates":[[[-82.3261345404454,36.971274062930625],[-82.28665230652307,36.998763973029725],[-82.26152724857248,36.98931431643316],[-82.19691995669956,37.03140824127241],[-82.15025913479134,37.04171695755957],[-82.03540172701727,37.05116661415614],[-81.98874090510905,37.12848198630986],[-81.9025978492785,37.14222694135941],[-81.89182996729967,37.11301891187911],[-81.82722267542675,37.05374379322792],[-81.78056185351853,36.95838816757167],[-81.83799055740558,36.929180138091375],[-81.8846513793138,36.88966339232392],[-81.94566937719377,36.864750661296604],[-81.98156231712316,36.879354676036755],[-82.0748839609396,36.856160064390636],[-82.11795548885489,36.817502378313776],[-82.10359831288312,36.798603065120645],[-82.22563430864308,36.76252255811558],[-82.33331312843129,36.70926085729857],[-82.35484889238892,36.779703751927514],[-82.40509900829008,36.87677749696496],[-82.29742018850189,36.90598552644526],[-82.3261345404454,36.971274062930625]]]}},{"type":"Feature","id":"51775","properties":{"name":"Salem","county_fips":"51775","state_abbr":"VA"},"geometry":{"type":"Polygon","coordinates":[[[-80.02180779697797,37.30802546164461],[-80.03257567895679,37.26249529804297],[-80.07564720687206,37.25734093989939],[-80.11871873478735,37.287408029070285],[-80.03257567895679,37.32434759576595],[-80.02180779697797,37.30802546164461]]]}},{"type":"Feature","id":"51169","properties":{"name":"Scott","county_fips":"51169","state_abbr":"VA"},"geometry":{"type":"Polygon","coordinates":[[[-82.77120699556995,36.80032118450184],[-82.74967123161231,36.832965452744524],[-82.69942111571116,36.81664331862318],[-82.65634958779587,36.844992288412875],[-82.63481382383823,36.87849561634616],[-82.40150971429713,36.88450903418033],[-82.40509900829008,36.87677749696496],[-82.35484889238892,36.779703751927514],[-82.33331312843129,36.70926085729857],[-82.29383089450894,36.59586497813977],[-82.60968876588765,36.594146858758585],[-82.83222499344993,36.594146858758585],[-82.98656463514635,36.594146858758585],[-82.94708240122401,36.675757529365285],[-82.82504640546405,36.73331452863528],[-82.828635699457,36.74705948368483],[-82.77120699556995,36.80032118450184]]]}},{"type":"Feature","id":"51171","properties":{"name":"Shenandoah","county_fips":"51171","state_abbr":"VA"},"geometry":{"type":"Polygon","coordinates":[[[-78.54301867188671,39.05621193200931],[-78.45328632206322,39.027862962219615],[-78.44969702807028,39.05621193200931],[-78.39226832418323,39.10174209561095],[-78.34560750227502,39.09572867777677],[-78.34560750227502,39.0596481707717],[-78.31330385633856,39.008104589335886],[-78.3348396202962,38.9496885303753],[-78.2989466803668,38.94367511254112],[-78.3348396202962,38.88182281481814],[-78.39585761817618,38.82254769616696],[-78.51071502595026,38.7254739511295],[-78.55019725987259,38.73062830927309],[-78.58967949379493,38.68681626505264],[-78.64351890368903,38.604346534755344],[-78.86964442524425,38.76327257751577],[-78.79785854538545,38.87495033729336],[-78.71530478354784,38.935943575325744],[-78.71530478354784,38.905017426464255],[-78.67941184361844,38.92563485903858],[-78.62557243372433,38.98233279861798],[-78.60044737577375,38.96429254511544],[-78.55019725987259,39.01841330562305],[-78.57173302383023,39.0321582606726],[-78.54301867188671,39.05621193200931]]]}},{"type":"Feature","id":"51173","properties":{"name":"Smyth","county_fips":"51173","state_abbr":"VA"},"geometry":{"type":"Polygon","coordinates":[[[-81.78056185351853,36.95838816757167],[-81.70877597365974,36.9772874807648],[-81.68365091570915,36.932616376853765],[-81.57597209592096,36.98931431643316],[-81.47547186411863,37.01852234591345],[-81.47906115811158,36.98587807767077],[-81.4359896301963,37.009931749007485],[-81.37856092630926,36.952374749737494],[-81.3283108104081,36.89997210861108],[-81.27088210652106,36.79173058759587],[-81.26370351853518,36.763381617806175],[-81.38573951429514,36.740187006160056],[-81.43957892418923,36.71699239451394],[-81.5436684499845,36.701529320083196],[-81.53290056800567,36.67661658905588],[-81.60468644786448,36.63795890297902],[-81.61904362383623,36.63366360452604],[-81.69800809168092,36.78915340852408],[-81.83799055740558,36.929180138091375],[-81.78056185351853,36.95838816757167]]]}},{"type":"Feature","id":"51175","properties":{"name":"Southampton","county_fips":"51175","state_abbr":"VA"},"geometry":{"type":"Polygon","coordinates":[[[-77.43033753407533,36.70754273791737],[-77.34419447824477,36.752213841828414],[-77.11806895668957,36.85873724346243],[-76.95296143301432,36.94464321252212],[-76.84887190721906,36.99618679395793],[-76.85963978919789,36.95581098849988],[-76.81656826128261,36.90598552644526],[-76.81656826128261,36.88021373572735],[-76.85246120121201,36.851864765937655],[-76.86681837718378,36.78829434883348],[-76.90271131711317,36.75736819997199],[-76.9242470810708,36.70754273791737],[-76.96731860898609,36.702388379773794],[-76.96372931499315,36.66716693245932],[-76.90988990509905,36.648267619266186],[-76.89912202312023,36.643972320813205],[-76.91706849308493,36.552052933919335],[-76.91706849308493,36.543462337013366],[-77.16472977859779,36.54603951608515],[-77.29753365633655,36.544321396703964],[-77.3549623602236,36.55377105330053],[-77.37649812418124,36.632804544835444],[-77.41598035810358,36.65428103710037],[-77.4626411800118,36.65256291771917],[-77.50212341393414,36.67060317122171],[-77.43033753407533,36.70754273791737]]]}},{"type":"Feature","id":"51177","properties":{"name":"Spotsylvania","county_fips":"51177","state_abbr":"VA"},"geometry":{"type":"Polygon","coordinates":[[[-77.95437445704457,38.11811874987749],[-77.7138917595176,38.33546085159851],[-77.70312387753877,38.361232642316416],[-77.64569517365173,38.37841383612835],[-77.61698082170821,38.36810511984119],[-77.53083776587766,38.30883000119],[-77.51289129591295,38.27962197170971],[-77.44828400404003,38.284776329853294],[-77.41956965209651,38.258145479444785],[-77.36931953619536,38.24697770346703],[-77.5164805899059,38.10523285451854],[-77.6421058796588,37.99097791566915],[-77.68876670156702,38.00815910948109],[-77.73901681746817,38.0330718405084],[-77.78567763937639,38.076024825038246],[-77.91848151711517,38.11811874987749],[-77.95437445704457,38.11811874987749]]]}},{"type":"Feature","id":"51179","properties":{"name":"Stafford","county_fips":"51179","state_abbr":"VA"},"geometry":{"type":"Polygon","coordinates":[[[-77.63492729167291,38.41019904468044],[-77.63492729167291,38.46689698425983],[-77.53083776587766,38.55623919208191],[-77.48776623796238,38.59146063939639],[-77.41956965209651,38.56397072929729],[-77.3729088301883,38.52101774476744],[-77.3011229503295,38.5046956106461],[-77.32624800828007,38.4488567307573],[-77.31189083230832,38.39129973148731],[-77.28676577435775,38.34920580664806],[-77.32265871428714,38.345769567885675],[-77.34419447824477,38.261581718207175],[-77.32624800828007,38.24525958408584],[-77.36931953619536,38.24697770346703],[-77.41956965209651,38.258145479444785],[-77.44828400404003,38.284776329853294],[-77.46623047400473,38.31827965778657],[-77.50212341393414,38.326011195001946],[-77.53083776587766,38.30883000119],[-77.61698082170821,38.36810511984119],[-77.63492729167291,38.41019904468044]]]}},{"type":"Feature","id":"51790","properties":{"name":"Staunton","county_fips":"51790","state_abbr":"VA"},"geometry":{"type":"Polygon","coordinates":[[[-79.11371641676416,38.15419925688256],[-79.09218065280652,38.18598446543465],[-79.03475194891949,38.1988703607936],[-79.0096268909689,38.18168916698166],[-79.02039477294772,38.1438905405954],[-79.04910912489125,38.12241404833048],[-79.08500206482064,38.126709346783464],[-79.11371641676416,38.15419925688256]]]}},{"type":"Feature","id":"51800","properties":{"name":"Suffolk","county_fips":"51800","state_abbr":"VA"},"geometry":{"type":"Polygon","coordinates":[[[-76.89912202312023,36.643972320813205],[-76.74837167541675,36.752213841828414],[-76.52942474184742,36.91629424273242],[-76.4827639199392,36.929180138091375],[-76.4827639199392,36.89653586984869],[-76.40738874608746,36.89739492953929],[-76.42174592205922,36.8664687806778],[-76.45763886198861,36.81664331862318],[-76.48994250792508,36.55033481453814],[-76.54019262382623,36.55033481453814],[-76.91706849308493,36.552052933919335],[-76.89912202312023,36.643972320813205]]]}},{"type":"Feature","id":"51181","properties":{"name":"Surry","county_fips":"51181","state_abbr":"VA"},"geometry":{"type":"Polygon","coordinates":[[[-77.15396189661897,37.11215985218852],[-77.07140813478135,37.184320866198654],[-77.01039013690136,37.21266983598835],[-77.01397943089431,37.23328726856268],[-76.97090790297902,37.248750342993425],[-76.9421935510355,37.234146328253274],[-76.90988990509905,37.20236111970119],[-76.86681837718378,37.20923359722597],[-76.80221108531084,37.19806582124821],[-76.74837167541675,37.15081753826538],[-76.7160680294803,37.149099418884184],[-76.68735367753678,37.198924880938804],[-76.66222861958619,37.17401214991149],[-76.67299650156501,37.14222694135941],[-76.6981215595156,37.05889815137151],[-76.84887190721906,36.99618679395793],[-76.95296143301432,36.94464321252212],[-76.96731860898609,37.00048209241092],[-76.96372931499315,37.05460285291852],[-77.03551519485194,37.07006592734927],[-77.07499742877428,37.06662968858688],[-77.15396189661897,37.11215985218852]]]}},{"type":"Feature","id":"51183","properties":{"name":"Sussex","county_fips":"51183","state_abbr":"VA"},"geometry":{"type":"Polygon","coordinates":[[[-77.62057011570116,36.87763655665556],[-77.39803388813888,36.99275055519555],[-77.15396189661897,37.11215985218852],[-77.07499742877428,37.06662968858688],[-77.03551519485194,37.07006592734927],[-76.96372931499315,37.05460285291852],[-76.96731860898609,37.00048209241092],[-76.95296143301432,36.94464321252212],[-77.11806895668957,36.85873724346243],[-77.34419447824477,36.752213841828414],[-77.43033753407533,36.70754273791737],[-77.49135553195532,36.721287692966925],[-77.45905188601886,36.863032541915416],[-77.50930200192002,36.844992288412875],[-77.57749858778588,36.851864765937655],[-77.62057011570116,36.87763655665556]]]}},{"type":"Feature","id":"51185","properties":{"name":"Tazewell","county_fips":"51185","state_abbr":"VA"},"geometry":{"type":"Polygon","coordinates":[[[-81.9025978492785,37.14222694135941],[-81.85593702737027,37.17401214991149],[-81.76261538355384,37.2015020600106],[-81.73749032560325,37.23844162670626],[-81.67647232772327,37.2015020600106],[-81.55443633196332,37.20751547784477],[-81.5077755100551,37.23242820887208],[-81.50059692206922,37.25819999958999],[-81.4180431602316,37.272804014330134],[-81.38932880828808,37.32005229731297],[-81.36061445634456,37.3380925508155],[-81.32113222242222,37.29943486473864],[-81.22422128461284,37.23500538794387],[-81.28523928249282,37.21610607475074],[-81.26370351853518,37.17315309022089],[-81.31395363443634,37.15940813517135],[-81.3283108104081,37.13879070259702],[-81.27088210652106,37.12762292661926],[-81.27088210652106,37.09326053899538],[-81.35702516235162,37.05803909168091],[-81.4000966902669,37.05803909168091],[-81.46111468814688,37.03570353972539],[-81.4359896301963,37.009931749007485],[-81.47906115811158,36.98587807767077],[-81.47547186411863,37.01852234591345],[-81.57597209592096,36.98931431643316],[-81.68365091570915,36.932616376853765],[-81.70877597365974,36.9772874807648],[-81.78056185351853,36.95838816757167],[-81.82722267542675,37.05374379322792],[-81.89182996729967,37.11301891187911],[-81.9025978492785,37.14222694135941]]]}},{"type":"Feature","id":"51810","properties":{"name":"Virginia Beach","county_fips":"51810","state_abbr":"VA"},"geometry":{"type":"Polygon","coordinates":[[[-76.22433475244752,36.8398379302693],[-76.195620400504,36.82781109460094],[-76.18485251852519,36.93089825747257],[-76.09512016870168,36.90856270551705],[-76.03410217082171,36.93175731716317],[-75.99461993689937,36.9223076605666],[-75.96590558495585,36.8123480201702],[-75.92283405704057,36.69207966348663],[-75.89053041110411,36.63108642545425],[-75.86540535315353,36.55033481453814],[-76.1238345206452,36.55033481453814],[-76.12024522665226,36.66544881307812],[-76.06999511075111,36.67747564874648],[-76.08076299272993,36.71269709606096],[-76.1417809906099,36.75736819997199],[-76.20279898848989,36.76939503564035],[-76.22433475244752,36.8398379302693]]]}},{"type":"Feature","id":"51187","properties":{"name":"Warren","county_fips":"51187","state_abbr":"VA"},"geometry":{"type":"Polygon","coordinates":[[[-78.39585761817618,38.82254769616696],[-78.3348396202962,38.88182281481814],[-78.2989466803668,38.94367511254112],[-78.3348396202962,38.9496885303753],[-78.31330385633856,39.008104589335886],[-78.16255350863509,39.01755424593245],[-78.15178562665626,39.03645355912558],[-78.09794621676217,39.01325894747947],[-78.05846398283983,39.01927236531365],[-78.00462457294573,38.97975561954619],[-78.07641045280452,38.91274896367963],[-78.06205327683277,38.892131531105306],[-78.13024986269862,38.8646416210062],[-78.15178562665626,38.854332904719044],[-78.18408927259273,38.792480606996065],[-78.25228585845858,38.75725915968159],[-78.28458950439504,38.75897727906278],[-78.29176809238092,38.78045377132771],[-78.39585761817618,38.82254769616696]]]}},{"type":"Feature","id":"51191","properties":{"name":"Washington","county_fips":"51191","state_abbr":"VA"},"geometry":{"type":"Polygon","coordinates":[[[-81.83799055740558,36.929180138091375],[-81.69800809168092,36.78915340852408],[-81.61904362383623,36.63366360452604],[-81.60468644786448,36.63795890297902],[-81.64775797577975,36.61218711226112],[-81.82722267542675,36.61390523164231],[-81.92413361323612,36.6164824107141],[-81.93490149521494,36.594146858758585],[-82.14666984079841,36.595005918449175],[-82.11436619486194,36.63881796266962],[-82.17897348673486,36.62679112700126],[-82.24358077860778,36.59586497813977],[-82.29383089450894,36.59586497813977],[-82.33331312843129,36.70926085729857],[-82.22563430864308,36.76252255811558],[-82.10359831288312,36.798603065120645],[-82.11795548885489,36.817502378313776],[-82.0748839609396,36.856160064390636],[-81.98156231712316,36.879354676036755],[-81.94566937719377,36.864750661296604],[-81.8846513793138,36.88966339232392],[-81.83799055740558,36.929180138091375]]]}},{"type":"Feature","id":"51820","properties":{"name":"Waynesboro","county_fips":"51820","state_abbr":"VA"},"geometry":{"type":"Polygon","coordinates":[[[-78.94860889308893,38.069152347513466],[-78.90553736517364,38.100078496374955],[-78.86605513125131,38.095783197921975],[-78.87323371923719,38.04080337772377],[-78.92348383513836,38.0313537211272],[-78.94860889308893,38.069152347513466]]]}},{"type":"Feature","id":"51193","properties":{"name":"Westmoreland","county_fips":"51193","state_abbr":"VA"},"geometry":{"type":"Polygon","coordinates":[[[-76.99603296092961,38.277903852328514],[-76.96372931499315,38.2564273600636],[-76.96372931499315,38.21433343522435],[-76.83810402524026,38.16364891347913],[-76.74837167541675,38.161930794097934],[-76.72324661746617,38.13787712276122],[-76.70171085350853,38.15591737626376],[-76.61556779767797,38.14818583904838],[-76.60121062170622,38.11038721266212],[-76.54378191781917,38.076883884728844],[-76.5186568598686,38.03478995988959],[-76.5724962697627,38.02705842267422],[-76.61556779767797,38.00128663195631],[-76.63351426764268,37.96692424433244],[-76.65505003160031,37.98238731876318],[-76.76631814538145,38.00128663195631],[-76.75913955739557,38.0322127808178],[-76.82374684926849,38.064857049060485],[-76.87758625916258,38.12413216771167],[-76.93860425704257,38.076883884728844],[-77.00321154891549,38.10866909328092],[-77.03192590085901,38.09148789946899],[-77.06064025280253,38.161930794097934],[-77.04628307683076,38.200588480174794],[-77.04628307683076,38.26072265851658],[-76.99603296092961,38.277903852328514]]]}},{"type":"Feature","id":"51830","properties":{"name":"Williamsburg","county_fips":"51830","state_abbr":"VA"},"geometry":{"type":"Polygon","coordinates":[[[-76.72683591145912,37.306307342263416],[-76.7088894414944,37.27709931278312],[-76.6801750895509,37.29256238721386],[-76.66222861958619,37.25132752206522],[-76.72683591145912,37.25046846237462],[-76.72683591145912,37.306307342263416]]]}},{"type":"Feature","id":"51840","properties":{"name":"Winchester","county_fips":"51840","state_abbr":"VA"},"geometry":{"type":"Polygon","coordinates":[[[-78.18767856658566,39.174762169311684],[-78.18767856658566,39.204829258482576],[-78.13742845068451,39.18421182590825],[-78.18408927259273,39.130950125091246],[-78.18767856658566,39.174762169311684]]]}},{"type":"Feature","id":"51195","properties":{"name":"Wise","county_fips":"51195","state_abbr":"VA"},"geometry":{"type":"Polygon","coordinates":[[[-82.86811793337932,36.97385124200241],[-82.82504640546405,37.006495510245095],[-82.78197487754878,37.00821362962629],[-82.72454617366174,37.04171695755957],[-82.72454617366174,37.1155960909509],[-82.63481382383823,37.15425377702776],[-82.56661723797238,37.19634770186701],[-82.55226006200061,37.203220179391785],[-82.54508147401474,37.12504574754747],[-82.49483135811357,37.059757211062106],[-82.48047418214182,37.02281764436644],[-82.3799739503395,36.98072371952719],[-82.3620274803748,36.95581098849988],[-82.3261345404454,36.971274062930625],[-82.29742018850189,36.90598552644526],[-82.40509900829008,36.87677749696496],[-82.40150971429713,36.88450903418033],[-82.63481382383823,36.87849561634616],[-82.65634958779587,36.844992288412875],[-82.69942111571116,36.81664331862318],[-82.74967123161231,36.832965452744524],[-82.77120699556995,36.80032118450184],[-82.83581428744287,36.84756946748467],[-82.87888581535815,36.89309963108631],[-82.85735005140052,36.92746201871018],[-82.86811793337932,36.97385124200241]],[[-82.66352817578175,36.92058954118541],[-82.6132780598806,36.90512646675466],[-82.59892088390883,36.95838816757167],[-82.63481382383823,36.952374749737494],[-82.66352817578175,36.92058954118541]]]}},{"type":"Feature","id":"51197","properties":{"name":"Wythe","county_fips":"51197","state_abbr":"VA"},"geometry":{"type":"Polygon","coordinates":[[[-80.91195270722707,37.07350216611165],[-80.89400623726237,37.02711294281942],[-80.86170259132591,37.0039183311733],[-80.73966659556595,36.879354676036755],[-80.85093470934709,36.84928758686586],[-81.04116729097291,36.806334602336015],[-81.08423881888818,36.78829434883348],[-81.08782811288113,36.767676916259155],[-81.18473905069051,36.75822725966259],[-81.26370351853518,36.763381617806175],[-81.27088210652106,36.79173058759587],[-81.3283108104081,36.89997210861108],[-81.37856092630926,36.952374749737494],[-81.28523928249282,37.01938140560405],[-81.22422128461284,37.04773037539375],[-81.16679258072581,37.02453576374763],[-81.1129531708317,37.02281764436644],[-81.03398870298703,37.04687131570315],[-80.91195270722707,37.07350216611165]]]}},{"type":"Feature","id":"51199","properties":{"name":"York","county_fips":"51199","state_abbr":"VA"},"geometry":{"type":"Polygon","coordinates":[[[-76.65863932559326,37.38018647565475],[-76.60121062170622,37.31403887947879],[-76.49712109591096,37.241018805778054],[-76.47199603796038,37.21610607475074],[-76.3930315701157,37.225555731347306],[-76.39662086410864,37.164562493314925],[-76.41456733407334,37.15597189640896],[-76.39662086410864,37.107005494044934],[-76.43610309803098,37.094978658376576],[-76.46122815598156,37.102710195591946],[-76.51506756587565,37.17830744836448],[-76.56531768177682,37.22040137320373],[-76.5904427397274,37.21352889567895],[-76.60121062170622,37.23844162670626],[-76.66222861958619,37.25132752206522],[-76.6801750895509,37.29256238721386],[-76.7088894414944,37.27709931278312],[-76.72683591145912,37.306307342263416],[-76.75555026340263,37.35441468493684],[-76.74119308743087,37.36987775936759],[-76.67299650156501,37.3673005802958],[-76.65863932559326,37.38018647565475]]]}}]}