<?xml version="1.0" encoding="UTF-8"?>
<kml xmlns="http://www.opengis.net/kml/2.2">
  <Document>
    <name>Grateful Dead: The Endless Tour (1965-1995)</name>
    <description>Complete tour history of the Grateful Dead from 1965 to 1995 - 557 shows across the world</description>
    
    <Style id="deadIcon">
      <IconStyle>
        <scale>1.2</scale>
        <Icon>
          <href>http://maps.google.com/mapfiles/kml/paddle/red-circle.png</href>
        </Icon>
      </IconStyle>
      <LabelStyle>
        <scale>1.0</scale>
      </LabelStyle>
      <BalloonStyle>
        <text><![CDATA[
          <b>$[name]</b><br/>
          $[description]
        ]]></text>
      </BalloonStyle>
    </Style>
    <Placemark>
      <name>Springfield Civic Center - February 10, 1972</name>
      <description>
        <![CDATA[<b>Date:</b> February 10, 1972<br/>
      <b>Venue:</b> Springfield Civic Center<br/>
      <b>Location:</b> Springfield, Massachusetts, United States<br/>
      
      <b>Setlist:</b> Cold Rain and Snow, Mexicali Blues, Tennessee Jed, Beat It on Down the Line, Bird Song, Black-Throated Wind, Big Railroad Blues, El Paso, Brown-Eyed Women, Cumberland Blues, Jack Straw, Don&#039;t Ease Me In, Playing in the Band, Casey Jones | Promised Land, He&#039;s Gone, Me and Bobby McGee, China Cat Sunflower, I Know You Rider, Tomorrow Is Forever, Greatest Story Ever Told, Mississippi Half-Step Uptown Toodeloo, Stella Blue, Truckin&#039;, Nobody&#039;s Fault but Mine, Drums, Uncle John&#039;s Band, Morning Dew, Sugar Magnolia | Johnny B. Goode<br/>]]>
      </description>
      <styleUrl>#deadIcon</styleUrl>
      <LookAt>
        <longitude>-72.58713290</longitude>
        <latitude>42.10200200</latitude>
        <altitude>0</altitude>
        <heading>0</heading>
        <tilt>0</tilt>
        <range>2000</range>
      </LookAt>
      <Point>
        <coordinates>-72.58713290,42.10200200,0</coordinates>
      </Point>
    </Placemark>
    <Placemark>
      <name>Winterland Arena - September 10, 1972</name>
      <description>
        <![CDATA[<b>Date:</b> September 10, 1972<br/>
      <b>Venue:</b> Winterland Arena<br/>
      <b>Location:</b> San Francisco, California, United States<br/>
      
      <b>Setlist:</b> Promised Land, Deal, Beat It on Down the Line, Friend of the Devil, Me and My Uncle, Tennessee Jed, Black-Throated Wind, Loser, El Paso, Box of Rain, China Cat Sunflower, I Know You Rider, Mexicali Blues, Sugaree, Playing in the Band | Jam, He&#039;s Gone, Big River, Mississippi Half-Step Uptown Toodeloo, Greatest Story Ever Told, Brokedown Palace, Truckin&#039;, The Other One, Wharf Rat, Sugar Magnolia, Casey Jones | Johnny B. Goode<br/>]]>
      </description>
      <styleUrl>#deadIcon</styleUrl>
      <LookAt>
        <longitude>-122.43578100</longitude>
        <latitude>37.78518010</latitude>
        <altitude>0</altitude>
        <heading>0</heading>
        <tilt>0</tilt>
        <range>2000</range>
      </LookAt>
      <Point>
        <coordinates>-122.43578100,37.78518010,0</coordinates>
      </Point>
    </Placemark>
    <Placemark>
      <name>Winterland Arena - October 12, 1972</name>
      <description>
        <![CDATA[<b>Date:</b> October 12, 1972<br/>
      <b>Venue:</b> Winterland Arena<br/>
      <b>Location:</b> San Francisco, California, United States<br/>
      
      <b>Setlist:</b> Cold Rain and Snow, Beat It on Down the Line, Don&#039;t Ease Me In, Black-Throated Wind, Bird Song, El Paso, Around and Around, Tennessee Jed, Big River, Box of Rain, Candyman, Bertha, Playing in the Band, Casey Jones | Promised Land, Stella Blue, China Cat Sunflower, I Know You Rider, Truckin&#039;, The Other One, Deal, Jack Straw, Sugar Magnolia, Ramble On Rose, Johnny B. Goode | Uncle John&#039;s Band<br/>]]>
      </description>
      <styleUrl>#deadIcon</styleUrl>
      <LookAt>
        <longitude>-122.43578100</longitude>
        <latitude>37.78518010</latitude>
        <altitude>0</altitude>
        <heading>0</heading>
        <tilt>0</tilt>
        <range>2000</range>
      </LookAt>
      <Point>
        <coordinates>-122.43578100,37.78518010,0</coordinates>
      </Point>
    </Placemark>
    <Placemark>
      <name>Winterland Arena - November 12, 1972</name>
      <description>
        <![CDATA[<b>Date:</b> November 12, 1972<br/>
      <b>Venue:</b> Winterland Arena<br/>
      <b>Location:</b> San Francisco, California, United States<br/>
      
      <b>Setlist:</b> Promised Land, Sugaree, Mexicali Blues, Loser, Me and Bobby McGee, Brown-Eyed Women, Beat It on Down the Line, China Cat Sunflower, I Know You Rider, Box of Rain, He&#039;s Gone, Around and Around, Friend of the Devil, Playing in the Band | Mississippi Half-Step Uptown Toodeloo, Me and My Uncle, Big Railroad Blues, Dark Star, Stella Blue, Big River, Deal, Tomorrow Is Forever, Sugar Magnolia | Casey Jones<br/>]]>
      </description>
      <styleUrl>#deadIcon</styleUrl>
      <LookAt>
        <longitude>-122.43578100</longitude>
        <latitude>37.78518010</latitude>
        <altitude>0</altitude>
        <heading>0</heading>
        <tilt>0</tilt>
        <range>2000</range>
      </LookAt>
      <Point>
        <coordinates>-122.43578100,37.78518010,0</coordinates>
      </Point>
    </Placemark>
    <Placemark>
      <name>Memorial Hall - December 11, 1972</name>
      <description>
        <![CDATA[<b>Date:</b> December 11, 1972<br/>
      <b>Venue:</b> Memorial Hall<br/>
      <b>Location:</b> Kansas City, Kansas, United States<br/>
      
      <b>Setlist:</b> Me and Bobby McGee, Deal, Black-Throated Wind, Cumberland Blues, Bird Song, Mexicali Blues, Box of Rain, Beat It on Down the Line, Candyman, Truckin&#039;, Casey Jones | Bertha, Me and My Uncle, Tennessee Jed, Playing in the Band, Stella Blue, El Paso, Friend of the Devil, Big River, He&#039;s Gone, Not Fade Away, Going Down the Road Feeling Bad<br/>]]>
      </description>
      <styleUrl>#deadIcon</styleUrl>
      <LookAt>
        <longitude>-94.62764110</longitude>
        <latitude>39.11218520</latitude>
        <altitude>0</altitude>
        <heading>0</heading>
        <tilt>0</tilt>
        <range>2000</range>
      </LookAt>
      <Point>
        <coordinates>-94.62764110,39.11218520,0</coordinates>
      </Point>
    </Placemark>
    <Placemark>
      <name>Winterland Arena - December 12, 1972</name>
      <description>
        <![CDATA[<b>Date:</b> December 12, 1972<br/>
      <b>Venue:</b> Winterland Arena<br/>
      <b>Location:</b> San Francisco, California, United States<br/>
      
      <b>Setlist:</b> Bertha, Beat It on Down the Line, Bird Song, Mexicali Blues, Brown-Eyed Women, Jack Straw, Me and Bobby McGee, Tennessee Jed, Box of Rain, El Paso, Cumberland Blues, Don&#039;t Ease Me In, Around and Around | Playing in the Band, He&#039;s Gone, Truckin&#039;, The Other One, Sugar Magnolia, Sing Me Back Home, Going Down the Road Feeling Bad, One More Saturday Night | Johnny B. Goode<br/>]]>
      </description>
      <styleUrl>#deadIcon</styleUrl>
      <LookAt>
        <longitude>-122.43578100</longitude>
        <latitude>37.78518010</latitude>
        <altitude>0</altitude>
        <heading>0</heading>
        <tilt>0</tilt>
        <range>2000</range>
      </LookAt>
      <Point>
        <coordinates>-122.43578100,37.78518010,0</coordinates>
      </Point>
    </Placemark>
    <Placemark>
      <name>Universal Amphitheatre - January 7, 1973</name>
      <description>
        <![CDATA[<b>Date:</b> January 7, 1973<br/>
      <b>Venue:</b> Universal Amphitheatre<br/>
      <b>Location:</b> Universal City, California, United States<br/>
      
      <b>Setlist:</b> Mississippi Half-Step Uptown Toodeloo, Me and My Uncle, Sugaree, The Race Is On, Brown-Eyed Women, Looks Like Rain, Don&#039;t Ease Me In, Big River, China Cat Sunflower, I Know You Rider, Around and Around | Playing in the Band, Row Jimmy, El Paso, Loose Lucy, Truckin&#039;, The Other One, Wharf Rat, Me and Bobby McGee, Casey Jones<br/>]]>
      </description>
      <styleUrl>#deadIcon</styleUrl>
      <LookAt>
        <longitude>-118.35844550</longitude>
        <latitude>34.14191900</latitude>
        <altitude>0</altitude>
        <heading>0</heading>
        <tilt>0</tilt>
        <range>2000</range>
      </LookAt>
      <Point>
        <coordinates>-118.35844550,34.14191900,0</coordinates>
      </Point>
    </Placemark>
    <Placemark>
      <name>Roosevelt Stadium - January 8, 1973</name>
      <description>
        <![CDATA[<b>Date:</b> January 8, 1973<br/>
      <b>Venue:</b> Roosevelt Stadium<br/>
      <b>Location:</b> Jersey City, New Jersey, United States<br/>
      
      <b>Setlist:</b> Promised Land, Sugaree, The Race Is On, You Ain&#039;t Woman Enough (to Take My Man), Bird Song, Mexicali Blues, They Love Each Other, Jack Straw, Stella Blue, Big River, Casey Jones | Around and Around, Mississippi Half-Step Uptown Toodeloo, Me and My Uncle, Row Jimmy, Dark Star, El Paso, Eyes of the World, Morning Dew, Sugar Magnolia, Going Down the Road Feeling Bad, One More Saturday Night<br/>]]>
      </description>
      <styleUrl>#deadIcon</styleUrl>
      <LookAt>
        <longitude>-74.10495860</longitude>
        <latitude>40.70676380</latitude>
        <altitude>0</altitude>
        <heading>0</heading>
        <tilt>0</tilt>
        <range>2000</range>
      </LookAt>
      <Point>
        <coordinates>-74.10495860,40.70676380,0</coordinates>
      </Point>
    </Placemark>
    <Placemark>
      <name>McGaw Memorial Hall - January 11, 1973</name>
      <description>
        <![CDATA[<b>Date:</b> January 11, 1973<br/>
      <b>Venue:</b> McGaw Memorial Hall<br/>
      <b>Location:</b> Evanston, Illinois, United States<br/>
      
      <b>Setlist:</b> Promised Land, Sugaree, Me and Bobby McGee, Brown-Eyed Women, Black-Throated Wind, China Cat Sunflower, I Know You Rider, Mexicali Blues, Brokedown Palace, Beat It on Down the Line, Loose Lucy, El Paso, They Love Each Other, Weather Report Suite | Morning Dew, Playing in the Band, Uncle John&#039;s Band, Mississippi Half-Step Uptown Toodeloo, He&#039;s Gone, Truckin&#039;, Wharf Rat, Sugar Magnolia<br/>]]>
      </description>
      <styleUrl>#deadIcon</styleUrl>
      <LookAt>
        <longitude>-87.69246670</longitude>
        <latitude>42.06681440</latitude>
        <altitude>0</altitude>
        <heading>0</heading>
        <tilt>0</tilt>
        <range>2000</range>
      </LookAt>
      <Point>
        <coordinates>-87.69246670,42.06681440,0</coordinates>
      </Point>
    </Placemark>
    <Placemark>
      <name>The Music Hall - January 12, 1973</name>
      <description>
        <![CDATA[<b>Date:</b> January 12, 1973<br/>
      <b>Venue:</b> The Music Hall<br/>
      <b>Location:</b> Boston, Massachusetts, United States<br/>
      
      <b>Setlist:</b> Promised Land, Sugaree, Mexicali Blues, Tennessee Jed, Looks Like Rain, China Cat Sunflower, I Know You Rider, Big River, Brokedown Palace, Weather Report Suite, Casey Jones | Around and Around, They Love Each Other, Me and My Uncle, Don&#039;t Ease Me In, Me and Bobby McGee, Mississippi Half-Step Uptown Toodeloo, Playing in the Band, Uncle John&#039;s Band, Row Jimmy, Greatest Story Ever Told, Not Fade Away, Going Down the Road Feeling Bad | One More Saturday Night<br/>]]>
      </description>
      <styleUrl>#deadIcon</styleUrl>
      <LookAt>
        <longitude>-71.06480360</longitude>
        <latitude>42.35037070</latitude>
        <altitude>0</altitude>
        <heading>0</heading>
        <tilt>0</tilt>
        <range>2000</range>
      </LookAt>
      <Point>
        <coordinates>-71.06480360,42.35037070,0</coordinates>
      </Point>
    </Placemark>
    <Placemark>
      <name>Boston Garden - February 4, 1973</name>
      <description>
        <![CDATA[<b>Date:</b> February 4, 1973<br/>
      <b>Venue:</b> Boston Garden<br/>
      <b>Location:</b> Boston, Massachusetts, United States<br/>
      
      <b>Setlist:</b> Promised Land, Deal, Mexicali Blues, Brown-Eyed Women, Beat It on Down the Line, Row Jimmy, Looks Like Rain, Wave That Flag, Box of Rain, Big River, China Cat Sunflower, I Know You Rider, You Ain&#039;t Woman Enough (to Take My Man), Jack Straw, Don&#039;t Ease Me In, Playing in the Band | Ramble On Rose, Me and My Uncle, Mississippi Half-Step Uptown Toodeloo, Around and Around, Loose Lucy, Greatest Story Ever Told, Here Comes Sunshine, Me and Bobby McGee, Weather Report Suite Prelude, Eyes of the World, China Doll, Sugar Magnolia, Casey Jones, Johnny B. Goode | And We Bid You Goodnight<br/>]]>
      </description>
      <styleUrl>#deadIcon</styleUrl>
      <LookAt>
        <longitude>-71.06222950</longitude>
        <latitude>42.36618640</latitude>
        <altitude>0</altitude>
        <heading>0</heading>
        <tilt>0</tilt>
        <range>2000</range>
      </LookAt>
      <Point>
        <coordinates>-71.06222950,42.36618640,0</coordinates>
      </Point>
    </Placemark>
    <Placemark>
      <name>The Music Hall - February 12, 1973</name>
      <description>
        <![CDATA[<b>Date:</b> February 12, 1973<br/>
      <b>Venue:</b> The Music Hall<br/>
      <b>Location:</b> Boston, Massachusetts, United States<br/>
      
      <b>Setlist:</b> Cold Rain and Snow, Beat It on Down the Line, Dire Wolf, The Race Is On, Brown-Eyed Women, Beer Barrel Polka, Jack Straw, Ramble On Rose, El Paso, Row Jimmy, Big River, Deal, Weather Report Suite | Wharf Rat, Mississippi Half-Step Uptown Toodeloo, Playing in the Band, Mind Left Body Jam, He&#039;s Gone, Truckin&#039;, Stella Blue, Sugar Magnolia | Morning Dew<br/>]]>
      </description>
      <styleUrl>#deadIcon</styleUrl>
      <LookAt>
        <longitude>-71.06480360</longitude>
        <latitude>42.35037070</latitude>
        <altitude>0</altitude>
        <heading>0</heading>
        <tilt>0</tilt>
        <range>2000</range>
      </LookAt>
      <Point>
        <coordinates>-71.06480360,42.35037070,0</coordinates>
      </Point>
    </Placemark>
    <Placemark>
      <name>Cincinnati Gardens - April 12, 1973</name>
      <description>
        <![CDATA[<b>Date:</b> April 12, 1973<br/>
      <b>Venue:</b> Cincinnati Gardens<br/>
      <b>Location:</b> Cincinnati, Ohio, United States<br/>
      
      <b>Setlist:</b> Johnny B. Goode, Sugaree, Me and My Uncle, China Cat Sunflower, I Know You Rider, El Paso, Deal, Big River, Tennessee Jed, Truckin&#039;, Stella Blue, Around and Around | Eyes of the World, Sugar Magnolia, Going Down the Road Feeling Bad, Casey Jones | One More Saturday Night<br/>]]>
      </description>
      <styleUrl>#deadIcon</styleUrl>
      <LookAt>
        <longitude>-84.35018900</longitude>
        <latitude>39.28833300</latitude>
        <altitude>0</altitude>
        <heading>0</heading>
        <tilt>0</tilt>
        <range>2000</range>
      </LookAt>
      <Point>
        <coordinates>-84.35018900,39.28833300,0</coordinates>
      </Point>
    </Placemark>
    <Placemark>
      <name>Public Auditorium - June 12, 1973</name>
      <description>
        <![CDATA[<b>Date:</b> June 12, 1973<br/>
      <b>Venue:</b> Public Auditorium<br/>
      <b>Location:</b> Cleveland, Ohio, United States<br/>
      
      <b>Setlist:</b> Bertha, Mexicali Blues, Loser, Black-Throated Wind, They Love Each Other, Beat It on Down the Line, Deal, El Paso, Row Jimmy, Greatest Story Ever Told, China Cat Sunflower, I Know You Rider, Around and Around | Ramble On Rose, Me and My Uncle, Here Comes Sunshine, Big River, Dark Star, Eyes of the World, Stella Blue, Sugar Magnolia<br/>]]>
      </description>
      <styleUrl>#deadIcon</styleUrl>
      <LookAt>
        <longitude>-81.69301190</longitude>
        <latitude>41.50364950</latitude>
        <altitude>0</altitude>
        <heading>0</heading>
        <tilt>0</tilt>
        <range>2000</range>
      </LookAt>
      <Point>
        <coordinates>-81.69301190,41.50364950,0</coordinates>
      </Point>
    </Placemark>
    <Placemark>
      <name>Nassau Veterans Memorial Coliseum - July 9, 1973</name>
      <description>
        <![CDATA[<b>Date:</b> July 9, 1973<br/>
      <b>Venue:</b> Nassau Veterans Memorial Coliseum<br/>
      <b>Location:</b> Uniondale, New York, United States<br/>
      
      <b>Setlist:</b> Promised Land, Sugaree, Mexicali Blues, They Love Each Other, Jack Straw, Looks Like Rain, Deal, El Paso, Bird Song, Playing in the Band | Here Comes Sunshine, Me and My Uncle, Loser, Let It Grow, Stella Blue, Truckin&#039;, Drums, The Other One, Eyes of the World, Sugar Magnolia | Around and Around<br/>]]>
      </description>
      <styleUrl>#deadIcon</styleUrl>
      <LookAt>
        <longitude>-73.59065280</longitude>
        <latitude>40.72327780</latitude>
        <altitude>0</altitude>
        <heading>0</heading>
        <tilt>0</tilt>
        <range>2000</range>
      </LookAt>
      <Point>
        <coordinates>-73.59065280,40.72327780,0</coordinates>
      </Point>
    </Placemark>
    <Placemark>
      <name>Nassau Veterans Memorial Coliseum - August 9, 1973</name>
      <description>
        <![CDATA[<b>Date:</b> August 9, 1973<br/>
      <b>Venue:</b> Nassau Veterans Memorial Coliseum<br/>
      <b>Location:</b> Uniondale, New York, United States<br/>
      
      <b>Setlist:</b> Bertha, Me and My Uncle, Sugaree, Beat It on Down the Line, Tennessee Jed, Looks Like Rain, Brown-Eyed Women, Jack Straw, Row Jimmy, Weather Report Suite, Let It Grow, Beer Barrel Polka, Eyes of the World, China Doll | Greatest Story Ever Told, Big River, Ramble On Rose, Let Me Sing Your Blues Away, China Cat Sunflower, I Know You Rider, El Paso, He&#039;s Gone, Truckin&#039;, Not Fade Away, Going Down the Road Feeling Bad | Stella Blue, One More Saturday Night<br/>]]>
      </description>
      <styleUrl>#deadIcon</styleUrl>
      <LookAt>
        <longitude>-73.59065280</longitude>
        <latitude>40.72327780</latitude>
        <altitude>0</altitude>
        <heading>0</heading>
        <tilt>0</tilt>
        <range>2000</range>
      </LookAt>
      <Point>
        <coordinates>-73.59065280,40.72327780,0</coordinates>
      </Point>
    </Placemark>
    <Placemark>
      <name>Cameron Indoor Stadium - August 12, 1973</name>
      <description>
        <![CDATA[<b>Date:</b> August 12, 1973<br/>
      <b>Venue:</b> Cameron Indoor Stadium<br/>
      <b>Location:</b> Durham, North Carolina, United States<br/>
      
      <b>Setlist:</b> Me and My Uncle, Sugaree, Mexicali Blues, Dire Wolf, Black-Throated Wind, They Love Each Other, Me and Bobby McGee, Don&#039;t Ease Me In, The Race Is On, Brown-Eyed Women, Big River, Candyman, Weather Report Suite, China Cat Sunflower, I Know You Rider | Around and Around, Ramble On Rose, El Paso, Row Jimmy, Greatest Story Ever Told, Bertha, He&#039;s Gone, Truckin&#039;, Nobody&#039;s Fault but Mine, The Other One, Wharf Rat, Stella Blue, Johnny B. Goode, Uncle John&#039;s Band | One More Saturday Night<br/>]]>
      </description>
      <styleUrl>#deadIcon</styleUrl>
      <LookAt>
        <longitude>-78.94220500</longitude>
        <latitude>35.99747150</latitude>
        <altitude>0</altitude>
        <heading>0</heading>
        <tilt>0</tilt>
        <range>2000</range>
      </LookAt>
      <Point>
        <coordinates>-78.94220500,35.99747150,0</coordinates>
      </Point>
    </Placemark>
    <Placemark>
      <name>Maples Pavilion, Stanford University - September 2, 1973</name>
      <description>
        <![CDATA[<b>Date:</b> September 2, 1973<br/>
      <b>Venue:</b> Maples Pavilion, Stanford University<br/>
      <b>Location:</b> Stanford, California, United States<br/>
      
      <b>Setlist:</b> Promised Land, Row Jimmy, Black-Throated Wind, Deal, Me and My Uncle, Sugaree, Looks Like Rain, Loose Lucy, Beer Barrel Polka, Mexicali Blues, Brown-Eyed Women, El Paso, Here Comes Sunshine, Playing in the Band | China Cat Sunflower, I Know You Rider, Jack Straw, They Love Each Other, Truckin&#039;, Eyes of the World, China Doll, Big River, Ramble On Rose, Box of Rain, Wave That Flag, Sugar Magnolia, Uncle John&#039;s Band, Around and Around | Casey Jones<br/>]]>
      </description>
      <styleUrl>#deadIcon</styleUrl>
      <LookAt>
        <longitude>-122.16063330</longitude>
        <latitude>37.42961940</latitude>
        <altitude>0</altitude>
        <heading>0</heading>
        <tilt>0</tilt>
        <range>2000</range>
      </LookAt>
      <Point>
        <coordinates>-122.16063330,37.42961940,0</coordinates>
      </Point>
    </Placemark>
    <Placemark>
      <name>Robert F. Kennedy Memorial Stadium - September 6, 1973</name>
      <description>
        <![CDATA[<b>Date:</b> September 6, 1973<br/>
      <b>Venue:</b> Robert F. Kennedy Memorial Stadium<br/>
      <b>Location:</b> Washington, Washington, D.C., United States<br/>
      
      <b>Setlist:</b> Promised Land, Deal, Looks Like Rain, They Love Each Other, Jack Straw, Loose Lucy, Mexicali Blues, Row Jimmy, El Paso, Box of Rain, Sugaree, Beat It on Down the Line, Tennessee Jed, Greatest Story Ever Told, China Cat Sunflower, I Know You Rider | He&#039;s Gone, Truckin&#039;, Playing in the Band, Loser, Me and My Uncle, Mississippi Half-Step Uptown Toodeloo, Big River, Eyes of the World, China Doll, Sugar Magnolia<br/>]]>
      </description>
      <styleUrl>#deadIcon</styleUrl>
      <LookAt>
        <longitude>-76.97186980</longitude>
        <latitude>38.88985250</latitude>
        <altitude>0</altitude>
        <heading>0</heading>
        <tilt>0</tilt>
        <range>2000</range>
      </LookAt>
      <Point>
        <coordinates>-76.97186980,38.88985250,0</coordinates>
      </Point>
    </Placemark>
    <Placemark>
      <name>Winterland Arena - September 11, 1973</name>
      <description>
        <![CDATA[<b>Date:</b> September 11, 1973<br/>
      <b>Venue:</b> Winterland Arena<br/>
      <b>Location:</b> San Francisco, California, United States<br/>
      
      <b>Setlist:</b> Promised Land, Here Comes Sunshine, They Love Each Other, Me and My Uncle, Don&#039;t Ease Me In, Black-Throated Wind, Ramble On Rose, Mexicali Blues, Brown-Eyed Women, Beat It on Down the Line, China Cat Sunflower, I Know You Rider, Playing in the Band | To Lay Me Down, The Race Is On, They Love Each Other, Me and Bobby McGee, Tennessee Jed, Big River, Row Jimmy, Mississippi Half-Step Uptown Toodeloo, Greatest Story Ever Told, Bertha, Weather Report Suite, Eyes of the World, China Doll, Around and Around, Going Down the Road Feeling Bad, Johnny B. Goode | Uncle John&#039;s Band<br/>]]>
      </description>
      <styleUrl>#deadIcon</styleUrl>
      <LookAt>
        <longitude>-122.43578100</longitude>
        <latitude>37.78518010</latitude>
        <altitude>0</altitude>
        <heading>0</heading>
        <tilt>0</tilt>
        <range>2000</range>
      </LookAt>
      <Point>
        <coordinates>-122.43578100,37.78518010,0</coordinates>
      </Point>
    </Placemark>
    <Placemark>
      <name>Robert F. Kennedy Memorial Stadium - October 6, 1973</name>
      <description>
        <![CDATA[<b>Date:</b> October 6, 1973<br/>
      <b>Venue:</b> Robert F. Kennedy Memorial Stadium<br/>
      <b>Location:</b> Washington, Washington, D.C., United States<br/>
      
      <b>Setlist:</b> Morning Dew, Beat It on Down the Line, Ramble On Rose, Jack Straw, Wave That Flag, Looks Like Rain, Box of Rain, They Love Each Other, The Race Is On, Row Jimmy, El Paso, Bird Song, Playing in the Band | Eyes of the World, Stella Blue, Big River, Here Comes Sunshine, Around and Around, Dark Star, He&#039;s Gone, Wharf Rat, Truckin&#039;, Sugar Magnolia | It Takes a Lot to Laugh, It Takes a Train to Cry, That&#039;s All Right, Promised Land, Not Fade Away, Going Down the Road Feeling Bad, Drums, Johnny B. Goode<br/>
      
      <b>Notes:</b> The third set was played with guest musicians Merl Saunders and The Allman Brothers<br/>]]>
      </description>
      <styleUrl>#deadIcon</styleUrl>
      <LookAt>
        <longitude>-76.97186980</longitude>
        <latitude>38.88985250</latitude>
        <altitude>0</altitude>
        <heading>0</heading>
        <tilt>0</tilt>
        <range>2000</range>
      </LookAt>
      <Point>
        <coordinates>-76.97186980,38.88985250,0</coordinates>
      </Point>
    </Placemark>
    <Placemark>
      <name>Winterland Arena - October 11, 1973</name>
      <description>
        <![CDATA[<b>Date:</b> October 11, 1973<br/>
      <b>Venue:</b> Winterland Arena<br/>
      <b>Location:</b> San Francisco, California, United States<br/>
      
      <b>Setlist:</b> Bertha, Jack Straw, Loser, Looks Like Rain, Deal, Mexicali Blues, Tennessee Jed, El Paso, Brokedown Palace, Beat It on Down the Line, Row Jimmy, Weather Report Suite | Playing in the Band, Uncle John&#039;s Band, Morning Dew, Uncle John&#039;s Band, Playing in the Band, Big River, Stella Blue, Truckin&#039;, Wharf Rat, Sugar Magnolia, One More Saturday Night | Casey Jones<br/>]]>
      </description>
      <styleUrl>#deadIcon</styleUrl>
      <LookAt>
        <longitude>-122.43578100</longitude>
        <latitude>37.78518010</latitude>
        <altitude>0</altitude>
        <heading>0</heading>
        <tilt>0</tilt>
        <range>2000</range>
      </LookAt>
      <Point>
        <coordinates>-122.43578100,37.78518010,0</coordinates>
      </Point>
    </Placemark>
    <Placemark>
      <name>Charlotte Coliseum - October 12, 1973</name>
      <description>
        <![CDATA[<b>Date:</b> October 12, 1973<br/>
      <b>Venue:</b> Charlotte Coliseum<br/>
      <b>Location:</b> Charlotte, North Carolina, United States<br/>
      
      <b>Setlist:</b> Bertha, Mexicali Blues, Deal, Jack Straw, Tennessee Jed, Big River, Don&#039;t Ease Me In, El Paso, Brown-Eyed Women, Playing in the Band | Promised Land, Peggy-O, Me and My Uncle, Row Jimmy, Me and Bobby McGee, Big Railroad Blues, Truckin&#039;, Nobody&#039;s Fault but Mine, Eyes of the World, Brokedown Palace, China Cat Sunflower, I Know You Rider, Sugar Magnolia, Going Down the Road Feeling Bad, Sunshine Daydream | Casey Jones<br/>]]>
      </description>
      <styleUrl>#deadIcon</styleUrl>
      <LookAt>
        <longitude>-80.79517330</longitude>
        <latitude>35.20509250</latitude>
        <altitude>0</altitude>
        <heading>0</heading>
        <tilt>0</tilt>
        <range>2000</range>
      </LookAt>
      <Point>
        <coordinates>-80.79517330,35.20509250,0</coordinates>
      </Point>
    </Placemark>
    <Placemark>
      <name>William &amp; Mary Hall - November 9, 1973</name>
      <description>
        <![CDATA[<b>Date:</b> November 9, 1973<br/>
      <b>Venue:</b> William &amp; Mary Hall<br/>
      <b>Location:</b> Williamsburg, Virginia, United States<br/>
      
      <b>Setlist:</b> Promised Land, Sugaree, The Race Is On, Loser, Looks Like Rain, Tennessee Jed, Jack Straw, China Cat Sunflower, I Know You Rider, El Paso, Mississippi Half-Step Uptown Toodeloo, Playing in the Band | Let Me Sing Your Blues Away, Weather Report Suite, Row Jimmy, Big River, Deal, Beat It on Down the Line, Dark Star, Morning Dew, Sugar Magnolia<br/>]]>
      </description>
      <styleUrl>#deadIcon</styleUrl>
      <LookAt>
        <longitude>-76.71967040</longitude>
        <latitude>37.27347230</latitude>
        <altitude>0</altitude>
        <heading>0</heading>
        <tilt>0</tilt>
        <range>2000</range>
      </LookAt>
      <Point>
        <coordinates>-76.71967040,37.27347230,0</coordinates>
      </Point>
    </Placemark>
    <Placemark>
      <name>Winterland Arena - November 11, 1973</name>
      <description>
        <![CDATA[<b>Date:</b> November 11, 1973<br/>
      <b>Venue:</b> Winterland Arena<br/>
      <b>Location:</b> San Francisco, California, United States<br/>
      
      <b>Setlist:</b> Promised Land, Bertha, Greatest Story Ever Told, Sugaree, Black-Throated Wind, To Lay Me Down, El Paso, Ramble On Rose, Me and Bobby McGee, China Cat Sunflower, I Know You Rider, Me and My Uncle, Loose Lucy, Weather Report Suite | Mississippi Half-Step Uptown Toodeloo, Big River, Dark Star, Mind Left Body Jam, Eyes of the World, China Doll, Sugar Magnolia, Uncle John&#039;s Band | Johnny B. Goode, And We Bid You Goodnight<br/>]]>
      </description>
      <styleUrl>#deadIcon</styleUrl>
      <LookAt>
        <longitude>-122.43578100</longitude>
        <latitude>37.78518010</latitude>
        <altitude>0</altitude>
        <heading>0</heading>
        <tilt>0</tilt>
        <range>2000</range>
      </LookAt>
      <Point>
        <coordinates>-122.43578100,37.78518010,0</coordinates>
      </Point>
    </Placemark>
    <Placemark>
      <name>William &amp; Mary Hall - December 9, 1973</name>
      <description>
        <![CDATA[<b>Date:</b> December 9, 1973<br/>
      <b>Venue:</b> William &amp; Mary Hall<br/>
      <b>Location:</b> Williamsburg, Virginia, United States<br/>
      
      <b>Setlist:</b> Bertha, Mexicali Blues, Brown-Eyed Women, El Paso, Don&#039;t Ease Me In, Looks Like Rain, Here Comes Sunshine, Ramble On Rose, Me and My Uncle, Bird Song, Jack Straw, Loser, Big River | Loose Lucy, Row Jimmy, Let Me Sing Your Blues Away, Around and Around, Eyes of the World, Stella Blue, Beat It on Down the Line, Casey Jones | One More Saturday Night<br/>]]>
      </description>
      <styleUrl>#deadIcon</styleUrl>
      <LookAt>
        <longitude>-76.71967040</longitude>
        <latitude>37.27347230</latitude>
        <altitude>0</altitude>
        <heading>0</heading>
        <tilt>0</tilt>
        <range>2000</range>
      </LookAt>
      <Point>
        <coordinates>-76.71967040,37.27347230,0</coordinates>
      </Point>
    </Placemark>
    <Placemark>
      <name>The Omni - December 12, 1973</name>
      <description>
        <![CDATA[<b>Date:</b> December 12, 1973<br/>
      <b>Venue:</b> The Omni<br/>
      <b>Location:</b> Atlanta, Georgia, United States<br/>
      
      <b>Setlist:</b> Promised Land, Sugaree, Mexicali Blues, Tennessee Jed, Don&#039;t Ease Me In, Looks Like Rain, They Love Each Other, El Paso, Peggy-O, Beat It on Down the Line, Brown-Eyed Women, Big River, Deal, Playing in the Band | Mississippi Half-Step Uptown Toodeloo, Me and Bobby McGee, China Cat Sunflower, I Know You Rider, Greatest Story Ever Told, Row Jimmy, Weather Report Suite, Wharf Rat, Me and My Uncle, Eyes of the World, Morning Dew, Sugar Magnolia | Casey Jones<br/>]]>
      </description>
      <styleUrl>#deadIcon</styleUrl>
      <LookAt>
        <longitude>-84.46751140</longitude>
        <latitude>33.88942120</latitude>
        <altitude>0</altitude>
        <heading>0</heading>
        <tilt>0</tilt>
        <range>2000</range>
      </LookAt>
      <Point>
        <coordinates>-84.46751140,33.88942120,0</coordinates>
      </Point>
    </Placemark>
    <Placemark>
      <name>Philadelphia Convention Hall and Civic Center - April 8, 1974</name>
      <description>
        <![CDATA[<b>Date:</b> April 8, 1974<br/>
      <b>Venue:</b> Philadelphia Convention Hall and Civic Center<br/>
      <b>Location:</b> Philadelphia, Pennsylvania, United States<br/>
      
      <b>Setlist:</b> Bertha, Mexicali Blues, Scarlet Begonias, Black-Throated Wind, Deal, Beat It on Down the Line, Peggy-O, Jack Straw, Loser, El Paso, Row Jimmy, Playing in the Band | Ship of Fools, Big River, Loose Lucy, Me and My Uncle, It Must Have Been the Roses, Weather Report Suite, Space, Wharf Rat, U.S. Blues, Sugar Magnolia | Casey Jones<br/>]]>
      </description>
      <styleUrl>#deadIcon</styleUrl>
      <LookAt>
        <longitude>-75.16522150</longitude>
        <latitude>39.95258390</latitude>
        <altitude>0</altitude>
        <heading>0</heading>
        <tilt>0</tilt>
        <range>2000</range>
      </LookAt>
      <Point>
        <coordinates>-75.16522150,39.95258390,0</coordinates>
      </Point>
    </Placemark>
    <Placemark>
      <name>Philadelphia Convention Hall and Civic Center - May 8, 1974</name>
      <description>
        <![CDATA[<b>Date:</b> May 8, 1974<br/>
      <b>Venue:</b> Philadelphia Convention Hall and Civic Center<br/>
      <b>Location:</b> Philadelphia, Pennsylvania, United States<br/>
      
      <b>Setlist:</b> Promised Land, Brown-Eyed Women, Beat It on Down the Line, Dire Wolf, Me and Bobby McGee, Tennessee Jed, Jack Straw, Deal, El Paso, China Cat Sunflower, I Know You Rider, Around and Around | Mississippi Half-Step Uptown Toodeloo, It Must Have Been the Roses, Big River, Ramble On Rose, Me and My Uncle, Scarlet Begonias, He&#039;s Gone, Truckin&#039;, Space, Stella Blue, One More Saturday Night | U.S. Blues<br/>]]>
      </description>
      <styleUrl>#deadIcon</styleUrl>
      <LookAt>
        <longitude>-75.16522150</longitude>
        <latitude>39.95258390</latitude>
        <altitude>0</altitude>
        <heading>0</heading>
        <tilt>0</tilt>
        <range>2000</range>
      </LookAt>
      <Point>
        <coordinates>-75.16522150,39.95258390,0</coordinates>
      </Point>
    </Placemark>
    <Placemark>
      <name>Roosevelt Stadium - June 8, 1974</name>
      <description>
        <![CDATA[<b>Date:</b> June 8, 1974<br/>
      <b>Venue:</b> Roosevelt Stadium<br/>
      <b>Location:</b> Jersey City, New Jersey, United States<br/>
      
      <b>Setlist:</b> Bertha, Mexicali Blues, Don&#039;t Ease Me In, Beat It on Down the Line, Sugaree, Jack Straw, Eyes of the World, Promised Land, Deal, Playing in the Band, Scarlet Begonias | Uncle John&#039;s Band, El Paso, Black Peter, Loose Lucy, Big River, Ship of Fools, Me and My Uncle, Row Jimmy, Sugar Magnolia, He&#039;s Gone, Truckin&#039;, Spanish Jam, The Other One, Going Down the Road Feeling Bad, Sunshine Daydream | U.S. Blues<br/>]]>
      </description>
      <styleUrl>#deadIcon</styleUrl>
      <LookAt>
        <longitude>-74.10495860</longitude>
        <latitude>40.70676380</latitude>
        <altitude>0</altitude>
        <heading>0</heading>
        <tilt>0</tilt>
        <range>2000</range>
      </LookAt>
      <Point>
        <coordinates>-74.10495860,40.70676380,0</coordinates>
      </Point>
    </Placemark>
    <Placemark>
      <name>Oakland-Alameda County Coliseum - August 6, 1974</name>
      <description>
        <![CDATA[<b>Date:</b> August 6, 1974<br/>
      <b>Venue:</b> Oakland-Alameda County Coliseum<br/>
      <b>Location:</b> Oakland, California, United States<br/>
      
      <b>Setlist:</b> Promised Land, Brown-Eyed Women, Me and Bobby McGee, Scarlet Begonias, Mexicali Blues, It Must Have Been the Roses, Me and My Uncle, Tennessee Jed, Greatest Story Ever Told, China Cat Sunflower, I Know You Rider, Around and Around | U.S. Blues, Big River, Ship of Fools, Playing in the Band, Wharf Rat, Eyes of the World, Sugar Magnolia | Casey Jones, One More Saturday Night<br/>]]>
      </description>
      <styleUrl>#deadIcon</styleUrl>
      <LookAt>
        <longitude>-122.20091060</longitude>
        <latitude>37.75141420</latitude>
        <altitude>0</altitude>
        <heading>0</heading>
        <tilt>0</tilt>
        <range>2000</range>
      </LookAt>
      <Point>
        <coordinates>-122.20091060,37.75141420,0</coordinates>
      </Point>
    </Placemark>
    <Placemark>
      <name>Alexandra Palace - September 9, 1974</name>
      <description>
        <![CDATA[<b>Date:</b> September 9, 1974<br/>
      <b>Venue:</b> Alexandra Palace<br/>
      <b>Location:</b> London, England, United Kingdom<br/>
      
      <b>Setlist:</b> Bertha, Promised Land, It Must Have Been the Roses, Jack Straw, Scarlet Begonias, Mexicali Blues, Row Jimmy, Playing in the Band | Deal, El Paso, Ship of Fools, Tennessee Jed, Truckin&#039;, Wharf Rat, Uncle John&#039;s Band, Johnny B. Goode | U.S. Blues, One More Saturday Night<br/>]]>
      </description>
      <styleUrl>#deadIcon</styleUrl>
      <LookAt>
        <longitude>-0.13081110</longitude>
        <latitude>51.59423750</latitude>
        <altitude>0</altitude>
        <heading>0</heading>
        <tilt>0</tilt>
        <range>2000</range>
      </LookAt>
      <Point>
        <coordinates>-0.13081110,51.59423750,0</coordinates>
      </Point>
    </Placemark>
    <Placemark>
      <name>Alexandra Palace - October 9, 1974</name>
      <description>
        <![CDATA[<b>Date:</b> October 9, 1974<br/>
      <b>Venue:</b> Alexandra Palace<br/>
      <b>Location:</b> London, England, United Kingdom<br/>
      
      <b>Setlist:</b> Around and Around, Mississippi Half-Step Uptown Toodeloo, Beat It on Down the Line, Peggy-O, Black-Throated Wind, Tennessee Jed, Mexicali Blues, China Cat Sunflower, I Know You Rider, Loser, Black Peter, Weather Report Suite, Stella Blue | Me and My Uncle, Dire Wolf, Not Fade Away, Ramble On Rose, Big River, Dark Star, Morning Dew, Sugar Magnolia | U.S. Blues<br/>]]>
      </description>
      <styleUrl>#deadIcon</styleUrl>
      <LookAt>
        <longitude>-0.13081110</longitude>
        <latitude>51.59423750</latitude>
        <altitude>0</altitude>
        <heading>0</heading>
        <tilt>0</tilt>
        <range>2000</range>
      </LookAt>
      <Point>
        <coordinates>-0.13081110,51.59423750,0</coordinates>
      </Point>
    </Placemark>
    <Placemark>
      <name>Alexandra Palace - November 9, 1974</name>
      <description>
        <![CDATA[<b>Date:</b> November 9, 1974<br/>
      <b>Venue:</b> Alexandra Palace<br/>
      <b>Location:</b> London, England, United Kingdom<br/>
      
      <b>Setlist:</b> Scarlet Begonias, Mexicali Blues, Brown-Eyed Women, Beat It on Down the Line, Sugaree, Jack Straw, Row Jimmy, Me and Bobby McGee, Tennessee Jed, Big River, It Must Have Been the Roses, Playing in the Band | Seastones, Space, Eyes of the World, Wharf Rat | Around and Around, Ship of Fools, Going Down the Road Feeling Bad, Sugar Magnolia | U.S. Blues<br/>]]>
      </description>
      <styleUrl>#deadIcon</styleUrl>
      <LookAt>
        <longitude>-0.13081110</longitude>
        <latitude>51.59423750</latitude>
        <altitude>0</altitude>
        <heading>0</heading>
        <tilt>0</tilt>
        <range>2000</range>
      </LookAt>
      <Point>
        <coordinates>-0.13081110,51.59423750,0</coordinates>
      </Point>
    </Placemark>
    <Placemark>
      <name>University of Nevada, Reno - December 5, 1974</name>
      <description>
        <![CDATA[<b>Date:</b> December 5, 1974<br/>
      <b>Venue:</b> University of Nevada, Reno<br/>
      <b>Location:</b> Reno, Nevada, United States<br/>
      
      <b>Setlist:</b> Promised Land, Sugaree, Mexicali Blues, Tennessee Jed, Jack Straw, Brown-Eyed Women, Beat It on Down the Line, China Cat Sunflower, I Know You Rider | El Paso, U.S. Blues, Greatest Story Ever Told, It Must Have Been the Roses, Me and Bobby McGee, Deal, Around and Around, Mississippi Half-Step Uptown Toodeloo | Truckin&#039;, Nobody&#039;s Fault but Mine, The Other One, Mind Left Body Jam, Row Jimmy, Big River, Ship of Fools | Sugar Magnolia<br/>]]>
      </description>
      <styleUrl>#deadIcon</styleUrl>
      <LookAt>
        <longitude>-119.81569240</longitude>
        <latitude>39.54856510</latitude>
        <altitude>0</altitude>
        <heading>0</heading>
        <tilt>0</tilt>
        <range>2000</range>
      </LookAt>
      <Point>
        <coordinates>-119.81569240,39.54856510,0</coordinates>
      </Point>
    </Placemark>
    <Placemark>
      <name>Market Square Arena - January 10, 1976</name>
      <description>
        <![CDATA[<b>Date:</b> January 10, 1976<br/>
      <b>Venue:</b> Market Square Arena<br/>
      <b>Location:</b> Indianapolis, Indiana, United States<br/>
      
      <b>Setlist:</b> Bertha, Mama Tried, Deal, Cassidy, Friend of the Devil, Big River, Brown-Eyed Women, It&#039;s All Over Now, Scarlet Begonias, Promised Land | Might as Well, Samson and Delilah, Help on the Way, Slipknot!, Franklin&#039;s Tower, Dancing in the Street, Drums, The Wheel, Ship of Fools, Going Down the Road Feeling Bad, One More Saturday Night | U.S. Blues<br/>]]>
      </description>
      <styleUrl>#deadIcon</styleUrl>
      <LookAt>
        <longitude>-86.09917890</longitude>
        <latitude>39.77107570</latitude>
        <altitude>0</altitude>
        <heading>0</heading>
        <tilt>0</tilt>
        <range>2000</range>
      </LookAt>
      <Point>
        <coordinates>-86.09917890,39.77107570,0</coordinates>
      </Point>
    </Placemark>
    <Placemark>
      <name>Colt Park - February 8, 1976</name>
      <description>
        <![CDATA[<b>Date:</b> February 8, 1976<br/>
      <b>Venue:</b> Colt Park<br/>
      <b>Location:</b> Hartford, Connecticut, United States<br/>
      
      <b>Setlist:</b> Promised Land, Mississippi Half-Step Uptown Toodeloo, Mama Tried, Deal, Cassidy, Tennessee Jed, Big River, Brown-Eyed Women, Minglewood Blues, They Love Each Other, Looks Like Rain, Loser, Lazy Lightning, Supplication | Might as Well, Samson and Delilah, Candyman, Playing in the Band, Wharf Rat, Drums, Going Down the Road Feeling Bad, Playing in the Band, Around and Around | U.S. Blues | Sugar Magnolia<br/>]]>
      </description>
      <styleUrl>#deadIcon</styleUrl>
      <LookAt>
        <longitude>-72.66907230</longitude>
        <latitude>41.75162770</latitude>
        <altitude>0</altitude>
        <heading>0</heading>
        <tilt>0</tilt>
        <range>2000</range>
      </LookAt>
      <Point>
        <coordinates>-72.66907230,41.75162770,0</coordinates>
      </Point>
    </Placemark>
    <Placemark>
      <name>Riverfront Coliseum - February 10, 1976</name>
      <description>
        <![CDATA[<b>Date:</b> February 10, 1976<br/>
      <b>Venue:</b> Riverfront Coliseum<br/>
      <b>Location:</b> Cincinnati, Ohio, United States<br/>
      
      <b>Setlist:</b> Promised Land, They Love Each Other, Minglewood Blues, Row Jimmy, El Paso, Tennessee Jed, It&#039;s All Over Now, Brown-Eyed Women, Let It Grow, Might as Well | The Music Never Stopped, Candyman, Samson and Delilah, It Must Have Been the Roses, Big River, Friend of the Devil, Dancing in the Street, Drums, The Other One, Stella Blue, Sugar Magnolia<br/>
      
      <b>Notes:</b> Commercially released as Dave&#039;s Picks, Volume 53 on January 31, 2025<br/>]]>
      </description>
      <styleUrl>#deadIcon</styleUrl>
      <LookAt>
        <longitude>-84.50447870</longitude>
        <latitude>39.09799060</latitude>
        <altitude>0</altitude>
        <heading>0</heading>
        <tilt>0</tilt>
        <range>2000</range>
      </LookAt>
      <Point>
        <coordinates>-84.50447870,39.09799060,0</coordinates>
      </Point>
    </Placemark>
    <Placemark>
      <name>Paramount Theatre - March 6, 1976</name>
      <description>
        <![CDATA[<b>Date:</b> March 6, 1976<br/>
      <b>Venue:</b> Paramount Theatre<br/>
      <b>Location:</b> Portland, Oregon, United States<br/>
      
      <b>Setlist:</b> Might as Well, Cassidy, Row Jimmy, Looks Like Rain, They Love Each Other, Lazy Lightning, Supplication, Candyman, The Music Never Stopped, Scarlet Begonias, Dancing in the Street | Samson and Delilah, Crazy Fingers, Wharf Rat, Let It Grow, It Must Have Been the Roses, Around and Around, Help on the Way, Slipknot!, Franklin&#039;s Tower, One More Saturday Night | The Wheel<br/>]]>
      </description>
      <styleUrl>#deadIcon</styleUrl>
      <LookAt>
        <longitude>-122.68115750</longitude>
        <latitude>45.51686240</latitude>
        <altitude>0</altitude>
        <heading>0</heading>
        <tilt>0</tilt>
        <range>2000</range>
      </LookAt>
      <Point>
        <coordinates>-122.68115750,45.51686240,0</coordinates>
      </Point>
    </Placemark>
    <Placemark>
      <name>Cobo Arena - March 10, 1976</name>
      <description>
        <![CDATA[<b>Date:</b> March 10, 1976<br/>
      <b>Venue:</b> Cobo Arena<br/>
      <b>Location:</b> Detroit, Michigan, United States<br/>
      
      <b>Setlist:</b> Bertha, Mama Tried, Sugaree, Minglewood Blues, Ramble On Rose, Looks Like Rain, Loser, El Paso, Scarlet Begonias, The Music Never Stopped | Samson and Delilah, It Must Have Been the Roses, Playing in the Band, Drums, The Wheel, Good Lovin&#039;, Comes a Time, Dancing in the Street, Not Fade Away, Around and Around<br/>
      
      <b>Notes:</b> Commercially released on the 30 Trips Around the Sun box set on October 7, 2015.<br/>]]>
      </description>
      <styleUrl>#deadIcon</styleUrl>
      <LookAt>
        <longitude>-83.04918080</longitude>
        <latitude>42.32811620</latitude>
        <altitude>0</altitude>
        <heading>0</heading>
        <tilt>0</tilt>
        <range>2000</range>
      </LookAt>
      <Point>
        <coordinates>-83.04918080,42.32811620,0</coordinates>
      </Point>
    </Placemark>
    <Placemark>
      <name>Paramount Theatre - April 6, 1976</name>
      <description>
        <![CDATA[<b>Date:</b> April 6, 1976<br/>
      <b>Venue:</b> Paramount Theatre<br/>
      <b>Location:</b> Portland, Oregon, United States<br/>
      
      <b>Setlist:</b> Promised Land, Friend of the Devil, Mama Tried, Sugaree, Cassidy, Candyman, Big River, Brown-Eyed Women, Lazy Lightning, Supplication, Mission in the Rain, Looks Like Rain, Help on the Way, Slipknot!, Franklin&#039;s Tower | Playing in the Band, Might as Well, Samson and Delilah, Cosmic Charlie, Let It Grow, Drums, Stella Blue, Dancing in the Street, U.S. Blues | Johnny B. Goode<br/>]]>
      </description>
      <styleUrl>#deadIcon</styleUrl>
      <LookAt>
        <longitude>-122.68115750</longitude>
        <latitude>45.51686240</latitude>
        <altitude>0</altitude>
        <heading>0</heading>
        <tilt>0</tilt>
        <range>2000</range>
      </LookAt>
      <Point>
        <coordinates>-122.68115750,45.51686240,0</coordinates>
      </Point>
    </Placemark>
    <Placemark>
      <name>Roosevelt Stadium - April 8, 1976</name>
      <description>
        <![CDATA[<b>Date:</b> April 8, 1976<br/>
      <b>Venue:</b> Roosevelt Stadium<br/>
      <b>Location:</b> Jersey City, New Jersey, United States<br/>
      
      <b>Setlist:</b> Sugaree, Minglewood Blues, Row Jimmy, Big River, Loser, Looks Like Rain, They Love Each Other, The Music Never Stopped, Scarlet Begonias | Help on the Way, Slipknot!, Franklin&#039;s Tower, Dancing in the Street, The Wheel, Samson and Delilah, It Must Have Been the Roses, Not Fade Away, Drums, The Other One, Ship of Fools, Sugar Magnolia | Johnny B. Goode<br/>]]>
      </description>
      <styleUrl>#deadIcon</styleUrl>
      <LookAt>
        <longitude>-74.10495860</longitude>
        <latitude>40.70676380</latitude>
        <altitude>0</altitude>
        <heading>0</heading>
        <tilt>0</tilt>
        <range>2000</range>
      </LookAt>
      <Point>
        <coordinates>-74.10495860,40.70676380,0</coordinates>
      </Point>
    </Placemark>
    <Placemark>
      <name>The Music Hall - September 6, 1976</name>
      <description>
        <![CDATA[<b>Date:</b> September 6, 1976<br/>
      <b>Venue:</b> The Music Hall<br/>
      <b>Location:</b> Boston, Massachusetts, United States<br/>
      
      <b>Setlist:</b> Cold Rain and Snow, Cassidy, Scarlet Begonias, The Music Never Stopped, Crazy Fingers, Big River, They Love Each Other, Looks Like Rain, Ship of Fools, Promised Land | St. Stephen, Eyes of the World, Let It Grow, Drums, Brown-Eyed Women, Lazy Lightning, Supplication, High Time, Samson and Delilah, It Must Have Been the Roses, Dancing in the Street, Wharf Rat, Around and Around | Franklin&#039;s Tower<br/>]]>
      </description>
      <styleUrl>#deadIcon</styleUrl>
      <LookAt>
        <longitude>-71.06480360</longitude>
        <latitude>42.35037070</latitude>
        <altitude>0</altitude>
        <heading>0</heading>
        <tilt>0</tilt>
        <range>2000</range>
      </LookAt>
      <Point>
        <coordinates>-71.06480360,42.35037070,0</coordinates>
      </Point>
    </Placemark>
    <Placemark>
      <name>Oakland-Alameda County Coliseum - September 10, 1976</name>
      <description>
        <![CDATA[<b>Date:</b> September 10, 1976<br/>
      <b>Venue:</b> Oakland-Alameda County Coliseum<br/>
      <b>Location:</b> Oakland, California, United States<br/>
      
      <b>Setlist:</b> Promised Land, Mississippi Half-Step Uptown Toodeloo, Cassidy, Tennessee Jed, Looks Like Rain, They Love Each Other, Minglewood Blues, Scarlet Begonias, Lazy Lightning, Supplication, Sugaree | St. Stephen, Not Fade Away, Help on the Way, Slipknot!, Drums, Samson and Delilah, Franklin&#039;s Tower, One More Saturday Night | U.S. Blues<br/>]]>
      </description>
      <styleUrl>#deadIcon</styleUrl>
      <LookAt>
        <longitude>-122.20091060</longitude>
        <latitude>37.75141420</latitude>
        <altitude>0</altitude>
        <heading>0</heading>
        <tilt>0</tilt>
        <range>2000</range>
      </LookAt>
      <Point>
        <coordinates>-122.20091060,37.75141420,0</coordinates>
      </Point>
    </Placemark>
    <Placemark>
      <name>The Music Hall - October 6, 1976</name>
      <description>
        <![CDATA[<b>Date:</b> October 6, 1976<br/>
      <b>Venue:</b> The Music Hall<br/>
      <b>Location:</b> Boston, Massachusetts, United States<br/>
      
      <b>Setlist:</b> Promised Land, Sugaree, Cassidy, They Love Each Other, The Music Never Stopped, Brown-Eyed Women, Lazy Lightning, Supplication, Row Jimmy, Big River, Mission in the Rain, Looks Like Rain, Might as Well | Samson and Delilah, Help on the Way, Slipknot!, Franklin&#039;s Tower, Let It Grow, Drums, Friend of the Devil, Playing in the Band, Dancing in the Street, U.S. Blues<br/>]]>
      </description>
      <styleUrl>#deadIcon</styleUrl>
      <LookAt>
        <longitude>-71.06480360</longitude>
        <latitude>42.35037070</latitude>
        <altitude>0</altitude>
        <heading>0</heading>
        <tilt>0</tilt>
        <range>2000</range>
      </LookAt>
      <Point>
        <coordinates>-71.06480360,42.35037070,0</coordinates>
      </Point>
    </Placemark>
    <Placemark>
      <name>Oakland-Alameda County Coliseum - October 10, 1976</name>
      <description>
        <![CDATA[<b>Date:</b> October 10, 1976<br/>
      <b>Venue:</b> Oakland-Alameda County Coliseum<br/>
      <b>Location:</b> Oakland, California, United States<br/>
      
      <b>Setlist:</b> Might as Well, Mama Tried, Ramble On Rose, Cassidy, Deal, El Paso, Loser, Promised Land, Friend of the Devil, Dancing in the Street, Wharf Rat | Samson and Delilah, Brown-Eyed Women, Playing in the Band, Drums, The Wheel, Space, The Other One, Stella Blue, Sugar Magnolia | Johnny B. Goode<br/>]]>
      </description>
      <styleUrl>#deadIcon</styleUrl>
      <LookAt>
        <longitude>-122.20091060</longitude>
        <latitude>37.75141420</latitude>
        <altitude>0</altitude>
        <heading>0</heading>
        <tilt>0</tilt>
        <range>2000</range>
      </LookAt>
      <Point>
        <coordinates>-122.20091060,37.75141420,0</coordinates>
      </Point>
    </Placemark>
    <Placemark>
      <name>The Music Hall - November 6, 1976</name>
      <description>
        <![CDATA[<b>Date:</b> November 6, 1976<br/>
      <b>Venue:</b> The Music Hall<br/>
      <b>Location:</b> Boston, Massachusetts, United States<br/>
      
      <b>Setlist:</b> Might as Well, Mama Tried, Tennessee Jed, Cassidy, Candyman, Big River, Scarlet Begonias, Looks Like Rain, It Must Have Been the Roses, Lazy Lightning, Supplication, Brown-Eyed Women, Promised Land | St. Stephen, Dancing in the Street, The Music Never Stopped, Ship of Fools, Samson and Delilah, Sugaree, Sugar Magnolia, Eyes of the World, Stella Blue, Sunshine Daydream | Johnny B. Goode<br/>]]>
      </description>
      <styleUrl>#deadIcon</styleUrl>
      <LookAt>
        <longitude>-71.06480360</longitude>
        <latitude>42.35037070</latitude>
        <altitude>0</altitude>
        <heading>0</heading>
        <tilt>0</tilt>
        <range>2000</range>
      </LookAt>
      <Point>
        <coordinates>-71.06480360,42.35037070,0</coordinates>
      </Point>
    </Placemark>
    <Placemark>
      <name>The Music Hall - December 6, 1976</name>
      <description>
        <![CDATA[<b>Date:</b> December 6, 1976<br/>
      <b>Venue:</b> The Music Hall<br/>
      <b>Location:</b> Boston, Massachusetts, United States<br/>
      
      <b>Setlist:</b> Samson and Delilah, Row Jimmy, The Music Never Stopped, Brown-Eyed Women, Big River, Mission in the Rain, Looks Like Rain, Friend of the Devil, Lazy Lightning, Supplication, High Time, Promised Land | The Wheel, Cassidy, Tennessee Jed, Let It Grow, Drums, Wharf Rat, Comes a Time, Dancing in the Street, Around and Around | Sugar Magnolia, U.S. Blues, Sunshine Daydream<br/>]]>
      </description>
      <styleUrl>#deadIcon</styleUrl>
      <LookAt>
        <longitude>-71.06480360</longitude>
        <latitude>42.35037070</latitude>
        <altitude>0</altitude>
        <heading>0</heading>
        <tilt>0</tilt>
        <range>2000</range>
      </LookAt>
      <Point>
        <coordinates>-71.06480360,42.35037070,0</coordinates>
      </Point>
    </Placemark>
    <Placemark>
      <name>Orpheum Theatre - December 7, 1976</name>
      <description>
        <![CDATA[<b>Date:</b> December 7, 1976<br/>
      <b>Venue:</b> Orpheum Theatre<br/>
      <b>Location:</b> San Francisco, California, United States<br/>
      
      <b>Setlist:</b> The Music Never Stopped, Brown-Eyed Women, Cassidy, Tennessee Jed, Minglewood Blues, Candyman, Looks Like Rain, Row Jimmy, Lazy Lightning, Supplication, Deal, Promised Land | Sugaree, Samson and Delilah, Help on the Way, Slipknot!, Franklin&#039;s Tower, Dancing in the Street, Wharf Rat, Drums, The Wheel, Around and Around | U.S. Blues<br/>]]>
      </description>
      <styleUrl>#deadIcon</styleUrl>
      <LookAt>
        <longitude>-122.41453760</longitude>
        <latitude>37.77917860</latitude>
        <altitude>0</altitude>
        <heading>0</heading>
        <tilt>0</tilt>
        <range>2000</range>
      </LookAt>
      <Point>
        <coordinates>-122.41453760,37.77917860,0</coordinates>
      </Point>
    </Placemark>
    <Placemark>
      <name>The Palladium - January 5, 1977</name>
      <description>
        <![CDATA[<b>Date:</b> January 5, 1977<br/>
      <b>Venue:</b> The Palladium<br/>
      <b>Location:</b> New York, New York, United States<br/>
      
      <b>Setlist:</b> Might as Well, El Paso, Ramble On Rose, Cassidy, They Love Each Other, Lazy Lightning, Supplication, It Must Have Been the Roses, Estimated Prophet, Tennessee Jed, Sunrise, Samson and Delilah | Dancing in the Street, Brown-Eyed Women, Playing in the Band, Drums, The Other One, Comes a Time | Brokedown Palace<br/>]]>
      </description>
      <styleUrl>#deadIcon</styleUrl>
      <LookAt>
        <longitude>-73.98613730</longitude>
        <latitude>40.75782390</latitude>
        <altitude>0</altitude>
        <heading>0</heading>
        <tilt>0</tilt>
        <range>2000</range>
      </LookAt>
      <Point>
        <coordinates>-73.98613730,40.75782390,0</coordinates>
      </Point>
    </Placemark>
    <Placemark>
      <name>Paramount Theatre - January 10, 1977</name>
      <description>
        <![CDATA[<b>Date:</b> January 10, 1977<br/>
      <b>Venue:</b> Paramount Theatre<br/>
      <b>Location:</b> Portland, Oregon, United States<br/>
      
      <b>Setlist:</b> Promised Land, They Love Each Other, Mexicali Blues, Dire Wolf, Cassidy, Deal, Passenger, Tennessee Jed, Minglewood Blues, Peggy-O, The Music Never Stopped | Bertha, Good Lovin&#039;, It Must Have Been the Roses, Estimated Prophet, Eyes of the World, Dancing in the Street, Drums, Not Fade Away, Black Peter, Around and Around<br/>]]>
      </description>
      <styleUrl>#deadIcon</styleUrl>
      <LookAt>
        <longitude>-122.68115750</longitude>
        <latitude>45.51686240</latitude>
        <altitude>0</altitude>
        <heading>0</heading>
        <tilt>0</tilt>
        <range>2000</range>
      </LookAt>
      <Point>
        <coordinates>-122.68115750,45.51686240,0</coordinates>
      </Point>
    </Placemark>
    <Placemark>
      <name>Cobo Arena - January 11, 1977</name>
      <description>
        <![CDATA[<b>Date:</b> January 11, 1977<br/>
      <b>Venue:</b> Cobo Arena<br/>
      <b>Location:</b> Detroit, Michigan, United States<br/>
      
      <b>Setlist:</b> Might as Well, Jack Straw, Tennessee Jed, El Paso, Friend of the Devil, Looks Like Rain, Dire Wolf, Passenger, Peggy-O, The Music Never Stopped | Terrapin Station, Estimated Prophet, The Other One, Drums, Wharf Rat, Truckin&#039;, Around and Around | U.S. Blues<br/>]]>
      </description>
      <styleUrl>#deadIcon</styleUrl>
      <LookAt>
        <longitude>-83.04918080</longitude>
        <latitude>42.32811620</latitude>
        <altitude>0</altitude>
        <heading>0</heading>
        <tilt>0</tilt>
        <range>2000</range>
      </LookAt>
      <Point>
        <coordinates>-83.04918080,42.32811620,0</coordinates>
      </Point>
    </Placemark>
    <Placemark>
      <name>Paramount Theatre - February 10, 1977</name>
      <description>
        <![CDATA[<b>Date:</b> February 10, 1977<br/>
      <b>Venue:</b> Paramount Theatre<br/>
      <b>Location:</b> Portland, Oregon, United States<br/>
      
      <b>Setlist:</b> Casey Jones, Jack Straw, Sunrise, Brown-Eyed Women, El Paso, Dupree&#039;s Diamond Blues, Let It Grow, Deal | Samson and Delilah, Scarlet Begonias, Fire on the Mountain, Funiculì, funiculà, Playing in the Band, Drums, The Wheel, Truckin&#039;, The Other One, Wharf Rat, Sugar Magnolia | Johnny B. Goode<br/>]]>
      </description>
      <styleUrl>#deadIcon</styleUrl>
      <LookAt>
        <longitude>-122.68115750</longitude>
        <latitude>45.51686240</latitude>
        <altitude>0</altitude>
        <heading>0</heading>
        <tilt>0</tilt>
        <range>2000</range>
      </LookAt>
      <Point>
        <coordinates>-122.68115750,45.51686240,0</coordinates>
      </Point>
    </Placemark>
    <Placemark>
      <name>Seneca College Field House - February 11, 1977</name>
      <description>
        <![CDATA[<b>Date:</b> February 11, 1977<br/>
      <b>Venue:</b> Seneca College Field House<br/>
      <b>Location:</b> North York, Ontario, Canada<br/>
      
      <b>Setlist:</b> Promised Land, They Love Each Other, Me and My Uncle, Big River, Candyman, Looks Like Rain, Ramble On Rose, Lazy Lightning, Supplication, Might as Well | Samson and Delilah, Ship of Fools, Good Lovin&#039;, Sunrise, Scarlet Begonias, Fire on the Mountain, Estimated Prophet, St. Stephen, Truckin&#039;, Around and Around | Terrapin Station<br/>]]>
      </description>
      <styleUrl>#deadIcon</styleUrl>
      <LookAt>
        <longitude>-79.34858750</longitude>
        <latitude>43.79602910</latitude>
        <altitude>0</altitude>
        <heading>0</heading>
        <tilt>0</tilt>
        <range>2000</range>
      </LookAt>
      <Point>
        <coordinates>-79.34858750,43.79602910,0</coordinates>
      </Point>
    </Placemark>
    <Placemark>
      <name>The Palladium - March 5, 1977</name>
      <description>
        <![CDATA[<b>Date:</b> March 5, 1977<br/>
      <b>Venue:</b> The Palladium<br/>
      <b>Location:</b> New York, New York, United States<br/>
      
      <b>Setlist:</b> Promised Land, Bertha, Me and My Uncle, Peggy-O, Jack Straw, Row Jimmy, Lazy Lightning, Supplication, Deal, Good Lovin&#039;, Ship of Fools, The Music Never Stopped | Might as Well, Estimated Prophet, Sugaree, Samson and Delilah, Friend of the Devil, Eyes of the World, Wharf Rat, Not Fade Away, Around and Around | Uncle John&#039;s Band<br/>]]>
      </description>
      <styleUrl>#deadIcon</styleUrl>
      <LookAt>
        <longitude>-73.98613730</longitude>
        <latitude>40.75782390</latitude>
        <altitude>0</altitude>
        <heading>0</heading>
        <tilt>0</tilt>
        <range>2000</range>
      </LookAt>
      <Point>
        <coordinates>-73.98613730,40.75782390,0</coordinates>
      </Point>
    </Placemark>
    <Placemark>
      <name>Raceway Park - March 9, 1977</name>
      <description>
        <![CDATA[<b>Date:</b> March 9, 1977<br/>
      <b>Venue:</b> Raceway Park<br/>
      <b>Location:</b> Englishtown, New Jersey, United States<br/>
      
      <b>Setlist:</b> Promised Land, They Love Each Other, Me and My Uncle, Mississippi Half-Step Uptown Toodeloo, Looks Like Rain, Peggy-O, Minglewood Blues, Friend of the Devil, The Music Never Stopped | Bertha, Good Lovin&#039;, Loser, Estimated Prophet, Eyes of the World, Samson and Delilah, He&#039;s Gone, Not Fade Away, Truckin&#039; | Terrapin Station<br/>
      
      <b>Notes:</b> 107,019 people were in attendence. The show set the record for the bigggest paid crowd until George Strait broke the record in 2024.<br/>]]>
      </description>
      <styleUrl>#deadIcon</styleUrl>
      <LookAt>
        <longitude>-74.35164640</longitude>
        <latitude>40.33463280</latitude>
        <altitude>0</altitude>
        <heading>0</heading>
        <tilt>0</tilt>
        <range>2000</range>
      </LookAt>
      <Point>
        <coordinates>-74.35164640,40.33463280,0</coordinates>
      </Point>
    </Placemark>
    <Placemark>
      <name>The Palladium - April 5, 1977</name>
      <description>
        <![CDATA[<b>Date:</b> April 5, 1977<br/>
      <b>Venue:</b> The Palladium<br/>
      <b>Location:</b> New York, New York, United States<br/>
      
      <b>Setlist:</b> Mississippi Half-Step Uptown Toodeloo, Big River, They Love Each Other, Minglewood Blues, It Must Have Been the Roses, Cassidy, Deal, Looks Like Rain, Brown-Eyed Women, Dancing in the Street | Estimated Prophet, Scarlet Begonias, Fire on the Mountain, Terrapin Station, Playing in the Band, Comes a Time<br/>]]>
      </description>
      <styleUrl>#deadIcon</styleUrl>
      <LookAt>
        <longitude>-73.98613730</longitude>
        <latitude>40.75782390</latitude>
        <altitude>0</altitude>
        <heading>0</heading>
        <tilt>0</tilt>
        <range>2000</range>
      </LookAt>
      <Point>
        <coordinates>-73.98613730,40.75782390,0</coordinates>
      </Point>
    </Placemark>
    <Placemark>
      <name>The Forum - April 6, 1977</name>
      <description>
        <![CDATA[<b>Date:</b> April 6, 1977<br/>
      <b>Venue:</b> The Forum<br/>
      <b>Location:</b> Inglewood, California, United States<br/>
      
      <b>Setlist:</b> Promised Land, Tennessee Jed, El Paso, Peggy-O, Jack Straw, Friend of the Devil, Lazy Lightning, Supplication, Candyman, Minglewood Blues, Brown-Eyed Women, The Music Never Stopped | Samson and Delilah, Ship of Fools, Estimated Prophet, Eyes of the World, Drums, Good Lovin&#039;, Terrapin Station, Playing in the Band, Franklin&#039;s Tower, China Doll, Not Fade Away | One More Saturday Night<br/>]]>
      </description>
      <styleUrl>#deadIcon</styleUrl>
      <LookAt>
        <longitude>-118.34206210</longitude>
        <latitude>33.95808530</latitude>
        <altitude>0</altitude>
        <heading>0</heading>
        <tilt>0</tilt>
        <range>2000</range>
      </LookAt>
      <Point>
        <coordinates>-118.34206210,33.95808530,0</coordinates>
      </Point>
    </Placemark>
    <Placemark>
      <name>Cotterell Court, Colgate University - April 11, 1977</name>
      <description>
        <![CDATA[<b>Date:</b> April 11, 1977<br/>
      <b>Venue:</b> Cotterell Court, Colgate University<br/>
      <b>Location:</b> Hamilton, New York, United States<br/>
      
      <b>Setlist:</b> Bertha, Good Lovin&#039;, Brown-Eyed Women, Cassidy, It Must Have Been the Roses, Sunrise, Minglewood Blues, Dupree&#039;s Diamond Blues, Let It Grow | Samson and Delilah, Cold Rain and Snow, Playing in the Band, Eyes of the World, Estimated Prophet, The Other One, Drums, Iko Iko, Stella Blue | Johnny B. Goode<br/>]]>
      </description>
      <styleUrl>#deadIcon</styleUrl>
      <LookAt>
        <longitude>-75.54272540</longitude>
        <latitude>42.81532930</latitude>
        <altitude>0</altitude>
        <heading>0</heading>
        <tilt>0</tilt>
        <range>2000</range>
      </LookAt>
      <Point>
        <coordinates>-75.54272540,42.81532930,0</coordinates>
      </Point>
    </Placemark>
    <Placemark>
      <name>New Haven Veterans Memorial Coliseum - May 5, 1977</name>
      <description>
        <![CDATA[<b>Date:</b> May 5, 1977<br/>
      <b>Venue:</b> New Haven Veterans Memorial Coliseum<br/>
      <b>Location:</b> New Haven, Connecticut, United States<br/>
      
      <b>Setlist:</b> Promised Land, Sugaree, Mama Tried, El Paso, Tennessee Jed, Looks Like Rain, Deal, Lazy Lightning, Supplication, Peggy-O, The Music Never Stopped | Bertha, Estimated Prophet, Scarlet Begonias, Fire on the Mountain, Good Lovin&#039;, St. Stephen, Sugar Magnolia | Johnny B. Goode<br/>]]>
      </description>
      <styleUrl>#deadIcon</styleUrl>
      <LookAt>
        <longitude>-72.92788350</longitude>
        <latitude>41.30827400</latitude>
        <altitude>0</altitude>
        <heading>0</heading>
        <tilt>0</tilt>
        <range>2000</range>
      </LookAt>
      <Point>
        <coordinates>-72.92788350,41.30827400,0</coordinates>
      </Point>
    </Placemark>
    <Placemark>
      <name>Rochester Community War Memorial - May 11, 1977</name>
      <description>
        <![CDATA[<b>Date:</b> May 11, 1977<br/>
      <b>Venue:</b> Rochester Community War Memorial<br/>
      <b>Location:</b> Rochester, New York, United States<br/>
      
      <b>Setlist:</b> Minglewood Blues, Mississippi Half-Step Uptown Toodeloo, Looks Like Rain, Dire Wolf, Mama Tried, Big River, Candyman, Jack Straw, Deal | Eyes of the World, Samson and Delilah, It Must Have Been the Roses, Estimated Prophet, He&#039;s Gone, Drums, The Other One, Black Peter, Sugar Magnolia | One More Saturday Night<br/>]]>
      </description>
      <styleUrl>#deadIcon</styleUrl>
      <LookAt>
        <longitude>-77.61088320</longitude>
        <latitude>43.15383740</latitude>
        <altitude>0</altitude>
        <heading>0</heading>
        <tilt>0</tilt>
        <range>2000</range>
      </LookAt>
      <Point>
        <coordinates>-77.61088320,43.15383740,0</coordinates>
      </Point>
    </Placemark>
    <Placemark>
      <name>ASU Activity Center - June 10, 1977</name>
      <description>
        <![CDATA[<b>Date:</b> June 10, 1977<br/>
      <b>Venue:</b> ASU Activity Center<br/>
      <b>Location:</b> Tempe, Arizona, United States<br/>
      
      <b>Setlist:</b> Promised Land, Tennessee Jed, Jack Straw, Dire Wolf, Looks Like Rain, Loser, Minglewood Blues, They Love Each Other, The Music Never Stopped | Bertha, Good Lovin&#039;, Friend of the Devil, Estimated Prophet, Eyes of the World, Drums, Not Fade Away, Black Peter, Around and Around | Uncle John&#039;s Band<br/>]]>
      </description>
      <styleUrl>#deadIcon</styleUrl>
      <LookAt>
        <longitude>-111.93100020</longitude>
        <latitude>33.42449500</latitude>
        <altitude>0</altitude>
        <heading>0</heading>
        <tilt>0</tilt>
        <range>2000</range>
      </LookAt>
      <Point>
        <coordinates>-111.93100020,33.42449500,0</coordinates>
      </Point>
    </Placemark>
    <Placemark>
      <name>Broome County Veterans Memorial Arena - June 11, 1977</name>
      <description>
        <![CDATA[<b>Date:</b> June 11, 1977<br/>
      <b>Venue:</b> Broome County Veterans Memorial Arena<br/>
      <b>Location:</b> Binghamton, New York, United States<br/>
      
      <b>Setlist:</b> Mississippi Half-Step Uptown Toodeloo, Jack Straw, Tennessee Jed, Mexicali Blues, Me and My Uncle, Friend of the Devil, Minglewood Blues, Dupree&#039;s Diamond Blues, Passenger, Dire Wolf, The Music Never Stopped | Samson and Delilah, Sunrise, Scarlet Begonias, Fire on the Mountain, Good Lovin&#039;, St. Stephen, Drums, Not Fade Away, Wharf Rat, Truckin&#039; | Johnny B. Goode<br/>]]>
      </description>
      <styleUrl>#deadIcon</styleUrl>
      <LookAt>
        <longitude>-75.91311640</longitude>
        <latitude>42.09562930</latitude>
        <altitude>0</altitude>
        <heading>0</heading>
        <tilt>0</tilt>
        <range>2000</range>
      </LookAt>
      <Point>
        <coordinates>-75.91311640,42.09562930,0</coordinates>
      </Point>
    </Placemark>
    <Placemark>
      <name>Boston Garden - July 5, 1977</name>
      <description>
        <![CDATA[<b>Date:</b> July 5, 1977<br/>
      <b>Venue:</b> Boston Garden<br/>
      <b>Location:</b> Boston, Massachusetts, United States<br/>
      
      <b>Setlist:</b> Bertha, Cassidy, Deal, Jack Straw, Peggy-O, Minglewood Blues, Mississippi Half-Step Uptown Toodeloo, Big River, Tennessee Jed, The Music Never Stopped | Terrapin Station, Samson and Delilah, Friend of the Devil, Estimated Prophet, Eyes of the World, Drums, The Wheel, Wharf Rat, Around and Around | U.S. Blues<br/>]]>
      </description>
      <styleUrl>#deadIcon</styleUrl>
      <LookAt>
        <longitude>-71.06222950</longitude>
        <latitude>42.36618640</latitude>
        <altitude>0</altitude>
        <heading>0</heading>
        <tilt>0</tilt>
        <range>2000</range>
      </LookAt>
      <Point>
        <coordinates>-71.06222950,42.36618640,0</coordinates>
      </Point>
    </Placemark>
    <Placemark>
      <name>Winterland Arena - July 6, 1977</name>
      <description>
        <![CDATA[<b>Date:</b> July 6, 1977<br/>
      <b>Venue:</b> Winterland Arena<br/>
      <b>Location:</b> San Francisco, California, United States<br/>
      
      <b>Setlist:</b> Bertha, Jack Straw, Tennessee Jed, Looks Like Rain, Peggy-O, Funiculì, funiculà, El Paso, Friend of the Devil, The Music Never Stopped | Scarlet Begonias, Fire on the Mountain, Good Lovin&#039;, Candyman, Estimated Prophet, He&#039;s Gone, Drums, Samson and Delilah, Terrapin Station, Morning Dew, Around and Around | Uncle John&#039;s Band, U.S. Blues<br/>]]>
      </description>
      <styleUrl>#deadIcon</styleUrl>
      <LookAt>
        <longitude>-122.43578100</longitude>
        <latitude>37.78518010</latitude>
        <altitude>0</altitude>
        <heading>0</heading>
        <tilt>0</tilt>
        <range>2000</range>
      </LookAt>
      <Point>
        <coordinates>-122.43578100,37.78518010,0</coordinates>
      </Point>
    </Placemark>
    <Placemark>
      <name>University Arena - July 10, 1977</name>
      <description>
        <![CDATA[<b>Date:</b> July 10, 1977<br/>
      <b>Venue:</b> University Arena<br/>
      <b>Location:</b> Albuquerque, New Mexico, United States<br/>
      
      <b>Setlist:</b> Mississippi Half-Step Uptown Toodeloo, Jack Straw, Peggy-O, El Paso, They Love Each Other, Big River, Dupree&#039;s Diamond Blues, Let It Grow, Deal | Samson and Delilah, Sunrise, Ramble On Rose, Passenger, Terrapin Station, Playing in the Band, Drums, Iko Iko, The Wheel, Wharf Rat, Sugar Magnolia | One More Saturday Night<br/>]]>
      </description>
      <styleUrl>#deadIcon</styleUrl>
      <LookAt>
        <longitude>-106.63224660</longitude>
        <latitude>35.06694520</latitude>
        <altitude>0</altitude>
        <heading>0</heading>
        <tilt>0</tilt>
        <range>2000</range>
      </LookAt>
      <Point>
        <coordinates>-106.63224660,35.06694520,0</coordinates>
      </Point>
    </Placemark>
    <Placemark>
      <name>Barton Hall, Cornell University - August 5, 1977</name>
      <description>
        <![CDATA[<b>Date:</b> August 5, 1977<br/>
      <b>Venue:</b> Barton Hall, Cornell University<br/>
      <b>Location:</b> Ithaca, New York, United States<br/>
      
      <b>Setlist:</b> Minglewood Blues, Loser, El Paso, They Love Each Other, Jack Straw, Deal, Lazy Lightning, Supplication, Brown-Eyed Women, Mama Tried, Row Jimmy, Dancing in the Street | Scarlet Begonias, Fire on the Mountain, Estimated Prophet, St. Stephen, Not Fade Away, Morning Dew | One More Saturday Night<br/>]]>
      </description>
      <styleUrl>#deadIcon</styleUrl>
      <LookAt>
        <longitude>-76.48072870</longitude>
        <latitude>42.44594110</latitude>
        <altitude>0</altitude>
        <heading>0</heading>
        <tilt>0</tilt>
        <range>2000</range>
      </LookAt>
      <Point>
        <coordinates>-76.48072870,42.44594110,0</coordinates>
      </Point>
    </Placemark>
    <Placemark>
      <name>Winterland Arena - August 6, 1977</name>
      <description>
        <![CDATA[<b>Date:</b> August 6, 1977<br/>
      <b>Venue:</b> Winterland Arena<br/>
      <b>Location:</b> San Francisco, California, United States<br/>
      
      <b>Setlist:</b> Minglewood Blues, Sugaree, Mexicali Blues, Row Jimmy, Passenger, Sunrise, Brown-Eyed Women, It&#039;s All Over Now, Jack-A-Roe, Lazy Lightning, Supplication | Bertha, Good Lovin&#039;, Ramble On Rose, Estimated Prophet, Eyes of the World, Drums, The Other One, Wharf Rat, Not Fade Away, Going Down the Road Feeling Bad, Johnny B. Goode | Brokedown Palace<br/>]]>
      </description>
      <styleUrl>#deadIcon</styleUrl>
      <LookAt>
        <longitude>-122.43578100</longitude>
        <latitude>37.78518010</latitude>
        <altitude>0</altitude>
        <heading>0</heading>
        <tilt>0</tilt>
        <range>2000</range>
      </LookAt>
      <Point>
        <coordinates>-122.43578100,37.78518010,0</coordinates>
      </Point>
    </Placemark>
    <Placemark>
      <name>Buffalo Memorial Auditorium - September 5, 1977</name>
      <description>
        <![CDATA[<b>Date:</b> September 5, 1977<br/>
      <b>Venue:</b> Buffalo Memorial Auditorium<br/>
      <b>Location:</b> Buffalo, New York, United States<br/>
      
      <b>Setlist:</b> Help on the Way, Slipknot!, Franklin&#039;s Tower, Cassidy, Brown-Eyed Women, Mexicali Blues, Tennessee Jed, Big River, Peggy-O, Sunrise, The Music Never Stopped | Bertha, Good Lovin&#039;, Ship of Fools, Estimated Prophet, The Other One, Drums, Not Fade Away, Comes a Time, Sugar Magnolia | Uncle John&#039;s Band<br/>]]>
      </description>
      <styleUrl>#deadIcon</styleUrl>
      <LookAt>
        <longitude>-78.83370950</longitude>
        <latitude>42.88952440</latitude>
        <altitude>0</altitude>
        <heading>0</heading>
        <tilt>0</tilt>
        <range>2000</range>
      </LookAt>
      <Point>
        <coordinates>-78.83370950,42.88952440,0</coordinates>
      </Point>
    </Placemark>
    <Placemark>
      <name>Winterland Arena - September 6, 1977</name>
      <description>
        <![CDATA[<b>Date:</b> September 6, 1977<br/>
      <b>Venue:</b> Winterland Arena<br/>
      <b>Location:</b> San Francisco, California, United States<br/>
      
      <b>Setlist:</b> Mississippi Half-Step Uptown Toodeloo, Jack Straw, They Love Each Other, Cassidy, Sunrise, Deal, Looks Like Rain, Loser, The Music Never Stopped | Samson and Delilah, Funiculì, funiculà, Help on the Way, Slipknot!, Franklin&#039;s Tower, Estimated Prophet, St. Stephen, Not Fade Away, Drums, Terrapin Station, Sugar Magnolia | U.S. Blues, One More Saturday Night<br/>]]>
      </description>
      <styleUrl>#deadIcon</styleUrl>
      <LookAt>
        <longitude>-122.43578100</longitude>
        <latitude>37.78518010</latitude>
        <altitude>0</altitude>
        <heading>0</heading>
        <tilt>0</tilt>
        <range>2000</range>
      </LookAt>
      <Point>
        <coordinates>-122.43578100,37.78518010,0</coordinates>
      </Point>
    </Placemark>
    <Placemark>
      <name>McNichols Sports Arena - September 10, 1977</name>
      <description>
        <![CDATA[<b>Date:</b> September 10, 1977<br/>
      <b>Venue:</b> McNichols Sports Arena<br/>
      <b>Location:</b> Denver, Colorado, United States<br/>
      
      <b>Setlist:</b> Minglewood Blues, They Love Each Other, Cassidy, Dire Wolf, Looks Like Rain, Brown-Eyed Women, Lazy Lightning, Supplication, Sugaree, The Music Never Stopped | Samson and Delilah, Scarlet Begonias, Fire on the Mountain, Estimated Prophet, He&#039;s Gone, Truckin&#039;, Drums, Terrapin Station, Around and Around | Casey Jones<br/>]]>
      </description>
      <styleUrl>#deadIcon</styleUrl>
      <LookAt>
        <longitude>-105.02115490</longitude>
        <latitude>39.74202600</latitude>
        <altitude>0</altitude>
        <heading>0</heading>
        <tilt>0</tilt>
        <range>2000</range>
      </LookAt>
      <Point>
        <coordinates>-105.02115490,39.74202600,0</coordinates>
      </Point>
    </Placemark>
    <Placemark>
      <name>St. Paul Civic Center - November 5, 1977</name>
      <description>
        <![CDATA[<b>Date:</b> November 5, 1977<br/>
      <b>Venue:</b> St. Paul Civic Center<br/>
      <b>Location:</b> St. Paul, Minnesota, United States<br/>
      
      <b>Setlist:</b> Promised Land, They Love Each Other, Big River, Loser, Looks Like Rain, Ramble On Rose, Jack Straw, Peggy-O, El Paso, Deal, Lazy Lightning, Supplication, Sugaree | Samson and Delilah, Brown-Eyed Women, Estimated Prophet, Scarlet Begonias, Fire on the Mountain, Good Lovin&#039;, Uncle John&#039;s Band, Wharf Rat, Around and Around | Brokedown Palace<br/>]]>
      </description>
      <styleUrl>#deadIcon</styleUrl>
      <LookAt>
        <longitude>-93.08995780</longitude>
        <latitude>44.95370290</latitude>
        <altitude>0</altitude>
        <heading>0</heading>
        <tilt>0</tilt>
        <range>2000</range>
      </LookAt>
      <Point>
        <coordinates>-93.08995780,44.95370290,0</coordinates>
      </Point>
    </Placemark>
    <Placemark>
      <name>Lloyd Noble Center - November 10, 1977</name>
      <description>
        <![CDATA[<b>Date:</b> November 10, 1977<br/>
      <b>Venue:</b> Lloyd Noble Center<br/>
      <b>Location:</b> Norman, Oklahoma, United States<br/>
      
      <b>Setlist:</b> Help on the Way, Slipknot!, Franklin&#039;s Tower, Jack Straw, Peggy-O, El Paso, Sunrise, Deal, Let It Grow | Dancing in the Street, Dire Wolf, Estimated Prophet, Eyes of the World, Not Fade Away, Wharf Rat, Around and Around<br/>]]>
      </description>
      <styleUrl>#deadIcon</styleUrl>
      <LookAt>
        <longitude>-97.44426200</longitude>
        <latitude>35.18733000</latitude>
        <altitude>0</altitude>
        <heading>0</heading>
        <tilt>0</tilt>
        <range>2000</range>
      </LookAt>
      <Point>
        <coordinates>-97.44426200,35.18733000,0</coordinates>
      </Point>
    </Placemark>
    <Placemark>
      <name>Auditorium Theatre - December 5, 1977</name>
      <description>
        <![CDATA[<b>Date:</b> December 5, 1977<br/>
      <b>Venue:</b> Auditorium Theatre<br/>
      <b>Location:</b> Chicago, Illinois, United States<br/>
      
      <b>Setlist:</b> Bertha, Me and My Uncle, Tennessee Jed, Cassidy, Peggy-O, Jack Straw, They Love Each Other, Minglewood Blues, Mississippi Half-Step Uptown Toodeloo, Dancing in the Street | Samson and Delilah, Brown-Eyed Women, Estimated Prophet, Sunrise, Terrapin Station, Playing in the Band, Drums, Not Fade Away, Comes a Time | Johnny B. Goode<br/>]]>
      </description>
      <styleUrl>#deadIcon</styleUrl>
      <LookAt>
        <longitude>-87.62524090</longitude>
        <latitude>41.87585020</latitude>
        <altitude>0</altitude>
        <heading>0</heading>
        <tilt>0</tilt>
        <range>2000</range>
      </LookAt>
      <Point>
        <coordinates>-87.62524090,41.87585020,0</coordinates>
      </Point>
    </Placemark>
    <Placemark>
      <name>Manor Downs - December 10, 1977</name>
      <description>
        <![CDATA[<b>Date:</b> December 10, 1977<br/>
      <b>Venue:</b> Manor Downs<br/>
      <b>Location:</b> Manor, Texas, United States<br/>
      
      <b>Setlist:</b> Promised Land, They Love Each Other, Me and My Uncle, Candyman, Passenger, Brown-Eyed Women, El Paso, Friend of the Devil, Lazy Lightning, Supplication, Deal | Samson and Delilah, Tennessee Jed, Estimated Prophet, He&#039;s Gone, Drums, The Other One, Black Peter, Truckin&#039;, Nobody&#039;s Fault but Mine, Iko Iko, Sugar Magnolia | Johnny B. Goode<br/>]]>
      </description>
      <styleUrl>#deadIcon</styleUrl>
      <LookAt>
        <longitude>-97.57680890</longitude>
        <latitude>30.35858230</latitude>
        <altitude>0</altitude>
        <heading>0</heading>
        <tilt>0</tilt>
        <range>2000</range>
      </LookAt>
      <Point>
        <coordinates>-97.57680890,30.35858230,0</coordinates>
      </Point>
    </Placemark>
    <Placemark>
      <name>Uptown Theater - January 2, 1978</name>
      <description>
        <![CDATA[<b>Date:</b> January 2, 1978<br/>
      <b>Venue:</b> Uptown Theater<br/>
      <b>Location:</b> Chicago, Illinois, United States<br/>
      
      <b>Setlist:</b> Jack Straw, Friend of the Devil, Mama Tried, Me and My Uncle, Ramble On Rose, Cassidy, Sunrise, Sugaree, The Music Never Stopped | Samson and Delilah, It Must Have Been the Roses, Estimated Prophet, He&#039;s Gone, The Other One, Wharf Rat, Sugar Magnolia<br/>]]>
      </description>
      <styleUrl>#deadIcon</styleUrl>
      <LookAt>
        <longitude>-87.65989430</longitude>
        <latitude>41.96957560</latitude>
        <altitude>0</altitude>
        <heading>0</heading>
        <tilt>0</tilt>
        <range>2000</range>
      </LookAt>
      <Point>
        <coordinates>-87.65989430,41.96957560,0</coordinates>
      </Point>
    </Placemark>
    <Placemark>
      <name>Arrowhead Stadium - January 7, 1978</name>
      <description>
        <![CDATA[<b>Date:</b> January 7, 1978<br/>
      <b>Venue:</b> Arrowhead Stadium<br/>
      <b>Location:</b> Kansas City, Missouri, United States<br/>
      
      <b>Setlist:</b> Bertha, Good Lovin&#039;, Tennessee Jed, Jack Straw, Friend of the Devil, Me and My Uncle, Big River, Deal | Terrapin Station, Playing in the Band, Estimated Prophet, Drums, The Other One, Wharf Rat, Around and Around | Johnny B. Goode<br/>]]>
      </description>
      <styleUrl>#deadIcon</styleUrl>
      <LookAt>
        <longitude>-94.48401410</longitude>
        <latitude>39.04896470</latitude>
        <altitude>0</altitude>
        <heading>0</heading>
        <tilt>0</tilt>
        <range>2000</range>
      </LookAt>
      <Point>
        <coordinates>-94.48401410,39.04896470,0</coordinates>
      </Point>
    </Placemark>
    <Placemark>
      <name>Giants Stadium - February 9, 1978</name>
      <description>
        <![CDATA[<b>Date:</b> February 9, 1978<br/>
      <b>Venue:</b> Giants Stadium<br/>
      <b>Location:</b> East Rutherford, New Jersey, United States<br/>
      
      <b>Setlist:</b> Jack Straw, Friend of the Devil, Minglewood Blues, Dire Wolf, Looks Like Rain, Stagger Lee, I Need a Miracle, Peggy-O, Lazy Lightning, Supplication | Good Lovin&#039;, Scarlet Begonias, Fire on the Mountain, Estimated Prophet, Eyes of the World, Drums, Sugar Magnolia | One More Saturday Night<br/>]]>
      </description>
      <styleUrl>#deadIcon</styleUrl>
      <LookAt>
        <longitude>-74.07445700</longitude>
        <latitude>40.81350640</latitude>
        <altitude>0</altitude>
        <heading>0</heading>
        <tilt>0</tilt>
        <range>2000</range>
      </LookAt>
      <Point>
        <coordinates>-74.07445700,40.81350640,0</coordinates>
      </Point>
    </Placemark>
    <Placemark>
      <name>Dane County Coliseum - March 2, 1978</name>
      <description>
        <![CDATA[<b>Date:</b> March 2, 1978<br/>
      <b>Venue:</b> Dane County Coliseum<br/>
      <b>Location:</b> Madison, Wisconsin, United States<br/>
      
      <b>Setlist:</b> Cold Rain and Snow, Mexicali Blues, Big River, They Love Each Other, Looks Like Rain, Loser, Passenger, Brown-Eyed Women, El Paso, Peggy-O, The Music Never Stopped | Good Lovin&#039;, Ship of Fools, Estimated Prophet, Eyes of the World, Playing in the Band, The Wheel | Johnny B. Goode<br/>]]>
      </description>
      <styleUrl>#deadIcon</styleUrl>
      <LookAt>
        <longitude>-89.37894290</longitude>
        <latitude>43.04712850</latitude>
        <altitude>0</altitude>
        <heading>0</heading>
        <tilt>0</tilt>
        <range>2000</range>
      </LookAt>
      <Point>
        <coordinates>-89.37894290,43.04712850,0</coordinates>
      </Point>
    </Placemark>
    <Placemark>
      <name>St. Paul Civic Center - March 7, 1978</name>
      <description>
        <![CDATA[<b>Date:</b> March 7, 1978<br/>
      <b>Venue:</b> St. Paul Civic Center<br/>
      <b>Location:</b> St. Paul, Minnesota, United States<br/>
      
      <b>Setlist:</b> Minglewood Blues, Loser, Looks Like Rain, Ramble On Rose, Mexicali Blues, Mama Tried, Peggy-O, Cassidy, Deal, The Music Never Stopped | Scarlet Begonias, Fire on the Mountain, Dancing in the Street, Drums, Not Fade Away, Stella Blue, Sugar Magnolia | Werewolves of London<br/>]]>
      </description>
      <styleUrl>#deadIcon</styleUrl>
      <LookAt>
        <longitude>-93.08995780</longitude>
        <latitude>44.95370290</latitude>
        <altitude>0</altitude>
        <heading>0</heading>
        <tilt>0</tilt>
        <range>2000</range>
      </LookAt>
      <Point>
        <coordinates>-93.08995780,44.95370290,0</coordinates>
      </Point>
    </Placemark>
    <Placemark>
      <name>Milwaukee Auditorium - April 2, 1978</name>
      <description>
        <![CDATA[<b>Date:</b> April 2, 1978<br/>
      <b>Venue:</b> Milwaukee Auditorium<br/>
      <b>Location:</b> Milwaukee, Wisconsin, United States<br/>
      
      <b>Setlist:</b> Jack Straw, Tennessee Jed, Mama Tried, Me and My Uncle, Row Jimmy, Beat It on Down the Line, Candyman, It&#039;s All Over Now, Deal | Samson and Delilah, Dupree&#039;s Diamond Blues, Dancing in the Street, Terrapin Station, Playing in the Band, Not Fade Away, Black Peter, Around and Around | One More Saturday Night<br/>]]>
      </description>
      <styleUrl>#deadIcon</styleUrl>
      <LookAt>
        <longitude>-87.90967830</longitude>
        <latitude>43.04103440</latitude>
        <altitude>0</altitude>
        <heading>0</heading>
        <tilt>0</tilt>
        <range>2000</range>
      </LookAt>
      <Point>
        <coordinates>-87.90967830,43.04103440,0</coordinates>
      </Point>
    </Placemark>
    <Placemark>
      <name>Campus Stadium - April 6, 1978</name>
      <description>
        <![CDATA[<b>Date:</b> April 6, 1978<br/>
      <b>Venue:</b> Campus Stadium<br/>
      <b>Location:</b> Santa Barbara, California, United States<br/>
      
      <b>Setlist:</b> Bertha, Good Lovin&#039;, Dire Wolf, Me and My Uncle, Big River, Brown-Eyed Women, Looks Like Rain, Tennessee Jed, Jack Straw | Samson and Delilah, Ship of Fools, Estimated Prophet, Eyes of the World, Drums, Not Fade Away, Nobody&#039;s Fault but Mine, Not Fade Away, Going Down the Road Feeling Bad, Around and Around | U.S. Blues, Sugar Magnolia<br/>]]>
      </description>
      <styleUrl>#deadIcon</styleUrl>
      <LookAt>
        <longitude>-119.85427110</longitude>
        <latitude>34.42041040</latitude>
        <altitude>0</altitude>
        <heading>0</heading>
        <tilt>0</tilt>
        <range>2000</range>
      </LookAt>
      <Point>
        <coordinates>-119.85427110,34.42041040,0</coordinates>
      </Point>
    </Placemark>
    <Placemark>
      <name>Unidome - May 2, 1978</name>
      <description>
        <![CDATA[<b>Date:</b> May 2, 1978<br/>
      <b>Venue:</b> Unidome<br/>
      <b>Location:</b> Cedar Falls, Iowa, United States<br/>
      
      <b>Setlist:</b> Bertha, Good Lovin&#039;, Brown-Eyed Women, El Paso, Tennessee Jed, Sunrise, Minglewood Blues, Friend of the Devil, Passenger, Deal | Samson and Delilah, Scarlet Begonias, Fire on the Mountain, Ship of Fools, Truckin&#039;, Drums, The Other One, Wharf Rat, Around and Around | U.S. Blues<br/>]]>
      </description>
      <styleUrl>#deadIcon</styleUrl>
      <LookAt>
        <longitude>-92.46725400</longitude>
        <latitude>42.51570700</latitude>
        <altitude>0</altitude>
        <heading>0</heading>
        <tilt>0</tilt>
        <range>2000</range>
      </LookAt>
      <Point>
        <coordinates>-92.46725400,42.51570700,0</coordinates>
      </Point>
    </Placemark>
    <Placemark>
      <name>Thompson Arena - May 5, 1978</name>
      <description>
        <![CDATA[<b>Date:</b> May 5, 1978<br/>
      <b>Venue:</b> Thompson Arena<br/>
      <b>Location:</b> Hanover, New Hampshire, United States<br/>
      
      <b>Setlist:</b> Promised Land, Dire Wolf, Cassidy, Candyman, El Paso, They Love Each Other, Passenger, Brown-Eyed Women, Lazy Lightning, Supplication | Bertha, Good Lovin&#039;, Ship of Fools, Estimated Prophet, Eyes of the World, Drums, Not Fade Away, Stella Blue, Around and Around | Werewolves of London<br/>]]>
      </description>
      <styleUrl>#deadIcon</styleUrl>
      <LookAt>
        <longitude>-72.28068580</longitude>
        <latitude>43.70098830</latitude>
        <altitude>0</altitude>
        <heading>0</heading>
        <tilt>0</tilt>
        <range>2000</range>
      </LookAt>
      <Point>
        <coordinates>-72.28068580,43.70098830,0</coordinates>
      </Point>
    </Placemark>
    <Placemark>
      <name>Omaha Civic Auditorium - May 7, 1978</name>
      <description>
        <![CDATA[<b>Date:</b> May 7, 1978<br/>
      <b>Venue:</b> Omaha Civic Auditorium<br/>
      <b>Location:</b> Omaha, Nebraska, United States<br/>
      
      <b>Setlist:</b> Sugaree, Beat It on Down the Line, They Love Each Other, Looks Like Rain, Dire Wolf, It&#039;s All Over Now, Candyman, Lazy Lightning, Supplication | Deal, Samson and Delilah, Ship of Fools, Estimated Prophet, Eyes of the World, Drums, Space, Wharf Rat, Truckin&#039;, Iko Iko, Around and Around | Promised Land<br/>]]>
      </description>
      <styleUrl>#deadIcon</styleUrl>
      <LookAt>
        <longitude>-95.93996000</longitude>
        <latitude>41.26160300</latitude>
        <altitude>0</altitude>
        <heading>0</heading>
        <tilt>0</tilt>
        <range>2000</range>
      </LookAt>
      <Point>
        <coordinates>-95.93996000,41.26160300,0</coordinates>
      </Point>
    </Placemark>
    <Placemark>
      <name>Swing Auditorium - June 1, 1978</name>
      <description>
        <![CDATA[<b>Date:</b> June 1, 1978<br/>
      <b>Venue:</b> Swing Auditorium<br/>
      <b>Location:</b> San Bernardino, California, United States<br/>
      
      <b>Setlist:</b> Promised Land, Dire Wolf, Mama Tried, Big River, Loser, Looks Like Rain, Tennessee Jed, Minglewood Blues, Deal, Lazy Lightning, Supplication | Playing in the Band, Estimated Prophet, Drums, The Other One, Truckin&#039; | Johnny B. Goode<br/>]]>
      </description>
      <styleUrl>#deadIcon</styleUrl>
      <LookAt>
        <longitude>-117.31302810</longitude>
        <latitude>34.08877470</latitude>
        <altitude>0</altitude>
        <heading>0</heading>
        <tilt>0</tilt>
        <range>2000</range>
      </LookAt>
      <Point>
        <coordinates>-117.31302810,34.08877470,0</coordinates>
      </Point>
    </Placemark>
    <Placemark>
      <name>Curtis Hixon Convention Hall - June 4, 1978</name>
      <description>
        <![CDATA[<b>Date:</b> June 4, 1978<br/>
      <b>Venue:</b> Curtis Hixon Convention Hall<br/>
      <b>Location:</b> Tampa, Florida, United States<br/>
      
      <b>Setlist:</b> Bertha, Good Lovin&#039;, Dire Wolf, Me and My Uncle, Big River, Friend of the Devil, Passenger, Candyman, Lazy Lightning, Supplication | Samson and Delilah, It Must Have Been the Roses, Estimated Prophet, He&#039;s Gone, Drums, The Other One, Wharf Rat, Around and Around | U.S. Blues<br/>]]>
      </description>
      <styleUrl>#deadIcon</styleUrl>
      <LookAt>
        <longitude>-82.46164940</longitude>
        <latitude>27.94891690</latitude>
        <altitude>0</altitude>
        <heading>0</heading>
        <tilt>0</tilt>
        <range>2000</range>
      </LookAt>
      <Point>
        <coordinates>-82.46164940,27.94891690,0</coordinates>
      </Point>
    </Placemark>
    <Placemark>
      <name>Patrick Gymnasium - June 5, 1978</name>
      <description>
        <![CDATA[<b>Date:</b> June 5, 1978<br/>
      <b>Venue:</b> Patrick Gymnasium<br/>
      <b>Location:</b> Burlington, Vermont, United States<br/>
      
      <b>Setlist:</b> Sugaree, Minglewood Blues, Peggy-O, Beat It on Down the Line, Loser, Looks Like Rain, It Must Have Been the Roses, Me and My Uncle, Big River, Deal | Samson and Delilah, Sunrise, Terrapin Station, Playing in the Band, Drums, Wharf Rat, Sugar Magnolia | One More Saturday Night<br/>]]>
      </description>
      <styleUrl>#deadIcon</styleUrl>
      <LookAt>
        <longitude>-73.19480930</longitude>
        <latitude>44.47056160</latitude>
        <altitude>0</altitude>
        <heading>0</heading>
        <tilt>0</tilt>
        <range>2000</range>
      </LookAt>
      <Point>
        <coordinates>-73.19480930,44.47056160,0</coordinates>
      </Point>
    </Placemark>
    <Placemark>
      <name>Golden Hall - July 1, 1978</name>
      <description>
        <![CDATA[<b>Date:</b> July 1, 1978<br/>
      <b>Venue:</b> Golden Hall<br/>
      <b>Location:</b> San Diego, California, United States<br/>
      
      <b>Setlist:</b> Minglewood Blues, Cassidy, Sunrise, Passenger, Mexicali Blues, Me and My Uncle, Looks Like Rain, El Paso, Let It Grow, Promised Land | Jack Straw, Dancing in the Street, Samson and Delilah, Playing in the Band, Drums, Not Fade Away, Around and Around | One More Saturday Night<br/>
      
      <b>Notes:</b> Jerry Garcia had laryngitis and could not sing<br/>]]>
      </description>
      <styleUrl>#deadIcon</styleUrl>
      <LookAt>
        <longitude>-117.10074970</longitude>
        <latitude>32.75077350</latitude>
        <altitude>0</altitude>
        <heading>0</heading>
        <tilt>0</tilt>
        <range>2000</range>
      </LookAt>
      <Point>
        <coordinates>-117.10074970,32.75077350,0</coordinates>
      </Point>
    </Placemark>
    <Placemark>
      <name>Hollywood Sportatorium - July 4, 1978</name>
      <description>
        <![CDATA[<b>Date:</b> July 4, 1978<br/>
      <b>Venue:</b> Hollywood Sportatorium<br/>
      <b>Location:</b> Pembroke Pines, Florida, United States<br/>
      
      <b>Setlist:</b> Promised Land, Sugaree, Cassidy, Tennessee Jed, Mama Tried, Mexicali Blues, Peggy-O, Minglewood Blues, Loser, The Music Never Stopped | Jack Straw, Ship of Fools, Good Lovin&#039;, Terrapin Station, Playing in the Band, Drums, Not Fade Away, Black Peter, Playing in the Band | Johnny B. Goode<br/>]]>
      </description>
      <styleUrl>#deadIcon</styleUrl>
      <LookAt>
        <longitude>-80.37536320</longitude>
        <latitude>26.00911060</latitude>
        <altitude>0</altitude>
        <heading>0</heading>
        <tilt>0</tilt>
        <range>2000</range>
      </LookAt>
      <Point>
        <coordinates>-80.37536320,26.00911060,0</coordinates>
      </Point>
    </Placemark>
    <Placemark>
      <name>RPI Fieldhouse - July 5, 1978</name>
      <description>
        <![CDATA[<b>Date:</b> July 5, 1978<br/>
      <b>Venue:</b> RPI Fieldhouse<br/>
      <b>Location:</b> Troy, New York, United States<br/>
      
      <b>Setlist:</b> Jack Straw, Dire Wolf, Funiculì, funiculà, Mexicali Blues, Mama Tried, Tennessee Jed, It&#039;s All Over Now, Friend of the Devil, Passenger, Brown-Eyed Women, The Music Never Stopped | Scarlet Begonias, Fire on the Mountain, Estimated Prophet, He&#039;s Gone, Drums, Iko Iko, The Other One, Black Peter, Around and Around | U.S. Blues<br/>]]>
      </description>
      <styleUrl>#deadIcon</styleUrl>
      <LookAt>
        <longitude>-73.66950870</longitude>
        <latitude>42.73210770</latitude>
        <altitude>0</altitude>
        <heading>0</heading>
        <tilt>0</tilt>
        <range>2000</range>
      </LookAt>
      <Point>
        <coordinates>-73.66950870,42.73210770,0</coordinates>
      </Point>
    </Placemark>
    <Placemark>
      <name>Red Rocks Amphitheatre - July 7, 1978</name>
      <description>
        <![CDATA[<b>Date:</b> July 7, 1978<br/>
      <b>Venue:</b> Red Rocks Amphitheatre<br/>
      <b>Location:</b> Morrison, Colorado, United States<br/>
      
      <b>Setlist:</b> Jack Straw, Candyman, Me and My Uncle, Big River, Friend of the Devil, Cassidy, Tennessee Jed, Passenger, Peggy-O, The Music Never Stopped | Cold Rain and Snow, Beat It on Down the Line, Scarlet Begonias, Fire on the Mountain, Dancing in the Street, Drums, Space, Not Fade Away, Black Peter, Around and Around | U.S. Blues, Johnny B. Goode<br/>]]>
      </description>
      <styleUrl>#deadIcon</styleUrl>
      <LookAt>
        <longitude>-105.20521160</longitude>
        <latitude>39.66553810</latitude>
        <altitude>0</altitude>
        <heading>0</heading>
        <tilt>0</tilt>
        <range>2000</range>
      </LookAt>
      <Point>
        <coordinates>-105.20521160,39.66553810,0</coordinates>
      </Point>
    </Placemark>
    <Placemark>
      <name>Golden Hall - August 1, 1978</name>
      <description>
        <![CDATA[<b>Date:</b> August 1, 1978<br/>
      <b>Venue:</b> Golden Hall<br/>
      <b>Location:</b> San Diego, California, United States<br/>
      
      <b>Setlist:</b> Jack Straw, Mama Tried, Big River, Sunrise, It&#039;s All Over Now, Looks Like Rain, Lazy Lightning, Supplication | Samson and Delilah, Good Lovin&#039;, Estimated Prophet, Drums, Space, The Other One, Truckin&#039;, Sugar Magnolia | Johnny B. Goode<br/>
      
      <b>Notes:</b> Jerry Garcia had laryngitis and could not sing<br/>]]>
      </description>
      <styleUrl>#deadIcon</styleUrl>
      <LookAt>
        <longitude>-117.10074970</longitude>
        <latitude>32.75077350</latitude>
        <altitude>0</altitude>
        <heading>0</heading>
        <tilt>0</tilt>
        <range>2000</range>
      </LookAt>
      <Point>
        <coordinates>-117.10074970,32.75077350,0</coordinates>
      </Point>
    </Placemark>
    <Placemark>
      <name>Jacksonville Memorial Coliseum - August 4, 1978</name>
      <description>
        <![CDATA[<b>Date:</b> August 4, 1978<br/>
      <b>Venue:</b> Jacksonville Memorial Coliseum<br/>
      <b>Location:</b> Jacksonville, Florida, United States<br/>
      
      <b>Setlist:</b> Mississippi Half-Step Uptown Toodeloo, Me and My Uncle, Big River, They Love Each Other, Looks Like Rain, Deal, El Paso, It Must Have Been the Roses, Lazy Lightning, Supplication | Samson and Delilah, Scarlet Begonias, Fire on the Mountain, Estimated Prophet, Eyes of the World, Drums, Sugar Magnolia | One More Saturday Night<br/>]]>
      </description>
      <styleUrl>#deadIcon</styleUrl>
      <LookAt>
        <longitude>-81.64504470</longitude>
        <latitude>30.32588720</latitude>
        <altitude>0</altitude>
        <heading>0</heading>
        <tilt>0</tilt>
        <range>2000</range>
      </LookAt>
      <Point>
        <coordinates>-81.64504470,30.32588720,0</coordinates>
      </Point>
    </Placemark>
    <Placemark>
      <name>Red Rocks Amphitheatre - August 7, 1978</name>
      <description>
        <![CDATA[<b>Date:</b> August 7, 1978<br/>
      <b>Venue:</b> Red Rocks Amphitheatre<br/>
      <b>Location:</b> Morrison, Colorado, United States<br/>
      
      <b>Setlist:</b> Bertha, Good Lovin&#039;, Dire Wolf, El Paso, It Must Have Been the Roses, Minglewood Blues, Ramble On Rose, Promised Land, Deal | Samson and Delilah, Ship of Fools, Estimated Prophet, The Other One, Eyes of the World, Drums, Space, Wharf Rat, Franklin&#039;s Tower, Sugar Magnolia | Terrapin Station, One More Saturday Night, Werewolves of London<br/>]]>
      </description>
      <styleUrl>#deadIcon</styleUrl>
      <LookAt>
        <longitude>-105.20521160</longitude>
        <latitude>39.66553810</latitude>
        <altitude>0</altitude>
        <heading>0</heading>
        <tilt>0</tilt>
        <range>2000</range>
      </LookAt>
      <Point>
        <coordinates>-105.20521160,39.66553810,0</coordinates>
      </Point>
    </Placemark>
    <Placemark>
      <name>Onondaga War Memorial Auditorium - September 5, 1978</name>
      <description>
        <![CDATA[<b>Date:</b> September 5, 1978<br/>
      <b>Venue:</b> Onondaga War Memorial Auditorium<br/>
      <b>Location:</b> Syracuse, New York, United States<br/>
      
      <b>Setlist:</b> Franklin&#039;s Tower, Minglewood Blues, Row Jimmy, Looks Like Rain, Friend of the Devil, El Paso, Candyman, Passenger, Deal | Ship of Fools, Samson and Delilah, Dancing in the Street, Drums, Space, Not Fade Away, Black Peter, Around and Around | Werewolves of London<br/>]]>
      </description>
      <styleUrl>#deadIcon</styleUrl>
      <LookAt>
        <longitude>-76.14820000</longitude>
        <latitude>43.04480000</latitude>
        <altitude>0</altitude>
        <heading>0</heading>
        <tilt>0</tilt>
        <range>2000</range>
      </LookAt>
      <Point>
        <coordinates>-76.14820000,43.04480000,0</coordinates>
      </Point>
    </Placemark>
    <Placemark>
      <name>Shrine Auditorium - October 1, 1978</name>
      <description>
        <![CDATA[<b>Date:</b> October 1, 1978<br/>
      <b>Venue:</b> Shrine Auditorium<br/>
      <b>Location:</b> Los Angeles, California, United States<br/>
      
      <b>Setlist:</b> Bertha, Good Lovin&#039;, Brown-Eyed Women, Mexicali Blues, Me and My Uncle, Friend of the Devil, Cassidy, Candyman, Passenger, Sunrise, Deal, The Music Never Stopped | Jack Straw, It Must Have Been the Roses, Estimated Prophet, He&#039;s Gone, Drums, The Other One, Wharf Rat, Franklin&#039;s Tower, Around and Around | U.S. Blues<br/>]]>
      </description>
      <styleUrl>#deadIcon</styleUrl>
      <LookAt>
        <longitude>-118.28126030</longitude>
        <latitude>34.02346220</latitude>
        <altitude>0</altitude>
        <heading>0</heading>
        <tilt>0</tilt>
        <range>2000</range>
      </LookAt>
      <Point>
        <coordinates>-118.28126030,34.02346220,0</coordinates>
      </Point>
    </Placemark>
    <Placemark>
      <name>Fox Theatre - October 4, 1978</name>
      <description>
        <![CDATA[<b>Date:</b> October 4, 1978<br/>
      <b>Venue:</b> Fox Theatre<br/>
      <b>Location:</b> Atlanta, Georgia, United States<br/>
      
      <b>Setlist:</b> Promised Land, Brown-Eyed Women, It&#039;s All Over Now, Peggy-O, Cassidy, Dire Wolf, El Paso, Row Jimmy, Passenger, Candyman, The Music Never Stopped | Jack Straw, Ship of Fools, Dancing in the Street, Drums, Franklin&#039;s Tower, Black Peter, Around and Around | U.S. Blues<br/>]]>
      </description>
      <styleUrl>#deadIcon</styleUrl>
      <LookAt>
        <longitude>-84.38533950</longitude>
        <latitude>33.77261360</latitude>
        <altitude>0</altitude>
        <heading>0</heading>
        <tilt>0</tilt>
        <range>2000</range>
      </LookAt>
      <Point>
        <coordinates>-84.38533950,33.77261360,0</coordinates>
      </Point>
    </Placemark>
    <Placemark>
      <name>New Haven Veterans Memorial Coliseum - October 5, 1978</name>
      <description>
        <![CDATA[<b>Date:</b> October 5, 1978<br/>
      <b>Venue:</b> New Haven Veterans Memorial Coliseum<br/>
      <b>Location:</b> New Haven, Connecticut, United States<br/>
      
      <b>Setlist:</b> Jack Straw, They Love Each Other, Cassidy, Ramble On Rose, Me and My Uncle, Big River, Peggy-O, Let It Grow, Deal | Bertha, Good Lovin&#039;, It Must Have Been the Roses, Estimated Prophet, Eyes of the World, Drums, Space, The Other One, Wharf Rat, Sugar Magnolia | U.S. Blues<br/>]]>
      </description>
      <styleUrl>#deadIcon</styleUrl>
      <LookAt>
        <longitude>-72.92788350</longitude>
        <latitude>41.30827400</latitude>
        <altitude>0</altitude>
        <heading>0</heading>
        <tilt>0</tilt>
        <range>2000</range>
      </LookAt>
      <Point>
        <coordinates>-72.92788350,41.30827400,0</coordinates>
      </Point>
    </Placemark>
    <Placemark>
      <name>Shrine Auditorium - November 1, 1978</name>
      <description>
        <![CDATA[<b>Date:</b> November 1, 1978<br/>
      <b>Venue:</b> Shrine Auditorium<br/>
      <b>Location:</b> Los Angeles, California, United States<br/>
      
      <b>Setlist:</b> Minglewood Blues, Dire Wolf, Looks Like Rain, They Love Each Other, Big River, El Paso, Brown-Eyed Women, Let It Grow | Samson and Delilah, Sunrise, Terrapin Station, Playing in the Band, Space, St. Stephen, Not Fade Away | Passenger<br/>]]>
      </description>
      <styleUrl>#deadIcon</styleUrl>
      <LookAt>
        <longitude>-118.28126030</longitude>
        <latitude>34.02346220</latitude>
        <altitude>0</altitude>
        <heading>0</heading>
        <tilt>0</tilt>
        <range>2000</range>
      </LookAt>
      <Point>
        <coordinates>-118.28126030,34.02346220,0</coordinates>
      </Point>
    </Placemark>
    <Placemark>
      <name>Fox Theatre - November 4, 1978</name>
      <description>
        <![CDATA[<b>Date:</b> November 4, 1978<br/>
      <b>Venue:</b> Fox Theatre<br/>
      <b>Location:</b> Atlanta, Georgia, United States<br/>
      
      <b>Setlist:</b> Bertha, Good Lovin&#039;, Friend of the Devil, Me and My Uncle, Big River, Tennessee Jed, Looks Like Rain, Brown-Eyed Women, Minglewood Blues, Deal | Samson and Delilah, Scarlet Begonias, Fire on the Mountain, Sunrise, Terrapin Station, Drums, Iko Iko, Sugar Magnolia | Johnny B. Goode<br/>]]>
      </description>
      <styleUrl>#deadIcon</styleUrl>
      <LookAt>
        <longitude>-84.38533950</longitude>
        <latitude>33.77261360</latitude>
        <altitude>0</altitude>
        <heading>0</heading>
        <tilt>0</tilt>
        <range>2000</range>
      </LookAt>
      <Point>
        <coordinates>-84.38533950,33.77261360,0</coordinates>
      </Point>
    </Placemark>
    <Placemark>
      <name>Springfield Civic Center - November 5, 1978</name>
      <description>
        <![CDATA[<b>Date:</b> November 5, 1978<br/>
      <b>Venue:</b> Springfield Civic Center<br/>
      <b>Location:</b> Springfield, Massachusetts, United States<br/>
      
      <b>Setlist:</b> Cold Rain and Snow, Beat It on Down the Line, Friend of the Devil, Looks Like Rain, Loser, Mexicali Blues, Mama Tried, Tennessee Jed, Minglewood Blues, Peggy-O, Lazy Lightning, Supplication | Scarlet Begonias, Fire on the Mountain, Dancing in the Street, Drums, Not Fade Away, Stella Blue, Around and Around | Werewolves of London, Johnny B. Goode<br/>]]>
      </description>
      <styleUrl>#deadIcon</styleUrl>
      <LookAt>
        <longitude>-72.58713290</longitude>
        <latitude>42.10200200</latitude>
        <altitude>0</altitude>
        <heading>0</heading>
        <tilt>0</tilt>
        <range>2000</range>
      </LookAt>
      <Point>
        <coordinates>-72.58713290,42.10200200,0</coordinates>
      </Point>
    </Placemark>
    <Placemark>
      <name>Saturday Night Live - November 11, 1978</name>
      <description>
        <![CDATA[<b>Date:</b> November 11, 1978<br/>
      <b>Venue:</b> Saturday Night Live<br/>
      <b>Location:</b> New York, New York, United States<br/>
      
      <b>Setlist:</b> Casey Jones, I Need a Miracle, Good Lovin&#039;<br/>]]>
      </description>
      <styleUrl>#deadIcon</styleUrl>
      <LookAt>
        <longitude>-73.98265860</longitude>
        <latitude>40.75039800</latitude>
        <altitude>0</altitude>
        <heading>0</heading>
        <tilt>0</tilt>
        <range>2000</range>
      </LookAt>
      <Point>
        <coordinates>-73.98265860,40.75039800,0</coordinates>
      </Point>
    </Placemark>
    <Placemark>
      <name>Cameron Indoor Stadium - December 4, 1978</name>
      <description>
        <![CDATA[<b>Date:</b> December 4, 1978<br/>
      <b>Venue:</b> Cameron Indoor Stadium<br/>
      <b>Location:</b> Durham, North Carolina, United States<br/>
      
      <b>Setlist:</b> Jack Straw, Dire Wolf, Beat It on Down the Line, Peggy-O, Mama Tried, Mexicali Blues, Funiculì, funiculà, Row Jimmy, Minglewood Blues, Loser, Lazy Lightning, Supplication | Bertha, Good Lovin&#039;, It Must Have Been the Roses, Estimated Prophet, Eyes of the World, Drums, Truckin&#039;, Wharf Rat, Around and Around | U.S. Blues<br/>]]>
      </description>
      <styleUrl>#deadIcon</styleUrl>
      <LookAt>
        <longitude>-78.94220500</longitude>
        <latitude>35.99747150</latitude>
        <altitude>0</altitude>
        <heading>0</heading>
        <tilt>0</tilt>
        <range>2000</range>
      </LookAt>
      <Point>
        <coordinates>-78.94220500,35.99747150,0</coordinates>
      </Point>
    </Placemark>
    <Placemark>
      <name>Miami Jai-Alai Fronton - December 12, 1978</name>
      <description>
        <![CDATA[<b>Date:</b> December 12, 1978<br/>
      <b>Venue:</b> Miami Jai-Alai Fronton<br/>
      <b>Location:</b> Miami, Florida, United States<br/>
      
      <b>Setlist:</b> Mississippi Half-Step Uptown Toodeloo, Franklin&#039;s Tower, Looks Like Rain, Peggy-O, Me and My Uncle, Big River, Ramble On Rose, Minglewood Blues, Stagger Lee, The Music Never Stopped | Bertha, Good Lovin&#039;, Brown-Eyed Women, Estimated Prophet, Eyes of the World, Drums, Not Fade Away, Going Down the Road Feeling Bad, Around and Around | U.S. Blues<br/>]]>
      </description>
      <styleUrl>#deadIcon</styleUrl>
      <LookAt>
        <longitude>-80.25719050</longitude>
        <latitude>25.80733720</latitude>
        <altitude>0</altitude>
        <heading>0</heading>
        <tilt>0</tilt>
        <range>2000</range>
      </LookAt>
      <Point>
        <coordinates>-80.25719050,25.80733720,0</coordinates>
      </Point>
    </Placemark>
    <Placemark>
      <name>Seattle Center Coliseum - January 7, 1979</name>
      <description>
        <![CDATA[<b>Date:</b> January 7, 1979<br/>
      <b>Venue:</b> Seattle Center Coliseum<br/>
      <b>Location:</b> Seattle, Washington, United States<br/>
      
      <b>Setlist:</b> Mississippi Half-Step Uptown Toodeloo, Franklin&#039;s Tower, Mama Tried, Mexicali Blues, Peggy-O, Minglewood Blues, Stagger Lee, El Paso, Brown-Eyed Women, Passenger | Don&#039;t Ease Me In, Samson and Delilah, Sugaree, Terrapin Station, Playing in the Band, Drums, Space, Stella Blue, Truckin&#039;, Around and Around | Shakedown Street<br/>]]>
      </description>
      <styleUrl>#deadIcon</styleUrl>
      <LookAt>
        <longitude>-122.35407140</longitude>
        <latitude>47.62207130</latitude>
        <altitude>0</altitude>
        <heading>0</heading>
        <tilt>0</tilt>
        <range>2000</range>
      </LookAt>
      <Point>
        <coordinates>-122.35407140,47.62207130,0</coordinates>
      </Point>
    </Placemark>
    <Placemark>
      <name>Holleder Memorial Stadium - January 9, 1979</name>
      <description>
        <![CDATA[<b>Date:</b> January 9, 1979<br/>
      <b>Venue:</b> Holleder Memorial Stadium<br/>
      <b>Location:</b> Rochester, New York, United States<br/>
      
      <b>Setlist:</b> Mississippi Half-Step Uptown Toodeloo, Franklin&#039;s Tower, Me and My Uncle, Big River, Friend of the Devil, Looks Like Rain, Don&#039;t Ease Me In, Lost Sailor, Saint of Circumstance | Scarlet Begonias, Fire on the Mountain, Drums, Space, Wharf Rat, I Need a Miracle, Bertha, Good Lovin&#039; | One More Saturday Night<br/>]]>
      </description>
      <styleUrl>#deadIcon</styleUrl>
      <LookAt>
        <longitude>-77.65721120</longitude>
        <latitude>43.19206730</latitude>
        <altitude>0</altitude>
        <heading>0</heading>
        <tilt>0</tilt>
        <range>2000</range>
      </LookAt>
      <Point>
        <coordinates>-77.65721120,43.19206730,0</coordinates>
      </Point>
    </Placemark>
    <Placemark>
      <name>Nassau Veterans Memorial Coliseum - January 11, 1979</name>
      <description>
        <![CDATA[<b>Date:</b> January 11, 1979<br/>
      <b>Venue:</b> Nassau Veterans Memorial Coliseum<br/>
      <b>Location:</b> Uniondale, New York, United States<br/>
      
      <b>Setlist:</b> Jack Straw, They Love Each Other, Mama Tried, Mexicali Blues, Peggy-O, Minglewood Blues, Candyman, Looks Like Rain, Don&#039;t Ease Me In, Easy to Love You, Promised Land | Scarlet Begonias, Fire on the Mountain, Samson and Delilah, Terrapin Station, Playing in the Band, Drums, Space, Black Peter, Good Lovin&#039; | U.S. Blues<br/>]]>
      </description>
      <styleUrl>#deadIcon</styleUrl>
      <LookAt>
        <longitude>-73.59065280</longitude>
        <latitude>40.72327780</latitude>
        <altitude>0</altitude>
        <heading>0</heading>
        <tilt>0</tilt>
        <range>2000</range>
      </LookAt>
      <Point>
        <coordinates>-73.59065280,40.72327780,0</coordinates>
      </Point>
    </Placemark>
    <Placemark>
      <name>Stanley Theatre - January 12, 1979</name>
      <description>
        <![CDATA[<b>Date:</b> January 12, 1979<br/>
      <b>Venue:</b> Stanley Theatre<br/>
      <b>Location:</b> Pittsburgh, Pennsylvania, United States<br/>
      
      <b>Setlist:</b> Jack Straw, Sugaree, Me and My Uncle, Big River, Loser, Easy to Love You, Minglewood Blues, Althea, The Music Never Stopped | China Cat Sunflower, I Know You Rider, Looks Like Rain, He&#039;s Gone, See See Rider Blues, Drums, Not Fade Away, Black Peter, Sugar Magnolia | One More Saturday Night<br/>]]>
      </description>
      <styleUrl>#deadIcon</styleUrl>
      <LookAt>
        <longitude>-80.00001600</longitude>
        <latitude>40.44298530</latitude>
        <altitude>0</altitude>
        <heading>0</heading>
        <tilt>0</tilt>
        <range>2000</range>
      </LookAt>
      <Point>
        <coordinates>-80.00001600,40.44298530,0</coordinates>
      </Point>
    </Placemark>
    <Placemark>
      <name>Augusta Civic Center - February 9, 1979</name>
      <description>
        <![CDATA[<b>Date:</b> February 9, 1979<br/>
      <b>Venue:</b> Augusta Civic Center<br/>
      <b>Location:</b> Augusta, Maine, United States<br/>
      
      <b>Setlist:</b> Jack Straw, They Love Each Other, Mama Tried, Mexicali Blues, Stagger Lee, Cassidy, Row Jimmy, Minglewood Blues, Jack-A-Roe, The Music Never Stopped, Samson and Delilah, Ramble On Rose | Terrapin Station, Let It Grow, Drums, Stella Blue, Truckin&#039;, Around and Around | U.S. Blues<br/>]]>
      </description>
      <styleUrl>#deadIcon</styleUrl>
      <LookAt>
        <longitude>-69.79889540</longitude>
        <latitude>44.34244430</latitude>
        <altitude>0</altitude>
        <heading>0</heading>
        <tilt>0</tilt>
        <range>2000</range>
      </LookAt>
      <Point>
        <coordinates>-69.79889540,44.34244430,0</coordinates>
      </Point>
    </Placemark>
    <Placemark>
      <name>Nassau Veterans Memorial Coliseum - February 11, 1979</name>
      <description>
        <![CDATA[<b>Date:</b> February 11, 1979<br/>
      <b>Venue:</b> Nassau Veterans Memorial Coliseum<br/>
      <b>Location:</b> Uniondale, New York, United States<br/>
      
      <b>Setlist:</b> Mississippi Half-Step Uptown Toodeloo, Franklin&#039;s Tower, El Paso, Mexicali Blues, Tennessee Jed, Lazy Lightning, Supplication, Deal | I Need a Miracle, Bertha, Lost Sailor, Saint of Circumstance, Drums, Space, Not Fade Away, Stella Blue, Sugar Magnolia | Casey Jones<br/>]]>
      </description>
      <styleUrl>#deadIcon</styleUrl>
      <LookAt>
        <longitude>-73.59065280</longitude>
        <latitude>40.72327780</latitude>
        <altitude>0</altitude>
        <heading>0</heading>
        <tilt>0</tilt>
        <range>2000</range>
      </LookAt>
      <Point>
        <coordinates>-73.59065280,40.72327780,0</coordinates>
      </Point>
    </Placemark>
    <Placemark>
      <name>Market Square Arena - March 2, 1979</name>
      <description>
        <![CDATA[<b>Date:</b> March 2, 1979<br/>
      <b>Venue:</b> Market Square Arena<br/>
      <b>Location:</b> Indianapolis, Indiana, United States<br/>
      
      <b>Setlist:</b> Promised Land, Candyman, Mama Tried, Mexicali Blues, China Cat Sunflower, I Know You Rider, Minglewood Blues, Stagger Lee, From the Heart of Me, The Music Never Stopped | Scarlet Begonias, Fire on the Mountain, From the Heart of Me, Estimated Prophet, Eyes of the World, Drums, The Other One, Wharf Rat, I Need a Miracle, Casey Jones | One More Saturday Night<br/>]]>
      </description>
      <styleUrl>#deadIcon</styleUrl>
      <LookAt>
        <longitude>-86.09917890</longitude>
        <latitude>39.77107570</latitude>
        <altitude>0</altitude>
        <heading>0</heading>
        <tilt>0</tilt>
        <range>2000</range>
      </LookAt>
      <Point>
        <coordinates>-86.09917890,39.77107570,0</coordinates>
      </Point>
    </Placemark>
    <Placemark>
      <name>Charlotte Coliseum - March 5, 1979</name>
      <description>
        <![CDATA[<b>Date:</b> March 5, 1979<br/>
      <b>Venue:</b> Charlotte Coliseum<br/>
      <b>Location:</b> Charlotte, North Carolina, United States<br/>
      
      <b>Setlist:</b> Promised Land, Brown-Eyed Women, Me and My Uncle, Big River, Stagger Lee, Looks Like Rain, Row Jimmy, It&#039;s All Over Now, Deal | Samson and Delilah, Tennessee Jed, Terrapin Station, Playing in the Band, Drums, Black Peter, Not Fade Away | U.S. Blues<br/>]]>
      </description>
      <styleUrl>#deadIcon</styleUrl>
      <LookAt>
        <longitude>-80.79517330</longitude>
        <latitude>35.20509250</latitude>
        <altitude>0</altitude>
        <heading>0</heading>
        <tilt>0</tilt>
        <range>2000</range>
      </LookAt>
      <Point>
        <coordinates>-80.79517330,35.20509250,0</coordinates>
      </Point>
    </Placemark>
    <Placemark>
      <name>Uptown Theater - March 12, 1979</name>
      <description>
        <![CDATA[<b>Date:</b> March 12, 1979<br/>
      <b>Venue:</b> Uptown Theater<br/>
      <b>Location:</b> Chicago, Illinois, United States<br/>
      
      <b>Setlist:</b> Alabama Getaway, Promised Land, Brown-Eyed Women, El Paso, Ramble On Rose, It&#039;s All Over Now, Jack-A-Roe, Lazy Lightning, Supplication, Althea, The Music Never Stopped | Scarlet Begonias, Fire on the Mountain, Samson and Delilah, Terrapin Station, Playing in the Band, Drums, Space, Lost Sailor, Saint of Circumstance, Wharf Rat, Truckin&#039; | Johnny B. Goode<br/>]]>
      </description>
      <styleUrl>#deadIcon</styleUrl>
      <LookAt>
        <longitude>-87.65989430</longitude>
        <latitude>41.96957560</latitude>
        <altitude>0</altitude>
        <heading>0</heading>
        <tilt>0</tilt>
        <range>2000</range>
      </LookAt>
      <Point>
        <coordinates>-87.65989430,41.96957560,0</coordinates>
      </Point>
    </Placemark>
    <Placemark>
      <name>Dane County Coliseum - April 2, 1979</name>
      <description>
        <![CDATA[<b>Date:</b> April 2, 1979<br/>
      <b>Venue:</b> Dane County Coliseum<br/>
      <b>Location:</b> Madison, Wisconsin, United States<br/>
      
      <b>Setlist:</b> Mississippi Half-Step Uptown Toodeloo, Franklin&#039;s Tower, Me and My Uncle, Big River, Peggy-O, Cassidy, Friend of the Devil, El Paso, Tennessee Jed, Lazy Lightning, Supplication | Shakedown Street, Samson and Delilah, From the Heart of Me, Terrapin Station, Playing in the Band, Drums, Iko Iko, Black Peter, Around and Around | U.S. Blues<br/>]]>
      </description>
      <styleUrl>#deadIcon</styleUrl>
      <LookAt>
        <longitude>-89.37894290</longitude>
        <latitude>43.04712850</latitude>
        <altitude>0</altitude>
        <heading>0</heading>
        <tilt>0</tilt>
        <range>2000</range>
      </LookAt>
      <Point>
        <coordinates>-89.37894290,43.04712850,0</coordinates>
      </Point>
    </Placemark>
    <Placemark>
      <name>Hampton Coliseum - April 5, 1979</name>
      <description>
        <![CDATA[<b>Date:</b> April 5, 1979<br/>
      <b>Venue:</b> Hampton Coliseum<br/>
      <b>Location:</b> Hampton, Virginia, United States<br/>
      
      <b>Setlist:</b> Mississippi Half-Step Uptown Toodeloo, Franklin&#039;s Tower, Mama Tried, Mexicali Blues, Candyman, Lazy Lightning, Supplication, Loser, Minglewood Blues, Don&#039;t Ease Me In, Passenger | I Need a Miracle, Bertha, Good Lovin&#039;, Ship of Fools, Estimated Prophet, Eyes of the World, Drums, Truckin&#039;, Stella Blue, Around and Around<br/>]]>
      </description>
      <styleUrl>#deadIcon</styleUrl>
      <LookAt>
        <longitude>-76.38132000</longitude>
        <latitude>37.03472800</latitude>
        <altitude>0</altitude>
        <heading>0</heading>
        <tilt>0</tilt>
        <range>2000</range>
      </LookAt>
      <Point>
        <coordinates>-76.38132000,37.03472800,0</coordinates>
      </Point>
    </Placemark>
    <Placemark>
      <name>Oakland Civic Auditorium - April 8, 1979</name>
      <description>
        <![CDATA[<b>Date:</b> April 8, 1979<br/>
      <b>Venue:</b> Oakland Civic Auditorium<br/>
      <b>Location:</b> Oakland, California, United States<br/>
      
      <b>Setlist:</b> Jack Straw, They Love Each Other, Mama Tried, Mexicali Blues, Peggy-O, Minglewood Blues, Tennessee Jed, El Paso, Althea, Lost Sailor, Deal | Passenger, Friend of the Devil, Samson and Delilah, Shakedown Street, Playing in the Band, Drums, Space, Stella Blue, Sugar Magnolia | U.S. Blues<br/>]]>
      </description>
      <styleUrl>#deadIcon</styleUrl>
      <LookAt>
        <longitude>-122.26159790</longitude>
        <latitude>37.79763280</latitude>
        <altitude>0</altitude>
        <heading>0</heading>
        <tilt>0</tilt>
        <range>2000</range>
      </LookAt>
      <Point>
        <coordinates>-122.26159790,37.79763280,0</coordinates>
      </Point>
    </Placemark>
    <Placemark>
      <name>Madison Square Garden - April 9, 1979</name>
      <description>
        <![CDATA[<b>Date:</b> April 9, 1979<br/>
      <b>Venue:</b> Madison Square Garden<br/>
      <b>Location:</b> New York, New York, United States<br/>
      
      <b>Setlist:</b> Jack Straw, Sugaree, Me and My Uncle, Big River, Candyman, Minglewood Blues, Tennessee Jed, Lost Sailor, Saint of Circumstance, Deal | China Cat Sunflower, I Know You Rider, Looks Like Rain, He&#039;s Gone, Drums, Space, Wharf Rat, Around and Around | Shakedown Street<br/>]]>
      </description>
      <styleUrl>#deadIcon</styleUrl>
      <LookAt>
        <longitude>-73.99343870</longitude>
        <latitude>40.75050450</latitude>
        <altitude>0</altitude>
        <heading>0</heading>
        <tilt>0</tilt>
        <range>2000</range>
      </LookAt>
      <Point>
        <coordinates>-73.99343870,40.75050450,0</coordinates>
      </Point>
    </Placemark>
    <Placemark>
      <name>Providence Civic Center - April 11, 1979</name>
      <description>
        <![CDATA[<b>Date:</b> April 11, 1979<br/>
      <b>Venue:</b> Providence Civic Center<br/>
      <b>Location:</b> Providence, Rhode Island, United States<br/>
      
      <b>Setlist:</b> Minglewood Blues, They Love Each Other, Me and My Uncle, Big River, Althea, Easy to Love You, Brown-Eyed Women, Lost Sailor, Saint of Circumstance, Deal | Alabama Getaway, Greatest Story Ever Told, Ship of Fools, Estimated Prophet, He&#039;s Gone, Drums, Space, The Other One, Wharf Rat, Around and Around | U.S. Blues<br/>]]>
      </description>
      <styleUrl>#deadIcon</styleUrl>
      <LookAt>
        <longitude>-71.41795560</longitude>
        <latitude>41.82362810</latitude>
        <altitude>0</altitude>
        <heading>0</heading>
        <tilt>0</tilt>
        <range>2000</range>
      </LookAt>
      <Point>
        <coordinates>-71.41795560,41.82362810,0</coordinates>
      </Point>
    </Placemark>
    <Placemark>
      <name>Uptown Theater - April 12, 1979</name>
      <description>
        <![CDATA[<b>Date:</b> April 12, 1979<br/>
      <b>Venue:</b> Uptown Theater<br/>
      <b>Location:</b> Chicago, Illinois, United States<br/>
      
      <b>Setlist:</b> Jack Straw, Peggy-O, Mama Tried, Mexicali Blues, They Love Each Other, Minglewood Blues, Stagger Lee, Passenger, Deal | China Cat Sunflower, I Know You Rider, Looks Like Rain, Estimated Prophet, Franklin&#039;s Tower, Drums, Space, Not Fade Away, Stella Blue, Sugar Magnolia | U.S. Blues<br/>]]>
      </description>
      <styleUrl>#deadIcon</styleUrl>
      <LookAt>
        <longitude>-87.65989430</longitude>
        <latitude>41.96957560</latitude>
        <altitude>0</altitude>
        <heading>0</heading>
        <tilt>0</tilt>
        <range>2000</range>
      </LookAt>
      <Point>
        <coordinates>-87.65989430,41.96957560,0</coordinates>
      </Point>
    </Placemark>
    <Placemark>
      <name>Spectrum - May 1, 1979</name>
      <description>
        <![CDATA[<b>Date:</b> May 1, 1979<br/>
      <b>Venue:</b> Spectrum<br/>
      <b>Location:</b> Philadelphia, Pennsylvania, United States<br/>
      
      <b>Setlist:</b> Sugaree, Minglewood Blues, Candyman, Mama Tried, Mexicali Blues, From the Heart of Me, Brown-Eyed Women, It&#039;s All Over Now, Stagger Lee, The Music Never Stopped | Bertha, Good Lovin&#039;, It Must Have Been the Roses, Estimated Prophet, Eyes of the World, Drums, Space, Truckin&#039;, Nobody&#039;s Fault but Mine, Black Peter, Around and Around | Johnny B. Goode<br/>]]>
      </description>
      <styleUrl>#deadIcon</styleUrl>
      <LookAt>
        <longitude>-75.47605530</longitude>
        <latitude>40.13540730</latitude>
        <altitude>0</altitude>
        <heading>0</heading>
        <tilt>0</tilt>
        <range>2000</range>
      </LookAt>
      <Point>
        <coordinates>-75.47605530,40.13540730,0</coordinates>
      </Point>
    </Placemark>
    <Placemark>
      <name>Baltimore Civic Center - May 5, 1979</name>
      <description>
        <![CDATA[<b>Date:</b> May 5, 1979<br/>
      <b>Venue:</b> Baltimore Civic Center<br/>
      <b>Location:</b> Baltimore, Maryland, United States<br/>
      
      <b>Setlist:</b> Jack Straw, Sugaree, El Paso, Friend of the Devil, It&#039;s All Over Now, Tennessee Jed, Dancing in the Street | Scarlet Begonias, Fire on the Mountain, Samson and Delilah, He&#039;s Gone, Drums, The Other One, Wharf Rat, Sugar Magnolia | One More Saturday Night<br/>]]>
      </description>
      <styleUrl>#deadIcon</styleUrl>
      <LookAt>
        <longitude>-76.61870710</longitude>
        <latitude>39.28857290</latitude>
        <altitude>0</altitude>
        <heading>0</heading>
        <tilt>0</tilt>
        <range>2000</range>
      </LookAt>
      <Point>
        <coordinates>-76.61870710,39.28857290,0</coordinates>
      </Point>
    </Placemark>
    <Placemark>
      <name>Oakland Civic Auditorium - May 8, 1979</name>
      <description>
        <![CDATA[<b>Date:</b> May 8, 1979<br/>
      <b>Venue:</b> Oakland Civic Auditorium<br/>
      <b>Location:</b> Oakland, California, United States<br/>
      
      <b>Setlist:</b> Mississippi Half-Step Uptown Toodeloo, Franklin&#039;s Tower, Me and My Uncle, Big River, Candyman, It&#039;s All Over Now, Brown-Eyed Women, Lost Sailor, Althea, Promised Land | Scarlet Begonias, Fire on the Mountain, Estimated Prophet, Eyes of the World, Drums, Ollin Arageed, Not Fade Away, Wharf Rat, Around and Around | Bertha, Good Lovin&#039;, Johnny B. Goode<br/>]]>
      </description>
      <styleUrl>#deadIcon</styleUrl>
      <LookAt>
        <longitude>-122.26159790</longitude>
        <latitude>37.79763280</latitude>
        <altitude>0</altitude>
        <heading>0</heading>
        <tilt>0</tilt>
        <range>2000</range>
      </LookAt>
      <Point>
        <coordinates>-122.26159790,37.79763280,0</coordinates>
      </Point>
    </Placemark>
    <Placemark>
      <name>Madison Square Garden - May 9, 1979</name>
      <description>
        <![CDATA[<b>Date:</b> May 9, 1979<br/>
      <b>Venue:</b> Madison Square Garden<br/>
      <b>Location:</b> New York, New York, United States<br/>
      
      <b>Setlist:</b> Mississippi Half-Step Uptown Toodeloo, Franklin&#039;s Tower, Mama Tried, Mexicali Blues, Peggy-O, Cassidy, Loser, Promised Land | Scarlet Begonias, Fire on the Mountain, Estimated Prophet, Eyes of the World, Drums, Space, Black Peter, I Need a Miracle, Bertha, Good Lovin&#039; | U.S. Blues<br/>]]>
      </description>
      <styleUrl>#deadIcon</styleUrl>
      <LookAt>
        <longitude>-73.99343870</longitude>
        <latitude>40.75050450</latitude>
        <altitude>0</altitude>
        <heading>0</heading>
        <tilt>0</tilt>
        <range>2000</range>
      </LookAt>
      <Point>
        <coordinates>-73.99343870,40.75050450,0</coordinates>
      </Point>
    </Placemark>
    <Placemark>
      <name>Spectrum - May 11, 1979</name>
      <description>
        <![CDATA[<b>Date:</b> May 11, 1979<br/>
      <b>Venue:</b> Spectrum<br/>
      <b>Location:</b> Philadelphia, Pennsylvania, United States<br/>
      
      <b>Setlist:</b> China Cat Sunflower, I Know You Rider, Cassidy, Friend of the Devil, El Paso, Stagger Lee, Passenger, Peggy-O, The Music Never Stopped | Althea, Easy to Love You, Eyes of the World, Estimated Prophet, Franklin&#039;s Tower, Drums, Space, Lost Sailor, Saint of Circumstance, Sugar Magnolia | Casey Jones<br/>]]>
      </description>
      <styleUrl>#deadIcon</styleUrl>
      <LookAt>
        <longitude>-75.47605530</longitude>
        <latitude>40.13540730</latitude>
        <altitude>0</altitude>
        <heading>0</heading>
        <tilt>0</tilt>
        <range>2000</range>
      </LookAt>
      <Point>
        <coordinates>-75.47605530,40.13540730,0</coordinates>
      </Point>
    </Placemark>
    <Placemark>
      <name>Uptown Theater - May 12, 1979</name>
      <description>
        <![CDATA[<b>Date:</b> May 12, 1979<br/>
      <b>Venue:</b> Uptown Theater<br/>
      <b>Location:</b> Chicago, Illinois, United States<br/>
      
      <b>Setlist:</b> Alabama Getaway, Greatest Story Ever Told, Dire Wolf, Me and My Uncle, Big River, Cold Rain and Snow, Easy to Love You, Althea, Lost Sailor, Saint of Circumstance | Shakedown Street, Samson and Delilah, Ship of Fools, He&#039;s Gone, The Other One, Drums, Space, Black Peter, I Need a Miracle, Bertha, Good Lovin&#039; | Johnny B. Goode, Don&#039;t Ease Me In<br/>]]>
      </description>
      <styleUrl>#deadIcon</styleUrl>
      <LookAt>
        <longitude>-87.65989430</longitude>
        <latitude>41.96957560</latitude>
        <altitude>0</altitude>
        <heading>0</heading>
        <tilt>0</tilt>
        <range>2000</range>
      </LookAt>
      <Point>
        <coordinates>-87.65989430,41.96957560,0</coordinates>
      </Point>
    </Placemark>
    <Placemark>
      <name>Tulsa Fairgrounds Pavilion - June 2, 1979</name>
      <description>
        <![CDATA[<b>Date:</b> June 2, 1979<br/>
      <b>Venue:</b> Tulsa Fairgrounds Pavilion<br/>
      <b>Location:</b> Tulsa, Oklahoma, United States<br/>
      
      <b>Setlist:</b> Jack Straw, Loser, Beat It on Down the Line, Peggy-O, It&#039;s All Over Now, China Cat Sunflower, I Know You Rider, From the Heart of Me, Minglewood Blues, Passenger, Deal | I Need a Miracle, Bertha, Good Lovin&#039;, Ship of Fools, Estimated Prophet, Eyes of the World, Drums, Not Fade Away, Black Peter, Around and Around | Johnny B. Goode<br/>]]>
      </description>
      <styleUrl>#deadIcon</styleUrl>
      <LookAt>
        <longitude>-95.93289260</longitude>
        <latitude>36.13691120</latitude>
        <altitude>0</altitude>
        <heading>0</heading>
        <tilt>0</tilt>
        <range>2000</range>
      </LookAt>
      <Point>
        <coordinates>-95.93289260,36.13691120,0</coordinates>
      </Point>
    </Placemark>
    <Placemark>
      <name>Madison Square Garden - June 9, 1979</name>
      <description>
        <![CDATA[<b>Date:</b> June 9, 1979<br/>
      <b>Venue:</b> Madison Square Garden<br/>
      <b>Location:</b> New York, New York, United States<br/>
      
      <b>Setlist:</b> Minglewood Blues, Dire Wolf, El Paso, Brown-Eyed Women, It&#039;s All Over Now, Don&#039;t Ease Me In, Looks Like Rain, Althea, Lost Sailor, Saint of Circumstance | China Cat Sunflower, I Know You Rider, Easy to Love You, Ramble On Rose, Terrapin Station, Playing in the Band, Drums, Not Fade Away, Stella Blue, Sugar Magnolia | Johnny B. Goode<br/>]]>
      </description>
      <styleUrl>#deadIcon</styleUrl>
      <LookAt>
        <longitude>-73.99343870</longitude>
        <latitude>40.75050450</latitude>
        <altitude>0</altitude>
        <heading>0</heading>
        <tilt>0</tilt>
        <range>2000</range>
      </LookAt>
      <Point>
        <coordinates>-73.99343870,40.75050450,0</coordinates>
      </Point>
    </Placemark>
    <Placemark>
      <name>Spectrum - June 11, 1979</name>
      <description>
        <![CDATA[<b>Date:</b> June 11, 1979<br/>
      <b>Venue:</b> Spectrum<br/>
      <b>Location:</b> Philadelphia, Pennsylvania, United States<br/>
      
      <b>Setlist:</b> Alabama Getaway, Promised Land, Tennessee Jed, Me and My Uncle, Mexicali Blues, Candyman, Easy to Love You, Looks Like Rain, Jack-A-Roe, Jack Straw, Deal | Terrapin Station, Playing in the Band, Drums, Space, Black Peter, Good Lovin&#039; | U.S. Blues<br/>]]>
      </description>
      <styleUrl>#deadIcon</styleUrl>
      <LookAt>
        <longitude>-75.47605530</longitude>
        <latitude>40.13540730</latitude>
        <altitude>0</altitude>
        <heading>0</heading>
        <tilt>0</tilt>
        <range>2000</range>
      </LookAt>
      <Point>
        <coordinates>-75.47605530,40.13540730,0</coordinates>
      </Point>
    </Placemark>
    <Placemark>
      <name>Madison Square Garden - July 1, 1979</name>
      <description>
        <![CDATA[<b>Date:</b> July 1, 1979<br/>
      <b>Venue:</b> Madison Square Garden<br/>
      <b>Location:</b> New York, New York, United States<br/>
      
      <b>Setlist:</b> Jack Straw, They Love Each Other, Cassidy, Jack-A-Roe, Looks Like Rain, Tennessee Jed, El Paso, Stagger Lee, Passenger | I Need a Miracle, Shakedown Street, From the Heart of Me, Estimated Prophet, Eyes of the World, Drums, Not Fade Away, Black Peter, Around and Around | Good Lovin&#039;<br/>
      
      <b>Notes:</b> Rescheduled date for show originally scheduled for November 30, 1978<br/>]]>
      </description>
      <styleUrl>#deadIcon</styleUrl>
      <LookAt>
        <longitude>-73.99343870</longitude>
        <latitude>40.75050450</latitude>
        <altitude>0</altitude>
        <heading>0</heading>
        <tilt>0</tilt>
        <range>2000</range>
      </LookAt>
      <Point>
        <coordinates>-73.99343870,40.75050450,0</coordinates>
      </Point>
    </Placemark>
    <Placemark>
      <name>SIU Arena - July 2, 1979</name>
      <description>
        <![CDATA[<b>Date:</b> July 2, 1979<br/>
      <b>Venue:</b> SIU Arena<br/>
      <b>Location:</b> Carbondale, Illinois, United States<br/>
      
      <b>Setlist:</b> Don&#039;t Ease Me In, Mama Tried, Mexicali Blues, Jack-A-Roe, Looks Like Rain, They Love Each Other, Minglewood Blues, Stagger Lee, Cassidy, Peggy-O, The Music Never Stopped | Scarlet Begonias, Fire on the Mountain, Dancing in the Street, Drums, Black Peter, I Need a Miracle, Bertha, Good Lovin&#039; | U.S. Blues<br/>]]>
      </description>
      <styleUrl>#deadIcon</styleUrl>
      <LookAt>
        <longitude>-89.21871160</longitude>
        <latitude>37.70832820</latitude>
        <altitude>0</altitude>
        <heading>0</heading>
        <tilt>0</tilt>
        <range>2000</range>
      </LookAt>
      <Point>
        <coordinates>-89.21871160,37.70832820,0</coordinates>
      </Point>
    </Placemark>
    <Placemark>
      <name>Allan Kirby Field House - July 5, 1979</name>
      <description>
        <![CDATA[<b>Date:</b> July 5, 1979<br/>
      <b>Venue:</b> Allan Kirby Field House<br/>
      <b>Location:</b> Easton, Pennsylvania, United States<br/>
      
      <b>Setlist:</b> Don&#039;t Ease Me In, Me and My Uncle, Big River, Candyman, Looks Like Rain, Tennessee Jed, Minglewood Blues, Peggy-O, Passenger | Shakedown Street, Jack Straw, Stagger Lee, Estimated Prophet, Eyes of the World, Drums, Space, Not Fade Away, Black Peter, Around and Around | U.S. Blues<br/>]]>
      </description>
      <styleUrl>#deadIcon</styleUrl>
      <LookAt>
        <longitude>-75.20852790</longitude>
        <latitude>40.69941010</latitude>
        <altitude>0</altitude>
        <heading>0</heading>
        <tilt>0</tilt>
        <range>2000</range>
      </LookAt>
      <Point>
        <coordinates>-75.20852790,40.69941010,0</coordinates>
      </Point>
    </Placemark>
    <Placemark>
      <name>Indiana Convention Center - July 12, 1979</name>
      <description>
        <![CDATA[<b>Date:</b> July 12, 1979<br/>
      <b>Venue:</b> Indiana Convention Center<br/>
      <b>Location:</b> Indianapolis, Indiana, United States<br/>
      
      <b>Setlist:</b> Minglewood Blues, Tennessee Jed, Me and My Uncle, Big River, Don&#039;t Ease Me In, El Paso, Big Railroad Blues, Easy to Love You, It&#039;s All Over Now, Althea, The Music Never Stopped | China Cat Sunflower, I Know You Rider, Eyes of the World, Lost Sailor, Saint of Circumstance, Drums, Space, Wharf Rat, Around and Around, Johnny B. Goode | U.S. Blues<br/>]]>
      </description>
      <styleUrl>#deadIcon</styleUrl>
      <LookAt>
        <longitude>-86.16218770</longitude>
        <latitude>39.76493310</latitude>
        <altitude>0</altitude>
        <heading>0</heading>
        <tilt>0</tilt>
        <range>2000</range>
      </LookAt>
      <Point>
        <coordinates>-86.16218770,39.76493310,0</coordinates>
      </Point>
    </Placemark>
    <Placemark>
      <name>Madison Square Garden - August 1, 1979</name>
      <description>
        <![CDATA[<b>Date:</b> August 1, 1979<br/>
      <b>Venue:</b> Madison Square Garden<br/>
      <b>Location:</b> New York, New York, United States<br/>
      
      <b>Setlist:</b> Mississippi Half-Step Uptown Toodeloo, Franklin&#039;s Tower, Minglewood Blues, Candyman, Me and My Uncle, Big River, Friend of the Devil, It&#039;s All Over Now, Brown-Eyed Women, Lazy Lightning, Supplication | Scarlet Begonias, Fire on the Mountain, Samson and Delilah, Terrapin Station, Playing in the Band, Drums, The Other One, Wharf Rat, Good Lovin&#039; | U.S. Blues<br/>]]>
      </description>
      <styleUrl>#deadIcon</styleUrl>
      <LookAt>
        <longitude>-73.99343870</longitude>
        <latitude>40.75050450</latitude>
        <altitude>0</altitude>
        <heading>0</heading>
        <tilt>0</tilt>
        <range>2000</range>
      </LookAt>
      <Point>
        <coordinates>-73.99343870,40.75050450,0</coordinates>
      </Point>
    </Placemark>
    <Placemark>
      <name>Recreation Building, Penn State University - August 5, 1979</name>
      <description>
        <![CDATA[<b>Date:</b> August 5, 1979<br/>
      <b>Venue:</b> Recreation Building, Penn State University<br/>
      <b>Location:</b> University Park, Pennsylvania, United States<br/>
      
      <b>Setlist:</b> Promised Land, They Love Each Other, Mama Tried, Mexicali Blues, Brown-Eyed Women, It&#039;s All Over Now, Row Jimmy, El Paso, Stagger Lee, Lazy Lightning, Supplication, Deal | Scarlet Begonias, Fire on the Mountain, Samson and Delilah, Terrapin Station, Playing in the Band, Drums, The Other One, China Doll, Good Lovin&#039; | Shakedown Street<br/>]]>
      </description>
      <styleUrl>#deadIcon</styleUrl>
      <LookAt>
        <longitude>-77.86932420</longitude>
        <latitude>40.79587930</latitude>
        <altitude>0</altitude>
        <heading>0</heading>
        <tilt>0</tilt>
        <range>2000</range>
      </LookAt>
      <Point>
        <coordinates>-77.86932420,40.79587930,0</coordinates>
      </Point>
    </Placemark>
    <Placemark>
      <name>Capital Centre - August 11, 1979</name>
      <description>
        <![CDATA[<b>Date:</b> August 11, 1979<br/>
      <b>Venue:</b> Capital Centre<br/>
      <b>Location:</b> Landover, Maryland, United States<br/>
      
      <b>Setlist:</b> Minglewood Blues, Stagger Lee, Mama Tried, Mexicali Blues, China Cat Sunflower, I Know You Rider, It&#039;s All Over Now, Don&#039;t Ease Me In, Looks Like Rain, Deal | Scarlet Begonias, Fire on the Mountain, Lost Sailor, Saint of Circumstance, Drums, Space, Not Fade Away, Morning Dew | Johnny B. Goode<br/>]]>
      </description>
      <styleUrl>#deadIcon</styleUrl>
      <LookAt>
        <longitude>-76.89663970</longitude>
        <latitude>38.93400020</latitude>
        <altitude>0</altitude>
        <heading>0</heading>
        <tilt>0</tilt>
        <range>2000</range>
      </LookAt>
      <Point>
        <coordinates>-76.89663970,38.93400020,0</coordinates>
      </Point>
    </Placemark>
    <Placemark>
      <name>Memorial Hall - September 2, 1979</name>
      <description>
        <![CDATA[<b>Date:</b> September 2, 1979<br/>
      <b>Venue:</b> Memorial Hall<br/>
      <b>Location:</b> Kansas City, Kansas, United States<br/>
      
      <b>Setlist:</b> Promised Land, Candyman, Cassidy, Tennessee Jed, El Paso, Jack-A-Roe, Looks Like Rain, Stagger Lee, Passenger, China Cat Sunflower, I Know You Rider | Not Fade Away, I Need a Miracle, Bertha, Good Lovin&#039;, From the Heart of Me, He&#039;s Gone, Drums, Truckin&#039;, Comes a Time, Around and Around | Shakedown Street<br/>]]>
      </description>
      <styleUrl>#deadIcon</styleUrl>
      <LookAt>
        <longitude>-94.62764110</longitude>
        <latitude>39.11218520</latitude>
        <altitude>0</altitude>
        <heading>0</heading>
        <tilt>0</tilt>
        <range>2000</range>
      </LookAt>
      <Point>
        <coordinates>-94.62764110,39.11218520,0</coordinates>
      </Point>
    </Placemark>
    <Placemark>
      <name>Broome County Veterans Memorial Arena - September 5, 1979</name>
      <description>
        <![CDATA[<b>Date:</b> September 5, 1979<br/>
      <b>Venue:</b> Broome County Veterans Memorial Arena<br/>
      <b>Location:</b> Binghamton, New York, United States<br/>
      
      <b>Setlist:</b> Sugaree, Me and My Uncle, Loser, Minglewood Blues, Friend of the Devil, Looks Like Rain, Stagger Lee, Jack Straw | China Cat Sunflower, I Know You Rider, He&#039;s Gone, Truckin&#039;, Drums, Space, Wharf Rat, Sugar Magnolia | Johnny B. Goode<br/>]]>
      </description>
      <styleUrl>#deadIcon</styleUrl>
      <LookAt>
        <longitude>-75.91311640</longitude>
        <latitude>42.09562930</latitude>
        <altitude>0</altitude>
        <heading>0</heading>
        <tilt>0</tilt>
        <range>2000</range>
      </LookAt>
      <Point>
        <coordinates>-75.91311640,42.09562930,0</coordinates>
      </Point>
    </Placemark>
    <Placemark>
      <name>Buffalo Memorial Auditorium - September 11, 1979</name>
      <description>
        <![CDATA[<b>Date:</b> September 11, 1979<br/>
      <b>Venue:</b> Buffalo Memorial Auditorium<br/>
      <b>Location:</b> Buffalo, New York, United States<br/>
      
      <b>Setlist:</b> Alabama Getaway, Promised Land, They Love Each Other, Cassidy, Loser, Lazy Lightning, Supplication, Althea, Easy to Love You, Jack Straw | Dancing in the Street, Franklin&#039;s Tower, Estimated Prophet, He&#039;s Gone, Drums, Space, Wharf Rat, I Need a Miracle, Bertha, Good Lovin&#039; | U.S. Blues<br/>]]>
      </description>
      <styleUrl>#deadIcon</styleUrl>
      <LookAt>
        <longitude>-78.83370950</longitude>
        <latitude>42.88952440</latitude>
        <altitude>0</altitude>
        <heading>0</heading>
        <tilt>0</tilt>
        <range>2000</range>
      </LookAt>
      <Point>
        <coordinates>-78.83370950,42.88952440,0</coordinates>
      </Point>
    </Placemark>
    <Placemark>
      <name>Kiel Auditorium - September 12, 1979</name>
      <description>
        <![CDATA[<b>Date:</b> September 12, 1979<br/>
      <b>Venue:</b> Kiel Auditorium<br/>
      <b>Location:</b> St. Louis, Missouri, United States<br/>
      
      <b>Setlist:</b> Alabama Getaway, Promised Land, Brown-Eyed Women, Cassidy, Row Jimmy, Minglewood Blues, Candyman, Lazy Lightning, Supplication, Deal | Shakedown Street, Samson and Delilah, High Time, Easy to Love You, Terrapin Station, Lost Sailor, Saint of Circumstance, Drums, Black Peter, I Need a Miracle, Bertha, Good Lovin&#039; | Don&#039;t Ease Me In<br/>]]>
      </description>
      <styleUrl>#deadIcon</styleUrl>
      <LookAt>
        <longitude>-90.20181220</longitude>
        <latitude>38.62802160</latitude>
        <altitude>0</altitude>
        <heading>0</heading>
        <tilt>0</tilt>
        <range>2000</range>
      </LookAt>
      <Point>
        <coordinates>-90.20181220,38.62802160,0</coordinates>
      </Point>
    </Placemark>
    <Placemark>
      <name>Nassau Veterans Memorial Coliseum - October 1, 1979</name>
      <description>
        <![CDATA[<b>Date:</b> October 1, 1979<br/>
      <b>Venue:</b> Nassau Veterans Memorial Coliseum<br/>
      <b>Location:</b> Uniondale, New York, United States<br/>
      
      <b>Setlist:</b> Promised Land, Dire Wolf, Mama Tried, Mexicali Blues, Tennessee Jed, Looks Like Rain, Stagger Lee, El Paso, Row Jimmy, Passenger, Loser, The Music Never Stopped | Shakedown Street, I Need a Miracle, Bertha, Good Lovin&#039;, Dark Star, Drums, Wharf Rat, St. Stephen, Around and Around | Johnny B. Goode<br/>]]>
      </description>
      <styleUrl>#deadIcon</styleUrl>
      <LookAt>
        <longitude>-73.59065280</longitude>
        <latitude>40.72327780</latitude>
        <altitude>0</altitude>
        <heading>0</heading>
        <tilt>0</tilt>
        <range>2000</range>
      </LookAt>
      <Point>
        <coordinates>-73.59065280,40.72327780,0</coordinates>
      </Point>
    </Placemark>
    <Placemark>
      <name>Memorial Hall - October 2, 1979</name>
      <description>
        <![CDATA[<b>Date:</b> October 2, 1979<br/>
      <b>Venue:</b> Memorial Hall<br/>
      <b>Location:</b> Kansas City, Kansas, United States<br/>
      
      <b>Setlist:</b> Don&#039;t Ease Me In, Me and My Uncle, Big River, They Love Each Other, Minglewood Blues, Brown-Eyed Women, It&#039;s All Over Now, Deal, Jack Straw | Scarlet Begonias, Fire on the Mountain, From the Heart of Me, Estimated Prophet, Eyes of the World, Drums, The Other One, Wharf Rat, Sugar Magnolia | One More Saturday Night<br/>]]>
      </description>
      <styleUrl>#deadIcon</styleUrl>
      <LookAt>
        <longitude>-94.62764110</longitude>
        <latitude>39.11218520</latitude>
        <altitude>0</altitude>
        <heading>0</heading>
        <tilt>0</tilt>
        <range>2000</range>
      </LookAt>
      <Point>
        <coordinates>-94.62764110,39.11218520,0</coordinates>
      </Point>
    </Placemark>
    <Placemark>
      <name>Crisler Arena - October 11, 1979</name>
      <description>
        <![CDATA[<b>Date:</b> October 11, 1979<br/>
      <b>Venue:</b> Crisler Arena<br/>
      <b>Location:</b> Ann Arbor, Michigan, United States<br/>
      
      <b>Setlist:</b> Cold Rain and Snow, Minglewood Blues, Peggy-O, El Paso, High Time, Me and My Uncle, Big River, Ramble On Rose, Looks Like Rain, Dire Wolf, Passenger, Deal | Alabama Getaway, Promised Land, Ship of Fools, Samson and Delilah, Terrapin Station, Playing in the Band, Drums, Not Fade Away, Black Peter, Sugar Magnolia | One More Saturday Night<br/>]]>
      </description>
      <styleUrl>#deadIcon</styleUrl>
      <LookAt>
        <longitude>-83.74666800</longitude>
        <latitude>42.26504700</latitude>
        <altitude>0</altitude>
        <heading>0</heading>
        <tilt>0</tilt>
        <range>2000</range>
      </LookAt>
      <Point>
        <coordinates>-83.74666800,42.26504700,0</coordinates>
      </Point>
    </Placemark>
    <Placemark>
      <name>Memorial Hall - October 12, 1979</name>
      <description>
        <![CDATA[<b>Date:</b> October 12, 1979<br/>
      <b>Venue:</b> Memorial Hall<br/>
      <b>Location:</b> Kansas City, Kansas, United States<br/>
      
      <b>Setlist:</b> Cold Rain and Snow, Greatest Story Ever Told, Peggy-O, Mama Tried, Mexicali Blues, Tennessee Jed, Dancing in the Street, Franklin&#039;s Tower, Looks Like Rain, Deal | Scarlet Begonias, Fire on the Mountain, Easy to Love You, Let It Grow, He&#039;s Gone, Truckin&#039;, Drums, Jam, Wharf Rat, Johnny B. Goode | U.S. Blues<br/>]]>
      </description>
      <styleUrl>#deadIcon</styleUrl>
      <LookAt>
        <longitude>-94.62764110</longitude>
        <latitude>39.11218520</latitude>
        <altitude>0</altitude>
        <heading>0</heading>
        <tilt>0</tilt>
        <range>2000</range>
      </LookAt>
      <Point>
        <coordinates>-94.62764110,39.11218520,0</coordinates>
      </Point>
    </Placemark>
    <Placemark>
      <name>Nassau Veterans Memorial Coliseum - November 1, 1979</name>
      <description>
        <![CDATA[<b>Date:</b> November 1, 1979<br/>
      <b>Venue:</b> Nassau Veterans Memorial Coliseum<br/>
      <b>Location:</b> Uniondale, New York, United States<br/>
      
      <b>Setlist:</b> Sugaree, Me and My Uncle, Big River, Peggy-O, Cassidy, Friend of the Devil, Minglewood Blues, From the Heart of Me, Ramble On Rose, Jack Straw, Deal | I Need a Miracle, Ship of Fools, Estimated Prophet, He&#039;s Gone, Drums, Truckin&#039;, The Other One, Stella Blue, Good Lovin&#039; | Casey Jones<br/>]]>
      </description>
      <styleUrl>#deadIcon</styleUrl>
      <LookAt>
        <longitude>-73.59065280</longitude>
        <latitude>40.72327780</latitude>
        <altitude>0</altitude>
        <heading>0</heading>
        <tilt>0</tilt>
        <range>2000</range>
      </LookAt>
      <Point>
        <coordinates>-73.59065280,40.72327780,0</coordinates>
      </Point>
    </Placemark>
    <Placemark>
      <name>Kiel Auditorium - November 2, 1979</name>
      <description>
        <![CDATA[<b>Date:</b> November 2, 1979<br/>
      <b>Venue:</b> Kiel Auditorium<br/>
      <b>Location:</b> St. Louis, Missouri, United States<br/>
      
      <b>Setlist:</b> Promised Land, Sugaree, Mama Tried, Mexicali Blues, Friend of the Devil, Lazy Lightning, Supplication, Might as Well, The Music Never Stopped | Samson and Delilah, China Cat Sunflower, I Know You Rider, From the Heart of Me, Terrapin Station, Playing in the Band, Drums, Not Fade Away, Stella Blue, I Need a Miracle, Good Lovin&#039; | U.S. Blues<br/>]]>
      </description>
      <styleUrl>#deadIcon</styleUrl>
      <LookAt>
        <longitude>-90.20181220</longitude>
        <latitude>38.62802160</latitude>
        <altitude>0</altitude>
        <heading>0</heading>
        <tilt>0</tilt>
        <range>2000</range>
      </LookAt>
      <Point>
        <coordinates>-90.20181220,38.62802160,0</coordinates>
      </Point>
    </Placemark>
    <Placemark>
      <name>Billerica Forum - November 5, 1979</name>
      <description>
        <![CDATA[<b>Date:</b> November 5, 1979<br/>
      <b>Venue:</b> Billerica Forum<br/>
      <b>Location:</b> Billerica, Massachusetts, United States<br/>
      
      <b>Setlist:</b> Mississippi Half-Step Uptown Toodeloo, Franklin&#039;s Tower, Mama Tried, Mexicali Blues, Peggy-O, It&#039;s All Over Now, Brown-Eyed Women, Lazy Lightning, Supplication | Shakedown Street, Passenger, Ship of Fools, Estimated Prophet, Eyes of the World, Drums, Black Peter, I Need a Miracle, Bertha, Good Lovin&#039;<br/>]]>
      </description>
      <styleUrl>#deadIcon</styleUrl>
      <LookAt>
        <longitude>-71.26894610</longitude>
        <latitude>42.55842180</latitude>
        <altitude>0</altitude>
        <heading>0</heading>
        <tilt>0</tilt>
        <range>2000</range>
      </LookAt>
      <Point>
        <coordinates>-71.26894610,42.55842180,0</coordinates>
      </Point>
    </Placemark>
    <Placemark>
      <name>Memorial Hall - November 12, 1979</name>
      <description>
        <![CDATA[<b>Date:</b> November 12, 1979<br/>
      <b>Venue:</b> Memorial Hall<br/>
      <b>Location:</b> Kansas City, Kansas, United States<br/>
      
      <b>Setlist:</b> Jack Straw, Loser, Me and My Uncle, Big River, Althea, Easy to Love You, Minglewood Blues, China Cat Sunflower, I Know You Rider | Shakedown Street, Samson and Delilah, Ship of Fools, Terrapin Station, Lost Sailor, Saint of Circumstance, Drums, Not Fade Away, Black Peter, Sugar Magnolia | Alabama Getaway, Promised Land<br/>]]>
      </description>
      <styleUrl>#deadIcon</styleUrl>
      <LookAt>
        <longitude>-94.62764110</longitude>
        <latitude>39.11218520</latitude>
        <altitude>0</altitude>
        <heading>0</heading>
        <tilt>0</tilt>
        <range>2000</range>
      </LookAt>
      <Point>
        <coordinates>-94.62764110,39.11218520,0</coordinates>
      </Point>
    </Placemark>
    <Placemark>
      <name>Spectrum - December 1, 1979</name>
      <description>
        <![CDATA[<b>Date:</b> December 1, 1979<br/>
      <b>Venue:</b> Spectrum<br/>
      <b>Location:</b> Philadelphia, Pennsylvania, United States<br/>
      
      <b>Setlist:</b> Jack Straw, Candyman, El Paso, Tennessee Jed, Beat It on Down the Line, Peggy-O, Passenger, Deal | Samson and Delilah, It Must Have Been the Roses, Dancing in the Street, Drums, Not Fade Away, Going Down the Road Feeling Bad, Sugar Magnolia | U.S. Blues<br/>]]>
      </description>
      <styleUrl>#deadIcon</styleUrl>
      <LookAt>
        <longitude>-75.47605530</longitude>
        <latitude>40.13540730</latitude>
        <altitude>0</altitude>
        <heading>0</heading>
        <tilt>0</tilt>
        <range>2000</range>
      </LookAt>
      <Point>
        <coordinates>-75.47605530,40.13540730,0</coordinates>
      </Point>
    </Placemark>
    <Placemark>
      <name>Alumni Stadium - December 5, 1979</name>
      <description>
        <![CDATA[<b>Date:</b> December 5, 1979<br/>
      <b>Venue:</b> Alumni Stadium<br/>
      <b>Location:</b> Amherst, Massachusetts, United States<br/>
      
      <b>Setlist:</b> Jack Straw, They Love Each Other, Me and My Uncle, Big River, Tennessee Jed, Minglewood Blues, Stagger Lee, Looks Like Rain, Deal | Don&#039;t Ease Me In, Samson and Delilah, Friend of the Devil, Terrapin Station, Playing in the Band, Drums, Not Fade Away, Stella Blue, Good Lovin&#039; | Shakedown Street, One More Saturday Night<br/>]]>
      </description>
      <styleUrl>#deadIcon</styleUrl>
      <LookAt>
        <longitude>-72.53602760</longitude>
        <latitude>42.37727540</latitude>
        <altitude>0</altitude>
        <heading>0</heading>
        <tilt>0</tilt>
        <range>2000</range>
      </LookAt>
      <Point>
        <coordinates>-72.53602760,42.37727540,0</coordinates>
      </Point>
    </Placemark>
    <Placemark>
      <name>Red Rocks Amphitheatre - December 8, 1979</name>
      <description>
        <![CDATA[<b>Date:</b> December 8, 1979<br/>
      <b>Venue:</b> Red Rocks Amphitheatre<br/>
      <b>Location:</b> Morrison, Colorado, United States<br/>
      
      <b>Setlist:</b> Promised Land, They Love Each Other, Mama Tried, Mexicali Blues, Peggy-O, Lazy Lightning, Supplication, Brown-Eyed Women, Looks Like Rain, Althea, Passenger | China Cat Sunflower, I Know You Rider, Lost Sailor, Don&#039;t Ease Me In, Estimated Prophet, Eyes of the World, Drums, Space, Not Fade Away, Black Peter, Around and Around | U.S. Blues<br/>]]>
      </description>
      <styleUrl>#deadIcon</styleUrl>
      <LookAt>
        <longitude>-105.20521160</longitude>
        <latitude>39.66553810</latitude>
        <altitude>0</altitude>
        <heading>0</heading>
        <tilt>0</tilt>
        <range>2000</range>
      </LookAt>
      <Point>
        <coordinates>-105.20521160,39.66553810,0</coordinates>
      </Point>
    </Placemark>
    <Placemark>
      <name>Capitol Theatre - January 4, 1980</name>
      <description>
        <![CDATA[<b>Date:</b> January 4, 1980<br/>
      <b>Venue:</b> Capitol Theatre<br/>
      <b>Location:</b> Passaic, New Jersey, United States<br/>
      
      <b>Setlist:</b> Promised Land, Promised Land, Candyman, Me and My Uncle, Big River, Friend of the Devil, It&#039;s All Over Now, Don&#039;t Ease Me In, Looks Like Rain, Deal | Feel Like a Stranger, China Cat Sunflower, I Know You Rider, Estimated Prophet, He&#039;s Gone, The Other One, Drums, Space, Stella Blue, Around and Around | Shakedown Street<br/>]]>
      </description>
      <styleUrl>#deadIcon</styleUrl>
      <LookAt>
        <longitude>-74.12801040</longitude>
        <latitude>40.86446560</latitude>
        <altitude>0</altitude>
        <heading>0</heading>
        <tilt>0</tilt>
        <range>2000</range>
      </LookAt>
      <Point>
        <coordinates>-74.12801040,40.86446560,0</coordinates>
      </Point>
    </Placemark>
    <Placemark>
      <name>Greensboro Coliseum - January 5, 1980</name>
      <description>
        <![CDATA[<b>Date:</b> January 5, 1980<br/>
      <b>Venue:</b> Greensboro Coliseum<br/>
      <b>Location:</b> Greensboro, North Carolina, United States<br/>
      
      <b>Setlist:</b> Alabama Getaway, Promised Land, Candyman, Me and My Uncle, Big River, Althea, Easy to Love You, Minglewood Blues, Sugaree, Lost Sailor, Saint of Circumstance, Deal | Feel Like a Stranger, Don&#039;t Ease Me In, Estimated Prophet, Uncle John&#039;s Band, Drums, Space, Wharf Rat, Around and Around, Johnny B. Goode | Brokedown Palace<br/>]]>
      </description>
      <styleUrl>#deadIcon</styleUrl>
      <LookAt>
        <longitude>-79.82502330</longitude>
        <latitude>36.05469500</latitude>
        <altitude>0</altitude>
        <heading>0</heading>
        <tilt>0</tilt>
        <range>2000</range>
      </LookAt>
      <Point>
        <coordinates>-79.82502330,36.05469500,0</coordinates>
      </Point>
    </Placemark>
    <Placemark>
      <name>San Diego Sports Arena - January 7, 1980</name>
      <description>
        <![CDATA[<b>Date:</b> January 7, 1980<br/>
      <b>Venue:</b> San Diego Sports Arena<br/>
      <b>Location:</b> San Diego, California, United States<br/>
      
      <b>Setlist:</b> Jack Straw, Franklin&#039;s Tower, El Paso, Tennessee Jed, Lazy Lightning, Supplication, Althea, Lost Sailor, Saint of Circumstance | China Cat Sunflower, I Know You Rider, See See Rider Blues, Peggy-O, Far From Me, Uncle John&#039;s Band, Playing in the Band, Space, Drums, Space, Truckin&#039;, Wharf Rat, Around and Around, Good Lovin&#039; | Alabama Getaway, Johnny B. Goode<br/>]]>
      </description>
      <styleUrl>#deadIcon</styleUrl>
      <LookAt>
        <longitude>-117.21222610</longitude>
        <latitude>32.75532680</latitude>
        <altitude>0</altitude>
        <heading>0</heading>
        <tilt>0</tilt>
        <range>2000</range>
      </LookAt>
      <Point>
        <coordinates>-117.21222610,32.75532680,0</coordinates>
      </Point>
    </Placemark>
    <Placemark>
      <name>Hampton Coliseum - February 5, 1980</name>
      <description>
        <![CDATA[<b>Date:</b> February 5, 1980<br/>
      <b>Venue:</b> Hampton Coliseum<br/>
      <b>Location:</b> Hampton, Virginia, United States<br/>
      
      <b>Setlist:</b> Minglewood Blues, Loser, Mama Tried, Mexicali Blues, Friend of the Devil, Far From Me, Looks Like Rain, Althea, The Music Never Stopped | Alabama Getaway, Feel Like a Stranger, Eyes of the World, Drums, Space, Not Fade Away, Stella Blue, I Need a Miracle, Bertha, Good Lovin&#039; | Johnny B. Goode<br/>]]>
      </description>
      <styleUrl>#deadIcon</styleUrl>
      <LookAt>
        <longitude>-76.38132000</longitude>
        <latitude>37.03472800</latitude>
        <altitude>0</altitude>
        <heading>0</heading>
        <tilt>0</tilt>
        <range>2000</range>
      </LookAt>
      <Point>
        <coordinates>-76.38132000,37.03472800,0</coordinates>
      </Point>
    </Placemark>
    <Placemark>
      <name>Rochester Community War Memorial - February 9, 1980</name>
      <description>
        <![CDATA[<b>Date:</b> February 9, 1980<br/>
      <b>Venue:</b> Rochester Community War Memorial<br/>
      <b>Location:</b> Rochester, New York, United States<br/>
      
      <b>Setlist:</b> Minglewood Blues, Sugaree, El Paso, Friend of the Devil, It&#039;s All Over Now, China Cat Sunflower, I Know You Rider, Lost Sailor, Saint of Circumstance, Don&#039;t Ease Me In | Althea, See See Rider Blues, Ship of Fools, Estimated Prophet, Terrapin Station, Playing in the Band, Drums, Space, Iko Iko, Morning Dew, Sugar Magnolia | Alabama Getaway<br/>]]>
      </description>
      <styleUrl>#deadIcon</styleUrl>
      <LookAt>
        <longitude>-77.61088320</longitude>
        <latitude>43.15383740</latitude>
        <altitude>0</altitude>
        <heading>0</heading>
        <tilt>0</tilt>
        <range>2000</range>
      </LookAt>
      <Point>
        <coordinates>-77.61088320,43.15383740,0</coordinates>
      </Point>
    </Placemark>
    <Placemark>
      <name>The Warfield - February 10, 1980</name>
      <description>
        <![CDATA[<b>Date:</b> February 10, 1980<br/>
      <b>Venue:</b> The Warfield<br/>
      <b>Location:</b> San Francisco, California, United States<br/>
      
      <b>Setlist:</b> Dark Hollow, Iko Iko, The Race Is On, To Lay Me Down, Cassidy, Jack-A-Roe, On the Road Again, Bird Song, Ripple | Bertha, Greatest Story Ever Told, Peggy-O, Mama Tried, Mexicali Blues, It Must Have Been the Roses, It&#039;s All Over Now, Loser, Looks Like Rain, China Cat Sunflower, I Know You Rider | Drums, Comes a Time, Lost Sailor, Saint of Circumstance, Terrapin Station, Playing in the Band, Drums, Stella Blue, Sugar Magnolia | Alabama Getaway<br/>]]>
      </description>
      <styleUrl>#deadIcon</styleUrl>
      <LookAt>
        <longitude>-122.41042800</longitude>
        <latitude>37.78267370</latitude>
        <altitude>0</altitude>
        <heading>0</heading>
        <tilt>0</tilt>
        <range>2000</range>
      </LookAt>
      <Point>
        <coordinates>-122.41042800,37.78267370,0</coordinates>
      </Point>
    </Placemark>
    <Placemark>
      <name>Springfield Civic Center - March 9, 1980</name>
      <description>
        <![CDATA[<b>Date:</b> March 9, 1980<br/>
      <b>Venue:</b> Springfield Civic Center<br/>
      <b>Location:</b> Springfield, Massachusetts, United States<br/>
      
      <b>Setlist:</b> Mississippi Half-Step Uptown Toodeloo, Franklin&#039;s Tower, Mama Tried, Mexicali Blues, Althea, The Little Red Rooster, Candyman, Easy to Love You, Let It Grow, Deal | Feel Like a Stranger, High Time, Lost Sailor, Saint of Circumstance, Drums, Space, He&#039;s Gone, Truckin&#039;, Black Peter, Around and Around, Johnny B. Goode | Brokedown Palace<br/>]]>
      </description>
      <styleUrl>#deadIcon</styleUrl>
      <LookAt>
        <longitude>-72.58713290</longitude>
        <latitude>42.10200200</latitude>
        <altitude>0</altitude>
        <heading>0</heading>
        <tilt>0</tilt>
        <range>2000</range>
      </LookAt>
      <Point>
        <coordinates>-72.58713290,42.10200200,0</coordinates>
      </Point>
    </Placemark>
    <Placemark>
      <name>The Warfield - March 10, 1980</name>
      <description>
        <![CDATA[<b>Date:</b> March 10, 1980<br/>
      <b>Venue:</b> The Warfield<br/>
      <b>Location:</b> San Francisco, California, United States<br/>
      
      <b>Setlist:</b> Dire Wolf, The Monkey and the Engineer, I&#039;ve Been All Around This World, Dark Hollow, Jack-A-Roe, Heaven Help the Fool, China Doll, On the Road Again, Bird Song, Ripple | Jack Straw, Sugaree, Me and My Uncle, Big River, Row Jimmy, Minglewood Blues, Tennessee Jed, The Music Never Stopped | Scarlet Begonias, Fire on the Mountain, Samson and Delilah, Ship of Fools, Playing in the Band, Drums, Space, The Wheel, Playing in the Band, Black Peter, Good Lovin&#039; | Brokedown Palace<br/>]]>
      </description>
      <styleUrl>#deadIcon</styleUrl>
      <LookAt>
        <longitude>-122.41042800</longitude>
        <latitude>37.78267370</latitude>
        <altitude>0</altitude>
        <heading>0</heading>
        <tilt>0</tilt>
        <range>2000</range>
      </LookAt>
      <Point>
        <coordinates>-122.41042800,37.78267370,0</coordinates>
      </Point>
    </Placemark>
    <Placemark>
      <name>Baltimore Civic Center - April 5, 1980</name>
      <description>
        <![CDATA[<b>Date:</b> April 5, 1980<br/>
      <b>Venue:</b> Baltimore Civic Center<br/>
      <b>Location:</b> Baltimore, Maryland, United States<br/>
      
      <b>Setlist:</b> Mississippi Half-Step Uptown Toodeloo, Franklin&#039;s Tower, Feel Like a Stranger, Althea, El Paso, Easy to Love You, Brown-Eyed Women, It&#039;s All Over Now, Don&#039;t Ease Me In, Promised Land | Scarlet Begonias, Fire on the Mountain, Samson and Delilah, Ship of Fools, Playing in the Band, Drums, Space, Black Peter, Sugar Magnolia | U.S. Blues<br/>]]>
      </description>
      <styleUrl>#deadIcon</styleUrl>
      <LookAt>
        <longitude>-76.61870710</longitude>
        <latitude>39.28857290</latitude>
        <altitude>0</altitude>
        <heading>0</heading>
        <tilt>0</tilt>
        <range>2000</range>
      </LookAt>
      <Point>
        <coordinates>-76.61870710,39.28857290,0</coordinates>
      </Point>
    </Placemark>
    <Placemark>
      <name>Providence Civic Center - April 9, 1980</name>
      <description>
        <![CDATA[<b>Date:</b> April 9, 1980<br/>
      <b>Venue:</b> Providence Civic Center<br/>
      <b>Location:</b> Providence, Rhode Island, United States<br/>
      
      <b>Setlist:</b> Feel Like a Stranger, Peggy-O, Cassidy, Dire Wolf, Minglewood Blues, Althea, Looks Like Rain, Far From Me, China Cat Sunflower, I Know You Rider | Samson and Delilah, Ramble On Rose, Supplication, Estimated Prophet, Eyes of the World, Drums, Space, The Other One, Wharf Rat, Going Down the Road Feeling Bad, Good Lovin&#039; | U.S. Blues<br/>]]>
      </description>
      <styleUrl>#deadIcon</styleUrl>
      <LookAt>
        <longitude>-71.41795560</longitude>
        <latitude>41.82362810</latitude>
        <altitude>0</altitude>
        <heading>0</heading>
        <tilt>0</tilt>
        <range>2000</range>
      </LookAt>
      <Point>
        <coordinates>-71.41795560,41.82362810,0</coordinates>
      </Point>
    </Placemark>
    <Placemark>
      <name>The Warfield - April 10, 1980</name>
      <description>
        <![CDATA[<b>Date:</b> April 10, 1980<br/>
      <b>Venue:</b> The Warfield<br/>
      <b>Location:</b> San Francisco, California, United States<br/>
      
      <b>Setlist:</b> Deep Elem Blues, The Race Is On, It Must Have Been the Roses, The Monkey and the Engineer, Rosa Lee McFall, Dark Hollow, To Lay Me Down, On the Road Again, Oh Babe It Ain&#039;t No Lie, Ripple | Alabama Getaway, Greatest Story Ever Told, Candyman, Mama Tried, Mexicali Blues, High Time, Passenger, Althea, The Little Red Rooster, Ramble On Rose, Let It Grow, Deal | Feel Like a Stranger, Franklin&#039;s Tower, Estimated Prophet, Eyes of the World, Drums, Space, Not Fade Away, Wharf Rat, I Need a Miracle, Johnny B. Goode | Uncle John&#039;s Band, One More Saturday Night<br/>]]>
      </description>
      <styleUrl>#deadIcon</styleUrl>
      <LookAt>
        <longitude>-122.41042800</longitude>
        <latitude>37.78267370</latitude>
        <altitude>0</altitude>
        <heading>0</heading>
        <tilt>0</tilt>
        <range>2000</range>
      </LookAt>
      <Point>
        <coordinates>-122.41042800,37.78267370,0</coordinates>
      </Point>
    </Placemark>
    <Placemark>
      <name>Saturday Night Live - May 4, 1980</name>
      <description>
        <![CDATA[<b>Date:</b> May 4, 1980<br/>
      <b>Venue:</b> Saturday Night Live<br/>
      <b>Location:</b> New York, New York, United States<br/>
      
      <b>Setlist:</b> Alabama Getaway, Saint of Circumstance<br/>]]>
      </description>
      <styleUrl>#deadIcon</styleUrl>
      <LookAt>
        <longitude>-73.98265860</longitude>
        <latitude>40.75039800</latitude>
        <altitude>0</altitude>
        <heading>0</heading>
        <tilt>0</tilt>
        <range>2000</range>
      </LookAt>
      <Point>
        <coordinates>-73.98265860,40.75039800,0</coordinates>
      </Point>
    </Placemark>
    <Placemark>
      <name>Compton Terrace - May 6, 1980</name>
      <description>
        <![CDATA[<b>Date:</b> May 6, 1980<br/>
      <b>Venue:</b> Compton Terrace<br/>
      <b>Location:</b> Tempe, Arizona, United States<br/>
      
      <b>Setlist:</b> Alabama Getaway, Promised Land, They Love Each Other, Mexicali Blues, El Paso, Tennessee Jed, Minglewood Blues, Don&#039;t Ease Me In, Looks Like Rain, Easy to Love You, Althea, Feel Like a Stranger | China Cat Sunflower, I Know You Rider, Lost Sailor, Saint of Circumstance, Terrapin Station, Drums, Space, Truckin&#039;, Black Peter, Around and Around, Johnny B. Goode | U.S. Blues<br/>]]>
      </description>
      <styleUrl>#deadIcon</styleUrl>
      <LookAt>
        <longitude>-111.95770970</longitude>
        <latitude>33.44715610</latitude>
        <altitude>0</altitude>
        <heading>0</heading>
        <tilt>0</tilt>
        <range>2000</range>
      </LookAt>
      <Point>
        <coordinates>-111.95770970,33.44715610,0</coordinates>
      </Point>
    </Placemark>
    <Placemark>
      <name>Recreation Building, Penn State University - June 5, 1980</name>
      <description>
        <![CDATA[<b>Date:</b> June 5, 1980<br/>
      <b>Venue:</b> Recreation Building, Penn State University<br/>
      <b>Location:</b> University Park, Pennsylvania, United States<br/>
      
      <b>Setlist:</b> Alabama Getaway, Greatest Story Ever Told, Peggy-O, Me and My Uncle, Big River, Loser, Far From Me, Lazy Lightning, Supplication, Althea, Lost Sailor, Saint of Circumstance | China Cat Sunflower, I Know You Rider, Feel Like a Stranger, He&#039;s Gone, The Other One, Drums, Space, Wharf Rat, Around and Around, Johnny B. Goode | Brokedown Palace<br/>]]>
      </description>
      <styleUrl>#deadIcon</styleUrl>
      <LookAt>
        <longitude>-77.86932420</longitude>
        <latitude>40.79587930</latitude>
        <altitude>0</altitude>
        <heading>0</heading>
        <tilt>0</tilt>
        <range>2000</range>
      </LookAt>
      <Point>
        <coordinates>-77.86932420,40.79587930,0</coordinates>
      </Point>
    </Placemark>
    <Placemark>
      <name>Lewiston Fairgrounds - June 9, 1980</name>
      <description>
        <![CDATA[<b>Date:</b> June 9, 1980<br/>
      <b>Venue:</b> Lewiston Fairgrounds<br/>
      <b>Location:</b> Lewiston, Maine, United States<br/>
      
      <b>Setlist:</b> Alabama Getaway, Greatest Story Ever Told, Sugaree, Me and My Uncle, Mexicali Blues, Tennessee Jed, Feel Like a Stranger, Friend of the Devil, Far From Me, The Little Red Rooster, China Cat Sunflower, I Know You Rider, Promised Land | Shakedown Street, Lost Sailor, Saint of Circumstance, Althea, Playing in the Band, Uncle John&#039;s Band, Drums, Space, Not Fade Away, The Wheel, Uncle John&#039;s Band, Playing in the Band, Sugar Magnolia | One More Saturday Night, Brokedown Palace<br/>]]>
      </description>
      <styleUrl>#deadIcon</styleUrl>
      <LookAt>
        <longitude>-70.19709780</longitude>
        <latitude>44.12431840</latitude>
        <altitude>0</altitude>
        <heading>0</heading>
        <tilt>0</tilt>
        <range>2000</range>
      </LookAt>
      <Point>
        <coordinates>-70.19709780,44.12431840,0</coordinates>
      </Point>
    </Placemark>
    <Placemark>
      <name>The Warfield - June 10, 1980</name>
      <description>
        <![CDATA[<b>Date:</b> June 10, 1980<br/>
      <b>Venue:</b> The Warfield<br/>
      <b>Location:</b> San Francisco, California, United States<br/>
      
      <b>Setlist:</b> Dire Wolf, Cassidy, Jack-A-Roe, The Monkey and the Engineer, I&#039;ve Been All Around This World, Heaven Help the Fool, China Doll, On the Road Again, Bird Song, Ripple | China Cat Sunflower, I Know You Rider, Minglewood Blues, They Love Each Other, Beat It on Down the Line, Peggy-O, Lazy Lightning, Supplication, Brown-Eyed Women, Looks Like Rain, Deal | Samson and Delilah, It Must Have Been the Roses, Lost Sailor, Saint of Circumstance, Terrapin Station, Drums, Space, Truckin&#039;, The Other One, Black Peter, Sugar Magnolia, Johnny B. Goode | U.S. Blues<br/>]]>
      </description>
      <styleUrl>#deadIcon</styleUrl>
      <LookAt>
        <longitude>-122.41042800</longitude>
        <latitude>37.78267370</latitude>
        <altitude>0</altitude>
        <heading>0</heading>
        <tilt>0</tilt>
        <range>2000</range>
      </LookAt>
      <Point>
        <coordinates>-122.41042800,37.78267370,0</coordinates>
      </Point>
    </Placemark>
    <Placemark>
      <name>Mill Valley Recreation Center - June 12, 1980</name>
      <description>
        <![CDATA[<b>Date:</b> June 12, 1980<br/>
      <b>Venue:</b> Mill Valley Recreation Center<br/>
      <b>Location:</b> Mill Valley, California, United States<br/>
      
      <b>Setlist:</b> Dire Wolf, On the Road Again, I&#039;ve Been All Around This World, The Monkey and the Engineer, Jack-A-Roe, Cassidy, Bird Song, Oh Babe It Ain&#039;t No Lie, China Doll, Ripple<br/>
      
      <b>Notes:</b> Acoustic show<br/>]]>
      </description>
      <styleUrl>#deadIcon</styleUrl>
      <LookAt>
        <longitude>-122.52865670</longitude>
        <latitude>37.90034690</latitude>
        <altitude>0</altitude>
        <heading>0</heading>
        <tilt>0</tilt>
        <range>2000</range>
      </LookAt>
      <Point>
        <coordinates>-122.52865670,37.90034690,0</coordinates>
      </Point>
    </Placemark>
    <Placemark>
      <name>Barton Hall, Cornell University - July 5, 1980</name>
      <description>
        <![CDATA[<b>Date:</b> July 5, 1980<br/>
      <b>Venue:</b> Barton Hall, Cornell University<br/>
      <b>Location:</b> Ithaca, New York, United States<br/>
      
      <b>Setlist:</b> Jack Straw, Tennessee Jed, Cassidy, Row Jimmy, El Paso, Easy to Love You, Althea, Feel Like a Stranger, Don&#039;t Ease Me In | Shakedown Street, Bertha, Playing in the Band, Terrapin Station, Drums, Space, Saint of Circumstance, Black Peter, Good Lovin&#039; | Alabama Getaway<br/>]]>
      </description>
      <styleUrl>#deadIcon</styleUrl>
      <LookAt>
        <longitude>-76.48072870</longitude>
        <latitude>42.44594110</latitude>
        <altitude>0</altitude>
        <heading>0</heading>
        <tilt>0</tilt>
        <range>2000</range>
      </LookAt>
      <Point>
        <coordinates>-76.48072870,42.44594110,0</coordinates>
      </Point>
    </Placemark>
    <Placemark>
      <name>Folsom Field - July 6, 1980</name>
      <description>
        <![CDATA[<b>Date:</b> July 6, 1980<br/>
      <b>Venue:</b> Folsom Field<br/>
      <b>Location:</b> Boulder, Colorado, United States<br/>
      
      <b>Setlist:</b> Jack Straw, Friend of the Devil, El Paso, Mama Tried, Ramble On Rose, Passenger, Far From Me, Minglewood Blues, Loser, Feel Like a Stranger, Deal | Bertha, Greatest Story Ever Told, Althea, Lost Sailor, Saint of Circumstance, Drums, Space, Not Fade Away, Wharf Rat, Good Lovin&#039; | Alabama Getaway, One More Saturday Night, U.S. Blues<br/>
      
      <b>Notes:</b> 15th Anniversary show<br/>]]>
      </description>
      <styleUrl>#deadIcon</styleUrl>
      <LookAt>
        <longitude>-105.26688690</longitude>
        <latitude>40.00947200</latitude>
        <altitude>0</altitude>
        <heading>0</heading>
        <tilt>0</tilt>
        <range>2000</range>
      </LookAt>
      <Point>
        <coordinates>-105.26688690,40.00947200,0</coordinates>
      </Point>
    </Placemark>
    <Placemark>
      <name>The Warfield - July 10, 1980</name>
      <description>
        <![CDATA[<b>Date:</b> July 10, 1980<br/>
      <b>Venue:</b> The Warfield<br/>
      <b>Location:</b> San Francisco, California, United States<br/>
      
      <b>Setlist:</b> Iko Iko, Dark Hollow, Rosa Lee McFall, The Monkey and the Engineer, To Lay Me Down, Heaven Help the Fool, Deep Elem Blues, El Paso, Ripple | Cold Rain and Snow, Minglewood Blues, Loser, Me and My Uncle, Big River, Althea, The Little Red Rooster, Don&#039;t Ease Me In, Let It Grow, Deal | Shakedown Street, Estimated Prophet, He&#039;s Gone, Drums, Space, The Wheel, Stella Blue, I Need a Miracle, Good Lovin&#039; | Alabama Getaway<br/>]]>
      </description>
      <styleUrl>#deadIcon</styleUrl>
      <LookAt>
        <longitude>-122.41042800</longitude>
        <latitude>37.78267370</latitude>
        <altitude>0</altitude>
        <heading>0</heading>
        <tilt>0</tilt>
        <range>2000</range>
      </LookAt>
      <Point>
        <coordinates>-122.41042800,37.78267370,0</coordinates>
      </Point>
    </Placemark>
    <Placemark>
      <name>Glens Falls Civic Center - August 5, 1980</name>
      <description>
        <![CDATA[<b>Date:</b> August 5, 1980<br/>
      <b>Venue:</b> Glens Falls Civic Center<br/>
      <b>Location:</b> Glens Falls, New York, United States<br/>
      
      <b>Setlist:</b> Alabama Getaway, Promised Land, Friend of the Devil, Mama Tried, Mexicali Blues, High Time, Lazy Lightning, Supplication, Ramble On Rose, Lost Sailor, Saint of Circumstance | Uncle John&#039;s Band, Estimated Prophet, Eyes of the World, Drums, Space, Truckin&#039;, Stella Blue, Around and Around, Johnny B. Goode | U.S. Blues<br/>]]>
      </description>
      <styleUrl>#deadIcon</styleUrl>
      <LookAt>
        <longitude>-73.64185340</longitude>
        <latitude>43.30816690</latitude>
        <altitude>0</altitude>
        <heading>0</heading>
        <tilt>0</tilt>
        <range>2000</range>
      </LookAt>
      <Point>
        <coordinates>-73.64185340,43.30816690,0</coordinates>
      </Point>
    </Placemark>
    <Placemark>
      <name>Folsom Field - August 6, 1980</name>
      <description>
        <![CDATA[<b>Date:</b> August 6, 1980<br/>
      <b>Venue:</b> Folsom Field<br/>
      <b>Location:</b> Boulder, Colorado, United States<br/>
      
      <b>Setlist:</b> Uncle John&#039;s Band, Playing in the Band, Me and My Uncle, Mexicali Blues, Tennessee Jed, Samson and Delilah, Easy to Love You, Althea, Looks Like Rain, Deal | Feel Like a Stranger, Ship of Fools, Estimated Prophet, Eyes of the World, Drums, Space, Saint of Circumstance, Black Peter, Sugar Magnolia | Alabama Getaway, Brokedown Palace<br/>]]>
      </description>
      <styleUrl>#deadIcon</styleUrl>
      <LookAt>
        <longitude>-105.26688690</longitude>
        <latitude>40.00947200</latitude>
        <altitude>0</altitude>
        <heading>0</heading>
        <tilt>0</tilt>
        <range>2000</range>
      </LookAt>
      <Point>
        <coordinates>-105.26688690,40.00947200,0</coordinates>
      </Point>
    </Placemark>
    <Placemark>
      <name>The Warfield - September 10, 1980</name>
      <description>
        <![CDATA[<b>Date:</b> September 10, 1980<br/>
      <b>Venue:</b> The Warfield<br/>
      <b>Location:</b> San Francisco, California, United States<br/>
      
      <b>Setlist:</b> Dire Wolf, Dark Hollow, I&#039;ve Been All Around This World, Cassidy, China Doll, On the Road Again, Bird Song, The Race Is On, Oh Babe It Ain&#039;t No Lie, Ripple | Feel Like a Stranger, Friend of the Devil, Mama Tried, Mexicali Blues, Peggy-O, The Little Red Rooster, Brown-Eyed Women, Tennessee Jed, The Music Never Stopped | Alabama Getaway, Greatest Story Ever Told, High Time, Lost Sailor, Saint of Circumstance, Terrapin Station, Drums, Space, Not Fade Away, Wharf Rat, Sugar Magnolia | Casey Jones<br/>]]>
      </description>
      <styleUrl>#deadIcon</styleUrl>
      <LookAt>
        <longitude>-122.41042800</longitude>
        <latitude>37.78267370</latitude>
        <altitude>0</altitude>
        <heading>0</heading>
        <tilt>0</tilt>
        <range>2000</range>
      </LookAt>
      <Point>
        <coordinates>-122.41042800,37.78267370,0</coordinates>
      </Point>
    </Placemark>
    <Placemark>
      <name>Hartford Civic Center - October 5, 1980</name>
      <description>
        <![CDATA[<b>Date:</b> October 5, 1980<br/>
      <b>Venue:</b> Hartford Civic Center<br/>
      <b>Location:</b> Hartford, Connecticut, United States<br/>
      
      <b>Setlist:</b> Minglewood Blues, Peggy-O, Mexicali Blues, El Paso, Althea, Passenger, Far From Me, Lost Sailor, Saint of Circumstance, Deal | China Cat Sunflower, I Know You Rider, Feel Like a Stranger, Comes a Time, Estimated Prophet, He&#039;s Gone, Uncle John&#039;s Band, Drums, Not Fade Away, Sugar Magnolia | Alabama Getaway, One More Saturday Night<br/>]]>
      </description>
      <styleUrl>#deadIcon</styleUrl>
      <LookAt>
        <longitude>-72.67691180</longitude>
        <latitude>41.76848290</latitude>
        <altitude>0</altitude>
        <heading>0</heading>
        <tilt>0</tilt>
        <range>2000</range>
      </LookAt>
      <Point>
        <coordinates>-72.67691180,41.76848290,0</coordinates>
      </Point>
    </Placemark>
    <Placemark>
      <name>The Warfield - October 10, 1980</name>
      <description>
        <![CDATA[<b>Date:</b> October 10, 1980<br/>
      <b>Venue:</b> The Warfield<br/>
      <b>Location:</b> San Francisco, California, United States<br/>
      
      <b>Setlist:</b> On the Road Again, It Must Have Been the Roses, The Monkey and the Engineer, Jack-A-Roe, Dark Hollow, To Lay Me Down, Heaven Help the Fool, Bird Song, Ripple | Mississippi Half-Step Uptown Toodeloo, Franklin&#039;s Tower, Me and My Uncle, Big River, Candyman, Beat It on Down the Line, Row Jimmy, Minglewood Blues, Althea, Jack Straw | Scarlet Begonias, Fire on the Mountain, Samson and Delilah, Big Railroad Blues, Estimated Prophet, Eyes of the World, Drums, Space, Truckin&#039;, Nobody&#039;s Fault but Mine, Black Peter, Around and Around, Promised Land | U.S. Blues<br/>]]>
      </description>
      <styleUrl>#deadIcon</styleUrl>
      <LookAt>
        <longitude>-122.41042800</longitude>
        <latitude>37.78267370</latitude>
        <altitude>0</altitude>
        <heading>0</heading>
        <tilt>0</tilt>
        <range>2000</range>
      </LookAt>
      <Point>
        <coordinates>-122.41042800,37.78267370,0</coordinates>
      </Point>
    </Placemark>
    <Placemark>
      <name>Cumberland County Civic Center - November 5, 1980</name>
      <description>
        <![CDATA[<b>Date:</b> November 5, 1980<br/>
      <b>Venue:</b> Cumberland County Civic Center<br/>
      <b>Location:</b> Portland, Maine, United States<br/>
      
      <b>Setlist:</b> Alabama Getaway, Promised Land, They Love Each Other, Cassidy, Loser, It&#039;s All Over Now, Easy to Love You, Big Railroad Blues, Looks Like Rain, Don&#039;t Ease Me In, The Music Never Stopped | Scarlet Begonias, Fire on the Mountain, Feel Like a Stranger, Terrapin Station, Playing in the Band, Drums, Space, Black Peter, Going Down the Road Feeling Bad, Around and Around, Johnny B. Goode | Brokedown Palace<br/>]]>
      </description>
      <styleUrl>#deadIcon</styleUrl>
      <LookAt>
        <longitude>-70.25925500</longitude>
        <latitude>43.65552200</latitude>
        <altitude>0</altitude>
        <heading>0</heading>
        <tilt>0</tilt>
        <range>2000</range>
      </LookAt>
      <Point>
        <coordinates>-70.25925500,43.65552200,0</coordinates>
      </Point>
    </Placemark>
    <Placemark>
      <name>The Warfield - November 10, 1980</name>
      <description>
        <![CDATA[<b>Date:</b> November 10, 1980<br/>
      <b>Venue:</b> The Warfield<br/>
      <b>Location:</b> San Francisco, California, United States<br/>
      
      <b>Setlist:</b> Dire Wolf, Dark Hollow, Rosa Lee McFall, Cassidy, Deep Elem Blues, The Monkey and the Engineer, China Doll, Heaven Help the Fool, Oh Babe It Ain&#039;t No Lie, Ripple | Feel Like a Stranger, They Love Each Other, Mama Tried, Mexicali Blues, Loser, Passenger, Ramble On Rose, Looks Like Rain, Althea, Lost Sailor, Saint of Circumstance | China Cat Sunflower, I Know You Rider, Let It Grow, Drums, Space, Not Fade Away, Wharf Rat, Going Down the Road Feeling Bad, One More Saturday Night | Brokedown Palace<br/>]]>
      </description>
      <styleUrl>#deadIcon</styleUrl>
      <LookAt>
        <longitude>-122.41042800</longitude>
        <latitude>37.78267370</latitude>
        <altitude>0</altitude>
        <heading>0</heading>
        <tilt>0</tilt>
        <range>2000</range>
      </LookAt>
      <Point>
        <coordinates>-122.41042800,37.78267370,0</coordinates>
      </Point>
    </Placemark>
    <Placemark>
      <name>Boston Garden - December 5, 1980</name>
      <description>
        <![CDATA[<b>Date:</b> December 5, 1980<br/>
      <b>Venue:</b> Boston Garden<br/>
      <b>Location:</b> Boston, Massachusetts, United States<br/>
      
      <b>Setlist:</b> Jack Straw, Alabama Getaway, El Paso, Althea, Lazy Lightning, Supplication, Far From Me, Minglewood Blues, China Cat Sunflower, I Know You Rider | Feel Like a Stranger, Ship of Fools, Estimated Prophet, He&#039;s Gone, Drums, Saint of Circumstance, Wharf Rat, Sugar Magnolia | U.S. Blues<br/>]]>
      </description>
      <styleUrl>#deadIcon</styleUrl>
      <LookAt>
        <longitude>-71.06222950</longitude>
        <latitude>42.36618640</latitude>
        <altitude>0</altitude>
        <heading>0</heading>
        <tilt>0</tilt>
        <range>2000</range>
      </LookAt>
      <Point>
        <coordinates>-71.06222950,42.36618640,0</coordinates>
      </Point>
    </Placemark>
    <Placemark>
      <name>Portland Memorial Coliseum - December 6, 1980</name>
      <description>
        <![CDATA[<b>Date:</b> December 6, 1980<br/>
      <b>Venue:</b> Portland Memorial Coliseum<br/>
      <b>Location:</b> Portland, Oregon, United States<br/>
      
      <b>Setlist:</b> Alabama Getaway, Promised Land, Peggy-O, El Paso, Brown-Eyed Women, Cassidy, Far From Me, Althea, Lost Sailor, Saint of Circumstance, Deal | Drums, Scarlet Begonias, Fire on the Mountain, Estimated Prophet, Drums, Space, Not Fade Away, Black Peter, Around and Around, Good Lovin&#039; | Johnny B. Goode<br/>]]>
      </description>
      <styleUrl>#deadIcon</styleUrl>
      <LookAt>
        <longitude>-122.66932990</longitude>
        <latitude>45.53214100</latitude>
        <altitude>0</altitude>
        <heading>0</heading>
        <tilt>0</tilt>
        <range>2000</range>
      </LookAt>
      <Point>
        <coordinates>-122.66932990,45.53214100,0</coordinates>
      </Point>
    </Placemark>
    <Placemark>
      <name>Swing Auditorium - December 12, 1980</name>
      <description>
        <![CDATA[<b>Date:</b> December 12, 1980<br/>
      <b>Venue:</b> Swing Auditorium<br/>
      <b>Location:</b> San Bernardino, California, United States<br/>
      
      <b>Setlist:</b> Alabama Getaway, Greatest Story Ever Told, Friend of the Devil, Mama Tried, Mexicali Blues, Althea, The Little Red Rooster, Peggy-O, Looks Like Rain, Tennessee Jed, Promised Land | China Cat Sunflower, I Know You Rider, Estimated Prophet, He&#039;s Gone, Eyes of the World, Drums, Space, Truckin&#039;, Wharf Rat, Around and Around, Good Lovin&#039; | Don&#039;t Ease Me In<br/>]]>
      </description>
      <styleUrl>#deadIcon</styleUrl>
      <LookAt>
        <longitude>-117.31302810</longitude>
        <latitude>34.08877470</latitude>
        <altitude>0</altitude>
        <heading>0</heading>
        <tilt>0</tilt>
        <range>2000</range>
      </LookAt>
      <Point>
        <coordinates>-117.31302810,34.08877470,0</coordinates>
      </Point>
    </Placemark>
    <Placemark>
      <name>Hampton Coliseum - January 5, 1981</name>
      <description>
        <![CDATA[<b>Date:</b> January 5, 1981<br/>
      <b>Venue:</b> Hampton Coliseum<br/>
      <b>Location:</b> Hampton, Virginia, United States<br/>
      
      <b>Setlist:</b> Alabama Getaway, Promised Land, Friend of the Devil, Me and My Uncle, Big River, Althea, The Little Red Rooster, Tennessee Jed, Let It Grow, Deal | Feel Like a Stranger, Franklin&#039;s Tower, Lost Sailor, Saint of Circumstance, He&#039;s Gone, The Other One, Drums, Space, The Wheel, Wharf Rat, Sugar Magnolia | U.S. Blues<br/>]]>
      </description>
      <styleUrl>#deadIcon</styleUrl>
      <LookAt>
        <longitude>-76.38132000</longitude>
        <latitude>37.03472800</latitude>
        <altitude>0</altitude>
        <heading>0</heading>
        <tilt>0</tilt>
        <range>2000</range>
      </LookAt>
      <Point>
        <coordinates>-76.38132000,37.03472800,0</coordinates>
      </Point>
    </Placemark>
    <Placemark>
      <name>Cleveland Music Hall - February 3, 1981</name>
      <description>
        <![CDATA[<b>Date:</b> February 3, 1981<br/>
      <b>Venue:</b> Cleveland Music Hall<br/>
      <b>Location:</b> Cleveland, Ohio, United States<br/>
      
      <b>Setlist:</b> Shakedown Street, Minglewood Blues, Dire Wolf, Cassidy, Althea, El Paso, Jack-A-Roe, Lazy Lightning, Supplication, Don&#039;t Ease Me In, Promised Land | Ramble On Rose, Playing in the Band, China Doll, Drums, Space, The Wheel, Around and Around, Johnny B. Goode | U.S. Blues<br/>]]>
      </description>
      <styleUrl>#deadIcon</styleUrl>
      <LookAt>
        <longitude>-81.69301190</longitude>
        <latitude>41.50364950</latitude>
        <altitude>0</altitude>
        <heading>0</heading>
        <tilt>0</tilt>
        <range>2000</range>
      </LookAt>
      <Point>
        <coordinates>-81.69301190,41.50364950,0</coordinates>
      </Point>
    </Placemark>
    <Placemark>
      <name>Spectrum - February 5, 1981</name>
      <description>
        <![CDATA[<b>Date:</b> February 5, 1981<br/>
      <b>Venue:</b> Spectrum<br/>
      <b>Location:</b> Philadelphia, Pennsylvania, United States<br/>
      
      <b>Setlist:</b> Jack Straw, Sugaree, El Paso, Bird Song, Cassidy, Candyman, Minglewood Blues, Althea, Promised Land | Scarlet Begonias, Fire on the Mountain, Estimated Prophet, Terrapin Station, Drums, Space, Not Fade Away, Stella Blue, Around and Around, Good Lovin&#039; | One More Saturday Night<br/>]]>
      </description>
      <styleUrl>#deadIcon</styleUrl>
      <LookAt>
        <longitude>-75.47605530</longitude>
        <latitude>40.13540730</latitude>
        <altitude>0</altitude>
        <heading>0</heading>
        <tilt>0</tilt>
        <range>2000</range>
      </LookAt>
      <Point>
        <coordinates>-75.47605530,40.13540730,0</coordinates>
      </Point>
    </Placemark>
    <Placemark>
      <name>The Summit - February 7, 1981</name>
      <description>
        <![CDATA[<b>Date:</b> February 7, 1981<br/>
      <b>Venue:</b> The Summit<br/>
      <b>Location:</b> Houston, Texas, United States<br/>
      
      <b>Setlist:</b> Alabama Getaway, Greatest Story Ever Told, Friend of the Devil, See See Rider Blues, Althea, El Paso, Jack-A-Roe, Looks Like Rain, Dire Wolf, Lost Sailor, Saint of Circumstance | Scarlet Begonias, Fire on the Mountain, Man Smart, Woman Smarter, It Must Have Been the Roses, Estimated Prophet, Eyes of the World, Drums, Space, The Wheel, Truckin&#039;, Black Peter, Around and Around, Good Lovin&#039; | U.S. Blues<br/>]]>
      </description>
      <styleUrl>#deadIcon</styleUrl>
      <LookAt>
        <longitude>-95.59722500</longitude>
        <latitude>29.97777560</latitude>
        <altitude>0</altitude>
        <heading>0</heading>
        <tilt>0</tilt>
        <range>2000</range>
      </LookAt>
      <Point>
        <coordinates>-95.59722500,29.97777560,0</coordinates>
      </Point>
    </Placemark>
    <Placemark>
      <name>Rainbow Theatre - February 10, 1981</name>
      <description>
        <![CDATA[<b>Date:</b> February 10, 1981<br/>
      <b>Venue:</b> Rainbow Theatre<br/>
      <b>Location:</b> London, England, United Kingdom<br/>
      
      <b>Setlist:</b> Minglewood Blues, Sugaree, See See Rider Blues, Cumberland Blues, Cassidy, Dire Wolf, Mama Tried, Mexicali Blues, Althea, Lost Sailor, Saint of Circumstance | Playing in the Band, Shakedown Street, Bertha, Drums, Space, Spanish Jam, Truckin&#039;, Black Peter, Sugar Magnolia | U.S. Blues<br/>]]>
      </description>
      <styleUrl>#deadIcon</styleUrl>
      <LookAt>
        <longitude>-0.09362910</longitude>
        <latitude>51.53078760</latitude>
        <altitude>0</altitude>
        <heading>0</heading>
        <tilt>0</tilt>
        <range>2000</range>
      </LookAt>
      <Point>
        <coordinates>-0.09362910,51.53078760,0</coordinates>
      </Point>
    </Placemark>
    <Placemark>
      <name>Assembly Hall - February 12, 1981</name>
      <description>
        <![CDATA[<b>Date:</b> February 12, 1981<br/>
      <b>Venue:</b> Assembly Hall<br/>
      <b>Location:</b> Champaign, Illinois, United States<br/>
      
      <b>Setlist:</b> Bertha, Greatest Story Ever Told, Peggy-O, Mama Tried, Mexicali Blues, Brown-Eyed Women, Passenger, Never Trust a Woman, Cumberland Blues, Looks Like Rain, China Cat Sunflower, I Know You Rider | Feel Like a Stranger, Franklin&#039;s Tower, Lost Sailor, Saint of Circumstance, Terrapin Station, Drums, Space, Not Fade Away, Stella Blue, Around and Around, Good Lovin&#039; | Don&#039;t Ease Me In<br/>]]>
      </description>
      <styleUrl>#deadIcon</styleUrl>
      <LookAt>
        <longitude>-88.23590420</longitude>
        <latitude>40.09625310</latitude>
        <altitude>0</altitude>
        <heading>0</heading>
        <tilt>0</tilt>
        <range>2000</range>
      </LookAt>
      <Point>
        <coordinates>-88.23590420,40.09625310,0</coordinates>
      </Point>
    </Placemark>
    <Placemark>
      <name>Cleveland Music Hall - March 3, 1981</name>
      <description>
        <![CDATA[<b>Date:</b> March 3, 1981<br/>
      <b>Venue:</b> Cleveland Music Hall<br/>
      <b>Location:</b> Cleveland, Ohio, United States<br/>
      
      <b>Setlist:</b> Feel Like a Stranger, Peggy-O, Me and My Uncle, Big River, Bird Song, Looks Like Rain, Big Railroad Blues, The Little Red Rooster, Deal | China Cat Sunflower, I Know You Rider, Samson and Delilah, He&#039;s Gone, Jam, Drums, Space, Lost Sailor, Saint of Circumstance, Black Peter, Good Lovin&#039; | Casey Jones<br/>]]>
      </description>
      <styleUrl>#deadIcon</styleUrl>
      <LookAt>
        <longitude>-81.69301190</longitude>
        <latitude>41.50364950</latitude>
        <altitude>0</altitude>
        <heading>0</heading>
        <tilt>0</tilt>
        <range>2000</range>
      </LookAt>
      <Point>
        <coordinates>-81.69301190,41.50364950,0</coordinates>
      </Point>
    </Placemark>
    <Placemark>
      <name>Rainbow Theatre - March 10, 1981</name>
      <description>
        <![CDATA[<b>Date:</b> March 10, 1981<br/>
      <b>Venue:</b> Rainbow Theatre<br/>
      <b>Location:</b> London, England, United Kingdom<br/>
      
      <b>Setlist:</b> Alabama Getaway, Promised Land, Peggy-O, Me and My Uncle, Big River, Tennessee Jed, The Little Red Rooster, Bird Song, Looks Like Rain, China Cat Sunflower, I Know You Rider | Feel Like a Stranger, Franklin&#039;s Tower, Estimated Prophet, Terrapin Station, Drums, Space, Not Fade Away, Morning Dew, Around and Around, One More Saturday Night | Brokedown Palace<br/>]]>
      </description>
      <styleUrl>#deadIcon</styleUrl>
      <LookAt>
        <longitude>-0.09362910</longitude>
        <latitude>51.53078760</latitude>
        <altitude>0</altitude>
        <heading>0</heading>
        <tilt>0</tilt>
        <range>2000</range>
      </LookAt>
      <Point>
        <coordinates>-0.09362910,51.53078760,0</coordinates>
      </Point>
    </Placemark>
    <Placemark>
      <name>Dane County Coliseum - March 12, 1981</name>
      <description>
        <![CDATA[<b>Date:</b> March 12, 1981<br/>
      <b>Venue:</b> Dane County Coliseum<br/>
      <b>Location:</b> Madison, Wisconsin, United States<br/>
      
      <b>Setlist:</b> Jack Straw, They Love Each Other, Me and My Uncle, Big River, Loser, See See Rider Blues, Althea, Beat It on Down the Line, Cassidy, Deep Elem Blues, I Need a Miracle, Bertha | Scarlet Begonias, Fire on the Mountain, Estimated Prophet, He&#039;s Gone, Drums, Space, Spanish Jam, Truckin&#039;, Black Peter, Around and Around, Johnny B. Goode | It&#039;s All Over Now, Baby Blue<br/>]]>
      </description>
      <styleUrl>#deadIcon</styleUrl>
      <LookAt>
        <longitude>-89.37894290</longitude>
        <latitude>43.04712850</latitude>
        <altitude>0</altitude>
        <heading>0</heading>
        <tilt>0</tilt>
        <range>2000</range>
      </LookAt>
      <Point>
        <coordinates>-89.37894290,43.04712850,0</coordinates>
      </Point>
    </Placemark>
    <Placemark>
      <name>Spectrum - April 5, 1981</name>
      <description>
        <![CDATA[<b>Date:</b> April 5, 1981<br/>
      <b>Venue:</b> Spectrum<br/>
      <b>Location:</b> Philadelphia, Pennsylvania, United States<br/>
      
      <b>Setlist:</b> Don&#039;t Ease Me In, Beat It on Down the Line, Jack-A-Roe, The Little Red Rooster, Cold Rain and Snow, Mama Tried, Mexicali Blues, Althea, Looks Like Rain, Bertha, Greatest Story Ever Told | China Cat Sunflower, I Know You Rider, Samson and Delilah, To Lay Me Down, Playing in the Band, Drums, Nobody&#039;s Fault but Mine, Lost Sailor, Saint of Circumstance, Black Peter, Sugar Magnolia | Brokedown Palace<br/>]]>
      </description>
      <styleUrl>#deadIcon</styleUrl>
      <LookAt>
        <longitude>-75.47605530</longitude>
        <latitude>40.13540730</latitude>
        <altitude>0</altitude>
        <heading>0</heading>
        <tilt>0</tilt>
        <range>2000</range>
      </LookAt>
      <Point>
        <coordinates>-75.47605530,40.13540730,0</coordinates>
      </Point>
    </Placemark>
    <Placemark>
      <name>Manor Downs - April 7, 1981</name>
      <description>
        <![CDATA[<b>Date:</b> April 7, 1981<br/>
      <b>Venue:</b> Manor Downs<br/>
      <b>Location:</b> Manor, Texas, United States<br/>
      
      <b>Setlist:</b> Jack Straw, Peggy-O, Me and My Uncle, Big River, Loser, The Little Red Rooster, Tennessee Jed, Minglewood Blues, China Cat Sunflower, I Know You Rider | Feel Like a Stranger, Bird Song, Playing in the Band, Drums, Space, Not Fade Away, Wharf Rat, Sugar Magnolia | One More Saturday Night<br/>]]>
      </description>
      <styleUrl>#deadIcon</styleUrl>
      <LookAt>
        <longitude>-97.57680890</longitude>
        <latitude>30.35858230</latitude>
        <altitude>0</altitude>
        <heading>0</heading>
        <tilt>0</tilt>
        <range>2000</range>
      </LookAt>
      <Point>
        <coordinates>-97.57680890,30.35858230,0</coordinates>
      </Point>
    </Placemark>
    <Placemark>
      <name>Rainbow Theatre - April 10, 1981</name>
      <description>
        <![CDATA[<b>Date:</b> April 10, 1981<br/>
      <b>Venue:</b> Rainbow Theatre<br/>
      <b>Location:</b> London, England, United Kingdom<br/>
      
      <b>Setlist:</b> Jam, Jack Straw, Friend of the Devil, El Paso, Jack-A-Roe, Beat It on Down the Line, Brown-Eyed Women, Minglewood Blues, Row Jimmy, Let It Grow, Deal | Cold Rain and Snow, Samson and Delilah, Scarlet Begonias, Fire on the Mountain, Lost Sailor, Saint of Circumstance, Drums, Space, Spanish Jam, The Other One, Wharf Rat, Sugar Magnolia | Don&#039;t Ease Me In<br/>]]>
      </description>
      <styleUrl>#deadIcon</styleUrl>
      <LookAt>
        <longitude>-0.09362910</longitude>
        <latitude>51.53078760</latitude>
        <altitude>0</altitude>
        <heading>0</heading>
        <tilt>0</tilt>
        <range>2000</range>
      </LookAt>
      <Point>
        <coordinates>-0.09362910,51.53078760,0</coordinates>
      </Point>
    </Placemark>
    <Placemark>
      <name>Stanley Theatre - May 3, 1981</name>
      <description>
        <![CDATA[<b>Date:</b> May 3, 1981<br/>
      <b>Venue:</b> Stanley Theatre<br/>
      <b>Location:</b> Pittsburgh, Pennsylvania, United States<br/>
      
      <b>Setlist:</b> Alabama Getaway, Greatest Story Ever Told, Friend of the Devil, See See Rider Blues, Althea, Mama Tried, Mexicali Blues, To Lay Me Down, Minglewood Blues, Tennessee Jed, The Music Never Stopped | Jam, Passenger, Scarlet Begonias, Fire on the Mountain, Playing in the Band, Drums, Space, Not Fade Away, Wharf Rat, Around and Around, Johnny B. Goode | U.S. Blues<br/>]]>
      </description>
      <styleUrl>#deadIcon</styleUrl>
      <LookAt>
        <longitude>-80.00001600</longitude>
        <latitude>40.44298530</latitude>
        <altitude>0</altitude>
        <heading>0</heading>
        <tilt>0</tilt>
        <range>2000</range>
      </LookAt>
      <Point>
        <coordinates>-80.00001600,40.44298530,0</coordinates>
      </Point>
    </Placemark>
    <Placemark>
      <name>Glens Falls Civic Center - May 5, 1981</name>
      <description>
        <![CDATA[<b>Date:</b> May 5, 1981<br/>
      <b>Venue:</b> Glens Falls Civic Center<br/>
      <b>Location:</b> Glens Falls, New York, United States<br/>
      
      <b>Setlist:</b> Feel Like a Stranger, Peggy-O, El Paso, Ramble On Rose, See See Rider Blues, Althea, Passenger, Brown-Eyed Women, The Music Never Stopped, Don&#039;t Ease Me In | Scarlet Begonias, Fire on the Mountain, Estimated Prophet, Eyes of the World, Drums, Space, Uncle John&#039;s Band, Truckin&#039;, Alabama Getaway, Johnny B. Goode | U.S. Blues<br/>]]>
      </description>
      <styleUrl>#deadIcon</styleUrl>
      <LookAt>
        <longitude>-73.64185340</longitude>
        <latitude>43.30816690</latitude>
        <altitude>0</altitude>
        <heading>0</heading>
        <tilt>0</tilt>
        <range>2000</range>
      </LookAt>
      <Point>
        <coordinates>-73.64185340,43.30816690,0</coordinates>
      </Point>
    </Placemark>
    <Placemark>
      <name>The Zoo Amphitheatre - May 7, 1981</name>
      <description>
        <![CDATA[<b>Date:</b> May 7, 1981<br/>
      <b>Venue:</b> The Zoo Amphitheatre<br/>
      <b>Location:</b> Oklahoma City, Oklahoma, United States<br/>
      
      <b>Setlist:</b> Shakedown Street, Promised Land, Candyman, Cassidy, Brown-Eyed Women, See See Rider Blues, They Love Each Other, Mama Tried, Mexicali Blues, Althea, Let It Grow | Samson and Delilah, Don&#039;t Ease Me In, The Music Never Stopped, Ship of Fools, Lost Sailor, Saint of Circumstance, He&#039;s Gone, Drums, Space, The Other One, Stella Blue, Around and Around, Johnny B. Goode | U.S. Blues<br/>]]>
      </description>
      <styleUrl>#deadIcon</styleUrl>
      <LookAt>
        <longitude>-97.47456250</longitude>
        <latitude>35.51793750</latitude>
        <altitude>0</altitude>
        <heading>0</heading>
        <tilt>0</tilt>
        <range>2000</range>
      </LookAt>
      <Point>
        <coordinates>-97.47456250,35.51793750,0</coordinates>
      </Point>
    </Placemark>
    <Placemark>
      <name>Market Square Arena - May 12, 1981</name>
      <description>
        <![CDATA[<b>Date:</b> May 12, 1981<br/>
      <b>Venue:</b> Market Square Arena<br/>
      <b>Location:</b> Indianapolis, Indiana, United States<br/>
      
      <b>Setlist:</b> Alabama Getaway, Promised Land, Friend of the Devil, See See Rider Blues, Cumberland Blues, El Paso, Ramble On Rose, Passenger, Bird Song, Let It Grow | Shakedown Street, Lost Sailor, Saint of Circumstance, Big Railroad Blues, Playing in the Band, Drums, Space, The Wheel, Stella Blue, Sugar Magnolia | One More Saturday Night<br/>]]>
      </description>
      <styleUrl>#deadIcon</styleUrl>
      <LookAt>
        <longitude>-86.09917890</longitude>
        <latitude>39.77107570</latitude>
        <altitude>0</altitude>
        <heading>0</heading>
        <tilt>0</tilt>
        <range>2000</range>
      </LookAt>
      <Point>
        <coordinates>-86.09917890,39.77107570,0</coordinates>
      </Point>
    </Placemark>
    <Placemark>
      <name>Stanley Theatre - June 3, 1981</name>
      <description>
        <![CDATA[<b>Date:</b> June 3, 1981<br/>
      <b>Venue:</b> Stanley Theatre<br/>
      <b>Location:</b> Pittsburgh, Pennsylvania, United States<br/>
      
      <b>Setlist:</b> Jack Straw, Peggy-O, Cassidy, They Love Each Other, El Paso, Row Jimmy, The Little Red Rooster, Brown-Eyed Women, Let It Grow, Deal | Samson and Delilah, It Must Have Been the Roses, Estimated Prophet, Franklin&#039;s Tower, Drums, Space, The Other One, Stella Blue, Sugar Magnolia | Don&#039;t Ease Me In<br/>]]>
      </description>
      <styleUrl>#deadIcon</styleUrl>
      <LookAt>
        <longitude>-80.00001600</longitude>
        <latitude>40.44298530</latitude>
        <altitude>0</altitude>
        <heading>0</heading>
        <tilt>0</tilt>
        <range>2000</range>
      </LookAt>
      <Point>
        <coordinates>-80.00001600,40.44298530,0</coordinates>
      </Point>
    </Placemark>
    <Placemark>
      <name>Nassau Veterans Memorial Coliseum - June 5, 1981</name>
      <description>
        <![CDATA[<b>Date:</b> June 5, 1981<br/>
      <b>Venue:</b> Nassau Veterans Memorial Coliseum<br/>
      <b>Location:</b> Uniondale, New York, United States<br/>
      
      <b>Setlist:</b> Alabama Getaway, Greatest Story Ever Told, They Love Each Other, Cassidy, Jack-A-Roe, The Little Red Rooster, Dire Wolf, Looks Like Rain, Big Railroad Blues, Let It Grow, Deal | Minglewood Blues, High Time, Lost Sailor, Saint of Circumstance, He&#039;s Gone, Spanish Jam, Drums, Jam, The Other One, Going Down the Road Feeling Bad, Wharf Rat, Good Lovin&#039; | Don&#039;t Ease Me In<br/>
      
      <b>Notes:</b> Bobby Sands was an IRA member who&#039;s hunger strike ended in death earlier that day.<br/>]]>
      </description>
      <styleUrl>#deadIcon</styleUrl>
      <LookAt>
        <longitude>-73.59065280</longitude>
        <latitude>40.72327780</latitude>
        <altitude>0</altitude>
        <heading>0</heading>
        <tilt>0</tilt>
        <range>2000</range>
      </LookAt>
      <Point>
        <coordinates>-73.59065280,40.72327780,0</coordinates>
      </Point>
    </Placemark>
    <Placemark>
      <name>Rainbow Theatre - June 10, 1981</name>
      <description>
        <![CDATA[<b>Date:</b> June 10, 1981<br/>
      <b>Venue:</b> Rainbow Theatre<br/>
      <b>Location:</b> London, England, United Kingdom<br/>
      
      <b>Setlist:</b> Shakedown Street, Minglewood Blues, It Must Have Been the Roses, The Little Red Rooster, Althea, Me and My Uncle, Mexicali Blues, Never Trust a Woman, Cumberland Blues, Looks Like Rain, Might as Well | Man Smart, Woman Smarter, High Time, Estimated Prophet, He&#039;s Gone, Drums, Space, The Wheel, Sugar Magnolia, Stella Blue, Good Lovin&#039; | Sunshine Daydream, Brokedown Palace<br/>]]>
      </description>
      <styleUrl>#deadIcon</styleUrl>
      <LookAt>
        <longitude>-0.09362910</longitude>
        <latitude>51.53078760</latitude>
        <altitude>0</altitude>
        <heading>0</heading>
        <tilt>0</tilt>
        <range>2000</range>
      </LookAt>
      <Point>
        <coordinates>-0.09362910,51.53078760,0</coordinates>
      </Point>
    </Placemark>
    <Placemark>
      <name>Rosemont Horizon - June 12, 1981</name>
      <description>
        <![CDATA[<b>Date:</b> June 12, 1981<br/>
      <b>Venue:</b> Rosemont Horizon<br/>
      <b>Location:</b> Rosemont, Illinois, United States<br/>
      
      <b>Setlist:</b> Minglewood Blues, Sugaree, Mama Tried, Mexicali Blues, Candyman, The Little Red Rooster, Tennessee Jed, Looks Like Rain, Jack-A-Roe, Beat It on Down the Line, China Cat Sunflower, I Know You Rider | Samson and Delilah, To Lay Me Down, Estimated Prophet, Eyes of the World, Drums, Space, Not Fade Away, Wharf Rat, Good Lovin&#039; | Brokedown Palace<br/>]]>
      </description>
      <styleUrl>#deadIcon</styleUrl>
      <LookAt>
        <longitude>-87.88783000</longitude>
        <latitude>42.00525900</latitude>
        <altitude>0</altitude>
        <heading>0</heading>
        <tilt>0</tilt>
        <range>2000</range>
      </LookAt>
      <Point>
        <coordinates>-87.88783000,42.00525900,0</coordinates>
      </Point>
    </Placemark>
    <Placemark>
      <name>Cole Field House - July 3, 1981</name>
      <description>
        <![CDATA[<b>Date:</b> July 3, 1981<br/>
      <b>Venue:</b> Cole Field House<br/>
      <b>Location:</b> College Park, Maryland, United States<br/>
      
      <b>Setlist:</b> Alabama Getaway, Greatest Story Ever Told, Dire Wolf, Me and My Uncle, Big River, Candyman, See See Rider Blues, Jack-A-Roe, Passenger, Bird Song, Looks Like Rain, Deal | Iko Iko, Lost Sailor, Saint of Circumstance, Drums, Space, Truckin&#039;, Black Peter, Around and Around, Johnny B. Goode | One More Saturday Night<br/>]]>
      </description>
      <styleUrl>#deadIcon</styleUrl>
      <LookAt>
        <longitude>-76.94676080</longitude>
        <latitude>38.98800610</latitude>
        <altitude>0</altitude>
        <heading>0</heading>
        <tilt>0</tilt>
        <range>2000</range>
      </LookAt>
      <Point>
        <coordinates>-76.94676080,38.98800610,0</coordinates>
      </Point>
    </Placemark>
    <Placemark>
      <name>The Tomorrow Show - July 5, 1981</name>
      <description>
        <![CDATA[<b>Date:</b> July 5, 1981<br/>
      <b>Venue:</b> The Tomorrow Show<br/>
      <b>Location:</b> New York, New York, United States<br/>
      
      <b>Setlist:</b> On the Road Again, Dire Wolf, Deep Elem Blues, Cassidy<br/>]]>
      </description>
      <styleUrl>#deadIcon</styleUrl>
      <LookAt>
        <longitude>-74.00485760</longitude>
        <latitude>40.70770110</latitude>
        <altitude>0</altitude>
        <heading>0</heading>
        <tilt>0</tilt>
        <range>2000</range>
      </LookAt>
      <Point>
        <coordinates>-74.00485760,40.70770110,0</coordinates>
      </Point>
    </Placemark>
    <Placemark>
      <name>Municipal Auditorium - July 7, 1981</name>
      <description>
        <![CDATA[<b>Date:</b> July 7, 1981<br/>
      <b>Venue:</b> Municipal Auditorium<br/>
      <b>Location:</b> Kansas City, Missouri, United States<br/>
      
      <b>Setlist:</b> Minglewood Blues, Bertha, Dancing in the Street, Big Railroad Blues, El Paso, To Lay Me Down, Lazy Lightning, Supplication, Bird Song, Looks Like Rain, Deal | Man Smart, Woman Smarter, Candyman, Estimated Prophet, Eyes of the World, Drums, Space, Truckin&#039;, Going Down the Road Feeling Bad, Black Peter, I Need a Miracle, Good Lovin&#039; | Don&#039;t Ease Me In<br/>]]>
      </description>
      <styleUrl>#deadIcon</styleUrl>
      <LookAt>
        <longitude>-94.58634100</longitude>
        <latitude>39.09787000</latitude>
        <altitude>0</altitude>
        <heading>0</heading>
        <tilt>0</tilt>
        <range>2000</range>
      </LookAt>
      <Point>
        <coordinates>-94.58634100,39.09787000,0</coordinates>
      </Point>
    </Placemark>
    <Placemark>
      <name>Des Moines Civic Center - July 12, 1981</name>
      <description>
        <![CDATA[<b>Date:</b> July 12, 1981<br/>
      <b>Venue:</b> Des Moines Civic Center<br/>
      <b>Location:</b> Des Moines, Iowa, United States<br/>
      
      <b>Setlist:</b> Bertha, Greatest Story Ever Told, Friend of the Devil, See See Rider Blues, Dire Wolf, Me and My Uncle, Big River, Deep Elem Blues, Cassidy, Althea, The Music Never Stopped | Mississippi Half-Step Uptown Toodeloo, Franklin&#039;s Tower, Lost Sailor, Saint of Circumstance, Jam, Drums, Space, Truckin&#039;, Black Peter, Sugar Magnolia | Don&#039;t Ease Me In<br/>]]>
      </description>
      <styleUrl>#deadIcon</styleUrl>
      <LookAt>
        <longitude>-93.62050090</longitude>
        <latitude>41.58730860</latitude>
        <altitude>0</altitude>
        <heading>0</heading>
        <tilt>0</tilt>
        <range>2000</range>
      </LookAt>
      <Point>
        <coordinates>-93.62050090,41.58730860,0</coordinates>
      </Point>
    </Placemark>
    <Placemark>
      <name>Nassau Veterans Memorial Coliseum - August 5, 1981</name>
      <description>
        <![CDATA[<b>Date:</b> August 5, 1981<br/>
      <b>Venue:</b> Nassau Veterans Memorial Coliseum<br/>
      <b>Location:</b> Uniondale, New York, United States<br/>
      
      <b>Setlist:</b> Jack Straw, Peggy-O, Me and My Uncle, Big River, Loser, See See Rider Blues, Althea, Let It Grow, Don&#039;t Ease Me In | Shakedown Street, Samson and Delilah, Terrapin Station, Playing in the Band, Drums, Jam, Not Fade Away, Stella Blue, Sugar Magnolia | U.S. Blues<br/>]]>
      </description>
      <styleUrl>#deadIcon</styleUrl>
      <LookAt>
        <longitude>-73.59065280</longitude>
        <latitude>40.72327780</latitude>
        <altitude>0</altitude>
        <heading>0</heading>
        <tilt>0</tilt>
        <range>2000</range>
      </LookAt>
      <Point>
        <coordinates>-73.59065280,40.72327780,0</coordinates>
      </Point>
    </Placemark>
    <Placemark>
      <name>Kiel Auditorium - August 7, 1981</name>
      <description>
        <![CDATA[<b>Date:</b> August 7, 1981<br/>
      <b>Venue:</b> Kiel Auditorium<br/>
      <b>Location:</b> St. Louis, Missouri, United States<br/>
      
      <b>Setlist:</b> Mississippi Half-Step Uptown Toodeloo, Feel Like a Stranger, Peggy-O, The Little Red Rooster, Althea, Me and My Uncle, Big River, Don&#039;t Ease Me In, Minglewood Blues, China Cat Sunflower, I Know You Rider | Scarlet Begonias, Fire on the Mountain, Lost Sailor, Saint of Circumstance, Franklin&#039;s Tower, Jam, Drums, Space, Not Fade Away, Wharf Rat, Sugar Magnolia | U.S. Blues<br/>]]>
      </description>
      <styleUrl>#deadIcon</styleUrl>
      <LookAt>
        <longitude>-90.20181220</longitude>
        <latitude>38.62802160</latitude>
        <altitude>0</altitude>
        <heading>0</heading>
        <tilt>0</tilt>
        <range>2000</range>
      </LookAt>
      <Point>
        <coordinates>-90.20181220,38.62802160,0</coordinates>
      </Point>
    </Placemark>
    <Placemark>
      <name>Forum København - August 10, 1981</name>
      <description>
        <![CDATA[<b>Date:</b> August 10, 1981<br/>
      <b>Venue:</b> Forum København<br/>
      <b>Location:</b> Copenhagen, Capital Region, Denmark<br/>
      
      <b>Setlist:</b> Feel Like a Stranger, They Love Each Other, See See Rider Blues, Cumberland Blues, Mama Tried, Mexicali Blues, Althea, Cassidy, Loser, The Music Never Stopped | Scarlet Begonias, Fire on the Mountain, Playing in the Band, Terrapin Station, Drums, Space, Not Fade Away, Black Peter, Around and Around, Johnny B. Goode | U.S. Blues<br/>]]>
      </description>
      <styleUrl>#deadIcon</styleUrl>
      <LookAt>
        <longitude>12.55250390</longitude>
        <latitude>55.68121290</latitude>
        <altitude>0</altitude>
        <heading>0</heading>
        <tilt>0</tilt>
        <range>2000</range>
      </LookAt>
      <Point>
        <coordinates>12.55250390,55.68121290,0</coordinates>
      </Point>
    </Placemark>
    <Placemark>
      <name>Madison Square Garden - September 3, 1981</name>
      <description>
        <![CDATA[<b>Date:</b> September 3, 1981<br/>
      <b>Venue:</b> Madison Square Garden<br/>
      <b>Location:</b> New York, New York, United States<br/>
      
      <b>Setlist:</b> Feel Like a Stranger, Althea, See See Rider Blues, Ramble On Rose, El Paso, Deep Elem Blues, Beat It on Down the Line, Bird Song, Minglewood Blues | China Cat Sunflower, I Know You Rider, Samson and Delilah, Ship of Fools, Estimated Prophet, Uncle John&#039;s Band, Drums, Space, The Other One, Stella Blue, Good Lovin&#039; | U.S. Blues<br/>]]>
      </description>
      <styleUrl>#deadIcon</styleUrl>
      <LookAt>
        <longitude>-73.99343870</longitude>
        <latitude>40.75050450</latitude>
        <altitude>0</altitude>
        <heading>0</heading>
        <tilt>0</tilt>
        <range>2000</range>
      </LookAt>
      <Point>
        <coordinates>-73.99343870,40.75050450,0</coordinates>
      </Point>
    </Placemark>
    <Placemark>
      <name>Nassau Veterans Memorial Coliseum - September 5, 1981</name>
      <description>
        <![CDATA[<b>Date:</b> September 5, 1981<br/>
      <b>Venue:</b> Nassau Veterans Memorial Coliseum<br/>
      <b>Location:</b> Uniondale, New York, United States<br/>
      
      <b>Setlist:</b> Mississippi Half-Step Uptown Toodeloo, Franklin&#039;s Tower, Feel Like a Stranger, Bird Song, The Little Red Rooster, Candyman, Mama Tried, Mexicali Blues, Looks Like Rain, China Cat Sunflower, I Know You Rider | Lost Sailor, Saint of Circumstance, Ship of Fools, Estimated Prophet, Eyes of the World, Drums, Space, Truckin&#039;, Black Peter, Around and Around, One More Saturday Night | Brokedown Palace<br/>]]>
      </description>
      <styleUrl>#deadIcon</styleUrl>
      <LookAt>
        <longitude>-73.59065280</longitude>
        <latitude>40.72327780</latitude>
        <altitude>0</altitude>
        <heading>0</heading>
        <tilt>0</tilt>
        <range>2000</range>
      </LookAt>
      <Point>
        <coordinates>-73.59065280,40.72327780,0</coordinates>
      </Point>
    </Placemark>
    <Placemark>
      <name>CU Events Center - September 12, 1981</name>
      <description>
        <![CDATA[<b>Date:</b> September 12, 1981<br/>
      <b>Venue:</b> CU Events Center<br/>
      <b>Location:</b> Boulder, Colorado, United States<br/>
      
      <b>Setlist:</b> Cold Rain and Snow, Jack Straw, Friend of the Devil, The Little Red Rooster, Bird Song, Mama Tried, Mexicali Blues, Candyman, Cassidy, Looks Like Rain, China Cat Sunflower, I Know You Rider | Scarlet Begonias, Fire on the Mountain, Estimated Prophet, He&#039;s Gone, Drums, Space, The Other One, Stella Blue, Around and Around, Good Lovin&#039; | U.S. Blues, (I Can&#039;t Get No) Satisfaction<br/>]]>
      </description>
      <styleUrl>#deadIcon</styleUrl>
      <LookAt>
        <longitude>-105.26061630</longitude>
        <latitude>40.00467150</latitude>
        <altitude>0</altitude>
        <heading>0</heading>
        <tilt>0</tilt>
        <range>2000</range>
      </LookAt>
      <Point>
        <coordinates>-105.26061630,40.00467150,0</coordinates>
      </Point>
    </Placemark>
    <Placemark>
      <name>Madison Square Garden - October 3, 1981</name>
      <description>
        <![CDATA[<b>Date:</b> October 3, 1981<br/>
      <b>Venue:</b> Madison Square Garden<br/>
      <b>Location:</b> New York, New York, United States<br/>
      
      <b>Setlist:</b> Mississippi Half-Step Uptown Toodeloo, Franklin&#039;s Tower, Me and My Uncle, It Must Have Been the Roses, The Little Red Rooster, Don&#039;t Ease Me In, Lazy Lightning, Supplication, Brown-Eyed Women, Looks Like Rain, Deal | Scarlet Begonias, Fire on the Mountain, Lost Sailor, Saint of Circumstance, Jam, Drums, Space, The Wheel, China Doll, Truckin&#039;, Sugar Magnolia | (I Can&#039;t Get No) Satisfaction, Brokedown Palace<br/>]]>
      </description>
      <styleUrl>#deadIcon</styleUrl>
      <LookAt>
        <longitude>-73.99343870</longitude>
        <latitude>40.75050450</latitude>
        <altitude>0</altitude>
        <heading>0</heading>
        <tilt>0</tilt>
        <range>2000</range>
      </LookAt>
      <Point>
        <coordinates>-73.99343870,40.75050450,0</coordinates>
      </Point>
    </Placemark>
    <Placemark>
      <name>St. Paul Civic Center - October 7, 1981</name>
      <description>
        <![CDATA[<b>Date:</b> October 7, 1981<br/>
      <b>Venue:</b> St. Paul Civic Center<br/>
      <b>Location:</b> St. Paul, Minnesota, United States<br/>
      
      <b>Setlist:</b> Jack Straw, Sugaree, Mama Tried, Mexicali Blues, Loser, Cassidy, Brown-Eyed Women, See See Rider Blues, Ramble On Rose, Let It Grow, Don&#039;t Ease Me In | Samson and Delilah, Althea, Estimated Prophet, Eyes of the World, Jam, Drums, Space, Uncle John&#039;s Band, Playing in the Band, China Doll, Around and Around, Good Lovin&#039; | Casey Jones<br/>]]>
      </description>
      <styleUrl>#deadIcon</styleUrl>
      <LookAt>
        <longitude>-93.08995780</longitude>
        <latitude>44.95370290</latitude>
        <altitude>0</altitude>
        <heading>0</heading>
        <tilt>0</tilt>
        <range>2000</range>
      </LookAt>
      <Point>
        <coordinates>-93.08995780,44.95370290,0</coordinates>
      </Point>
    </Placemark>
    <Placemark>
      <name>Stadthalle - October 10, 1981</name>
      <description>
        <![CDATA[<b>Date:</b> October 10, 1981<br/>
      <b>Venue:</b> Stadthalle<br/>
      <b>Location:</b> Bremen, Bremen, Germany<br/>
      
      <b>Setlist:</b> Shakedown Street, Bertha, Minglewood Blues, Friend of the Devil, El Paso, Tennessee Jed, Me and My Uncle, Big River, Bird Song, Let It Grow, Deal | Man Smart, Woman Smarter, Sugaree, Lost Sailor, Saint of Circumstance, Eyes of the World, Drums, Space, Truckin&#039;, The Other One, Wharf Rat, One More Saturday Night | Casey Jones<br/>]]>
      </description>
      <styleUrl>#deadIcon</styleUrl>
      <LookAt>
        <longitude>8.81679420</longitude>
        <latitude>53.08665240</latitude>
        <altitude>0</altitude>
        <heading>0</heading>
        <tilt>0</tilt>
        <range>2000</range>
      </LookAt>
      <Point>
        <coordinates>8.81679420,53.08665240,0</coordinates>
      </Point>
    </Placemark>
    <Placemark>
      <name>New Haven Veterans Memorial Coliseum - November 5, 1981</name>
      <description>
        <![CDATA[<b>Date:</b> November 5, 1981<br/>
      <b>Venue:</b> New Haven Veterans Memorial Coliseum<br/>
      <b>Location:</b> New Haven, Connecticut, United States<br/>
      
      <b>Setlist:</b> Minglewood Blues, Sugaree, El Paso, Jack-A-Roe, Beat It on Down the Line, Row Jimmy, It&#039;s All Over Now, Althea, Lazy Lightning, Supplication, Don&#039;t Ease Me In | Scarlet Begonias, Fire on the Mountain, See See Rider Blues, To Lay Me Down, Playing in the Band, Drums, Space, The Wheel, China Doll, Around and Around, Good Lovin&#039; | (I Can&#039;t Get No) Satisfaction<br/>]]>
      </description>
      <styleUrl>#deadIcon</styleUrl>
      <LookAt>
        <longitude>-72.92788350</longitude>
        <latitude>41.30827400</latitude>
        <altitude>0</altitude>
        <heading>0</heading>
        <tilt>0</tilt>
        <range>2000</range>
      </LookAt>
      <Point>
        <coordinates>-72.92788350,41.30827400,0</coordinates>
      </Point>
    </Placemark>
    <Placemark>
      <name>Alpine Valley Music Theatre - November 7, 1981</name>
      <description>
        <![CDATA[<b>Date:</b> November 7, 1981<br/>
      <b>Venue:</b> Alpine Valley Music Theatre<br/>
      <b>Location:</b> East Troy, Wisconsin, United States<br/>
      
      <b>Setlist:</b> Alabama Getaway, Greatest Story Ever Told, Peggy-O, The Little Red Rooster, Bird Song, Me and My Uncle, Big River, Tennessee Jed, Minglewood Blues, China Cat Sunflower, I Know You Rider | Lost Sailor, Saint of Circumstance, Ship of Fools, He&#039;s Gone, Truckin&#039;, Jam, Drums, Space, The Other One, Stella Blue, I Need a Miracle, Going Down the Road Feeling Bad, One More Saturday Night | Brokedown Palace<br/>]]>
      </description>
      <styleUrl>#deadIcon</styleUrl>
      <LookAt>
        <longitude>-88.43400310</longitude>
        <latitude>42.73814790</latitude>
        <altitude>0</altitude>
        <heading>0</heading>
        <tilt>0</tilt>
        <range>2000</range>
      </LookAt>
      <Point>
        <coordinates>-88.43400310,42.73814790,0</coordinates>
      </Point>
    </Placemark>
    <Placemark>
      <name>William Randolph Hearst Greek Theatre - November 9, 1981</name>
      <description>
        <![CDATA[<b>Date:</b> November 9, 1981<br/>
      <b>Venue:</b> William Randolph Hearst Greek Theatre<br/>
      <b>Location:</b> Berkeley, California, United States<br/>
      
      <b>Setlist:</b> Minglewood Blues, They Love Each Other, Mama Tried, Mexicali Blues, Candyman, The Little Red Rooster, Cumberland Blues, Beat It on Down the Line, Althea, Lost Sailor, Saint of Circumstance, Deal | Feel Like a Stranger, Franklin&#039;s Tower, Man Smart, Woman Smarter, He&#039;s Gone, Truckin&#039;, Drums, Space, The Other One, Morning Dew, Johnny B. Goode | Don&#039;t Ease Me In<br/>
      
      <b>Notes:</b> Mickey Hart&#039;s 38th birthday.<br/>]]>
      </description>
      <styleUrl>#deadIcon</styleUrl>
      <LookAt>
        <longitude>-122.25447150</longitude>
        <latitude>37.87357590</latitude>
        <altitude>0</altitude>
        <heading>0</heading>
        <tilt>0</tilt>
        <range>2000</range>
      </LookAt>
      <Point>
        <coordinates>-122.25447150,37.87357590,0</coordinates>
      </Point>
    </Placemark>
    <Placemark>
      <name>Boston Garden - December 3, 1981</name>
      <description>
        <![CDATA[<b>Date:</b> December 3, 1981<br/>
      <b>Venue:</b> Boston Garden<br/>
      <b>Location:</b> Boston, Massachusetts, United States<br/>
      
      <b>Setlist:</b> Jack Straw, Tennessee Jed, Mama Tried, Mexicali Blues, Bird Song, See See Rider Blues, Althea, Let It Grow, Franklin&#039;s Tower | Terrapin Station, Playing in the Band, He&#039;s Gone, Drums, Space, Not Fade Away, Black Peter, Around and Around, Johnny B. Goode | U.S. Blues<br/>]]>
      </description>
      <styleUrl>#deadIcon</styleUrl>
      <LookAt>
        <longitude>-71.06222950</longitude>
        <latitude>42.36618640</latitude>
        <altitude>0</altitude>
        <heading>0</heading>
        <tilt>0</tilt>
        <range>2000</range>
      </LookAt>
      <Point>
        <coordinates>-71.06222950,42.36618640,0</coordinates>
      </Point>
    </Placemark>
    <Placemark>
      <name>New Haven Veterans Memorial Coliseum - December 5, 1981</name>
      <description>
        <![CDATA[<b>Date:</b> December 5, 1981<br/>
      <b>Venue:</b> New Haven Veterans Memorial Coliseum<br/>
      <b>Location:</b> New Haven, Connecticut, United States<br/>
      
      <b>Setlist:</b> Alabama Getaway, Greatest Story Ever Told, Peggy-O, Cassidy, It Must Have Been the Roses, Me and My Uncle, Big River, Althea, The Little Red Rooster, China Cat Sunflower, I Know You Rider | Shakedown Street, Looks Like Rain, Ship of Fools, Estimated Prophet, He&#039;s Gone, Drums, Space, The Other One, Wharf Rat, Sugar Magnolia | Don&#039;t Ease Me In<br/>]]>
      </description>
      <styleUrl>#deadIcon</styleUrl>
      <LookAt>
        <longitude>-72.92788350</longitude>
        <latitude>41.30827400</latitude>
        <altitude>0</altitude>
        <heading>0</heading>
        <tilt>0</tilt>
        <range>2000</range>
      </LookAt>
      <Point>
        <coordinates>-72.92788350,41.30827400,0</coordinates>
      </Point>
    </Placemark>
    <Placemark>
      <name>Salt Palace - December 8, 1981</name>
      <description>
        <![CDATA[<b>Date:</b> December 8, 1981<br/>
      <b>Venue:</b> Salt Palace<br/>
      <b>Location:</b> Salt Lake City, Utah, United States<br/>
      
      <b>Setlist:</b> Alabama Getaway, Greatest Story Ever Told, Friend of the Devil, Mama Tried, Mexicali Blues, Jack-A-Roe, See See Rider Blues, Althea, Lost Sailor, Saint of Circumstance | Might as Well, Man Smart, Woman Smarter, Scarlet Begonias, Fire on the Mountain, Estimated Prophet, Eyes of the World, Jam, Drums, Space, Spanish Jam, Truckin&#039;, Morning Dew, Around and Around, Good Lovin&#039; | U.S. Blues<br/>]]>
      </description>
      <styleUrl>#deadIcon</styleUrl>
      <LookAt>
        <longitude>-111.89614610</longitude>
        <latitude>40.76788270</latitude>
        <altitude>0</altitude>
        <heading>0</heading>
        <tilt>0</tilt>
        <range>2000</range>
      </LookAt>
      <Point>
        <coordinates>-111.89614610,40.76788270,0</coordinates>
      </Point>
    </Placemark>
    <Placemark>
      <name>William Randolph Hearst Greek Theatre - December 9, 1981</name>
      <description>
        <![CDATA[<b>Date:</b> December 9, 1981<br/>
      <b>Venue:</b> William Randolph Hearst Greek Theatre<br/>
      <b>Location:</b> Berkeley, California, United States<br/>
      
      <b>Setlist:</b> Shakedown Street, Greatest Story Ever Told, Friend of the Devil, El Paso, Bird Song, Cassidy, Tennessee Jed, Looks Like Rain, China Cat Sunflower, I Know You Rider | Scarlet Begonias, Fire on the Mountain, See See Rider Blues, Estimated Prophet, Eyes of the World, Drums, Not Fade Away, Wharf Rat, Around and Around, One More Saturday Night | It&#039;s All Over Now, Baby Blue, Good Lovin&#039;<br/>]]>
      </description>
      <styleUrl>#deadIcon</styleUrl>
      <LookAt>
        <longitude>-122.25447150</longitude>
        <latitude>37.87357590</latitude>
        <altitude>0</altitude>
        <heading>0</heading>
        <tilt>0</tilt>
        <range>2000</range>
      </LookAt>
      <Point>
        <coordinates>-122.25447150,37.87357590,0</coordinates>
      </Point>
    </Placemark>
    <Placemark>
      <name>Olympiahalle - December 10, 1981</name>
      <description>
        <![CDATA[<b>Date:</b> December 10, 1981<br/>
      <b>Venue:</b> Olympiahalle<br/>
      <b>Location:</b> Munich, Bavaria, Germany<br/>
      
      <b>Setlist:</b> Jack Straw, Candyman, The Little Red Rooster, Cumberland Blues, Beat It on Down the Line, Ramble On Rose, Mama Tried, Mexicali Blues, Althea, Passenger, China Cat Sunflower, I Know You Rider | Bertha, Samson and Delilah, Ship of Fools, Estimated Prophet, Going Down the Road Feeling Bad, Never Trust a Woman, Drums, Space, Stella Blue, Around and Around, Good Lovin&#039; | U.S. Blues<br/>]]>
      </description>
      <styleUrl>#deadIcon</styleUrl>
      <LookAt>
        <longitude>11.54997050</longitude>
        <latitude>48.17481520</latitude>
        <altitude>0</altitude>
        <heading>0</heading>
        <tilt>0</tilt>
        <range>2000</range>
      </LookAt>
      <Point>
        <coordinates>11.54997050,48.17481520,0</coordinates>
      </Point>
    </Placemark>
    <Placemark>
      <name>Fiesta Hall - December 12, 1981</name>
      <description>
        <![CDATA[<b>Date:</b> December 12, 1981<br/>
      <b>Venue:</b> Fiesta Hall<br/>
      <b>Location:</b> San Mateo, California, United States<br/>
      
      <b>Setlist:</b> Me and Bobby McGee, (For the) Children of the Eighties, Lucifer&#039;s Eyes, Warriors of the Sun, Bye Bye Love, Barbara Allen, Marriott USA, Where Have All Our Heroes Gone, All My Love (Oh Boy), Lady Di and I, The Boxer | Minglewood Blues, The Little Red Rooster, Deep Elem Blues, Me and My Uncle, Mexicali Blues, Dire Wolf, Cold Rain and Snow, Around and Around, One More Saturday Night | It&#039;s All Over Now, Baby Blue<br/>]]>
      </description>
      <styleUrl>#deadIcon</styleUrl>
      <LookAt>
        <longitude>-122.30184830</longitude>
        <latitude>37.54617540</latitude>
        <altitude>0</altitude>
        <heading>0</heading>
        <tilt>0</tilt>
        <range>2000</range>
      </LookAt>
      <Point>
        <coordinates>-122.30184830,37.54617540,0</coordinates>
      </Point>
    </Placemark>
    <Placemark>
      <name>The Zoo Amphitheatre - January 8, 1982</name>
      <description>
        <![CDATA[<b>Date:</b> January 8, 1982<br/>
      <b>Venue:</b> The Zoo Amphitheatre<br/>
      <b>Location:</b> Oklahoma City, Oklahoma, United States<br/>
      
      <b>Setlist:</b> Jack Straw, They Love Each Other, See See Rider Blues, Tennessee Jed, Me and My Uncle, Big River, China Cat Sunflower, I Know You Rider | Playing in the Band, Iko Iko, Lost Sailor, Saint of Circumstance, Drums, The Wheel, Playing in the Band, Black Peter, Around and Around, Johnny B. Goode | U.S. Blues<br/>]]>
      </description>
      <styleUrl>#deadIcon</styleUrl>
      <LookAt>
        <longitude>-97.47456250</longitude>
        <latitude>35.51793750</latitude>
        <altitude>0</altitude>
        <heading>0</heading>
        <tilt>0</tilt>
        <range>2000</range>
      </LookAt>
      <Point>
        <coordinates>-97.47456250,35.51793750,0</coordinates>
      </Point>
    </Placemark>
    <Placemark>
      <name>Cameron Indoor Stadium - February 4, 1982</name>
      <description>
        <![CDATA[<b>Date:</b> February 4, 1982<br/>
      <b>Venue:</b> Cameron Indoor Stadium<br/>
      <b>Location:</b> Durham, North Carolina, United States<br/>
      
      <b>Setlist:</b> Minglewood Blues, Sugaree, Mama Tried, Mexicali Blues, Loser, The Little Red Rooster, Candyman, Looks Like Rain, China Cat Sunflower, I Know You Rider | Samson and Delilah, It Must Have Been the Roses, Man Smart, Woman Smarter, He&#039;s Gone, Truckin&#039;, Drums, The Other One, Black Peter, Sugar Magnolia | Don&#039;t Ease Me In<br/>]]>
      </description>
      <styleUrl>#deadIcon</styleUrl>
      <LookAt>
        <longitude>-78.94220500</longitude>
        <latitude>35.99747150</latitude>
        <altitude>0</altitude>
        <heading>0</heading>
        <tilt>0</tilt>
        <range>2000</range>
      </LookAt>
      <Point>
        <coordinates>-78.94220500,35.99747150,0</coordinates>
      </Point>
    </Placemark>
    <Placemark>
      <name>Scope Arena - March 4, 1982</name>
      <description>
        <![CDATA[<b>Date:</b> March 4, 1982<br/>
      <b>Venue:</b> Scope Arena<br/>
      <b>Location:</b> Norfolk, Virginia, United States<br/>
      
      <b>Setlist:</b> Alabama Getaway, Greatest Story Ever Told, They Love Each Other, Me and My Uncle, Big River, Peggy-O, See See Rider Blues, Bird Song, It&#039;s All Over Now, Althea, Let It Grow | Scarlet Begonias, Fire on the Mountain, Estimated Prophet, Eyes of the World, Never Trust a Woman, Drums, Space, Not Fade Away, Stella Blue, One More Saturday Night | U.S. Blues<br/>]]>
      </description>
      <styleUrl>#deadIcon</styleUrl>
      <LookAt>
        <longitude>-76.28687800</longitude>
        <latitude>36.85325440</latitude>
        <altitude>0</altitude>
        <heading>0</heading>
        <tilt>0</tilt>
        <range>2000</range>
      </LookAt>
      <Point>
        <coordinates>-76.28687800,36.85325440,0</coordinates>
      </Point>
    </Placemark>
    <Placemark>
      <name>Starlight Theater - March 8, 1982</name>
      <description>
        <![CDATA[<b>Date:</b> March 8, 1982<br/>
      <b>Venue:</b> Starlight Theater<br/>
      <b>Location:</b> Kansas City, Missouri, United States<br/>
      
      <b>Setlist:</b> Mississippi Half-Step Uptown Toodeloo, Franklin&#039;s Tower, Minglewood Blues, Peggy-O, El Paso, Cumberland Blues, Althea, Cassidy, Big Railroad Blues, Man Smart, Woman Smarter, Might as Well | Shakedown Street, Samson and Delilah, To Lay Me Down, Let It Grow, Drums, He&#039;s Gone, The Other One, Stella Blue, Sugar Magnolia | Casey Jones<br/>]]>
      </description>
      <styleUrl>#deadIcon</styleUrl>
      <LookAt>
        <longitude>-94.53282210</longitude>
        <latitude>39.00745440</latitude>
        <altitude>0</altitude>
        <heading>0</heading>
        <tilt>0</tilt>
        <range>2000</range>
      </LookAt>
      <Point>
        <coordinates>-94.53282210,39.00745440,0</coordinates>
      </Point>
    </Placemark>
    <Placemark>
      <name>Kiel Auditorium - April 8, 1982</name>
      <description>
        <![CDATA[<b>Date:</b> April 8, 1982<br/>
      <b>Venue:</b> Kiel Auditorium<br/>
      <b>Location:</b> St. Louis, Missouri, United States<br/>
      
      <b>Setlist:</b> Feel Like a Stranger, Friend of the Devil, See See Rider Blues, Brown-Eyed Women, Mama Tried, Mexicali Blues, Row Jimmy, Looks Like Rain, Stagger Lee, Promised Land | Never Trust a Woman, Estimated Prophet, Terrapin Station, Jam, Drums, Space, Not Fade Away, Black Peter, Around and Around, Good Lovin&#039; | U.S. Blues<br/>]]>
      </description>
      <styleUrl>#deadIcon</styleUrl>
      <LookAt>
        <longitude>-90.20181220</longitude>
        <latitude>38.62802160</latitude>
        <altitude>0</altitude>
        <heading>0</heading>
        <tilt>0</tilt>
        <range>2000</range>
      </LookAt>
      <Point>
        <coordinates>-90.20181220,38.62802160,0</coordinates>
      </Point>
    </Placemark>
    <Placemark>
      <name>Spectrum - May 4, 1982</name>
      <description>
        <![CDATA[<b>Date:</b> May 4, 1982<br/>
      <b>Venue:</b> Spectrum<br/>
      <b>Location:</b> Philadelphia, Pennsylvania, United States<br/>
      
      <b>Setlist:</b> Jack Straw, Friend of the Devil, El Paso, Deep Elem Blues, Cassidy, Tennessee Jed, The Little Red Rooster, Althea, Man Smart, Woman Smarter | Bertha, Playing in the Band, Ship of Fools, Drums, The Wheel, Playing in the Band, Wharf Rat, Good Lovin&#039; | Don&#039;t Ease Me In<br/>]]>
      </description>
      <styleUrl>#deadIcon</styleUrl>
      <LookAt>
        <longitude>-75.47605530</longitude>
        <latitude>40.13540730</latitude>
        <altitude>0</altitude>
        <heading>0</heading>
        <tilt>0</tilt>
        <range>2000</range>
      </LookAt>
      <Point>
        <coordinates>-75.47605530,40.13540730,0</coordinates>
      </Point>
    </Placemark>
    <Placemark>
      <name>Glen Helen Regional Park - May 9, 1982</name>
      <description>
        <![CDATA[<b>Date:</b> May 9, 1982<br/>
      <b>Venue:</b> Glen Helen Regional Park<br/>
      <b>Location:</b> San Bernardino, California, United States<br/>
      
      <b>Setlist:</b> Playing in the Band, Shakedown Street, Minglewood Blues, Samson and Delilah, China Cat Sunflower, I Know You Rider | Sugaree, Man Smart, Woman Smarter, Truckin&#039;, Drums, Space, Not Fade Away, Black Peter, Sugar Magnolia | U.S. Blues | (I Can&#039;t Get No) Satisfaction<br/>]]>
      </description>
      <styleUrl>#deadIcon</styleUrl>
      <LookAt>
        <longitude>-117.40884760</longitude>
        <latitude>34.20808550</latitude>
        <altitude>0</altitude>
        <heading>0</heading>
        <tilt>0</tilt>
        <range>2000</range>
      </LookAt>
      <Point>
        <coordinates>-117.40884760,34.20808550,0</coordinates>
      </Point>
    </Placemark>
    <Placemark>
      <name>Spectrum - June 4, 1982</name>
      <description>
        <![CDATA[<b>Date:</b> June 4, 1982<br/>
      <b>Venue:</b> Spectrum<br/>
      <b>Location:</b> Philadelphia, Pennsylvania, United States<br/>
      
      <b>Setlist:</b> Cold Rain and Snow, Promised Land, Candyman, See See Rider Blues, Brown-Eyed Women, Mama Tried, Mexicali Blues, Big Railroad Blues, Looks Like Rain, Jack-A-Roe, It&#039;s All Over Now, Might as Well | Shakedown Street, Lost Sailor, Saint of Circumstance, Terrapin Station, Drums, Truckin&#039;, The Other One, Morning Dew, Sugar Magnolia | It&#039;s All Over Now, Baby Blue<br/>]]>
      </description>
      <styleUrl>#deadIcon</styleUrl>
      <LookAt>
        <longitude>-75.47605530</longitude>
        <latitude>40.13540730</latitude>
        <altitude>0</altitude>
        <heading>0</heading>
        <tilt>0</tilt>
        <range>2000</range>
      </LookAt>
      <Point>
        <coordinates>-75.47605530,40.13540730,0</coordinates>
      </Point>
    </Placemark>
    <Placemark>
      <name>St. Paul Civic Center - June 8, 1982</name>
      <description>
        <![CDATA[<b>Date:</b> June 8, 1982<br/>
      <b>Venue:</b> St. Paul Civic Center<br/>
      <b>Location:</b> St. Paul, Minnesota, United States<br/>
      
      <b>Setlist:</b> Bertha, Minglewood Blues, Candyman, The Little Red Rooster, Bird Song, El Paso, Tennessee Jed, It&#039;s All Over Now, Lazy Lightning, Supplication, Might as Well | Scarlet Begonias, Fire on the Mountain, Lost Sailor, Saint of Circumstance, Drums, Truckin&#039;, Wharf Rat, Around and Around, Going Down the Road Feeling Bad, Johnny B. Goode | It&#039;s All Over Now, Baby Blue<br/>]]>
      </description>
      <styleUrl>#deadIcon</styleUrl>
      <LookAt>
        <longitude>-93.08995780</longitude>
        <latitude>44.95370290</latitude>
        <altitude>0</altitude>
        <heading>0</heading>
        <tilt>0</tilt>
        <range>2000</range>
      </LookAt>
      <Point>
        <coordinates>-93.08995780,44.95370290,0</coordinates>
      </Point>
    </Placemark>
    <Placemark>
      <name>Alpine Valley Music Theatre - July 8, 1982</name>
      <description>
        <![CDATA[<b>Date:</b> July 8, 1982<br/>
      <b>Venue:</b> Alpine Valley Music Theatre<br/>
      <b>Location:</b> East Troy, Wisconsin, United States<br/>
      
      <b>Setlist:</b> The Music Never Stopped, Sugaree, Me and My Uncle, Big River, It Must Have Been the Roses, See See Rider Blues, Ramble On Rose, Beat It on Down the Line, On the Road Again, Althea, Let It Grow | China Cat Sunflower, I Know You Rider, Man Smart, Woman Smarter, Ship of Fools, Playing in the Band, Drums, Space, The Wheel, Morning Dew, One More Saturday Night | U.S. Blues<br/>]]>
      </description>
      <styleUrl>#deadIcon</styleUrl>
      <LookAt>
        <longitude>-88.43400310</longitude>
        <latitude>42.73814790</latitude>
        <altitude>0</altitude>
        <heading>0</heading>
        <tilt>0</tilt>
        <range>2000</range>
      </LookAt>
      <Point>
        <coordinates>-88.43400310,42.73814790,0</coordinates>
      </Point>
    </Placemark>
    <Placemark>
      <name>Onondaga War Memorial Auditorium - August 4, 1982</name>
      <description>
        <![CDATA[<b>Date:</b> August 4, 1982<br/>
      <b>Venue:</b> Onondaga War Memorial Auditorium<br/>
      <b>Location:</b> Syracuse, New York, United States<br/>
      
      <b>Setlist:</b> Feel Like a Stranger, They Love Each Other, Me and My Uncle, Big River, Friend of the Devil, The Little Red Rooster, Ramble On Rose, Let It Grow | Funiculì, funiculà, Playing in the Band, Uncle John&#039;s Band, Estimated Prophet, Eyes of the World, Drums, Not Fade Away, Black Peter, Playing in the Band, Johnny B. Goode | U.S. Blues<br/>]]>
      </description>
      <styleUrl>#deadIcon</styleUrl>
      <LookAt>
        <longitude>-76.14820000</longitude>
        <latitude>43.04480000</latitude>
        <altitude>0</altitude>
        <heading>0</heading>
        <tilt>0</tilt>
        <range>2000</range>
      </LookAt>
      <Point>
        <coordinates>-76.14820000,43.04480000,0</coordinates>
      </Point>
    </Placemark>
    <Placemark>
      <name>Alpine Valley Music Theatre - August 8, 1982</name>
      <description>
        <![CDATA[<b>Date:</b> August 8, 1982<br/>
      <b>Venue:</b> Alpine Valley Music Theatre<br/>
      <b>Location:</b> East Troy, Wisconsin, United States<br/>
      
      <b>Setlist:</b> Alabama Getaway, Promised Land, They Love Each Other, Mama Tried, Mexicali Blues, Loser, The Little Red Rooster, Brown-Eyed Women, Looks Like Rain, Peggy-O, Samson and Delilah | Far From Me, Scarlet Begonias, Fire on the Mountain, Estimated Prophet, Drums, The Other One, Not Fade Away, Wharf Rat, Good Lovin&#039; | (I Can&#039;t Get No) Satisfaction, Brokedown Palace<br/>]]>
      </description>
      <styleUrl>#deadIcon</styleUrl>
      <LookAt>
        <longitude>-88.43400310</longitude>
        <latitude>42.73814790</latitude>
        <altitude>0</altitude>
        <heading>0</heading>
        <tilt>0</tilt>
        <range>2000</range>
      </LookAt>
      <Point>
        <coordinates>-88.43400310,42.73814790,0</coordinates>
      </Point>
    </Placemark>
    <Placemark>
      <name>Rochester Community War Memorial - September 4, 1982</name>
      <description>
        <![CDATA[<b>Date:</b> September 4, 1982<br/>
      <b>Venue:</b> Rochester Community War Memorial<br/>
      <b>Location:</b> Rochester, New York, United States<br/>
      
      <b>Setlist:</b> Alabama Getaway, Greatest Story Ever Told, Dire Wolf, See See Rider Blues, Bird Song, It&#039;s All Over Now, Loser, Minglewood Blues, China Cat Sunflower, I Know You Rider | Man Smart, Woman Smarter, To Lay Me Down, Lost Sailor, Saint of Circumstance, Drums, The Other One, Stella Blue, Going Down the Road Feeling Bad, (I Can&#039;t Get No) Satisfaction | Brokedown Palace<br/>]]>
      </description>
      <styleUrl>#deadIcon</styleUrl>
      <LookAt>
        <longitude>-77.61088320</longitude>
        <latitude>43.15383740</latitude>
        <altitude>0</altitude>
        <heading>0</heading>
        <tilt>0</tilt>
        <range>2000</range>
      </LookAt>
      <Point>
        <coordinates>-77.61088320,43.15383740,0</coordinates>
      </Point>
    </Placemark>
    <Placemark>
      <name>Saenger Performing Arts Theater - September 9, 1982</name>
      <description>
        <![CDATA[<b>Date:</b> September 9, 1982<br/>
      <b>Venue:</b> Saenger Performing Arts Theater<br/>
      <b>Location:</b> New Orleans, Louisiana, United States<br/>
      
      <b>Setlist:</b> Mississippi Half-Step Uptown Toodeloo, Franklin&#039;s Tower, Feel Like a Stranger, West L.A. Fadeaway, Mama Tried, Mexicali Blues, Althea | Uncle John&#039;s Band, Samson and Delilah, Uncle John&#039;s Band, Estimated Prophet, Eyes of the World, Drums, The Wheel, The Other One, Wharf Rat, Good Lovin&#039; | Keep Your Day Job, Johnny B. Goode<br/>]]>
      </description>
      <styleUrl>#deadIcon</styleUrl>
      <LookAt>
        <longitude>-90.06934960</longitude>
        <latitude>29.96308290</latitude>
        <altitude>0</altitude>
        <heading>0</heading>
        <tilt>0</tilt>
        <range>2000</range>
      </LookAt>
      <Point>
        <coordinates>-90.06934960,29.96308290,0</coordinates>
      </Point>
    </Placemark>
    <Placemark>
      <name>Frost Amphitheater - September 10, 1982</name>
      <description>
        <![CDATA[<b>Date:</b> September 10, 1982<br/>
      <b>Venue:</b> Frost Amphitheater<br/>
      <b>Location:</b> Stanford, California, United States<br/>
      
      <b>Setlist:</b> Alabama Getaway, Greatest Story Ever Told, They Love Each Other, On the Road Again, Beat It on Down the Line, West L.A. Fadeaway, Me and My Uncle, Big River, Dupree&#039;s Diamond Blues, The Music Never Stopped, Deal | Throwing Stones, Touch of Grey, Estimated Prophet, Eyes of the World, Drums, Truckin&#039;, The Other One, Morning Dew, One More Saturday Night | U.S. Blues<br/>]]>
      </description>
      <styleUrl>#deadIcon</styleUrl>
      <LookAt>
        <longitude>-122.16602680</longitude>
        <latitude>37.43072230</latitude>
        <altitude>0</altitude>
        <heading>0</heading>
        <tilt>0</tilt>
        <range>2000</range>
      </LookAt>
      <Point>
        <coordinates>-122.16602680,37.43072230,0</coordinates>
      </Point>
    </Placemark>
    <Placemark>
      <name>Iowa Field House - October 8, 1982</name>
      <description>
        <![CDATA[<b>Date:</b> October 8, 1982<br/>
      <b>Venue:</b> Iowa Field House<br/>
      <b>Location:</b> Iowa City, Iowa, United States<br/>
      
      <b>Setlist:</b> Feel Like a Stranger, Friend of the Devil, Minglewood Blues, Tennessee Jed, Cassidy, It Must Have Been the Roses, On the Road Again, Beat It on Down the Line, Stagger Lee, I Need a Miracle, Bertha | China Cat Sunflower, I Know You Rider, Lost Sailor, Saint of Circumstance, Eyes of the World, Drums, Iko Iko, Truckin&#039;, Stella Blue, Sugar Magnolia | It&#039;s All Over Now, Baby Blue, Johnny B. Goode<br/>]]>
      </description>
      <styleUrl>#deadIcon</styleUrl>
      <LookAt>
        <longitude>-91.54654690</longitude>
        <latitude>41.65837470</latitude>
        <altitude>0</altitude>
        <heading>0</heading>
        <tilt>0</tilt>
        <range>2000</range>
      </LookAt>
      <Point>
        <coordinates>-91.54654690,41.65837470,0</coordinates>
      </Point>
    </Placemark>
    <Placemark>
      <name>Frost Amphitheater - October 10, 1982</name>
      <description>
        <![CDATA[<b>Date:</b> October 10, 1982<br/>
      <b>Venue:</b> Frost Amphitheater<br/>
      <b>Location:</b> Stanford, California, United States<br/>
      
      <b>Setlist:</b> Minglewood Blues, Sugaree, The Little Red Rooster, Tennessee Jed, Cassidy, Loser, Far From Me, Looks Like Rain, China Cat Sunflower, I Know You Rider | Playing in the Band, Crazy Fingers, Lost Sailor, Saint of Circumstance, Touch of Grey, Drums, The Wheel, Throwing Stones, Not Fade Away, Black Peter, Sugar Magnolia | (I Can&#039;t Get No) Satisfaction, It&#039;s All Over Now, Baby Blue<br/>]]>
      </description>
      <styleUrl>#deadIcon</styleUrl>
      <LookAt>
        <longitude>-122.16602680</longitude>
        <latitude>37.43072230</latitude>
        <altitude>0</altitude>
        <heading>0</heading>
        <tilt>0</tilt>
        <range>2000</range>
      </LookAt>
      <Point>
        <coordinates>-122.16602680,37.43072230,0</coordinates>
      </Point>
    </Placemark>
    <Placemark>
      <name>Nassau Veterans Memorial Coliseum - November 4, 1982</name>
      <description>
        <![CDATA[<b>Date:</b> November 4, 1982<br/>
      <b>Venue:</b> Nassau Veterans Memorial Coliseum<br/>
      <b>Location:</b> Uniondale, New York, United States<br/>
      
      <b>Setlist:</b> Mississippi Half-Step Uptown Toodeloo, Franklin&#039;s Tower, El Paso, Candyman, The Little Red Rooster, Althea, Beat It on Down the Line, Row Jimmy, Let It Grow | Bertha, Samson and Delilah, Never Trust a Woman, He&#039;s Gone, Truckin&#039;, Drums, Space, Not Fade Away, Black Peter, Around and Around, Good Lovin&#039; | Don&#039;t Ease Me In<br/>]]>
      </description>
      <styleUrl>#deadIcon</styleUrl>
      <LookAt>
        <longitude>-73.59065280</longitude>
        <latitude>40.72327780</latitude>
        <altitude>0</altitude>
        <heading>0</heading>
        <tilt>0</tilt>
        <range>2000</range>
      </LookAt>
      <Point>
        <coordinates>-73.59065280,40.72327780,0</coordinates>
      </Point>
    </Placemark>
    <Placemark>
      <name>West Palm Beach Auditorium - November 9, 1982</name>
      <description>
        <![CDATA[<b>Date:</b> November 9, 1982<br/>
      <b>Venue:</b> West Palm Beach Auditorium<br/>
      <b>Location:</b> West Palm Beach, Florida, United States<br/>
      
      <b>Setlist:</b> Minglewood Blues, They Love Each Other, Me and My Uncle, Big River, Dupree&#039;s Diamond Blues, See See Rider Blues, Loser, Looks Like Rain, Tennessee Jed, Let It Grow | Scarlet Begonias, Fire on the Mountain, Lost Sailor, Saint of Circumstance, Terrapin Station, Drums, Truckin&#039;, Stella Blue, Around and Around, One More Saturday Night | It&#039;s All Over Now, Baby Blue<br/>]]>
      </description>
      <styleUrl>#deadIcon</styleUrl>
      <LookAt>
        <longitude>-80.08201820</longitude>
        <latitude>26.72375070</latitude>
        <altitude>0</altitude>
        <heading>0</heading>
        <tilt>0</tilt>
        <range>2000</range>
      </LookAt>
      <Point>
        <coordinates>-80.08201820,26.72375070,0</coordinates>
      </Point>
    </Placemark>
    <Placemark>
      <name>Nassau Veterans Memorial Coliseum - December 4, 1982</name>
      <description>
        <![CDATA[<b>Date:</b> December 4, 1982<br/>
      <b>Venue:</b> Nassau Veterans Memorial Coliseum<br/>
      <b>Location:</b> Uniondale, New York, United States<br/>
      
      <b>Setlist:</b> Iko Iko, Minglewood Blues, Peggy-O, Mama Tried, Mexicali Blues, Bird Song, See See Rider Blues, Tennessee Jed, Looks Like Rain, Deal | Man Smart, Woman Smarter, Sugaree, Estimated Prophet, Uncle John&#039;s Band, Drums, The Other One, Stella Blue, Sugar Magnolia | (I Can&#039;t Get No) Satisfaction<br/>]]>
      </description>
      <styleUrl>#deadIcon</styleUrl>
      <LookAt>
        <longitude>-73.59065280</longitude>
        <latitude>40.72327780</latitude>
        <altitude>0</altitude>
        <heading>0</heading>
        <tilt>0</tilt>
        <range>2000</range>
      </LookAt>
      <Point>
        <coordinates>-73.59065280,40.72327780,0</coordinates>
      </Point>
    </Placemark>
    <Placemark>
      <name>Lakeland Civic Center - December 9, 1982</name>
      <description>
        <![CDATA[<b>Date:</b> December 9, 1982<br/>
      <b>Venue:</b> Lakeland Civic Center<br/>
      <b>Location:</b> Lakeland, Florida, United States<br/>
      
      <b>Setlist:</b> Alabama Getaway, Greatest Story Ever Told, Friend of the Devil, Cassidy, West L.A. Fadeaway, The Little Red Rooster, Brown-Eyed Women, It&#039;s All Over Now, Might as Well | Man Smart, Woman Smarter, Ship of Fools, Playing in the Band, Drums, The Wheel, Not Fade Away, Morning Dew, Sugar Magnolia | Don&#039;t Ease Me In<br/>]]>
      </description>
      <styleUrl>#deadIcon</styleUrl>
      <LookAt>
        <longitude>-81.96307840</longitude>
        <latitude>28.04074000</latitude>
        <altitude>0</altitude>
        <heading>0</heading>
        <tilt>0</tilt>
        <range>2000</range>
      </LookAt>
      <Point>
        <coordinates>-81.96307840,28.04074000,0</coordinates>
      </Point>
    </Placemark>
    <Placemark>
      <name>BSU Pavilion - February 9, 1983</name>
      <description>
        <![CDATA[<b>Date:</b> February 9, 1983<br/>
      <b>Venue:</b> BSU Pavilion<br/>
      <b>Location:</b> Boise, Idaho, United States<br/>
      
      <b>Setlist:</b> Wang Dang Doodle, Jack Straw, They Love Each Other, Mama Tried, Big River, Brown-Eyed Women, Minglewood Blues, Big Railroad Blues, Looks Like Rain, Deal | Help on the Way, Slipknot!, Franklin&#039;s Tower, Estimated Prophet, Eyes of the World, Drums, Throwing Stones, Going Down the Road Feeling Bad, Black Peter, Sugar Magnolia | It&#039;s All Over Now, Baby Blue<br/>
      
      <b>Notes:</b> Released commercially as &#039;Dave&#039;s Picks Volume 27&#039; on July 27, 2018.<br/>]]>
      </description>
      <styleUrl>#deadIcon</styleUrl>
      <LookAt>
        <longitude>-116.19894250</longitude>
        <latitude>43.60358050</latitude>
        <altitude>0</altitude>
        <heading>0</heading>
        <tilt>0</tilt>
        <range>2000</range>
      </LookAt>
      <Point>
        <coordinates>-116.19894250,43.60358050,0</coordinates>
      </Point>
    </Placemark>
    <Placemark>
      <name>Park West - April 9, 1983</name>
      <description>
        <![CDATA[<b>Date:</b> April 9, 1983<br/>
      <b>Venue:</b> Park West<br/>
      <b>Location:</b> Park City, Utah, United States<br/>
      
      <b>Setlist:</b> Bertha, Promised Land, Friend of the Devil, The Little Red Rooster, Tennessee Jed, My Brother Esau, Althea, Hell in a Bucket, China Cat Sunflower, I Know You Rider | Scarlet Begonias, Fire on the Mountain, Man Smart, Woman Smarter, Drums, Spanish Jam, The Wheel, The Other One, Wharf Rat, Around and Around, One More Saturday Night | U.S. Blues<br/>]]>
      </description>
      <styleUrl>#deadIcon</styleUrl>
      <LookAt>
        <longitude>-111.49797290</longitude>
        <latitude>40.64606220</latitude>
        <altitude>0</altitude>
        <heading>0</heading>
        <tilt>0</tilt>
        <range>2000</range>
      </LookAt>
      <Point>
        <coordinates>-111.49797290,40.64606220,0</coordinates>
      </Point>
    </Placemark>
    <Placemark>
      <name>Red Rocks Amphitheatre - June 9, 1983</name>
      <description>
        <![CDATA[<b>Date:</b> June 9, 1983<br/>
      <b>Venue:</b> Red Rocks Amphitheatre<br/>
      <b>Location:</b> Morrison, Colorado, United States<br/>
      
      <b>Setlist:</b> Alabama Getaway, Greatest Story Ever Told, Peggy-O, Hell in a Bucket, Dupree&#039;s Diamond Blues, Minglewood Blues, Bird Song, Lazy Lightning, Supplication, Might as Well | Help on the Way, Slipknot!, Franklin&#039;s Tower, Playing in the Band, Drums, Space, Uncle John&#039;s Band, Playing in the Band, Throwing Stones, Not Fade Away | Brokedown Palace<br/>]]>
      </description>
      <styleUrl>#deadIcon</styleUrl>
      <LookAt>
        <longitude>-105.20521160</longitude>
        <latitude>39.66553810</latitude>
        <altitude>0</altitude>
        <heading>0</heading>
        <tilt>0</tilt>
        <range>2000</range>
      </LookAt>
      <Point>
        <coordinates>-105.20521160,39.66553810,0</coordinates>
      </Point>
    </Placemark>
    <Placemark>
      <name>Red Rocks Amphitheatre - July 9, 1983</name>
      <description>
        <![CDATA[<b>Date:</b> July 9, 1983<br/>
      <b>Venue:</b> Red Rocks Amphitheatre<br/>
      <b>Location:</b> Morrison, Colorado, United States<br/>
      
      <b>Setlist:</b> Jack Straw, Candyman, The Little Red Rooster, Loser, My Brother Esau, West L.A. Fadeaway, Cassidy, China Cat Sunflower, I Know You Rider | I Need a Miracle, Bertha, Samson and Delilah, He&#039;s Gone, Drums, Truckin&#039;, Stella Blue, Sugar Magnolia | U.S. Blues<br/>]]>
      </description>
      <styleUrl>#deadIcon</styleUrl>
      <LookAt>
        <longitude>-105.20521160</longitude>
        <latitude>39.66553810</latitude>
        <altitude>0</altitude>
        <heading>0</heading>
        <tilt>0</tilt>
        <range>2000</range>
      </LookAt>
      <Point>
        <coordinates>-105.20521160,39.66553810,0</coordinates>
      </Point>
    </Placemark>
    <Placemark>
      <name>Red Rocks Amphitheatre - August 9, 1983</name>
      <description>
        <![CDATA[<b>Date:</b> August 9, 1983<br/>
      <b>Venue:</b> Red Rocks Amphitheatre<br/>
      <b>Location:</b> Morrison, Colorado, United States<br/>
      
      <b>Setlist:</b> Shakedown Street, Mama Tried, Big River, Ramble On Rose, Hell in a Bucket, Brown-Eyed Women, Looks Like Rain, Deal | Scarlet Begonias, Fire on the Mountain, Estimated Prophet, Terrapin Station, Drums, Throwing Stones, Black Peter, Around and Around, Good Lovin&#039; | It&#039;s All Over Now, Baby Blue<br/>]]>
      </description>
      <styleUrl>#deadIcon</styleUrl>
      <LookAt>
        <longitude>-105.20521160</longitude>
        <latitude>39.66553810</latitude>
        <altitude>0</altitude>
        <heading>0</heading>
        <tilt>0</tilt>
        <range>2000</range>
      </LookAt>
      <Point>
        <coordinates>-105.20521160,39.66553810,0</coordinates>
      </Point>
    </Placemark>
    <Placemark>
      <name>Richmond Coliseum - August 10, 1983</name>
      <description>
        <![CDATA[<b>Date:</b> August 10, 1983<br/>
      <b>Venue:</b> Richmond Coliseum<br/>
      <b>Location:</b> Richmond, Virginia, United States<br/>
      
      <b>Setlist:</b> Feel Like a Stranger, Friend of the Devil, Minglewood Blues, Brown-Eyed Women, Cassidy, West L.A. Fadeaway, Hell in a Bucket, Deal | Keep Your Day Job, Playing in the Band, Crazy Fingers, Drums, Space, Truckin&#039;, Spoonful, Wharf Rat, Good Lovin&#039; | U.S. Blues<br/>]]>
      </description>
      <styleUrl>#deadIcon</styleUrl>
      <LookAt>
        <longitude>-77.43491500</longitude>
        <latitude>37.54502350</latitude>
        <altitude>0</altitude>
        <heading>0</heading>
        <tilt>0</tilt>
        <range>2000</range>
      </LookAt>
      <Point>
        <coordinates>-77.43491500,37.54502350,0</coordinates>
      </Point>
    </Placemark>
    <Placemark>
      <name>Hampton Coliseum - September 4, 1983</name>
      <description>
        <![CDATA[<b>Date:</b> September 4, 1983<br/>
      <b>Venue:</b> Hampton Coliseum<br/>
      <b>Location:</b> Hampton, Virginia, United States<br/>
      
      <b>Setlist:</b> Bertha, Promised Land, West L.A. Fadeaway, My Brother Esau, Candyman, Minglewood Blues, Brown-Eyed Women, Looks Like Rain, China Cat Sunflower, I Know You Rider | Help on the Way, Slipknot!, Franklin&#039;s Tower, Truckin&#039;, Smokestack Lightning, Drums, Space, Throwing Stones, Black Peter, Going Down the Road Feeling Bad, One More Saturday Night | (I Can&#039;t Get No) Satisfaction<br/>]]>
      </description>
      <styleUrl>#deadIcon</styleUrl>
      <LookAt>
        <longitude>-76.38132000</longitude>
        <latitude>37.03472800</latitude>
        <altitude>0</altitude>
        <heading>0</heading>
        <tilt>0</tilt>
        <range>2000</range>
      </LookAt>
      <Point>
        <coordinates>-76.38132000,37.03472800,0</coordinates>
      </Point>
    </Placemark>
    <Placemark>
      <name>Greensboro Coliseum - September 10, 1983</name>
      <description>
        <![CDATA[<b>Date:</b> September 10, 1983<br/>
      <b>Venue:</b> Greensboro Coliseum<br/>
      <b>Location:</b> Greensboro, North Carolina, United States<br/>
      
      <b>Setlist:</b> Shakedown Street, Samson and Delilah, Peggy-O, The Little Red Rooster, Candyman, My Brother Esau, Big Railroad Blues, Let It Grow | Touch of Grey, Estimated Prophet, Eyes of the World, Man Smart, Woman Smarter, Drums, Space, Not Fade Away, Sugar Magnolia | It&#039;s All Over Now, Baby Blue<br/>
      
      <b>Notes:</b> Soundcheck included: &#039;St. Stephen&#039;<br/>]]>
      </description>
      <styleUrl>#deadIcon</styleUrl>
      <LookAt>
        <longitude>-79.82502330</longitude>
        <latitude>36.05469500</latitude>
        <altitude>0</altitude>
        <heading>0</heading>
        <tilt>0</tilt>
        <range>2000</range>
      </LookAt>
      <Point>
        <coordinates>-79.82502330,36.05469500,0</coordinates>
      </Point>
    </Placemark>
    <Placemark>
      <name>WVU Coliseum - October 4, 1983</name>
      <description>
        <![CDATA[<b>Date:</b> October 4, 1983<br/>
      <b>Venue:</b> WVU Coliseum<br/>
      <b>Location:</b> Morgantown, West Virginia, United States<br/>
      
      <b>Setlist:</b> Samson and Delilah, Friend of the Devil, Me and My Uncle, Mexicali Blues, Althea, The Little Red Rooster, Tennessee Jed, My Brother Esau, Might as Well | Touch of Grey, Man Smart, Woman Smarter, Uncle John&#039;s Band, Playing in the Band, Drums, Space, The Wheel, China Doll, Sugar Magnolia | U.S. Blues<br/>]]>
      </description>
      <styleUrl>#deadIcon</styleUrl>
      <LookAt>
        <longitude>-79.98140320</longitude>
        <latitude>39.64935900</latitude>
        <altitude>0</altitude>
        <heading>0</heading>
        <tilt>0</tilt>
        <range>2000</range>
      </LookAt>
      <Point>
        <coordinates>-79.98140320,39.64935900,0</coordinates>
      </Point>
    </Placemark>
    <Placemark>
      <name>Downs at Santa Fe - October 9, 1983</name>
      <description>
        <![CDATA[<b>Date:</b> October 9, 1983<br/>
      <b>Venue:</b> Downs at Santa Fe<br/>
      <b>Location:</b> Santa Fe, New Mexico, United States<br/>
      
      <b>Setlist:</b> The Music Never Stopped, They Love Each Other, My Brother Esau, Big Railroad Blues, Beat It on Down the Line, Tennessee Jed, Minglewood Blues, China Cat Sunflower, I Know You Rider | Man Smart, Woman Smarter, Cumberland Blues, Playing in the Band, China Doll, Drums, Space, The Other One, Going Down the Road Feeling Bad, One More Saturday Night | Cold Rain and Snow<br/>]]>
      </description>
      <styleUrl>#deadIcon</styleUrl>
      <LookAt>
        <longitude>-106.07425600</longitude>
        <latitude>35.58884050</latitude>
        <altitude>0</altitude>
        <heading>0</heading>
        <tilt>0</tilt>
        <range>2000</range>
      </LookAt>
      <Point>
        <coordinates>-106.07425600,35.58884050,0</coordinates>
      </Point>
    </Placemark>
    <Placemark>
      <name>Downs at Santa Fe - November 9, 1983</name>
      <description>
        <![CDATA[<b>Date:</b> November 9, 1983<br/>
      <b>Venue:</b> Downs at Santa Fe<br/>
      <b>Location:</b> Santa Fe, New Mexico, United States<br/>
      
      <b>Setlist:</b> Alabama Getaway, Greatest Story Ever Told, Dire Wolf, Hell in a Bucket, West L.A. Fadeaway, Me and My Uncle, Mexicali Blues, Althea, See See Rider Blues, Might as Well | Help on the Way, Slipknot!, Franklin&#039;s Tower, Let It Grow, He&#039;s Gone, Drums, Truckin&#039;, Wang Dang Doodle, Morning Dew, Around and Around, Sugar Magnolia | U.S. Blues<br/>]]>
      </description>
      <styleUrl>#deadIcon</styleUrl>
      <LookAt>
        <longitude>-106.07425600</longitude>
        <latitude>35.58884050</latitude>
        <altitude>0</altitude>
        <heading>0</heading>
        <tilt>0</tilt>
        <range>2000</range>
      </LookAt>
      <Point>
        <coordinates>-106.07425600,35.58884050,0</coordinates>
      </Point>
    </Placemark>
    <Placemark>
      <name>Madison Square Garden - November 10, 1983</name>
      <description>
        <![CDATA[<b>Date:</b> November 10, 1983<br/>
      <b>Venue:</b> Madison Square Garden<br/>
      <b>Location:</b> New York, New York, United States<br/>
      
      <b>Setlist:</b> Wang Dang Doodle, Jack Straw, Loser, Me and My Uncle, Mexicali Blues, Bird Song, Hell in a Bucket, Keep Your Day Job | China Cat Sunflower, I Know You Rider, I Need a Miracle, Bertha, China Doll, Drums, St. Stephen, Throwing Stones, Touch of Grey | Johnny B. Goode<br/>]]>
      </description>
      <styleUrl>#deadIcon</styleUrl>
      <LookAt>
        <longitude>-73.99343870</longitude>
        <latitude>40.75050450</latitude>
        <altitude>0</altitude>
        <heading>0</heading>
        <tilt>0</tilt>
        <range>2000</range>
      </LookAt>
      <Point>
        <coordinates>-73.99343870,40.75050450,0</coordinates>
      </Point>
    </Placemark>
    <Placemark>
      <name>Broome County Veterans Memorial Arena - December 4, 1983</name>
      <description>
        <![CDATA[<b>Date:</b> December 4, 1983<br/>
      <b>Venue:</b> Broome County Veterans Memorial Arena<br/>
      <b>Location:</b> Binghamton, New York, United States<br/>
      
      <b>Setlist:</b> Alabama Getaway, Greatest Story Ever Told, Bird Song, Minglewood Blues, Peggy-O, Cassidy, Loser, It&#039;s All Over Now, Dupree&#039;s Diamond Blues, Let It Grow | Help on the Way, Slipknot!, Franklin&#039;s Tower, Lost Sailor, Saint of Circumstance, Terrapin Station, Drums, The Other One, Wharf Rat | Not Fade Away, It&#039;s All Over Now, Baby Blue<br/>]]>
      </description>
      <styleUrl>#deadIcon</styleUrl>
      <LookAt>
        <longitude>-75.91311640</longitude>
        <latitude>42.09562930</latitude>
        <altitude>0</altitude>
        <heading>0</heading>
        <tilt>0</tilt>
        <range>2000</range>
      </LookAt>
      <Point>
        <coordinates>-75.91311640,42.09562930,0</coordinates>
      </Point>
    </Placemark>
    <Placemark>
      <name>Madison Square Garden - December 10, 1983</name>
      <description>
        <![CDATA[<b>Date:</b> December 10, 1983<br/>
      <b>Venue:</b> Madison Square Garden<br/>
      <b>Location:</b> New York, New York, United States<br/>
      
      <b>Setlist:</b> Cold Rain and Snow, Minglewood Blues, Ramble On Rose, My Brother Esau, It Must Have Been the Roses, Cassidy, Cumberland Blues, Looks Like Rain, Might as Well | Help on the Way, Slipknot!, Franklin&#039;s Tower, Man Smart, Woman Smarter, He&#039;s Gone, Drums, Space, Truckin&#039;, Black Peter, Not Fade Away | Revolution<br/>]]>
      </description>
      <styleUrl>#deadIcon</styleUrl>
      <LookAt>
        <longitude>-73.99343870</longitude>
        <latitude>40.75050450</latitude>
        <altitude>0</altitude>
        <heading>0</heading>
        <tilt>0</tilt>
        <range>2000</range>
      </LookAt>
      <Point>
        <coordinates>-73.99343870,40.75050450,0</coordinates>
      </Point>
    </Placemark>
    <Placemark>
      <name>Marin Veterans&#039; Memorial Auditorium - January 4, 1984</name>
      <description>
        <![CDATA[<b>Date:</b> January 4, 1984<br/>
      <b>Venue:</b> Marin Veterans&#039; Memorial Auditorium<br/>
      <b>Location:</b> San Rafael, California, United States<br/>
      
      <b>Setlist:</b> Jack Straw, Friend of the Devil, Me and My Uncle, Mexicali Blues, Big Railroad Blues, Cassidy, Tennessee Jed, My Brother Esau, Don&#039;t Ease Me In | Help on the Way, Slipknot!, Franklin&#039;s Tower, Samson and Delilah, Terrapin Station, Drums, Space, Morning Dew, I Need a Miracle, Going Down the Road Feeling Bad, Good Lovin&#039; | Touch of Grey<br/>
      
      <b>Notes:</b> Rex Foundation benefit<br/>]]>
      </description>
      <styleUrl>#deadIcon</styleUrl>
      <LookAt>
        <longitude>-122.53350590</longitude>
        <latitude>38.00208180</latitude>
        <altitude>0</altitude>
        <heading>0</heading>
        <tilt>0</tilt>
        <range>2000</range>
      </LookAt>
      <Point>
        <coordinates>-122.53350590,38.00208180,0</coordinates>
      </Point>
    </Placemark>
    <Placemark>
      <name>Pine Knob Music Theatre - January 7, 1984</name>
      <description>
        <![CDATA[<b>Date:</b> January 7, 1984<br/>
      <b>Venue:</b> Pine Knob Music Theatre<br/>
      <b>Location:</b> Clarkston, Michigan, United States<br/>
      
      <b>Setlist:</b> Iko Iko, The Little Red Rooster, Brown-Eyed Women, Mama Tried, Big River, Tennessee Jed, Hell in a Bucket, Might as Well | China Cat Sunflower, I Know You Rider, Samson and Delilah, He&#039;s Gone, Drums, Space, China Doll, I Need a Miracle, Bertha, Sugar Magnolia | It&#039;s All Over Now, Baby Blue<br/>]]>
      </description>
      <styleUrl>#deadIcon</styleUrl>
      <LookAt>
        <longitude>-83.37228680</longitude>
        <latitude>42.74514600</latitude>
        <altitude>0</altitude>
        <heading>0</heading>
        <tilt>0</tilt>
        <range>2000</range>
      </LookAt>
      <Point>
        <coordinates>-83.37228680,42.74514600,0</coordinates>
      </Point>
    </Placemark>
    <Placemark>
      <name>Berkeley Community Theatre - February 11, 1984</name>
      <description>
        <![CDATA[<b>Date:</b> February 11, 1984<br/>
      <b>Venue:</b> Berkeley Community Theatre<br/>
      <b>Location:</b> Berkeley, California, United States<br/>
      
      <b>Setlist:</b> Jack Straw, Peggy-O, El Paso, Loser, Smokestack Lightning, Spoonful, Smokestack Lightning, Iko Iko | Help on the Way, Slipknot!, Franklin&#039;s Tower, Lost Sailor, Saint of Circumstance, Wharf Rat, Gimme Some Lovin&#039;, Drums, Space, Playing in the Band, Bertha, Good Lovin&#039; | Casey Jones<br/>]]>
      </description>
      <styleUrl>#deadIcon</styleUrl>
      <LookAt>
        <longitude>-122.27154320</longitude>
        <latitude>37.86879250</latitude>
        <altitude>0</altitude>
        <heading>0</heading>
        <tilt>0</tilt>
        <range>2000</range>
      </LookAt>
      <Point>
        <coordinates>-122.27154320,37.86879250,0</coordinates>
      </Point>
    </Placemark>
    <Placemark>
      <name>Starlight Theater - March 7, 1984</name>
      <description>
        <![CDATA[<b>Date:</b> March 7, 1984<br/>
      <b>Venue:</b> Starlight Theater<br/>
      <b>Location:</b> Kansas City, Missouri, United States<br/>
      
      <b>Setlist:</b> Alabama Getaway, Promised Land, Candyman, Cassidy, West L.A. Fadeaway, My Brother Esau, Loser, Looks Like Rain, Deal | Scarlet Begonias, Touch of Grey, Fire on the Mountain, Jam, Don&#039;t Need Love, Drums, Space, The Wheel, Throwing Stones, Not Fade Away | Keep Your Day Job<br/>]]>
      </description>
      <styleUrl>#deadIcon</styleUrl>
      <LookAt>
        <longitude>-94.53282210</longitude>
        <latitude>39.00745440</latitude>
        <altitude>0</altitude>
        <heading>0</heading>
        <tilt>0</tilt>
        <range>2000</range>
      </LookAt>
      <Point>
        <coordinates>-94.53282210,39.00745440,0</coordinates>
      </Point>
    </Placemark>
    <Placemark>
      <name>Berkeley Community Theatre - March 11, 1984</name>
      <description>
        <![CDATA[<b>Date:</b> March 11, 1984<br/>
      <b>Venue:</b> Berkeley Community Theatre<br/>
      <b>Location:</b> Berkeley, California, United States<br/>
      
      <b>Setlist:</b> Alabama Getaway, Promised Land, Friend of the Devil, Down in the Bottom, It Must Have Been the Roses, The Music Never Stopped, Deal | Feel Like a Stranger, Cumberland Blues, Gloria, Why Don&#039;t We Do It in the Road?, Drums, Space, Uncle John&#039;s Band, Dear Mr. Fantasy, Throwing Stones, Turn On Your Love Light | Brokedown Palace<br/>]]>
      </description>
      <styleUrl>#deadIcon</styleUrl>
      <LookAt>
        <longitude>-122.27154320</longitude>
        <latitude>37.86879250</latitude>
        <altitude>0</altitude>
        <heading>0</heading>
        <tilt>0</tilt>
        <range>2000</range>
      </LookAt>
      <Point>
        <coordinates>-122.27154320,37.86879250,0</coordinates>
      </Point>
    </Placemark>
    <Placemark>
      <name>Five Seasons Center - April 7, 1984</name>
      <description>
        <![CDATA[<b>Date:</b> April 7, 1984<br/>
      <b>Venue:</b> Five Seasons Center<br/>
      <b>Location:</b> Cedar Rapids, Iowa, United States<br/>
      
      <b>Setlist:</b> Feel Like a Stranger, Friend of the Devil, See See Rider Blues, Cumberland Blues, Beat It on Down the Line, Row Jimmy, Hell in a Bucket, Don&#039;t Ease Me In | Help on the Way, Slipknot!, Franklin&#039;s Tower, Far From Me, Estimated Prophet, He&#039;s Gone, Drums, Space, Truckin&#039;, Wharf Rat, Around and Around, Good Lovin&#039; | U.S. Blues<br/>]]>
      </description>
      <styleUrl>#deadIcon</styleUrl>
      <LookAt>
        <longitude>-91.69142840</longitude>
        <latitude>42.03344900</latitude>
        <altitude>0</altitude>
        <heading>0</heading>
        <tilt>0</tilt>
        <range>2000</range>
      </LookAt>
      <Point>
        <coordinates>-91.69142840,42.03344900,0</coordinates>
      </Point>
    </Placemark>
    <Placemark>
      <name>Charlotte Coliseum - May 10, 1984</name>
      <description>
        <![CDATA[<b>Date:</b> May 10, 1984<br/>
      <b>Venue:</b> Charlotte Coliseum<br/>
      <b>Location:</b> Charlotte, North Carolina, United States<br/>
      
      <b>Setlist:</b> Bertha, Promised Land, West L.A. Fadeaway, The Little Red Rooster, Dupree&#039;s Diamond Blues, My Brother Esau, Brown-Eyed Women, Feel Like a Stranger, Might as Well | China Cat Sunflower, I Know You Rider, Estimated Prophet, Eyes of the World, Drums, Space, The Other One, Black Peter, Sugar Magnolia, Johnny B. Goode | It&#039;s All Over Now, Baby Blue<br/>]]>
      </description>
      <styleUrl>#deadIcon</styleUrl>
      <LookAt>
        <longitude>-80.79517330</longitude>
        <latitude>35.20509250</latitude>
        <altitude>0</altitude>
        <heading>0</heading>
        <tilt>0</tilt>
        <range>2000</range>
      </LookAt>
      <Point>
        <coordinates>-80.79517330,35.20509250,0</coordinates>
      </Point>
    </Placemark>
    <Placemark>
      <name>Aladdin Theater - June 4, 1984</name>
      <description>
        <![CDATA[<b>Date:</b> June 4, 1984<br/>
      <b>Venue:</b> Aladdin Theater<br/>
      <b>Location:</b> Las Vegas, Nevada, United States<br/>
      
      <b>Setlist:</b> Bertha, Greatest Story Ever Told, They Love Each Other, It&#039;s All Over Now, Brown-Eyed Women, Hell in a Bucket, Ramble On Rose, The Music Never Stopped, Might as Well | China Cat Sunflower, I Know You Rider, Lost Sailor, Saint of Circumstance, Drums, Space, Eyes of the World, Truckin&#039;, Black Peter, Sugar Magnolia | U.S. Blues<br/>]]>
      </description>
      <styleUrl>#deadIcon</styleUrl>
      <LookAt>
        <longitude>-115.20233100</longitude>
        <latitude>36.13967150</latitude>
        <altitude>0</altitude>
        <heading>0</heading>
        <tilt>0</tilt>
        <range>2000</range>
      </LookAt>
      <Point>
        <coordinates>-115.20233100,36.13967150,0</coordinates>
      </Point>
    </Placemark>
    <Placemark>
      <name>Silva Concert Hall - June 5, 1984</name>
      <description>
        <![CDATA[<b>Date:</b> June 5, 1984<br/>
      <b>Venue:</b> Silva Concert Hall<br/>
      <b>Location:</b> Eugene, Oregon, United States<br/>
      
      <b>Setlist:</b> Hell in a Bucket, Dire Wolf, The Little Red Rooster, Dupree&#039;s Diamond Blues, Cassidy, West L.A. Fadeaway, Beat It on Down the Line, Touch of Grey | Uncle John&#039;s Band, Samson and Delilah, Ship of Fools, Playing in the Band, China Doll, Drums, Space, Truckin&#039;, Spoonful, Black Peter, Around and Around | Keep Your Day Job<br/>]]>
      </description>
      <styleUrl>#deadIcon</styleUrl>
      <LookAt>
        <longitude>-123.10583840</longitude>
        <latitude>44.02818580</latitude>
        <altitude>0</altitude>
        <heading>0</heading>
        <tilt>0</tilt>
        <range>2000</range>
      </LookAt>
      <Point>
        <coordinates>-123.10583840,44.02818580,0</coordinates>
      </Point>
    </Placemark>
    <Placemark>
      <name>Alpine Valley Music Theatre - June 7, 1984</name>
      <description>
        <![CDATA[<b>Date:</b> June 7, 1984<br/>
      <b>Venue:</b> Alpine Valley Music Theatre<br/>
      <b>Location:</b> East Troy, Wisconsin, United States<br/>
      
      <b>Setlist:</b> Iko Iko, Jack Straw, Big Railroad Blues, The Little Red Rooster, Candyman, Me and My Uncle, Mexicali Blues, Bird Song, Let It Grow | China Cat Sunflower, I Know You Rider, Ship of Fools, Man Smart, Woman Smarter, Drums, Space, Dear Mr. Fantasy, The Other One, Black Peter, Why Don&#039;t We Do It in the Road?, Around and Around, Sugar Magnolia | Touch of Grey<br/>]]>
      </description>
      <styleUrl>#deadIcon</styleUrl>
      <LookAt>
        <longitude>-88.43400310</longitude>
        <latitude>42.73814790</latitude>
        <altitude>0</altitude>
        <heading>0</heading>
        <tilt>0</tilt>
        <range>2000</range>
      </LookAt>
      <Point>
        <coordinates>-88.43400310,42.73814790,0</coordinates>
      </Point>
    </Placemark>
    <Placemark>
      <name>Richmond Coliseum - June 10, 1984</name>
      <description>
        <![CDATA[<b>Date:</b> June 10, 1984<br/>
      <b>Venue:</b> Richmond Coliseum<br/>
      <b>Location:</b> Richmond, Virginia, United States<br/>
      
      <b>Setlist:</b> Hell in a Bucket, Dire Wolf, Cassidy, They Love Each Other, Minglewood Blues, Tennessee Jed, Looks Like Rain, Don&#039;t Ease Me In | Scarlet Begonias, Fire on the Mountain, Playing in the Band, China Doll, Drums, Space, Throwing Stones, Going Down the Road Feeling Bad, One More Saturday Night | Keep Your Day Job<br/>]]>
      </description>
      <styleUrl>#deadIcon</styleUrl>
      <LookAt>
        <longitude>-77.43491500</longitude>
        <latitude>37.54502350</latitude>
        <altitude>0</altitude>
        <heading>0</heading>
        <tilt>0</tilt>
        <range>2000</range>
      </LookAt>
      <Point>
        <coordinates>-77.43491500,37.54502350,0</coordinates>
      </Point>
    </Placemark>
    <Placemark>
      <name>Irvine Meadows Amphitheatre - July 4, 1984</name>
      <description>
        <![CDATA[<b>Date:</b> July 4, 1984<br/>
      <b>Venue:</b> Irvine Meadows Amphitheatre<br/>
      <b>Location:</b> Irvine, California, United States<br/>
      
      <b>Setlist:</b> Feel Like a Stranger, West L.A. Fadeaway, Me and My Uncle, Mexicali Blues, Althea, See See Rider Blues, Big Railroad Blues, My Brother Esau, Touch of Grey | Iko Iko, Playing in the Band, Uncle John&#039;s Band, Drums, Spanish Jam, The Other One, Throwing Stones, Wharf Rat, Not Fade Away | Not Fade Away, One More Saturday Night<br/>]]>
      </description>
      <styleUrl>#deadIcon</styleUrl>
      <LookAt>
        <longitude>-117.72939390</longitude>
        <latitude>33.65775530</latitude>
        <altitude>0</altitude>
        <heading>0</heading>
        <tilt>0</tilt>
        <range>2000</range>
      </LookAt>
      <Point>
        <coordinates>-117.72939390,33.65775530,0</coordinates>
      </Point>
    </Placemark>
    <Placemark>
      <name>Silva Concert Hall - July 5, 1984</name>
      <description>
        <![CDATA[<b>Date:</b> July 5, 1984<br/>
      <b>Venue:</b> Silva Concert Hall<br/>
      <b>Location:</b> Eugene, Oregon, United States<br/>
      
      <b>Setlist:</b> Iko Iko, See See Rider Blues, Loser, Mama Tried, Big River, Bird Song, My Brother Esau, Deal | China Cat Sunflower, I Know You Rider, Estimated Prophet, Eyes of the World, Drums, Space, The Wheel, Throwing Stones, Not Fade Away | It&#039;s All Over Now, Baby Blue<br/>]]>
      </description>
      <styleUrl>#deadIcon</styleUrl>
      <LookAt>
        <longitude>-123.10583840</longitude>
        <latitude>44.02818580</latitude>
        <altitude>0</altitude>
        <heading>0</heading>
        <tilt>0</tilt>
        <range>2000</range>
      </LookAt>
      <Point>
        <coordinates>-123.10583840,44.02818580,0</coordinates>
      </Point>
    </Placemark>
    <Placemark>
      <name>Alpine Valley Music Theatre - July 7, 1984</name>
      <description>
        <![CDATA[<b>Date:</b> July 7, 1984<br/>
      <b>Venue:</b> Alpine Valley Music Theatre<br/>
      <b>Location:</b> East Troy, Wisconsin, United States<br/>
      
      <b>Setlist:</b> Hell in a Bucket, Dire Wolf, Minglewood Blues, Dupree&#039;s Diamond Blues, My Brother Esau, Brown-Eyed Women, Looks Like Rain, Might as Well | Samson and Delilah, Cold Rain and Snow, Playing in the Band, China Doll, Drums, Space, Terrapin Station, Throwing Stones, Not Fade Away, Turn On Your Love Light | Brokedown Palace<br/>]]>
      </description>
      <styleUrl>#deadIcon</styleUrl>
      <LookAt>
        <longitude>-88.43400310</longitude>
        <latitude>42.73814790</latitude>
        <altitude>0</altitude>
        <heading>0</heading>
        <tilt>0</tilt>
        <range>2000</range>
      </LookAt>
      <Point>
        <coordinates>-88.43400310,42.73814790,0</coordinates>
      </Point>
    </Placemark>
    <Placemark>
      <name>Silva Concert Hall - August 5, 1984</name>
      <description>
        <![CDATA[<b>Date:</b> August 5, 1984<br/>
      <b>Venue:</b> Silva Concert Hall<br/>
      <b>Location:</b> Eugene, Oregon, United States<br/>
      
      <b>Setlist:</b> Jack Straw, Cold Rain and Snow, Minglewood Blues, Candyman, Me and My Uncle, Mexicali Blues, Tennessee Jed, Looks Like Rain, Might as Well | Scarlet Begonias, Touch of Grey, Man Smart, Woman Smarter, Terrapin Station, Drums, Space, The Other One, Wharf Rat, I Need a Miracle, Morning Dew | Sugar Magnolia, Brokedown Palace<br/>]]>
      </description>
      <styleUrl>#deadIcon</styleUrl>
      <LookAt>
        <longitude>-123.10583840</longitude>
        <latitude>44.02818580</latitude>
        <altitude>0</altitude>
        <heading>0</heading>
        <tilt>0</tilt>
        <range>2000</range>
      </LookAt>
      <Point>
        <coordinates>-123.10583840,44.02818580,0</coordinates>
      </Point>
    </Placemark>
    <Placemark>
      <name>Centrum in Worcester - August 10, 1984</name>
      <description>
        <![CDATA[<b>Date:</b> August 10, 1984<br/>
      <b>Venue:</b> Centrum in Worcester<br/>
      <b>Location:</b> Worcester, Massachusetts, United States<br/>
      
      <b>Setlist:</b> Iko Iko, Beat It on Down the Line, Candyman, See See Rider Blues, Bird Song, Lazy Lightning, Supplication, Deal | Terrapin Station, Samson and Delilah, I Just Want to Make Love to You, I Need a Miracle, Drums, Space, Truckin&#039;, Wharf Rat, Not Fade Away | U.S. Blues<br/>]]>
      </description>
      <styleUrl>#deadIcon</styleUrl>
      <LookAt>
        <longitude>-71.79854560</longitude>
        <latitude>42.26431310</latitude>
        <altitude>0</altitude>
        <heading>0</heading>
        <tilt>0</tilt>
        <range>2000</range>
      </LookAt>
      <Point>
        <coordinates>-71.79854560,42.26431310,0</coordinates>
      </Point>
    </Placemark>
    <Placemark>
      <name>Cal Expo Amphitheatre - September 6, 1984</name>
      <description>
        <![CDATA[<b>Date:</b> September 6, 1984<br/>
      <b>Venue:</b> Cal Expo Amphitheatre<br/>
      <b>Location:</b> Sacramento, California, United States<br/>
      
      <b>Setlist:</b> Iko Iko, Hell in a Bucket, Loser, Cassidy, Dupree&#039;s Diamond Blues, See See Rider Blues, Deal | I Need a Miracle, Bertha, Playing in the Band, China Doll, Drums, Space, Playing in the Band, Black Peter, Sugar Magnolia, One More Saturday Night | Keep Your Day Job<br/>]]>
      </description>
      <styleUrl>#deadIcon</styleUrl>
      <LookAt>
        <longitude>-121.42832160</longitude>
        <latitude>38.58909960</latitude>
        <altitude>0</altitude>
        <heading>0</heading>
        <tilt>0</tilt>
        <range>2000</range>
      </LookAt>
      <Point>
        <coordinates>-121.42832160,38.58909960,0</coordinates>
      </Point>
    </Placemark>
    <Placemark>
      <name>Centrum in Worcester - September 10, 1984</name>
      <description>
        <![CDATA[<b>Date:</b> September 10, 1984<br/>
      <b>Venue:</b> Centrum in Worcester<br/>
      <b>Location:</b> Worcester, Massachusetts, United States<br/>
      
      <b>Setlist:</b> Dancing in the Street, Friend of the Devil, Me and My Uncle, Mexicali Blues, Althea, My Brother Esau, Big Railroad Blues, Let It Grow | Help on the Way, Slipknot!, Franklin&#039;s Tower, Jack Straw, He&#039;s Gone, Smokestack Lightning, Drums, Space, The Wheel, Throwing Stones, Stella Blue, Around and Around, Johnny B. Goode | Revolution<br/>]]>
      </description>
      <styleUrl>#deadIcon</styleUrl>
      <LookAt>
        <longitude>-71.79854560</longitude>
        <latitude>42.26431310</latitude>
        <altitude>0</altitude>
        <heading>0</heading>
        <tilt>0</tilt>
        <range>2000</range>
      </LookAt>
      <Point>
        <coordinates>-71.79854560,42.26431310,0</coordinates>
      </Point>
    </Placemark>
    <Placemark>
      <name>Cal Expo Amphitheatre - October 6, 1984</name>
      <description>
        <![CDATA[<b>Date:</b> October 6, 1984<br/>
      <b>Venue:</b> Cal Expo Amphitheatre<br/>
      <b>Location:</b> Sacramento, California, United States<br/>
      
      <b>Setlist:</b> Feel Like a Stranger, They Love Each Other, Beat It on Down the Line, Dire Wolf, My Brother Esau, Bird Song, Minglewood Blues, Might as Well | China Cat Sunflower, I Know You Rider, Samson and Delilah, He&#039;s Gone, Don&#039;t Need Love, Drums, Space, Truckin&#039;, Throwing Stones, Not Fade Away | Brokedown Palace<br/>]]>
      </description>
      <styleUrl>#deadIcon</styleUrl>
      <LookAt>
        <longitude>-121.42832160</longitude>
        <latitude>38.58909960</latitude>
        <altitude>0</altitude>
        <heading>0</heading>
        <tilt>0</tilt>
        <range>2000</range>
      </LookAt>
      <Point>
        <coordinates>-121.42832160,38.58909960,0</coordinates>
      </Point>
    </Placemark>
    <Placemark>
      <name>Augusta Civic Center - November 10, 1984</name>
      <description>
        <![CDATA[<b>Date:</b> November 10, 1984<br/>
      <b>Venue:</b> Augusta Civic Center<br/>
      <b>Location:</b> Augusta, Maine, United States<br/>
      
      <b>Setlist:</b> Shakedown Street, Greatest Story Ever Told, Peggy-O, Mama Tried, Big River, Ramble On Rose, Looks Like Rain, Might as Well | Hell in a Bucket, Touch of Grey, Man Smart, Woman Smarter, Ship of Fools, Playing in the Band, Drums, Space, Dear Mr. Fantasy, Black Peter, Sugar Magnolia | Keep Your Day Job<br/>]]>
      </description>
      <styleUrl>#deadIcon</styleUrl>
      <LookAt>
        <longitude>-69.79889540</longitude>
        <latitude>44.34244430</latitude>
        <altitude>0</altitude>
        <heading>0</heading>
        <tilt>0</tilt>
        <range>2000</range>
      </LookAt>
      <Point>
        <coordinates>-69.79889540,44.34244430,0</coordinates>
      </Point>
    </Placemark>
    <Placemark>
      <name>Red Rocks Amphitheatre - December 6, 1984</name>
      <description>
        <![CDATA[<b>Date:</b> December 6, 1984<br/>
      <b>Venue:</b> Red Rocks Amphitheatre<br/>
      <b>Location:</b> Morrison, Colorado, United States<br/>
      
      <b>Setlist:</b> Alabama Getaway, Greatest Story Ever Told, Friend of the Devil, The Little Red Rooster, Big Railroad Blues, Me and My Uncle, Mexicali Blues, Althea, Looks Like Rain, Might as Well | Scarlet Begonias, Touch of Grey, Estimated Prophet, Eyes of the World, Drums, Space, The Other One, Wharf Rat, Around and Around, Johnny B. Goode | U.S. Blues<br/>]]>
      </description>
      <styleUrl>#deadIcon</styleUrl>
      <LookAt>
        <longitude>-105.20521160</longitude>
        <latitude>39.66553810</latitude>
        <altitude>0</altitude>
        <heading>0</heading>
        <tilt>0</tilt>
        <range>2000</range>
      </LookAt>
      <Point>
        <coordinates>-105.20521160,39.66553810,0</coordinates>
      </Point>
    </Placemark>
    <Placemark>
      <name>Augusta Civic Center - December 10, 1984</name>
      <description>
        <![CDATA[<b>Date:</b> December 10, 1984<br/>
      <b>Venue:</b> Augusta Civic Center<br/>
      <b>Location:</b> Augusta, Maine, United States<br/>
      
      <b>Setlist:</b> Feel Like a Stranger, It Must Have Been the Roses, On the Road Again, Jack-A-Roe, It&#039;s All Over Now, Cumberland Blues, The Music Never Stopped | Cold Rain and Snow, Lost Sailor, Saint of Circumstance, Don&#039;t Need Love, Uncle John&#039;s Band, Drums, Space, Playing in the Band, Morning Dew | Good Lovin&#039;<br/>]]>
      </description>
      <styleUrl>#deadIcon</styleUrl>
      <LookAt>
        <longitude>-69.79889540</longitude>
        <latitude>44.34244430</latitude>
        <altitude>0</altitude>
        <heading>0</heading>
        <tilt>0</tilt>
        <range>2000</range>
      </LookAt>
      <Point>
        <coordinates>-69.79889540,44.34244430,0</coordinates>
      </Point>
    </Placemark>
    <Placemark>
      <name>Cumberland County Civic Center - January 4, 1985</name>
      <description>
        <![CDATA[<b>Date:</b> January 4, 1985<br/>
      <b>Venue:</b> Cumberland County Civic Center<br/>
      <b>Location:</b> Portland, Maine, United States<br/>
      
      <b>Setlist:</b> Bertha, Greatest Story Ever Told, West L.A. Fadeaway, The Little Red Rooster, Bird Song, Just Like Tom Thumb&#039;s Blues, Looks Like Rain, Might as Well | China Cat Sunflower, I Know You Rider, Estimated Prophet, Eyes of the World, Drums, Space, The Other One, Stella Blue, Around and Around, Not Fade Away | It&#039;s All Over Now, Baby Blue<br/>]]>
      </description>
      <styleUrl>#deadIcon</styleUrl>
      <LookAt>
        <longitude>-70.25925500</longitude>
        <latitude>43.65552200</latitude>
        <altitude>0</altitude>
        <heading>0</heading>
        <tilt>0</tilt>
        <range>2000</range>
      </LookAt>
      <Point>
        <coordinates>-70.25925500,43.65552200,0</coordinates>
      </Point>
    </Placemark>
    <Placemark>
      <name>Merriweather Post Pavilion - January 7, 1985</name>
      <description>
        <![CDATA[<b>Date:</b> January 7, 1985<br/>
      <b>Venue:</b> Merriweather Post Pavilion<br/>
      <b>Location:</b> Columbia, Maryland, United States<br/>
      
      <b>Setlist:</b> Dancing in the Street, Dupree&#039;s Diamond Blues, Walkin&#039; Blues, Jack-A-Roe, My Brother Esau, Stagger Lee, Let It Grow, Keep Your Day Job | Scarlet Begonias, Fire on the Mountain, Playing in the Band, Uncle John&#039;s Band, Drums, Space, Dear Mr. Fantasy, Going Down the Road Feeling Bad, Good Lovin&#039; | (I Can&#039;t Get No) Satisfaction, It&#039;s All Over Now, Baby Blue<br/>]]>
      </description>
      <styleUrl>#deadIcon</styleUrl>
      <LookAt>
        <longitude>-76.86269950</longitude>
        <latitude>39.20888160</latitude>
        <altitude>0</altitude>
        <heading>0</heading>
        <tilt>0</tilt>
        <range>2000</range>
      </LookAt>
      <Point>
        <coordinates>-76.86269950,39.20888160,0</coordinates>
      </Point>
    </Placemark>
    <Placemark>
      <name>Richmond Coliseum - January 11, 1985</name>
      <description>
        <![CDATA[<b>Date:</b> January 11, 1985<br/>
      <b>Venue:</b> Richmond Coliseum<br/>
      <b>Location:</b> Richmond, Virginia, United States<br/>
      
      <b>Setlist:</b> Dancing in the Street, Cold Rain and Snow, The Little Red Rooster, Stagger Lee, Me and My Uncle, Big River, Brown-Eyed Women, Jack Straw, Don&#039;t Ease Me In | Samson and Delilah, High Time, He&#039;s Gone, Spoonful, Comes a Time, Lost Sailor, Drums, Space, Saint of Circumstance, Gimme Some Lovin&#039;, She Belongs to Me, Gloria | Keep Your Day Job<br/>]]>
      </description>
      <styleUrl>#deadIcon</styleUrl>
      <LookAt>
        <longitude>-77.43491500</longitude>
        <latitude>37.54502350</latitude>
        <altitude>0</altitude>
        <heading>0</heading>
        <tilt>0</tilt>
        <range>2000</range>
      </LookAt>
      <Point>
        <coordinates>-77.43491500,37.54502350,0</coordinates>
      </Point>
    </Placemark>
    <Placemark>
      <name>Civic Arena - February 7, 1985</name>
      <description>
        <![CDATA[<b>Date:</b> February 7, 1985<br/>
      <b>Venue:</b> Civic Arena<br/>
      <b>Location:</b> Pittsburgh, Pennsylvania, United States<br/>
      
      <b>Setlist:</b> Jack Straw, It Must Have Been the Roses, Minglewood Blues, Friend of the Devil, Cassidy, Big Railroad Blues, Promised Land | Man Smart, Woman Smarter, Crazy Fingers, Lost Sailor, Saint of Circumstance, Terrapin Station, Drums, Space, Wharf Rat, Throwing Stones, Turn On Your Love Light | Revolution, Brokedown Palace<br/>]]>
      </description>
      <styleUrl>#deadIcon</styleUrl>
      <LookAt>
        <longitude>-79.91663020</longitude>
        <latitude>40.45714620</latitude>
        <altitude>0</altitude>
        <heading>0</heading>
        <tilt>0</tilt>
        <range>2000</range>
      </LookAt>
      <Point>
        <coordinates>-79.91663020,40.45714620,0</coordinates>
      </Point>
    </Placemark>
    <Placemark>
      <name>The Zoo Amphitheatre - February 9, 1985</name>
      <description>
        <![CDATA[<b>Date:</b> February 9, 1985<br/>
      <b>Venue:</b> The Zoo Amphitheatre<br/>
      <b>Location:</b> Oklahoma City, Oklahoma, United States<br/>
      
      <b>Setlist:</b> Bertha, Greatest Story Ever Told, West L.A. Fadeaway, Mama Tried, Me and My Uncle, Stagger Lee, Iko Iko, Minglewood Blues, Ramble On Rose, Hell in a Bucket | China Cat Sunflower, I Know You Rider, Man Smart, Woman Smarter, Ship of Fools, Playing in the Band, Drums, Space, I Need a Miracle, China Doll, Around and Around, Good Lovin&#039; | Keep Your Day Job<br/>]]>
      </description>
      <styleUrl>#deadIcon</styleUrl>
      <LookAt>
        <longitude>-97.47456250</longitude>
        <latitude>35.51793750</latitude>
        <altitude>0</altitude>
        <heading>0</heading>
        <tilt>0</tilt>
        <range>2000</range>
      </LookAt>
      <Point>
        <coordinates>-97.47456250,35.51793750,0</coordinates>
      </Point>
    </Placemark>
    <Placemark>
      <name>Richmond Coliseum - February 11, 1985</name>
      <description>
        <![CDATA[<b>Date:</b> February 11, 1985<br/>
      <b>Venue:</b> Richmond Coliseum<br/>
      <b>Location:</b> Richmond, Virginia, United States<br/>
      
      <b>Setlist:</b> Bertha, Greatest Story Ever Told, Dupree&#039;s Diamond Blues, See See Rider Blues, Althea, My Brother Esau, Candyman, Let It Grow | Iko Iko, Estimated Prophet, Uncle John&#039;s Band, China Doll, Drums, Space, Morning Dew, Throwing Stones, Turn On Your Love Light | It&#039;s All Over Now, Baby Blue<br/>]]>
      </description>
      <styleUrl>#deadIcon</styleUrl>
      <LookAt>
        <longitude>-77.43491500</longitude>
        <latitude>37.54502350</latitude>
        <altitude>0</altitude>
        <heading>0</heading>
        <tilt>0</tilt>
        <range>2000</range>
      </LookAt>
      <Point>
        <coordinates>-77.43491500,37.54502350,0</coordinates>
      </Point>
    </Placemark>
    <Placemark>
      <name>Providence Civic Center - March 4, 1985</name>
      <description>
        <![CDATA[<b>Date:</b> March 4, 1985<br/>
      <b>Venue:</b> Providence Civic Center<br/>
      <b>Location:</b> Providence, Rhode Island, United States<br/>
      
      <b>Setlist:</b> Hell in a Bucket, Sugaree, Me and My Uncle, Mexicali Blues, Ramble On Rose, Down in the Bottom, I Ain&#039;t Superstitious, Row Jimmy, Let It Grow | Terrapin Station, Man Smart, Woman Smarter, Ship of Fools, Truckin&#039;, Spoonful, Drums, Space, Wharf Rat, Throwing Stones, Sugar Magnolia | Keep Your Day Job<br/>]]>
      </description>
      <styleUrl>#deadIcon</styleUrl>
      <LookAt>
        <longitude>-71.41795560</longitude>
        <latitude>41.82362810</latitude>
        <altitude>0</altitude>
        <heading>0</heading>
        <tilt>0</tilt>
        <range>2000</range>
      </LookAt>
      <Point>
        <coordinates>-71.41795560,41.82362810,0</coordinates>
      </Point>
    </Placemark>
    <Placemark>
      <name>Starlight Theater - March 9, 1985</name>
      <description>
        <![CDATA[<b>Date:</b> March 9, 1985<br/>
      <b>Venue:</b> Starlight Theater<br/>
      <b>Location:</b> Kansas City, Missouri, United States<br/>
      
      <b>Setlist:</b> Feel Like a Stranger, They Love Each Other, The Little Red Rooster, Dire Wolf, Cassidy, Big Railroad Blues, The Music Never Stopped, Don&#039;t Ease Me In | That&#039;s It for the Other One, Eyes of the World, Don&#039;t Need Love, Drums, Space, Nobody&#039;s Fault but Mine, Truckin&#039;, Smokestack Lightning, Comes a Time, Turn On Your Love Light | It&#039;s All Over Now, Baby Blue<br/>]]>
      </description>
      <styleUrl>#deadIcon</styleUrl>
      <LookAt>
        <longitude>-94.53282210</longitude>
        <latitude>39.00745440</latitude>
        <altitude>0</altitude>
        <heading>0</heading>
        <tilt>0</tilt>
        <range>2000</range>
      </LookAt>
      <Point>
        <coordinates>-94.53282210,39.00745440,0</coordinates>
      </Point>
    </Placemark>
    <Placemark>
      <name>Providence Civic Center - April 4, 1985</name>
      <description>
        <![CDATA[<b>Date:</b> April 4, 1985<br/>
      <b>Venue:</b> Providence Civic Center<br/>
      <b>Location:</b> Providence, Rhode Island, United States<br/>
      
      <b>Setlist:</b> Alabama Getaway, Jack Straw, Dire Wolf, El Paso, She Belongs to Me, My Brother Esau, Friend of the Devil, Lost Sailor, Saint of Circumstance, Deal | I Need a Miracle, Crazy Fingers, Samson and Delilah, He&#039;s Gone, Going Down the Road Feeling Bad, Drums, Space, The Wheel, Black Peter, Around and Around, Turn On Your Love Light | U.S. Blues<br/>]]>
      </description>
      <styleUrl>#deadIcon</styleUrl>
      <LookAt>
        <longitude>-71.41795560</longitude>
        <latitude>41.82362810</latitude>
        <altitude>0</altitude>
        <heading>0</heading>
        <tilt>0</tilt>
        <range>2000</range>
      </LookAt>
      <Point>
        <coordinates>-71.41795560,41.82362810,0</coordinates>
      </Point>
    </Placemark>
    <Placemark>
      <name>Centrum in Worcester - April 11, 1985</name>
      <description>
        <![CDATA[<b>Date:</b> April 11, 1985<br/>
      <b>Venue:</b> Centrum in Worcester<br/>
      <b>Location:</b> Worcester, Massachusetts, United States<br/>
      
      <b>Setlist:</b> Alabama Getaway, Promised Land, It Must Have Been the Roses, El Paso, West L.A. Fadeaway, Minglewood Blues, Big Railroad Blues, The Music Never Stopped, Might as Well | China Cat Sunflower, I Know You Rider, Playing in the Band, Terrapin Station, Drums, Space, The Wheel, Truckin&#039;, Wharf Rat, Sugar Magnolia | U.S. Blues<br/>]]>
      </description>
      <styleUrl>#deadIcon</styleUrl>
      <LookAt>
        <longitude>-71.79854560</longitude>
        <latitude>42.26431310</latitude>
        <altitude>0</altitude>
        <heading>0</heading>
        <tilt>0</tilt>
        <range>2000</range>
      </LookAt>
      <Point>
        <coordinates>-71.79854560,42.26431310,0</coordinates>
      </Point>
    </Placemark>
    <Placemark>
      <name>Red Rocks Amphitheatre - May 9, 1985</name>
      <description>
        <![CDATA[<b>Date:</b> May 9, 1985<br/>
      <b>Venue:</b> Red Rocks Amphitheatre<br/>
      <b>Location:</b> Morrison, Colorado, United States<br/>
      
      <b>Setlist:</b> Cold Rain and Snow, See See Rider Blues, Candyman, Beat It on Down the Line, Stagger Lee, Me and My Uncle, Big River, Peggy-O, Let It Grow | Scarlet Begonias, Fire on the Mountain, Estimated Prophet, Eyes of the World, Drums, Space, Gimme Some Lovin&#039;, Wharf Rat, Sugar Magnolia | Brokedown Palace<br/>]]>
      </description>
      <styleUrl>#deadIcon</styleUrl>
      <LookAt>
        <longitude>-105.20521160</longitude>
        <latitude>39.66553810</latitude>
        <altitude>0</altitude>
        <heading>0</heading>
        <tilt>0</tilt>
        <range>2000</range>
      </LookAt>
      <Point>
        <coordinates>-105.20521160,39.66553810,0</coordinates>
      </Point>
    </Placemark>
    <Placemark>
      <name>Centrum in Worcester - May 11, 1985</name>
      <description>
        <![CDATA[<b>Date:</b> May 11, 1985<br/>
      <b>Venue:</b> Centrum in Worcester<br/>
      <b>Location:</b> Worcester, Massachusetts, United States<br/>
      
      <b>Setlist:</b> Hell in a Bucket, They Love Each Other, Kansas City, Tennessee Jed, It&#039;s All Over Now, Bird Song, Looks Like Rain, Don&#039;t Ease Me In | Shakedown Street, Man Smart, Woman Smarter, Ship of Fools, Supplication, Playing in the Band, Don&#039;t Need Love, Drums, Space, Just Like Tom Thumb&#039;s Blues, Going Down the Road Feeling Bad, Black Peter, Around and Around, Good Lovin&#039; | Brokedown Palace<br/>]]>
      </description>
      <styleUrl>#deadIcon</styleUrl>
      <LookAt>
        <longitude>-71.79854560</longitude>
        <latitude>42.26431310</latitude>
        <altitude>0</altitude>
        <heading>0</heading>
        <tilt>0</tilt>
        <range>2000</range>
      </LookAt>
      <Point>
        <coordinates>-71.79854560,42.26431310,0</coordinates>
      </Point>
    </Placemark>
    <Placemark>
      <name>Spectrum - June 4, 1985</name>
      <description>
        <![CDATA[<b>Date:</b> June 4, 1985<br/>
      <b>Venue:</b> Spectrum<br/>
      <b>Location:</b> Philadelphia, Pennsylvania, United States<br/>
      
      <b>Setlist:</b> Feel Like a Stranger, They Love Each Other, Minglewood Blues, Dupree&#039;s Diamond Blues, Mama Tried, Big River, Big Railroad Blues, Looks Like Rain, Don&#039;t Ease Me In | China Cat Sunflower, I Know You Rider, Playing in the Band, Uncle John&#039;s Band, Drums, Space, The Other One, Throwing Stones, Not Fade Away | One More Saturday Night<br/>]]>
      </description>
      <styleUrl>#deadIcon</styleUrl>
      <LookAt>
        <longitude>-75.47605530</longitude>
        <latitude>40.13540730</latitude>
        <altitude>0</altitude>
        <heading>0</heading>
        <tilt>0</tilt>
        <range>2000</range>
      </LookAt>
      <Point>
        <coordinates>-75.47605530,40.13540730,0</coordinates>
      </Point>
    </Placemark>
    <Placemark>
      <name>Red Rocks Amphitheatre - June 9, 1985</name>
      <description>
        <![CDATA[<b>Date:</b> June 9, 1985<br/>
      <b>Venue:</b> Red Rocks Amphitheatre<br/>
      <b>Location:</b> Morrison, Colorado, United States<br/>
      
      <b>Setlist:</b> Hell in a Bucket, Sugaree, It&#039;s All Over Now, Bird Song, El Paso, Don&#039;t Ease Me In | Iko Iko, Looks Like Rain, He&#039;s Gone, Spoonful, Drums, Space, The Wheel, Black Peter, Throwing Stones, Not Fade Away | U.S. Blues<br/>]]>
      </description>
      <styleUrl>#deadIcon</styleUrl>
      <LookAt>
        <longitude>-105.20521160</longitude>
        <latitude>39.66553810</latitude>
        <altitude>0</altitude>
        <heading>0</heading>
        <tilt>0</tilt>
        <range>2000</range>
      </LookAt>
      <Point>
        <coordinates>-105.20521160,39.66553810,0</coordinates>
      </Point>
    </Placemark>
    <Placemark>
      <name>Spectrum - July 4, 1985</name>
      <description>
        <![CDATA[<b>Date:</b> July 4, 1985<br/>
      <b>Venue:</b> Spectrum<br/>
      <b>Location:</b> Philadelphia, Pennsylvania, United States<br/>
      
      <b>Setlist:</b> Why Don&#039;t We Do It in the Road?, Mississippi Half-Step Uptown Toodeloo, See See Rider Blues, Bird Song, Dancing in the Street, Deal | Shakedown Street, Samson and Delilah, She Belongs to Me, Man Smart, Woman Smarter, Drums, Space, Gimme Some Lovin&#039;, Truckin&#039;, Smokestack Lightning, Morning Dew, Sugar Magnolia | Keep Your Day Job<br/>]]>
      </description>
      <styleUrl>#deadIcon</styleUrl>
      <LookAt>
        <longitude>-75.47605530</longitude>
        <latitude>40.13540730</latitude>
        <altitude>0</altitude>
        <heading>0</heading>
        <tilt>0</tilt>
        <range>2000</range>
      </LookAt>
      <Point>
        <coordinates>-75.47605530,40.13540730,0</coordinates>
      </Point>
    </Placemark>
    <Placemark>
      <name>Red Rocks Amphitheatre - July 9, 1985</name>
      <description>
        <![CDATA[<b>Date:</b> July 9, 1985<br/>
      <b>Venue:</b> Red Rocks Amphitheatre<br/>
      <b>Location:</b> Morrison, Colorado, United States<br/>
      
      <b>Setlist:</b> Mississippi Half-Step Uptown Toodeloo, Minglewood Blues, Brown-Eyed Women, My Brother Esau, Loser, Dupree&#039;s Diamond Blues, One More Saturday Night | Shakedown Street, Crazy Fingers, Samson and Delilah, Uncle John&#039;s Band, Playing in the Band, Drums, Space, Dear Mr. Fantasy, Hey Jude, Truckin&#039;, Comes a Time, Turn On Your Love Light | Johnny B. Goode, It&#039;s All Over Now, Baby Blue<br/>]]>
      </description>
      <styleUrl>#deadIcon</styleUrl>
      <LookAt>
        <longitude>-105.20521160</longitude>
        <latitude>39.66553810</latitude>
        <altitude>0</altitude>
        <heading>0</heading>
        <tilt>0</tilt>
        <range>2000</range>
      </LookAt>
      <Point>
        <coordinates>-105.20521160,39.66553810,0</coordinates>
      </Point>
    </Placemark>
    <Placemark>
      <name>Rochester Community War Memorial - July 11, 1985</name>
      <description>
        <![CDATA[<b>Date:</b> July 11, 1985<br/>
      <b>Venue:</b> Rochester Community War Memorial<br/>
      <b>Location:</b> Rochester, New York, United States<br/>
      
      <b>Setlist:</b> Dancing in the Street, Dire Wolf, See See Rider Blues, Loser, Mama Tried, Mexicali Blues, Cumberland Blues, Beat It on Down the Line, Deal | Touch of Grey, Samson and Delilah, High Time, Let It Grow, Drums, Space, Gimme Some Lovin&#039;, Stella Blue, Throwing Stones, Not Fade Away | In the Midnight Hour<br/>]]>
      </description>
      <styleUrl>#deadIcon</styleUrl>
      <LookAt>
        <longitude>-77.61088320</longitude>
        <latitude>43.15383740</latitude>
        <altitude>0</altitude>
        <heading>0</heading>
        <tilt>0</tilt>
        <range>2000</range>
      </LookAt>
      <Point>
        <coordinates>-77.61088320,43.15383740,0</coordinates>
      </Point>
    </Placemark>
    <Placemark>
      <name>Spectrum - August 4, 1985</name>
      <description>
        <![CDATA[<b>Date:</b> August 4, 1985<br/>
      <b>Venue:</b> Spectrum<br/>
      <b>Location:</b> Philadelphia, Pennsylvania, United States<br/>
      
      <b>Setlist:</b> In the Midnight Hour, Walking the Dog, Big Boss Man, Me and My Uncle, Cumberland Blues, Down in the Bottom, I Ain&#039;t Superstitious, Althea, Tons of Steel, Supplication, Might as Well | Revolution, Hell in a Bucket, Touch of Grey, Estimated Prophet, Eyes of the World, Drums, Space, Going Down the Road Feeling Bad, Stella Blue, Around and Around, Turn On Your Love Light | Brokedown Palace<br/>]]>
      </description>
      <styleUrl>#deadIcon</styleUrl>
      <LookAt>
        <longitude>-75.47605530</longitude>
        <latitude>40.13540730</latitude>
        <altitude>0</altitude>
        <heading>0</heading>
        <tilt>0</tilt>
        <range>2000</range>
      </LookAt>
      <Point>
        <coordinates>-75.47605530,40.13540730,0</coordinates>
      </Point>
    </Placemark>
    <Placemark>
      <name>Rochester Community War Memorial - August 11, 1985</name>
      <description>
        <![CDATA[<b>Date:</b> August 11, 1985<br/>
      <b>Venue:</b> Rochester Community War Memorial<br/>
      <b>Location:</b> Rochester, New York, United States<br/>
      
      <b>Setlist:</b> Iko Iko, The Little Red Rooster, Peggy-O, My Brother Esau, Brown-Eyed Women, Baby What You Want Me to Do, Jack Straw, Might as Well | Revolution, Estimated Prophet, Eyes of the World, Drums, Space, The Other One, I Need a Miracle, She Belongs to Me, Sugar Magnolia | (I Can&#039;t Get No) Satisfaction<br/>]]>
      </description>
      <styleUrl>#deadIcon</styleUrl>
      <LookAt>
        <longitude>-77.61088320</longitude>
        <latitude>43.15383740</latitude>
        <altitude>0</altitude>
        <heading>0</heading>
        <tilt>0</tilt>
        <range>2000</range>
      </LookAt>
      <Point>
        <coordinates>-77.61088320,43.15383740,0</coordinates>
      </Point>
    </Placemark>
    <Placemark>
      <name>Berkeley Community Theatre - September 3, 1985</name>
      <description>
        <![CDATA[<b>Date:</b> September 3, 1985<br/>
      <b>Venue:</b> Berkeley Community Theatre<br/>
      <b>Location:</b> Berkeley, California, United States<br/>
      
      <b>Setlist:</b> Bertha, One More Saturday Night, Sugaree, It&#039;s All Over Now, Row Jimmy, Let It Grow | China Cat Sunflower, Cumberland Blues, I Need a Miracle, Eyes of the World, Drums, Space, The Other One, The Wheel, Sugar Magnolia | It&#039;s All Over Now, Baby Blue<br/>
      
      <b>Notes:</b> Rex Foundation benefit.<br/>]]>
      </description>
      <styleUrl>#deadIcon</styleUrl>
      <LookAt>
        <longitude>-122.27154320</longitude>
        <latitude>37.86879250</latitude>
        <altitude>0</altitude>
        <heading>0</heading>
        <tilt>0</tilt>
        <range>2000</range>
      </LookAt>
      <Point>
        <coordinates>-122.27154320,37.86879250,0</coordinates>
      </Point>
    </Placemark>
    <Placemark>
      <name>Berkeley Community Theatre - October 3, 1985</name>
      <description>
        <![CDATA[<b>Date:</b> October 3, 1985<br/>
      <b>Venue:</b> Berkeley Community Theatre<br/>
      <b>Location:</b> Berkeley, California, United States<br/>
      
      <b>Setlist:</b> Feel Like a Stranger, Peggy-O, See See Rider Blues, Bird Song, Hell in a Bucket, Big Railroad Blues | Samson and Delilah, Terrapin Station, Truckin&#039;, Smokestack Lightning, Drums, Space, Stella Blue, Going Down the Road Feeling Bad, Around and Around, Johnny B. Goode | Keep Your Day Job<br/>
      
      <b>Notes:</b> Rex Foundation benefit.<br/>]]>
      </description>
      <styleUrl>#deadIcon</styleUrl>
      <LookAt>
        <longitude>-122.27154320</longitude>
        <latitude>37.86879250</latitude>
        <altitude>0</altitude>
        <heading>0</heading>
        <tilt>0</tilt>
        <range>2000</range>
      </LookAt>
      <Point>
        <coordinates>-122.27154320,37.86879250,0</coordinates>
      </Point>
    </Placemark>
    <Placemark>
      <name>Henry J. Kaiser Convention Center - October 9, 1985</name>
      <description>
        <![CDATA[<b>Date:</b> October 9, 1985<br/>
      <b>Venue:</b> Henry J. Kaiser Convention Center<br/>
      <b>Location:</b> Oakland, California, United States<br/>
      
      <b>Setlist:</b> Jack Straw, Peggy-O, The Little Red Rooster, Stagger Lee, Me and My Uncle, Mexicali Blues, Ramble On Rose, Cassidy, Don&#039;t Ease Me In | China Cat Sunflower, I Know You Rider, Estimated Prophet, Eyes of the World, Never Trust a Woman, Drums, Space, China Doll, Going Down the Road Feeling Bad, Around and Around, Sugar Magnolia | Keep Your Day Job<br/>]]>
      </description>
      <styleUrl>#deadIcon</styleUrl>
      <LookAt>
        <longitude>-122.26149000</longitude>
        <latitude>37.79778700</latitude>
        <altitude>0</altitude>
        <heading>0</heading>
        <tilt>0</tilt>
        <range>2000</range>
      </LookAt>
      <Point>
        <coordinates>-122.26149000,37.79778700,0</coordinates>
      </Point>
    </Placemark>
    <Placemark>
      <name>Brendan Byrne Arena - October 11, 1985</name>
      <description>
        <![CDATA[<b>Date:</b> October 11, 1985<br/>
      <b>Venue:</b> Brendan Byrne Arena<br/>
      <b>Location:</b> East Rutherford, New Jersey, United States<br/>
      
      <b>Setlist:</b> Touch of Grey, Hell in a Bucket, Sugaree, Cassidy, Stagger Lee, It&#039;s All Over Now, Row Jimmy, Feel Like a Stranger | Mississippi Half-Step Uptown Toodeloo, I Know You Rider, Playing in the Band, Uncle John&#039;s Band, Supplication, Drums, Space, Truckin&#039;, Comes a Time, Around and Around, Good Lovin&#039; | It&#039;s All Over Now, Baby Blue<br/>]]>
      </description>
      <styleUrl>#deadIcon</styleUrl>
      <LookAt>
        <longitude>-74.06760300</longitude>
        <latitude>40.81168380</latitude>
        <altitude>0</altitude>
        <heading>0</heading>
        <tilt>0</tilt>
        <range>2000</range>
      </LookAt>
      <Point>
        <coordinates>-74.06760300,40.81168380,0</coordinates>
      </Point>
    </Placemark>
    <Placemark>
      <name>Henry J. Kaiser Convention Center - November 9, 1985</name>
      <description>
        <![CDATA[<b>Date:</b> November 9, 1985<br/>
      <b>Venue:</b> Henry J. Kaiser Convention Center<br/>
      <b>Location:</b> Oakland, California, United States<br/>
      
      <b>Setlist:</b> Mississippi Half-Step Uptown Toodeloo, Minglewood Blues, Friend of the Devil, Beat It on Down the Line, Promised Land, Tennessee Jed, Let It Grow, Deal | Touch of Grey, Hell in a Bucket, Terrapin Station, Man Smart, Woman Smarter, Drums, Space, Gimme Some Lovin&#039;, Stella Blue, Good Lovin&#039; | U.S. Blues<br/>]]>
      </description>
      <styleUrl>#deadIcon</styleUrl>
      <LookAt>
        <longitude>-122.26149000</longitude>
        <latitude>37.79778700</latitude>
        <altitude>0</altitude>
        <heading>0</heading>
        <tilt>0</tilt>
        <range>2000</range>
      </LookAt>
      <Point>
        <coordinates>-122.26149000,37.79778700,0</coordinates>
      </Point>
    </Placemark>
    <Placemark>
      <name>Brendan Byrne Arena - November 11, 1985</name>
      <description>
        <![CDATA[<b>Date:</b> November 11, 1985<br/>
      <b>Venue:</b> Brendan Byrne Arena<br/>
      <b>Location:</b> East Rutherford, New Jersey, United States<br/>
      
      <b>Setlist:</b> Walking the Dog, Deal, Minglewood Blues, Althea, Me and My Uncle, Big River, Bird Song, Looks Like Rain, Don&#039;t Ease Me In | Scarlet Begonias, Fire on the Mountain, Estimated Prophet, Eyes of the World, Drums, Space, Dear Mr. Fantasy, Going Down the Road Feeling Bad, Throwing Stones, Turn On Your Love Light | Brokedown Palace<br/>]]>
      </description>
      <styleUrl>#deadIcon</styleUrl>
      <LookAt>
        <longitude>-74.06760300</longitude>
        <latitude>40.81168380</latitude>
        <altitude>0</altitude>
        <heading>0</heading>
        <tilt>0</tilt>
        <range>2000</range>
      </LookAt>
      <Point>
        <coordinates>-74.06760300,40.81168380,0</coordinates>
      </Point>
    </Placemark>
    <Placemark>
      <name>Berkeley Community Theatre - December 3, 1985</name>
      <description>
        <![CDATA[<b>Date:</b> December 3, 1985<br/>
      <b>Venue:</b> Berkeley Community Theatre<br/>
      <b>Location:</b> Berkeley, California, United States<br/>
      
      <b>Setlist:</b> Iko Iko, The Little Red Rooster, Dupree&#039;s Diamond Blues, Me and My Uncle, Big River, West L.A. Fadeaway, Looks Like Rain, Don&#039;t Ease Me In | Touch of Grey, Playing in the Band, Drums, Space, He&#039;s Gone, Throwing Stones, Not Fade Away, Turn On Your Love Light | U.S. Blues<br/>]]>
      </description>
      <styleUrl>#deadIcon</styleUrl>
      <LookAt>
        <longitude>-122.27154320</longitude>
        <latitude>37.86879250</latitude>
        <altitude>0</altitude>
        <heading>0</heading>
        <tilt>0</tilt>
        <range>2000</range>
      </LookAt>
      <Point>
        <coordinates>-122.27154320,37.86879250,0</coordinates>
      </Point>
    </Placemark>
    <Placemark>
      <name>Henry J. Kaiser Convention Center - December 9, 1985</name>
      <description>
        <![CDATA[<b>Date:</b> December 9, 1985<br/>
      <b>Venue:</b> Henry J. Kaiser Convention Center<br/>
      <b>Location:</b> Oakland, California, United States<br/>
      
      <b>Setlist:</b> Greatest Story Ever Told, Bertha, It&#039;s All Over Now, Row Jimmy, My Brother Esau, Big Railroad Blues, Looks Like Rain, Might as Well | Help on the Way, Slipknot!, Franklin&#039;s Tower, Playing in the Band, Drums, Space, The Other One, Black Peter, Throwing Stones, Not Fade Away | Drums, Brokedown Palace<br/>]]>
      </description>
      <styleUrl>#deadIcon</styleUrl>
      <LookAt>
        <longitude>-122.26149000</longitude>
        <latitude>37.79778700</latitude>
        <altitude>0</altitude>
        <heading>0</heading>
        <tilt>0</tilt>
        <range>2000</range>
      </LookAt>
      <Point>
        <coordinates>-122.26149000,37.79778700,0</coordinates>
      </Point>
    </Placemark>
    <Placemark>
      <name>Providence Civic Center - January 4, 1986</name>
      <description>
        <![CDATA[<b>Date:</b> January 4, 1986<br/>
      <b>Venue:</b> Providence Civic Center<br/>
      <b>Location:</b> Providence, Rhode Island, United States<br/>
      
      <b>Setlist:</b> Gimme Some Lovin&#039;, The Little Red Rooster, Stagger Lee, Cassidy, Tennessee Jed, Looks Like Rain, Big Railroad Blues, The Music Never Stopped | Shakedown Street, Estimated Prophet, Eyes of the World, Drums, Space, I Need a Miracle, Black Peter, Sugar Magnolia | Box of Rain<br/>]]>
      </description>
      <styleUrl>#deadIcon</styleUrl>
      <LookAt>
        <longitude>-71.41795560</longitude>
        <latitude>41.82362810</latitude>
        <altitude>0</altitude>
        <heading>0</heading>
        <tilt>0</tilt>
        <range>2000</range>
      </LookAt>
      <Point>
        <coordinates>-71.41795560,41.82362810,0</coordinates>
      </Point>
    </Placemark>
    <Placemark>
      <name>Rubber Bowl - February 7, 1986</name>
      <description>
        <![CDATA[<b>Date:</b> February 7, 1986<br/>
      <b>Venue:</b> Rubber Bowl<br/>
      <b>Location:</b> Akron, Ohio, United States<br/>
      
      <b>Setlist:</b> Alabama Getaway, Greatest Story Ever Told, They Love Each Other, The Little Red Rooster, Don&#039;t Think Twice, It&#039;s All Right, It&#039;s All Over Now, Baby Blue, Candyman, Me and My Uncle, Mexicali Blues, Don&#039;t Ease Me In | China Cat Sunflower, I Know You Rider, Playing in the Band, Desolation Row, Drums, Space, Truckin&#039;, Black Peter, Sugar Magnolia | Box of Rain<br/>
      
      <b>Notes:</b> Bob Dylan/Tom Petty &amp; The Heartbreakers opened the show.<br/>]]>
      </description>
      <styleUrl>#deadIcon</styleUrl>
      <LookAt>
        <longitude>-81.45593710</longitude>
        <latitude>41.03916540</latitude>
        <altitude>0</altitude>
        <heading>0</heading>
        <tilt>0</tilt>
        <range>2000</range>
      </LookAt>
      <Point>
        <coordinates>-81.45593710,41.03916540,0</coordinates>
      </Point>
    </Placemark>
    <Placemark>
      <name>Hartford Civic Center - March 4, 1986</name>
      <description>
        <![CDATA[<b>Date:</b> March 4, 1986<br/>
      <b>Venue:</b> Hartford Civic Center<br/>
      <b>Location:</b> Hartford, Connecticut, United States<br/>
      
      <b>Setlist:</b> Iko Iko, Minglewood Blues, Peggy-O, Me and My Uncle, Mexicali Blues, Bird Song, Supplication, Let It Grow, Don&#039;t Ease Me In | Uncle John&#039;s Band, Playing in the Band, Don&#039;t Need Love, Drums, Space, The Other One, Wharf Rat, Around and Around, Not Fade Away | It&#039;s All Over Now, Baby Blue<br/>]]>
      </description>
      <styleUrl>#deadIcon</styleUrl>
      <LookAt>
        <longitude>-72.67691180</longitude>
        <latitude>41.76848290</latitude>
        <altitude>0</altitude>
        <heading>0</heading>
        <tilt>0</tilt>
        <range>2000</range>
      </LookAt>
      <Point>
        <coordinates>-72.67691180,41.76848290,0</coordinates>
      </Point>
    </Placemark>
    <Placemark>
      <name>Cal Expo Amphitheatre - March 5, 1986</name>
      <description>
        <![CDATA[<b>Date:</b> March 5, 1986<br/>
      <b>Venue:</b> Cal Expo Amphitheatre<br/>
      <b>Location:</b> Sacramento, California, United States<br/>
      
      <b>Setlist:</b> Cold Rain and Snow, The Race Is On, They Love Each Other, See See Rider Blues, High Time, Beat It on Down the Line, Promised Land, Deal | Scarlet Begonias, Fire on the Mountain, Man Smart, Woman Smarter, Going Down the Road Feeling Bad, Drums, Space, The Other One, Comes a Time, Sugar Magnolia<br/>]]>
      </description>
      <styleUrl>#deadIcon</styleUrl>
      <LookAt>
        <longitude>-121.42832160</longitude>
        <latitude>38.58909960</latitude>
        <altitude>0</altitude>
        <heading>0</heading>
        <tilt>0</tilt>
        <range>2000</range>
      </LookAt>
      <Point>
        <coordinates>-121.42832160,38.58909960,0</coordinates>
      </Point>
    </Placemark>
    <Placemark>
      <name>Hartford Civic Center - April 4, 1986</name>
      <description>
        <![CDATA[<b>Date:</b> April 4, 1986<br/>
      <b>Venue:</b> Hartford Civic Center<br/>
      <b>Location:</b> Hartford, Connecticut, United States<br/>
      
      <b>Setlist:</b> Jack Straw, Dire Wolf, See See Rider Blues, Candyman, It&#039;s All Over Now, Crazy Fingers, Greatest Story Ever Told, Keep Your Day Job | Touch of Grey, Looks Like Rain, He&#039;s Gone, Smokestack Lightning, Drums, Space, The Wheel, Stella Blue, Throwing Stones, Turn On Your Love Light | Box of Rain<br/>]]>
      </description>
      <styleUrl>#deadIcon</styleUrl>
      <LookAt>
        <longitude>-72.67691180</longitude>
        <latitude>41.76848290</latitude>
        <altitude>0</altitude>
        <heading>0</heading>
        <tilt>0</tilt>
        <range>2000</range>
      </LookAt>
      <Point>
        <coordinates>-72.67691180,41.76848290,0</coordinates>
      </Point>
    </Placemark>
    <Placemark>
      <name>Cal Expo Amphitheatre - April 5, 1986</name>
      <description>
        <![CDATA[<b>Date:</b> April 5, 1986<br/>
      <b>Venue:</b> Cal Expo Amphitheatre<br/>
      <b>Location:</b> Sacramento, California, United States<br/>
      
      <b>Setlist:</b> One More Saturday Night, Mississippi Half-Step Uptown Toodeloo, The Little Red Rooster, Candyman, Me and My Uncle, Mexicali Blues, China Cat Sunflower, I Know You Rider | Gimme Some Lovin&#039;, Playing in the Band, Drums, Space, Uncle John&#039;s Band, I Need a Miracle, Wharf Rat, Around and Around, Good Lovin&#039; | Box of Rain<br/>]]>
      </description>
      <styleUrl>#deadIcon</styleUrl>
      <LookAt>
        <longitude>-121.42832160</longitude>
        <latitude>38.58909960</latitude>
        <altitude>0</altitude>
        <heading>0</heading>
        <tilt>0</tilt>
        <range>2000</range>
      </LookAt>
      <Point>
        <coordinates>-121.42832160,38.58909960,0</coordinates>
      </Point>
    </Placemark>
    <Placemark>
      <name>Rich Stadium - April 7, 1986</name>
      <description>
        <![CDATA[<b>Date:</b> April 7, 1986<br/>
      <b>Venue:</b> Rich Stadium<br/>
      <b>Location:</b> Orchard Park, New York, United States<br/>
      
      <b>Setlist:</b> Jack Straw, Dupree&#039;s Diamond Blues, See See Rider Blues, Tennessee Jed, My Brother Esau, Touch of Grey | Cold Rain and Snow, Fire on the Mountain, Samson and Delilah, The Wheel, I Need a Miracle, Uncle John&#039;s Band, Drums, Space, Gimme Some Lovin&#039;, Going Down the Road Feeling Bad, Turn On Your Love Light | U.S. Blues<br/>
      
      <b>Notes:</b> Bob Dylan/Tom Petty &amp; The Heartbreakers closed the show.<br/>]]>
      </description>
      <styleUrl>#deadIcon</styleUrl>
      <LookAt>
        <longitude>-78.78697230</longitude>
        <latitude>42.77375460</latitude>
        <altitude>0</altitude>
        <heading>0</heading>
        <tilt>0</tilt>
        <range>2000</range>
      </LookAt>
      <Point>
        <coordinates>-78.78697230,42.77375460,0</coordinates>
      </Point>
    </Placemark>
    <Placemark>
      <name>Robert F. Kennedy Memorial Stadium - June 7, 1986</name>
      <description>
        <![CDATA[<b>Date:</b> June 7, 1986<br/>
      <b>Venue:</b> Robert F. Kennedy Memorial Stadium<br/>
      <b>Location:</b> Washington, Washington, D.C., United States<br/>
      
      <b>Setlist:</b> Hell in a Bucket, Sugaree, Me and My Uncle, Big River, Row Jimmy, Cassidy, Althea, Let It Grow | Saint of Circumstance, Iko Iko, Looks Like Rain, He&#039;s Gone, Drums, Space, Stella Blue, Throwing Stones, Not Fade Away | Brokedown Palace<br/>]]>
      </description>
      <styleUrl>#deadIcon</styleUrl>
      <LookAt>
        <longitude>-76.97186980</longitude>
        <latitude>38.88985250</latitude>
        <altitude>0</altitude>
        <heading>0</heading>
        <tilt>0</tilt>
        <range>2000</range>
      </LookAt>
      <Point>
        <coordinates>-76.97186980,38.88985250,0</coordinates>
      </Point>
    </Placemark>
    <Placemark>
      <name>Robert F. Kennedy Memorial Stadium - July 7, 1986</name>
      <description>
        <![CDATA[<b>Date:</b> July 7, 1986<br/>
      <b>Venue:</b> Robert F. Kennedy Memorial Stadium<br/>
      <b>Location:</b> Washington, Washington, D.C., United States<br/>
      
      <b>Setlist:</b> Ramble On Rose, Minglewood Blues, It Must Have Been the Roses, It&#039;s All Over Now, Baby Blue, Desolation Row | Box of Rain, Playing in the Band, Terrapin Station, Drums, Space, The Other One, Wharf Rat, Around and Around, Good Lovin&#039; | (I Can&#039;t Get No) Satisfaction<br/>]]>
      </description>
      <styleUrl>#deadIcon</styleUrl>
      <LookAt>
        <longitude>-76.97186980</longitude>
        <latitude>38.88985250</latitude>
        <altitude>0</altitude>
        <heading>0</heading>
        <tilt>0</tilt>
        <range>2000</range>
      </LookAt>
      <Point>
        <coordinates>-76.97186980,38.88985250,0</coordinates>
      </Point>
    </Placemark>
    <Placemark>
      <name>Henry J. Kaiser Convention Center - August 2, 1986</name>
      <description>
        <![CDATA[<b>Date:</b> August 2, 1986<br/>
      <b>Venue:</b> Henry J. Kaiser Convention Center<br/>
      <b>Location:</b> Oakland, California, United States<br/>
      
      <b>Setlist:</b> Iko Iko, The Little Red Rooster, Peggy-O, Beat It on Down the Line, Stagger Lee, It&#039;s All Over Now, Bertha, One More Saturday Night | Mississippi Half-Step Uptown Toodeloo, Franklin&#039;s Tower, Playing in the Band, China Doll, Drums, Space, Gimme Some Lovin&#039;, Black Peter, Sugar Magnolia | Keep Your Day Job<br/>]]>
      </description>
      <styleUrl>#deadIcon</styleUrl>
      <LookAt>
        <longitude>-122.26149000</longitude>
        <latitude>37.79778700</latitude>
        <altitude>0</altitude>
        <heading>0</heading>
        <tilt>0</tilt>
        <range>2000</range>
      </LookAt>
      <Point>
        <coordinates>-122.26149000,37.79778700,0</coordinates>
      </Point>
    </Placemark>
    <Placemark>
      <name>Henry J. Kaiser Convention Center - September 2, 1986</name>
      <description>
        <![CDATA[<b>Date:</b> September 2, 1986<br/>
      <b>Venue:</b> Henry J. Kaiser Convention Center<br/>
      <b>Location:</b> Oakland, California, United States<br/>
      
      <b>Setlist:</b> Jack Straw, They Love Each Other, See See Rider Blues, Loser, Man Smart, Woman Smarter, Deal | Quinn the Eskimo (The Mighty Quinn), Samson and Delilah, He&#039;s Gone, Smokestack Lightning, Comes a Time, Drums, Space, The Other One, Around and Around, Good Lovin&#039; | It&#039;s All Over Now, Baby Blue<br/>]]>
      </description>
      <styleUrl>#deadIcon</styleUrl>
      <LookAt>
        <longitude>-122.26149000</longitude>
        <latitude>37.79778700</latitude>
        <altitude>0</altitude>
        <heading>0</heading>
        <tilt>0</tilt>
        <range>2000</range>
      </LookAt>
      <Point>
        <coordinates>-122.26149000,37.79778700,0</coordinates>
      </Point>
    </Placemark>
    <Placemark>
      <name>Frost Amphitheater - October 5, 1986</name>
      <description>
        <![CDATA[<b>Date:</b> October 5, 1986<br/>
      <b>Venue:</b> Frost Amphitheater<br/>
      <b>Location:</b> Stanford, California, United States<br/>
      
      <b>Setlist:</b> Bertha, Greatest Story Ever Told, West L.A. Fadeaway, Desolation Row, Tennessee Jed, Minglewood Blues, Big Railroad Blues, Let It Grow | Hell in a Bucket, Sugaree, Estimated Prophet, Eyes of the World, Drums, Space, The Wheel, China Doll, Throwing Stones, Turn On Your Love Light | Quinn the Eskimo (The Mighty Quinn)<br/>]]>
      </description>
      <styleUrl>#deadIcon</styleUrl>
      <LookAt>
        <longitude>-122.16602680</longitude>
        <latitude>37.43072230</latitude>
        <altitude>0</altitude>
        <heading>0</heading>
        <tilt>0</tilt>
        <range>2000</range>
      </LookAt>
      <Point>
        <coordinates>-122.16602680,37.43072230,0</coordinates>
      </Point>
    </Placemark>
    <Placemark>
      <name>Henry J. Kaiser Convention Center - November 2, 1986</name>
      <description>
        <![CDATA[<b>Date:</b> November 2, 1986<br/>
      <b>Venue:</b> Henry J. Kaiser Convention Center<br/>
      <b>Location:</b> Oakland, California, United States<br/>
      
      <b>Setlist:</b> China Cat Sunflower, I Know You Rider, Minglewood Blues, Dupree&#039;s Diamond Blues, Me and My Uncle, Mexicali Blues, Bird Song, The Music Never Stopped, Might as Well, Drums | Iko Iko, Eyes of the World, Drums, Truckin&#039;, Stella Blue, Not Fade Away | Hey! Bo Diddley, Going Down the Road Feeling Bad<br/>]]>
      </description>
      <styleUrl>#deadIcon</styleUrl>
      <LookAt>
        <longitude>-122.26149000</longitude>
        <latitude>37.79778700</latitude>
        <altitude>0</altitude>
        <heading>0</heading>
        <tilt>0</tilt>
        <range>2000</range>
      </LookAt>
      <Point>
        <coordinates>-122.26149000,37.79778700,0</coordinates>
      </Point>
    </Placemark>
    <Placemark>
      <name>Frost Amphitheater - November 5, 1986</name>
      <description>
        <![CDATA[<b>Date:</b> November 5, 1986<br/>
      <b>Venue:</b> Frost Amphitheater<br/>
      <b>Location:</b> Stanford, California, United States<br/>
      
      <b>Setlist:</b> Gimme Some Lovin&#039;, Dancing in the Street, Never Trust a Woman, Iko Iko, My Brother Esau, It Must Have Been the Roses, Cassidy, Might as Well | Samson and Delilah, Crazy Fingers, He&#039;s Gone, Smokestack Lightning, Drums, Space, The Other One, Comes a Time, Around and Around, Not Fade Away | I Need a Miracle, U.S. Blues<br/>]]>
      </description>
      <styleUrl>#deadIcon</styleUrl>
      <LookAt>
        <longitude>-122.16602680</longitude>
        <latitude>37.43072230</latitude>
        <altitude>0</altitude>
        <heading>0</heading>
        <tilt>0</tilt>
        <range>2000</range>
      </LookAt>
      <Point>
        <coordinates>-122.16602680,37.43072230,0</coordinates>
      </Point>
    </Placemark>
    <Placemark>
      <name>Henry J. Kaiser Convention Center - December 2, 1986</name>
      <description>
        <![CDATA[<b>Date:</b> December 2, 1986<br/>
      <b>Venue:</b> Henry J. Kaiser Convention Center<br/>
      <b>Location:</b> Oakland, California, United States<br/>
      
      <b>Setlist:</b> Hell in a Bucket, Sugaree, Tons of Steel, Tennessee Jed, Cassidy, Don&#039;t Ease Me In | Scarlet Begonias, Fire on the Mountain, Estimated Prophet, Drums, Space, Willie and the Hand Jive, The Wheel, In the Midnight Hour, Johnny B. Goode | U.S. Blues<br/>]]>
      </description>
      <styleUrl>#deadIcon</styleUrl>
      <LookAt>
        <longitude>-122.26149000</longitude>
        <latitude>37.79778700</latitude>
        <altitude>0</altitude>
        <heading>0</heading>
        <tilt>0</tilt>
        <range>2000</range>
      </LookAt>
      <Point>
        <coordinates>-122.26149000,37.79778700,0</coordinates>
      </Point>
    </Placemark>
    <Placemark>
      <name>Irvine Meadows Amphitheatre - December 4, 1986</name>
      <description>
        <![CDATA[<b>Date:</b> December 4, 1986<br/>
      <b>Venue:</b> Irvine Meadows Amphitheatre<br/>
      <b>Location:</b> Irvine, California, United States<br/>
      
      <b>Setlist:</b> Hell in a Bucket, Bertha, The Little Red Rooster, Loser, Beat It on Down the Line, Althea, Willie and the Hand Jive, Row Jimmy, Jack Straw | Cold Rain and Snow, Estimated Prophet, Eyes of the World, Drums, Space, Truckin&#039;, The Other One, Wharf Rat, One More Saturday Night | Quinn the Eskimo (The Mighty Quinn)<br/>]]>
      </description>
      <styleUrl>#deadIcon</styleUrl>
      <LookAt>
        <longitude>-117.72939390</longitude>
        <latitude>33.65775530</latitude>
        <altitude>0</altitude>
        <heading>0</heading>
        <tilt>0</tilt>
        <range>2000</range>
      </LookAt>
      <Point>
        <coordinates>-117.72939390,33.65775530,0</coordinates>
      </Point>
    </Placemark>
    <Placemark>
      <name>Henry J. Kaiser Convention Center - January 3, 1987</name>
      <description>
        <![CDATA[<b>Date:</b> January 3, 1987<br/>
      <b>Venue:</b> Henry J. Kaiser Convention Center<br/>
      <b>Location:</b> Oakland, California, United States<br/>
      
      <b>Setlist:</b> Touch of Grey, The Little Red Rooster, Peggy-O, Me and My Uncle, Mexicali Blues, When Push Comes to Shove, It&#039;s All Over Now, Row Jimmy, Let It Grow | Hell in a Bucket, Scarlet Begonias, Fire on the Mountain, Samson and Delilah, Black Muddy River, He&#039;s Gone, Drums, Space, The Other One, Black Peter, Around and Around, Good Lovin&#039; | Don&#039;t Ease Me In<br/>]]>
      </description>
      <styleUrl>#deadIcon</styleUrl>
      <LookAt>
        <longitude>-122.26149000</longitude>
        <latitude>37.79778700</latitude>
        <altitude>0</altitude>
        <heading>0</heading>
        <tilt>0</tilt>
        <range>2000</range>
      </LookAt>
      <Point>
        <coordinates>-122.26149000,37.79778700,0</coordinates>
      </Point>
    </Placemark>
    <Placemark>
      <name>Henry J. Kaiser Convention Center - February 3, 1987</name>
      <description>
        <![CDATA[<b>Date:</b> February 3, 1987<br/>
      <b>Venue:</b> Henry J. Kaiser Convention Center<br/>
      <b>Location:</b> Oakland, California, United States<br/>
      
      <b>Setlist:</b> Funiculì, funiculà, Jack Straw, Althea, See See Rider Blues, Bird Song, Beat It on Down the Line, Ramble On Rose, Feel Like a Stranger | China Cat Sunflower, I Know You Rider, Man Smart, Woman Smarter, Ship of Fools, Estimated Prophet, Eyes of the World, Drums, Space, Truckin&#039;, Morning Dew | Johnny B. Goode<br/>]]>
      </description>
      <styleUrl>#deadIcon</styleUrl>
      <LookAt>
        <longitude>-122.26149000</longitude>
        <latitude>37.79778700</latitude>
        <altitude>0</altitude>
        <heading>0</heading>
        <tilt>0</tilt>
        <range>2000</range>
      </LookAt>
      <Point>
        <coordinates>-122.26149000,37.79778700,0</coordinates>
      </Point>
    </Placemark>
    <Placemark>
      <name>Centrum in Worcester - February 4, 1987</name>
      <description>
        <![CDATA[<b>Date:</b> February 4, 1987<br/>
      <b>Venue:</b> Centrum in Worcester<br/>
      <b>Location:</b> Worcester, Massachusetts, United States<br/>
      
      <b>Setlist:</b> Cold Rain and Snow, Minglewood Blues, Dupree&#039;s Diamond Blues, Far From Me, Me and My Uncle, Mexicali Blues, When Push Comes to Shove, Beat It on Down the Line, Bird Song, The Music Never Stopped | Scarlet Begonias, Fire on the Mountain, Looks Like Rain, Eyes of the World, Drums, Space, Gimme Some Lovin&#039;, The Wheel, Black Peter, Around and Around, Good Lovin&#039; | Black Muddy River<br/>]]>
      </description>
      <styleUrl>#deadIcon</styleUrl>
      <LookAt>
        <longitude>-71.79854560</longitude>
        <latitude>42.26431310</latitude>
        <altitude>0</altitude>
        <heading>0</heading>
        <tilt>0</tilt>
        <range>2000</range>
      </LookAt>
      <Point>
        <coordinates>-71.79854560,42.26431310,0</coordinates>
      </Point>
    </Placemark>
    <Placemark>
      <name>Frost Amphitheater - February 5, 1987</name>
      <description>
        <![CDATA[<b>Date:</b> February 5, 1987<br/>
      <b>Venue:</b> Frost Amphitheater<br/>
      <b>Location:</b> Stanford, California, United States<br/>
      
      <b>Setlist:</b> Hell in a Bucket, West L.A. Fadeaway, Beat It on Down the Line, Stagger Lee, The Little Red Rooster, Dire Wolf, Far From Me, Jack Straw, When Push Comes to Shove, One More Saturday Night | China Cat Sunflower, I Know You Rider, Playing in the Band, Terrapin Station, Drums, Space, Truckin&#039;, Morning Dew, Around and Around, Turn On Your Love Light | Black Muddy River<br/>]]>
      </description>
      <styleUrl>#deadIcon</styleUrl>
      <LookAt>
        <longitude>-122.16602680</longitude>
        <latitude>37.43072230</latitude>
        <altitude>0</altitude>
        <heading>0</heading>
        <tilt>0</tilt>
        <range>2000</range>
      </LookAt>
      <Point>
        <coordinates>-122.16602680,37.43072230,0</coordinates>
      </Point>
    </Placemark>
    <Placemark>
      <name>Silver Stadium - February 7, 1987</name>
      <description>
        <![CDATA[<b>Date:</b> February 7, 1987<br/>
      <b>Venue:</b> Silver Stadium<br/>
      <b>Location:</b> Rochester, New York, United States<br/>
      
      <b>Setlist:</b> Hell in a Bucket, Bertha, Walkin&#039; Blues, Dire Wolf, My Brother Esau, When Push Comes to Shove, Tons of Steel, Me and My Uncle, Mexicali Blues, Brown-Eyed Women, Cassidy, Deal | China Cat Sunflower, I Know You Rider, Samson and Delilah, Looks Like Rain, He&#039;s Gone, Drums, Space, Going Down the Road Feeling Bad, All Along the Watchtower, Stella Blue, Sugar Magnolia | Black Muddy River<br/>]]>
      </description>
      <styleUrl>#deadIcon</styleUrl>
      <LookAt>
        <longitude>-77.63297390</longitude>
        <latitude>43.15393530</latitude>
        <altitude>0</altitude>
        <heading>0</heading>
        <tilt>0</tilt>
        <range>2000</range>
      </LookAt>
      <Point>
        <coordinates>-77.63297390,43.15393530,0</coordinates>
      </Point>
    </Placemark>
    <Placemark>
      <name>Shoreline Amphitheatre - February 10, 1987</name>
      <description>
        <![CDATA[<b>Date:</b> February 10, 1987<br/>
      <b>Venue:</b> Shoreline Amphitheatre<br/>
      <b>Location:</b> Mountain View, California, United States<br/>
      
      <b>Setlist:</b> Cold Rain and Snow, The Little Red Rooster, Stagger Lee, Me and My Uncle, Mexicali Blues, Row Jimmy, Far From Me, Let It Grow | China Cat Sunflower, I Know You Rider, Man Smart, Woman Smarter, Ship of Fools, Truckin&#039;, Drums, Space, The Wheel, Gimme Some Lovin&#039;, All Along the Watchtower, Don&#039;t Ease Me In | Black Muddy River<br/>]]>
      </description>
      <styleUrl>#deadIcon</styleUrl>
      <LookAt>
        <longitude>-122.08070230</longitude>
        <latitude>37.42683420</latitude>
        <altitude>0</altitude>
        <heading>0</heading>
        <tilt>0</tilt>
        <range>2000</range>
      </LookAt>
      <Point>
        <coordinates>-122.08070230,37.42683420,0</coordinates>
      </Point>
    </Placemark>
    <Placemark>
      <name>Henry J. Kaiser Convention Center - March 3, 1987</name>
      <description>
        <![CDATA[<b>Date:</b> March 3, 1987<br/>
      <b>Venue:</b> Henry J. Kaiser Convention Center<br/>
      <b>Location:</b> Oakland, California, United States<br/>
      
      <b>Setlist:</b> Quinn the Eskimo (The Mighty Quinn), Greatest Story Ever Told, Loser, Minglewood Blues, Tons of Steel, Cassidy, Mississippi Half-Step Uptown Toodeloo, Promised Land | Iko Iko, Saint of Circumstance, Terrapin Station, Drums, Space, Gimme Some Lovin&#039;, Wharf Rat, Throwing Stones, Touch of Grey | Brokedown Palace<br/>]]>
      </description>
      <styleUrl>#deadIcon</styleUrl>
      <LookAt>
        <longitude>-122.26149000</longitude>
        <latitude>37.79778700</latitude>
        <altitude>0</altitude>
        <heading>0</heading>
        <tilt>0</tilt>
        <range>2000</range>
      </LookAt>
      <Point>
        <coordinates>-122.26149000,37.79778700,0</coordinates>
      </Point>
    </Placemark>
    <Placemark>
      <name>Centrum in Worcester - March 4, 1987</name>
      <description>
        <![CDATA[<b>Date:</b> March 4, 1987<br/>
      <b>Venue:</b> Centrum in Worcester<br/>
      <b>Location:</b> Worcester, Massachusetts, United States<br/>
      
      <b>Setlist:</b> Hell in a Bucket, Sugaree, See See Rider Blues, It Must Have Been the Roses, It&#039;s All Over Now, Big Railroad Blues, Let It Grow, Don&#039;t Ease Me In | China Cat Sunflower, I Know You Rider, Man Smart, Woman Smarter, Crazy Fingers, Samson and Delilah, Drums, Space, The Other One, Wharf Rat, Throwing Stones, Not Fade Away | U.S. Blues<br/>]]>
      </description>
      <styleUrl>#deadIcon</styleUrl>
      <LookAt>
        <longitude>-71.79854560</longitude>
        <latitude>42.26431310</latitude>
        <altitude>0</altitude>
        <heading>0</heading>
        <tilt>0</tilt>
        <range>2000</range>
      </LookAt>
      <Point>
        <coordinates>-71.79854560,42.26431310,0</coordinates>
      </Point>
    </Placemark>
    <Placemark>
      <name>Frost Amphitheater - March 5, 1987</name>
      <description>
        <![CDATA[<b>Date:</b> March 5, 1987<br/>
      <b>Venue:</b> Frost Amphitheater<br/>
      <b>Location:</b> Stanford, California, United States<br/>
      
      <b>Setlist:</b> Touch of Grey, Promised Land, Row Jimmy, Peggy-O, Never Trust a Woman, Cassidy, Don&#039;t Ease Me In | Iko Iko, Feel Like a Stranger, Ship of Fools, Estimated Prophet, Drums, Space, The Other One, Black Peter, Throwing Stones, Not Fade Away | Quinn the Eskimo (The Mighty Quinn)<br/>]]>
      </description>
      <styleUrl>#deadIcon</styleUrl>
      <LookAt>
        <longitude>-122.16602680</longitude>
        <latitude>37.43072230</latitude>
        <altitude>0</altitude>
        <heading>0</heading>
        <tilt>0</tilt>
        <range>2000</range>
      </LookAt>
      <Point>
        <coordinates>-122.16602680,37.43072230,0</coordinates>
      </Point>
    </Placemark>
    <Placemark>
      <name>Shoreline Amphitheatre - March 10, 1987</name>
      <description>
        <![CDATA[<b>Date:</b> March 10, 1987<br/>
      <b>Venue:</b> Shoreline Amphitheatre<br/>
      <b>Location:</b> Mountain View, California, United States<br/>
      
      <b>Setlist:</b> Hey Pocky A-Way, Minglewood Blues, Candyman, The Addams Family Theme, When I Paint My Masterpiece, West L.A. Fadeaway, My Brother Esau, Bird Song, The Music Never Stopped | Maggie&#039;s Farm, Cumberland Blues, Looks Like Rain, Terrapin Station, Drums, Space, The Other One, Stella Blue, Throwing Stones, Turn On Your Love Light | Quinn the Eskimo (The Mighty Quinn)<br/>]]>
      </description>
      <styleUrl>#deadIcon</styleUrl>
      <LookAt>
        <longitude>-122.08070230</longitude>
        <latitude>37.42683420</latitude>
        <altitude>0</altitude>
        <heading>0</heading>
        <tilt>0</tilt>
        <range>2000</range>
      </LookAt>
      <Point>
        <coordinates>-122.08070230,37.42683420,0</coordinates>
      </Point>
    </Placemark>
    <Placemark>
      <name>Centrum in Worcester - April 4, 1987</name>
      <description>
        <![CDATA[<b>Date:</b> April 4, 1987<br/>
      <b>Venue:</b> Centrum in Worcester<br/>
      <b>Location:</b> Worcester, Massachusetts, United States<br/>
      
      <b>Setlist:</b> Touch of Grey, Greatest Story Ever Told, Althea, El Paso, Tennessee Jed, Cassidy, Never Trust a Woman, Box of Rain, Promised Land | Iko Iko, Playing in the Band, Comes a Time, Willie and the Hand Jive, Drums, Space, Truckin&#039;, Morning Dew | One More Saturday Night<br/>]]>
      </description>
      <styleUrl>#deadIcon</styleUrl>
      <LookAt>
        <longitude>-71.79854560</longitude>
        <latitude>42.26431310</latitude>
        <altitude>0</altitude>
        <heading>0</heading>
        <tilt>0</tilt>
        <range>2000</range>
      </LookAt>
      <Point>
        <coordinates>-71.79854560,42.26431310,0</coordinates>
      </Point>
    </Placemark>
    <Placemark>
      <name>Sullivan Stadium - April 7, 1987</name>
      <description>
        <![CDATA[<b>Date:</b> April 7, 1987<br/>
      <b>Venue:</b> Sullivan Stadium<br/>
      <b>Location:</b> Foxborough, Massachusetts, United States<br/>
      
      <b>Setlist:</b> Touch of Grey, Hell in a Bucket, West L.A. Fadeaway, Tons of Steel, The Little Red Rooster, Box of Rain, Althea, Uncle John&#039;s Band, Playing in the Band, Drums, Space, Truckin&#039;, The Other One, Wharf Rat, Throwing Stones<br/>
      
      <b>Notes:</b> Bob Dylan then came onstage and they performed as Bob Dylan &amp; Grateful Dead<br/>]]>
      </description>
      <styleUrl>#deadIcon</styleUrl>
      <LookAt>
        <longitude>-71.23047910</longitude>
        <latitude>42.06793650</latitude>
        <altitude>0</altitude>
        <heading>0</heading>
        <tilt>0</tilt>
        <range>2000</range>
      </LookAt>
      <Point>
        <coordinates>-71.23047910,42.06793650,0</coordinates>
      </Point>
    </Placemark>
    <Placemark>
      <name>Shoreline Amphitheatre - April 10, 1987</name>
      <description>
        <![CDATA[<b>Date:</b> April 10, 1987<br/>
      <b>Venue:</b> Shoreline Amphitheatre<br/>
      <b>Location:</b> Mountain View, California, United States<br/>
      
      <b>Setlist:</b> Jack Straw, When Push Comes to Shove, Walkin&#039; Blues, High Time, Desolation Row, Iko Iko | Hell in a Bucket, Devil With the Blue Dress, Good Golly, Miss Molly, Estimated Prophet, Eyes of the World, Drums, Space, I Need a Miracle, Dear Mr. Fantasy, Wharf Rat, Not Fade Away | Touch of Grey, Brokedown Palace<br/>]]>
      </description>
      <styleUrl>#deadIcon</styleUrl>
      <LookAt>
        <longitude>-122.08070230</longitude>
        <latitude>37.42683420</latitude>
        <altitude>0</altitude>
        <heading>0</heading>
        <tilt>0</tilt>
        <range>2000</range>
      </LookAt>
      <Point>
        <coordinates>-122.08070230,37.42683420,0</coordinates>
      </Point>
    </Placemark>
    <Placemark>
      <name>Brendan Byrne Arena - June 4, 1987</name>
      <description>
        <![CDATA[<b>Date:</b> June 4, 1987<br/>
      <b>Venue:</b> Brendan Byrne Arena<br/>
      <b>Location:</b> East Rutherford, New Jersey, United States<br/>
      
      <b>Setlist:</b> Dancing in the Street, Franklin&#039;s Tower, The Little Red Rooster, Peggy-O, Me and My Uncle, Mexicali Blues, When Push Comes to Shove, Jack Straw, Deal | Feel Like a Stranger, Cumberland Blues, Tons of Steel, Saint of Circumstance, Drums, Space, Terrapin Station, The Other One, Stella Blue, Sugar Magnolia | Black Muddy River<br/>]]>
      </description>
      <styleUrl>#deadIcon</styleUrl>
      <LookAt>
        <longitude>-74.06760300</longitude>
        <latitude>40.81168380</latitude>
        <altitude>0</altitude>
        <heading>0</heading>
        <tilt>0</tilt>
        <range>2000</range>
      </LookAt>
      <Point>
        <coordinates>-74.06760300,40.81168380,0</coordinates>
      </Point>
    </Placemark>
    <Placemark>
      <name>Civic Arena - June 7, 1987</name>
      <description>
        <![CDATA[<b>Date:</b> June 7, 1987<br/>
      <b>Venue:</b> Civic Arena<br/>
      <b>Location:</b> Pittsburgh, Pennsylvania, United States<br/>
      
      <b>Setlist:</b> Feel Like a Stranger, Franklin&#039;s Tower, Minglewood Blues, Row Jimmy, Mama Tried, Big River, Far From Me, Stagger Lee, Desolation Row, Don&#039;t Ease Me In | Shakedown Street, Samson and Delilah, Iko Iko, Day-O (The Banana Boat Song), Man Smart, Woman Smarter, Drums, Space, Knockin&#039; on Heaven&#039;s Door, Good Lovin&#039; | Johnny B. Goode<br/>]]>
      </description>
      <styleUrl>#deadIcon</styleUrl>
      <LookAt>
        <longitude>-79.91663020</longitude>
        <latitude>40.45714620</latitude>
        <altitude>0</altitude>
        <heading>0</heading>
        <tilt>0</tilt>
        <range>2000</range>
      </LookAt>
      <Point>
        <coordinates>-79.91663020,40.45714620,0</coordinates>
      </Point>
    </Placemark>
    <Placemark>
      <name>Henry J. Kaiser Convention Center - June 11, 1987</name>
      <description>
        <![CDATA[<b>Date:</b> June 11, 1987<br/>
      <b>Venue:</b> Henry J. Kaiser Convention Center<br/>
      <b>Location:</b> Oakland, California, United States<br/>
      
      <b>Setlist:</b> Big Boss Man, Feel Like a Stranger, It Must Have Been the Roses, Minglewood Blues, When Push Comes to Shove, Me and My Uncle, Cumberland Blues, Let It Grow | Scarlet Begonias, Hell in a Bucket, He&#039;s Gone, Drums, Space, The Wheel, Gimme Some Lovin&#039;, Morning Dew, All Along the Watchtower | Black Muddy River<br/>
      
      <b>Notes:</b> Rex Foundation benefit<br/>]]>
      </description>
      <styleUrl>#deadIcon</styleUrl>
      <LookAt>
        <longitude>-122.26149000</longitude>
        <latitude>37.79778700</latitude>
        <altitude>0</altitude>
        <heading>0</heading>
        <tilt>0</tilt>
        <range>2000</range>
      </LookAt>
      <Point>
        <coordinates>-122.26149000,37.79778700,0</coordinates>
      </Point>
    </Placemark>
    <Placemark>
      <name>Brendan Byrne Arena - July 4, 1987</name>
      <description>
        <![CDATA[<b>Date:</b> July 4, 1987<br/>
      <b>Venue:</b> Brendan Byrne Arena<br/>
      <b>Location:</b> East Rutherford, New Jersey, United States<br/>
      
      <b>Setlist:</b> Touch of Grey, Minglewood Blues, Friend of the Devil, Beat It on Down the Line, Stagger Lee, Mama Tried, Big River, West L.A. Fadeaway, Hell in a Bucket, Don&#039;t Ease Me In | Box of Rain, I Need a Miracle, Bertha, Ship of Fools, Man Smart, Woman Smarter, Drums, Space, Gimme Some Lovin&#039;, Morning Dew, Throwing Stones, Not Fade Away | Quinn the Eskimo (The Mighty Quinn)<br/>]]>
      </description>
      <styleUrl>#deadIcon</styleUrl>
      <LookAt>
        <longitude>-74.06760300</longitude>
        <latitude>40.81168380</latitude>
        <altitude>0</altitude>
        <heading>0</heading>
        <tilt>0</tilt>
        <range>2000</range>
      </LookAt>
      <Point>
        <coordinates>-74.06760300,40.81168380,0</coordinates>
      </Point>
    </Placemark>
    <Placemark>
      <name>Roanoke Civic Center - July 7, 1987</name>
      <description>
        <![CDATA[<b>Date:</b> July 7, 1987<br/>
      <b>Venue:</b> Roanoke Civic Center<br/>
      <b>Location:</b> Roanoke, Virginia, United States<br/>
      
      <b>Setlist:</b> Funiculì, funiculà, Mississippi Half-Step Uptown Toodeloo, Walkin&#039; Blues, Candyman, My Brother Esau, When Push Comes to Shove, Me and My Uncle, Mexicali Blues, Bird Song, Promised Land | West L.A. Fadeaway, Cumberland Blues, Looks Like Rain, Eyes of the World, Drums, Space, The Wheel, Gimme Some Lovin&#039;, Morning Dew, Turn On Your Love Light | U.S. Blues<br/>]]>
      </description>
      <styleUrl>#deadIcon</styleUrl>
      <LookAt>
        <longitude>-79.93581390</longitude>
        <latitude>37.28012840</latitude>
        <altitude>0</altitude>
        <heading>0</heading>
        <tilt>0</tilt>
        <range>2000</range>
      </LookAt>
      <Point>
        <coordinates>-79.93581390,37.28012840,0</coordinates>
      </Point>
    </Placemark>
    <Placemark>
      <name>Providence Civic Center - July 9, 1987</name>
      <description>
        <![CDATA[<b>Date:</b> July 9, 1987<br/>
      <b>Venue:</b> Providence Civic Center<br/>
      <b>Location:</b> Providence, Rhode Island, United States<br/>
      
      <b>Setlist:</b> Feel Like a Stranger, Franklin&#039;s Tower, Walkin&#039; Blues, When Push Comes to Shove, My Brother Esau, It Must Have Been the Roses, Far From Me, Let It Grow | Iko Iko, Saint of Circumstance, Ship of Fools, Uncle John&#039;s Band, Drums, Space, Truckin&#039;, Spoonful, Black Peter, Around and Around, Good Lovin&#039;, La bamba | Knockin&#039; on Heaven&#039;s Door<br/>]]>
      </description>
      <styleUrl>#deadIcon</styleUrl>
      <LookAt>
        <longitude>-71.41795560</longitude>
        <latitude>41.82362810</latitude>
        <altitude>0</altitude>
        <heading>0</heading>
        <tilt>0</tilt>
        <range>2000</range>
      </LookAt>
      <Point>
        <coordinates>-71.41795560,41.82362810,0</coordinates>
      </Point>
    </Placemark>
    <Placemark>
      <name>Henry J. Kaiser Convention Center - July 11, 1987</name>
      <description>
        <![CDATA[<b>Date:</b> July 11, 1987<br/>
      <b>Venue:</b> Henry J. Kaiser Convention Center<br/>
      <b>Location:</b> Oakland, California, United States<br/>
      
      <b>Setlist:</b> Hey Pocky A-Way, Jack Straw, Row Jimmy, When I Paint My Masterpiece, Dupree&#039;s Diamond Blues, Box of Rain, Cassidy, Might as Well | Uncle John&#039;s Band, Playing in the Band, Terrapin Station, Drums, Space, I Need a Miracle, Black Peter, Throwing Stones, Not Fade Away | Knockin&#039; on Heaven&#039;s Door, One More Saturday Night<br/>
      
      <b>Notes:</b> Rex Foundation benefit<br/>]]>
      </description>
      <styleUrl>#deadIcon</styleUrl>
      <LookAt>
        <longitude>-122.26149000</longitude>
        <latitude>37.79778700</latitude>
        <altitude>0</altitude>
        <heading>0</heading>
        <tilt>0</tilt>
        <range>2000</range>
      </LookAt>
      <Point>
        <coordinates>-122.26149000,37.79778700,0</coordinates>
      </Point>
    </Placemark>
    <Placemark>
      <name>Roanoke Civic Center - August 7, 1987</name>
      <description>
        <![CDATA[<b>Date:</b> August 7, 1987<br/>
      <b>Venue:</b> Roanoke Civic Center<br/>
      <b>Location:</b> Roanoke, Virginia, United States<br/>
      
      <b>Setlist:</b> Hell in a Bucket, Sugaree, It&#039;s All Over Now, Dupree&#039;s Diamond Blues, Never Trust a Woman, When I Paint My Masterpiece, Big Railroad Blues, Let It Grow | Scarlet Begonias, Fire on the Mountain, Estimated Prophet, He&#039;s Gone, Drums, Space, Crazy Fingers, Truckin&#039;, Comes a Time, Sugar Magnolia | Black Muddy River<br/>]]>
      </description>
      <styleUrl>#deadIcon</styleUrl>
      <LookAt>
        <longitude>-79.93581390</longitude>
        <latitude>37.28012840</latitude>
        <altitude>0</altitude>
        <heading>0</heading>
        <tilt>0</tilt>
        <range>2000</range>
      </LookAt>
      <Point>
        <coordinates>-79.93581390,37.28012840,0</coordinates>
      </Point>
    </Placemark>
    <Placemark>
      <name>Providence Civic Center - August 9, 1987</name>
      <description>
        <![CDATA[<b>Date:</b> August 9, 1987<br/>
      <b>Venue:</b> Providence Civic Center<br/>
      <b>Location:</b> Providence, Rhode Island, United States<br/>
      
      <b>Setlist:</b> Mississippi Half-Step Uptown Toodeloo, The Little Red Rooster, They Love Each Other, Queen Jane Approximately, Row Jimmy, The Music Never Stopped, Don&#039;t Ease Me In | Hell in a Bucket, Fire on the Mountain, Looks Like Rain, Terrapin Station, Drums, Space, The Other One, Stella Blue, Turn On Your Love Light | Black Muddy River<br/>]]>
      </description>
      <styleUrl>#deadIcon</styleUrl>
      <LookAt>
        <longitude>-71.41795560</longitude>
        <latitude>41.82362810</latitude>
        <altitude>0</altitude>
        <heading>0</heading>
        <tilt>0</tilt>
        <range>2000</range>
      </LookAt>
      <Point>
        <coordinates>-71.41795560,41.82362810,0</coordinates>
      </Point>
    </Placemark>
    <Placemark>
      <name>Henry J. Kaiser Convention Center - August 11, 1987</name>
      <description>
        <![CDATA[<b>Date:</b> August 11, 1987<br/>
      <b>Venue:</b> Henry J. Kaiser Convention Center<br/>
      <b>Location:</b> Oakland, California, United States<br/>
      
      <b>Setlist:</b> Iko Iko, The Little Red Rooster, Stagger Lee, Mexicali Blues, Big River, West L.A. Fadeaway, The Music Never Stopped, Don&#039;t Ease Me In | China Cat Sunflower, I Know You Rider, Looks Like Rain, Crazy Fingers, Truckin&#039;, Drums, Space, The Other One, Stella Blue, Turn On Your Love Light | Just Like Tom Thumb&#039;s Blues, Touch of Grey<br/>
      
      <b>Notes:</b> Rex Foundation benefit.<br/>]]>
      </description>
      <styleUrl>#deadIcon</styleUrl>
      <LookAt>
        <longitude>-122.26149000</longitude>
        <latitude>37.79778700</latitude>
        <altitude>0</altitude>
        <heading>0</heading>
        <tilt>0</tilt>
        <range>2000</range>
      </LookAt>
      <Point>
        <coordinates>-122.26149000,37.79778700,0</coordinates>
      </Point>
    </Placemark>
    <Placemark>
      <name>UIC Pavilion - September 4, 1987</name>
      <description>
        <![CDATA[<b>Date:</b> September 4, 1987<br/>
      <b>Venue:</b> UIC Pavilion<br/>
      <b>Location:</b> Chicago, Illinois, United States<br/>
      
      <b>Setlist:</b> Greatest Story Ever Told, Promised Land, When Push Comes to Shove, Never Trust a Woman, El Paso, Row Jimmy, My Brother Esau, Far From Me, Deal | Scarlet Begonias, Fire on the Mountain, Playing in the Band, Uncle John&#039;s Band, Drums, Space, China Doll, Going Down the Road Feeling Bad, Sugar Magnolia | U.S. Blues<br/>]]>
      </description>
      <styleUrl>#deadIcon</styleUrl>
      <LookAt>
        <longitude>-87.65625370</longitude>
        <latitude>41.87482980</latitude>
        <altitude>0</altitude>
        <heading>0</heading>
        <tilt>0</tilt>
        <range>2000</range>
      </LookAt>
      <Point>
        <coordinates>-87.65625370,41.87482980,0</coordinates>
      </Point>
    </Placemark>
    <Placemark>
      <name>Laguna Seca Raceway - September 5, 1987</name>
      <description>
        <![CDATA[<b>Date:</b> September 5, 1987<br/>
      <b>Venue:</b> Laguna Seca Raceway<br/>
      <b>Location:</b> Salinas, California, United States<br/>
      
      <b>Setlist:</b> Sugar Magnolia, Sugaree, Me and My Uncle, Mexicali Blues, When Push Comes to Shove, Tons of Steel, My Brother Esau, Tennessee Jed, Let It Grow | Touch of Grey, Looks Like Rain, He&#039;s Gone, Drums, Space, The Wheel, The Other One, Wharf Rat, Around and Around, Sunshine Daydream | Iko Iko<br/>]]>
      </description>
      <styleUrl>#deadIcon</styleUrl>
      <LookAt>
        <longitude>-121.75489720</longitude>
        <latitude>36.58774820</latitude>
        <altitude>0</altitude>
        <heading>0</heading>
        <tilt>0</tilt>
        <range>2000</range>
      </LookAt>
      <Point>
        <coordinates>-121.75489720,36.58774820,0</coordinates>
      </Point>
    </Placemark>
    <Placemark>
      <name>Providence Civic Center - September 9, 1987</name>
      <description>
        <![CDATA[<b>Date:</b> September 9, 1987<br/>
      <b>Venue:</b> Providence Civic Center<br/>
      <b>Location:</b> Providence, Rhode Island, United States<br/>
      
      <b>Setlist:</b> Hey Pocky A-Way, Jack Straw, West L.A. Fadeaway, When I Paint My Masterpiece, Friend of the Devil, Cassidy, Althea, Greatest Story Ever Told, Devil With the Blue Dress, Good Golly, Miss Molly | China Cat Sunflower, I Know You Rider, Playing in the Band, China Doll, Drums, Space, The Wheel, Gimme Some Lovin&#039;, Throwing Stones, Not Fade Away | Quinn the Eskimo (The Mighty Quinn)<br/>]]>
      </description>
      <styleUrl>#deadIcon</styleUrl>
      <LookAt>
        <longitude>-71.41795560</longitude>
        <latitude>41.82362810</latitude>
        <altitude>0</altitude>
        <heading>0</heading>
        <tilt>0</tilt>
        <range>2000</range>
      </LookAt>
      <Point>
        <coordinates>-71.41795560,41.82362810,0</coordinates>
      </Point>
    </Placemark>
    <Placemark>
      <name>UIC Pavilion - October 4, 1987</name>
      <description>
        <![CDATA[<b>Date:</b> October 4, 1987<br/>
      <b>Venue:</b> UIC Pavilion<br/>
      <b>Location:</b> Chicago, Illinois, United States<br/>
      
      <b>Setlist:</b> Shakedown Street, The Little Red Rooster, Candyman, Me and My Uncle, Mexicali Blues, Brown-Eyed Women, Cassidy, Don&#039;t Ease Me In | Iko Iko, Looks Like Rain, Box of Rain, He&#039;s Gone, Drums, Space, The Other One, Black Peter, Around and Around, Turn On Your Love Light | It&#039;s All Over Now, Baby Blue<br/>]]>
      </description>
      <styleUrl>#deadIcon</styleUrl>
      <LookAt>
        <longitude>-87.65625370</longitude>
        <latitude>41.87482980</latitude>
        <altitude>0</altitude>
        <heading>0</heading>
        <tilt>0</tilt>
        <range>2000</range>
      </LookAt>
      <Point>
        <coordinates>-87.65625370,41.87482980,0</coordinates>
      </Point>
    </Placemark>
    <Placemark>
      <name>Laguna Seca Raceway - October 5, 1987</name>
      <description>
        <![CDATA[<b>Date:</b> October 5, 1987<br/>
      <b>Venue:</b> Laguna Seca Raceway<br/>
      <b>Location:</b> Salinas, California, United States<br/>
      
      <b>Setlist:</b> Mississippi Half-Step Uptown Toodeloo, Feel Like a Stranger, West L.A. Fadeaway, Minglewood Blues, Row Jimmy, Box of Rain, Desolation Row, Don&#039;t Ease Me In | Hell in a Bucket, Scarlet Begonias, Fire on the Mountain, Man Smart, Woman Smarter, Drums, Space, China Doll, Playing in the Band, Throwing Stones, Turn On Your Love Light | Not Fade Away, Black Muddy River<br/>]]>
      </description>
      <styleUrl>#deadIcon</styleUrl>
      <LookAt>
        <longitude>-121.75489720</longitude>
        <latitude>36.58774820</latitude>
        <altitude>0</altitude>
        <heading>0</heading>
        <tilt>0</tilt>
        <range>2000</range>
      </LookAt>
      <Point>
        <coordinates>-121.75489720,36.58774820,0</coordinates>
      </Point>
    </Placemark>
    <Placemark>
      <name>John F. Kennedy Stadium - October 7, 1987</name>
      <description>
        <![CDATA[<b>Date:</b> October 7, 1987<br/>
      <b>Venue:</b> John F. Kennedy Stadium<br/>
      <b>Location:</b> Philadelphia, Pennsylvania, United States<br/>
      
      <b>Setlist:</b> Iko Iko, Jack Straw, Sugaree, Minglewood Blues, Althea, My Brother Esau, When Push Comes to Shove, Cassidy, China Cat Sunflower, I Know You Rider, Looks Like Rain, Terrapin Station, Drums, Space, I Need a Miracle, Black Peter, Around and Around, One More Saturday Night | Touch of Grey<br/>
      
      <b>Notes:</b> Bob Dylan then joined the Grateful Dead onstage and they performed as Dylan &amp; the Dead.<br/>]]>
      </description>
      <styleUrl>#deadIcon</styleUrl>
      <LookAt>
        <longitude>-75.16303080</longitude>
        <latitude>39.90668070</latitude>
        <altitude>0</altitude>
        <heading>0</heading>
        <tilt>0</tilt>
        <range>2000</range>
      </LookAt>
      <Point>
        <coordinates>-75.16303080,39.90668070,0</coordinates>
      </Point>
    </Placemark>
    <Placemark>
      <name>UIC Pavilion - November 4, 1987</name>
      <description>
        <![CDATA[<b>Date:</b> November 4, 1987<br/>
      <b>Venue:</b> UIC Pavilion<br/>
      <b>Location:</b> Chicago, Illinois, United States<br/>
      
      <b>Setlist:</b> Hell in a Bucket, Sugaree, Minglewood Blues, Loser, Tons of Steel, Desolation Row, Big Railroad Blues, The Music Never Stopped | Touch of Grey, Man Smart, Woman Smarter, Terrapin Station, Drums, Space, Truckin&#039;, Wharf Rat, Throwing Stones, Not Fade Away | Black Muddy River<br/>]]>
      </description>
      <styleUrl>#deadIcon</styleUrl>
      <LookAt>
        <longitude>-87.65625370</longitude>
        <latitude>41.87482980</latitude>
        <altitude>0</altitude>
        <heading>0</heading>
        <tilt>0</tilt>
        <range>2000</range>
      </LookAt>
      <Point>
        <coordinates>-87.65625370,41.87482980,0</coordinates>
      </Point>
    </Placemark>
    <Placemark>
      <name>Red Rocks Amphitheatre - November 8, 1987</name>
      <description>
        <![CDATA[<b>Date:</b> November 8, 1987<br/>
      <b>Venue:</b> Red Rocks Amphitheatre<br/>
      <b>Location:</b> Morrison, Colorado, United States<br/>
      
      <b>Setlist:</b> Cold Rain and Snow, The Little Red Rooster, Tons of Steel, High Time, When I Paint My Masterpiece, When Push Comes to Shove, Let It Grow | Crazy Fingers, Samson and Delilah, Ship of Fools, Playing in the Band, China Doll, Drums, Space, All Along the Watchtower, Going Down the Road Feeling Bad, Around and Around, Sugar Magnolia | Black Muddy River<br/>]]>
      </description>
      <styleUrl>#deadIcon</styleUrl>
      <LookAt>
        <longitude>-105.20521160</longitude>
        <latitude>39.66553810</latitude>
        <altitude>0</altitude>
        <heading>0</heading>
        <tilt>0</tilt>
        <range>2000</range>
      </LookAt>
      <Point>
        <coordinates>-105.20521160,39.66553810,0</coordinates>
      </Point>
    </Placemark>
    <Placemark>
      <name>Capital Centre - November 9, 1987</name>
      <description>
        <![CDATA[<b>Date:</b> November 9, 1987<br/>
      <b>Venue:</b> Capital Centre<br/>
      <b>Location:</b> Landover, Maryland, United States<br/>
      
      <b>Setlist:</b> Bertha, Promised Land, Candyman, Minglewood Blues, When Push Comes to Shove, Tons of Steel, Desolation Row, Deal | Happy Birthday to You, Sugar Magnolia, Sugaree, Estimated Prophet, Eyes of the World, Drums, Space, Going Down the Road Feeling Bad, Dear Mr. Fantasy, All Along the Watchtower, Wharf Rat, Sunshine Daydream | Touch of Grey<br/>]]>
      </description>
      <styleUrl>#deadIcon</styleUrl>
      <LookAt>
        <longitude>-76.89663970</longitude>
        <latitude>38.93400020</latitude>
        <altitude>0</altitude>
        <heading>0</heading>
        <tilt>0</tilt>
        <range>2000</range>
      </LookAt>
      <Point>
        <coordinates>-76.89663970,38.93400020,0</coordinates>
      </Point>
    </Placemark>
    <Placemark>
      <name>Giants Stadium - December 7, 1987</name>
      <description>
        <![CDATA[<b>Date:</b> December 7, 1987<br/>
      <b>Venue:</b> Giants Stadium<br/>
      <b>Location:</b> East Rutherford, New Jersey, United States<br/>
      
      <b>Setlist:</b> Hell in a Bucket, West L.A. Fadeaway, Greatest Story Ever Told, Loser, Tons of Steel, Ramble On Rose, When I Paint My Masterpiece, When Push Comes to Shove, Promised Land, Bertha | Morning Dew, Playing in the Band, Drums, Space, The Other One, Stella Blue, Throwing Stones, Not Fade Away<br/>
      
      <b>Notes:</b> Bob Dylan then joined Grateful Dead onstage and they performed as Dylan &amp; the Dead.<br/>]]>
      </description>
      <styleUrl>#deadIcon</styleUrl>
      <LookAt>
        <longitude>-74.07445700</longitude>
        <latitude>40.81350640</latitude>
        <altitude>0</altitude>
        <heading>0</heading>
        <tilt>0</tilt>
        <range>2000</range>
      </LookAt>
      <Point>
        <coordinates>-74.07445700,40.81350640,0</coordinates>
      </Point>
    </Placemark>
    <Placemark>
      <name>Red Rocks Amphitheatre - December 8, 1987</name>
      <description>
        <![CDATA[<b>Date:</b> December 8, 1987<br/>
      <b>Venue:</b> Red Rocks Amphitheatre<br/>
      <b>Location:</b> Morrison, Colorado, United States<br/>
      
      <b>Setlist:</b> Hell in a Bucket, Sugaree, Never Trust a Woman, Cumberland Blues, Mexicali Blues, Friend of the Devil, My Brother Esau, Bird Song, The Music Never Stopped | China Cat Sunflower, I Know You Rider, Man Smart, Woman Smarter, Terrapin Station, Drums, Space, The Other One, Dear Mr. Fantasy, Wharf Rat, Turn On Your Love Light | Quinn the Eskimo (The Mighty Quinn)<br/>]]>
      </description>
      <styleUrl>#deadIcon</styleUrl>
      <LookAt>
        <longitude>-105.20521160</longitude>
        <latitude>39.66553810</latitude>
        <altitude>0</altitude>
        <heading>0</heading>
        <tilt>0</tilt>
        <range>2000</range>
      </LookAt>
      <Point>
        <coordinates>-105.20521160,39.66553810,0</coordinates>
      </Point>
    </Placemark>
    <Placemark>
      <name>Capital Centre - December 9, 1987</name>
      <description>
        <![CDATA[<b>Date:</b> December 9, 1987<br/>
      <b>Venue:</b> Capital Centre<br/>
      <b>Location:</b> Landover, Maryland, United States<br/>
      
      <b>Setlist:</b> Hell in a Bucket, Loser, Me and My Uncle, Big River, Ramble On Rose, Just Like Tom Thumb&#039;s Blues, Hey Pocky A-Way, Cassidy, Might as Well | Cumberland Blues, Samson and Delilah, Ship of Fools, Man Smart, Woman Smarter, Drums, Space, Truckin&#039;, I Need a Miracle, Morning Dew, Turn On Your Love Light | One More Saturday Night, Black Muddy River<br/>]]>
      </description>
      <styleUrl>#deadIcon</styleUrl>
      <LookAt>
        <longitude>-76.89663970</longitude>
        <latitude>38.93400020</latitude>
        <altitude>0</altitude>
        <heading>0</heading>
        <tilt>0</tilt>
        <range>2000</range>
      </LookAt>
      <Point>
        <coordinates>-76.89663970,38.93400020,0</coordinates>
      </Point>
    </Placemark>
    <Placemark>
      <name>Brendan Byrne Arena - January 4, 1988</name>
      <description>
        <![CDATA[<b>Date:</b> January 4, 1988<br/>
      <b>Venue:</b> Brendan Byrne Arena<br/>
      <b>Location:</b> East Rutherford, New Jersey, United States<br/>
      
      <b>Setlist:</b> Mississippi Half-Step Uptown Toodeloo, Jack Straw, To Lay Me Down, Ballad of a Thin Man, When Push Comes to Shove, Minglewood Blues, Cumberland Blues, Deal | China Cat Sunflower, I Know You Rider, Estimated Prophet, Eyes of the World, Drums, Space, The Other One, Wharf Rat, Throwing Stones, Not Fade Away | Brokedown Palace<br/>]]>
      </description>
      <styleUrl>#deadIcon</styleUrl>
      <LookAt>
        <longitude>-74.06760300</longitude>
        <latitude>40.81168380</latitude>
        <altitude>0</altitude>
        <heading>0</heading>
        <tilt>0</tilt>
        <range>2000</range>
      </LookAt>
      <Point>
        <coordinates>-74.06760300,40.81168380,0</coordinates>
      </Point>
    </Placemark>
    <Placemark>
      <name>Frost Amphitheater - January 5, 1988</name>
      <description>
        <![CDATA[<b>Date:</b> January 5, 1988<br/>
      <b>Venue:</b> Frost Amphitheater<br/>
      <b>Location:</b> Stanford, California, United States<br/>
      
      <b>Setlist:</b> Box of Rain, Hell in a Bucket, Touch of Grey, The Little Red Rooster, Far From Me, Cumberland Blues, Stuck Inside of Mobile With the Memphis Blues Again, When Push Comes to Shove, Cassidy | Louie Louie, Truckin&#039;, Crazy Fingers, Samson and Delilah, Eyes of the World, Drums, Space, The Other One, Wharf Rat, Throwing Stones, Turn On Your Love Light | Knockin&#039; on Heaven&#039;s Door<br/>]]>
      </description>
      <styleUrl>#deadIcon</styleUrl>
      <LookAt>
        <longitude>-122.16602680</longitude>
        <latitude>37.43072230</latitude>
        <altitude>0</altitude>
        <heading>0</heading>
        <tilt>0</tilt>
        <range>2000</range>
      </LookAt>
      <Point>
        <coordinates>-122.16602680,37.43072230,0</coordinates>
      </Point>
    </Placemark>
    <Placemark>
      <name>Shoreline Amphitheatre - January 10, 1988</name>
      <description>
        <![CDATA[<b>Date:</b> January 10, 1988<br/>
      <b>Venue:</b> Shoreline Amphitheatre<br/>
      <b>Location:</b> Mountain View, California, United States<br/>
      
      <b>Setlist:</b> Hell in a Bucket, Sugaree, The Little Red Rooster, Friend of the Devil, Queen Jane Approximately, Tennessee Jed, Cassidy, Don&#039;t Ease Me In | Victim or the Crime, Scarlet Begonias, Fire on the Mountain, Drums, Space, The Other One, I Need a Miracle, Uncle John&#039;s Band, Morning Dew | One More Saturday Night<br/>]]>
      </description>
      <styleUrl>#deadIcon</styleUrl>
      <LookAt>
        <longitude>-122.08070230</longitude>
        <latitude>37.42683420</latitude>
        <altitude>0</altitude>
        <heading>0</heading>
        <tilt>0</tilt>
        <range>2000</range>
      </LookAt>
      <Point>
        <coordinates>-122.08070230,37.42683420,0</coordinates>
      </Point>
    </Placemark>
    <Placemark>
      <name>Oxford Plains Speedway - February 7, 1988</name>
      <description>
        <![CDATA[<b>Date:</b> February 7, 1988<br/>
      <b>Venue:</b> Oxford Plains Speedway<br/>
      <b>Location:</b> Oxford, Maine, United States<br/>
      
      <b>Setlist:</b> Iko Iko, Jack Straw, West L.A. Fadeaway, Stuck Inside of Mobile With the Memphis Blues Again, Row Jimmy, Blow Away, Victim or the Crime, Foolish Heart | Crazy Fingers, Playing in the Band, Uncle John&#039;s Band, Terrapin Station, Drums, Space, The Wheel, Gimme Some Lovin&#039;, All Along the Watchtower, Morning Dew, Sugar Magnolia | Quinn the Eskimo (The Mighty Quinn)<br/>]]>
      </description>
      <styleUrl>#deadIcon</styleUrl>
      <LookAt>
        <longitude>-70.48436970</longitude>
        <latitude>44.15405430</latitude>
        <altitude>0</altitude>
        <heading>0</heading>
        <tilt>0</tilt>
        <range>2000</range>
      </LookAt>
      <Point>
        <coordinates>-70.48436970,44.15405430,0</coordinates>
      </Point>
    </Placemark>
    <Placemark>
      <name>Capital Centre - February 9, 1988</name>
      <description>
        <![CDATA[<b>Date:</b> February 9, 1988<br/>
      <b>Venue:</b> Capital Centre<br/>
      <b>Location:</b> Landover, Maryland, United States<br/>
      
      <b>Setlist:</b> Hell in a Bucket, They Love Each Other, Minglewood Blues, Dire Wolf, Queen Jane Approximately, Althea, Let It Grow | Scarlet Begonias, Fire on the Mountain, Looks Like Rain, Terrapin Station, Drums, Space, The Wheel, All Along the Watchtower, Stella Blue, Sugar Magnolia | Black Muddy River<br/>]]>
      </description>
      <styleUrl>#deadIcon</styleUrl>
      <LookAt>
        <longitude>-76.89663970</longitude>
        <latitude>38.93400020</latitude>
        <altitude>0</altitude>
        <heading>0</heading>
        <tilt>0</tilt>
        <range>2000</range>
      </LookAt>
      <Point>
        <coordinates>-76.89663970,38.93400020,0</coordinates>
      </Point>
    </Placemark>
    <Placemark>
      <name>Shoreline Amphitheatre - February 10, 1988</name>
      <description>
        <![CDATA[<b>Date:</b> February 10, 1988<br/>
      <b>Venue:</b> Shoreline Amphitheatre<br/>
      <b>Location:</b> Mountain View, California, United States<br/>
      
      <b>Setlist:</b> Cold Rain and Snow, Minglewood Blues, Peggy-O, Stuck Inside of Mobile With the Memphis Blues Again, To Lay Me Down, Box of Rain, Deal | Crazy Fingers, Samson and Delilah, Estimated Prophet, Eyes of the World, Drums, Space, Gimme Some Lovin&#039;, Stella Blue, Throwing Stones, Not Fade Away | Black Muddy River<br/>]]>
      </description>
      <styleUrl>#deadIcon</styleUrl>
      <LookAt>
        <longitude>-122.08070230</longitude>
        <latitude>37.42683420</latitude>
        <altitude>0</altitude>
        <heading>0</heading>
        <tilt>0</tilt>
        <range>2000</range>
      </LookAt>
      <Point>
        <coordinates>-122.08070230,37.42683420,0</coordinates>
      </Point>
    </Placemark>
    <Placemark>
      <name>Hartford Civic Center - March 4, 1988</name>
      <description>
        <![CDATA[<b>Date:</b> March 4, 1988<br/>
      <b>Venue:</b> Hartford Civic Center<br/>
      <b>Location:</b> Hartford, Connecticut, United States<br/>
      
      <b>Setlist:</b> Promised Land, Greatest Story Ever Told, Althea, The Little Red Rooster, Cold Rain and Snow, Stuck Inside of Mobile With the Memphis Blues Again, Box of Rain, Don&#039;t Ease Me In | Playing in the Band, Crazy Fingers, Franklin&#039;s Tower, Man Smart, Woman Smarter, Drums, Space, Gimme Some Lovin&#039;, Black Peter, Turn On Your Love Light | It&#039;s All Over Now, Baby Blue<br/>]]>
      </description>
      <styleUrl>#deadIcon</styleUrl>
      <LookAt>
        <longitude>-72.67691180</longitude>
        <latitude>41.76848290</latitude>
        <altitude>0</altitude>
        <heading>0</heading>
        <tilt>0</tilt>
        <range>2000</range>
      </LookAt>
      <Point>
        <coordinates>-72.67691180,41.76848290,0</coordinates>
      </Point>
    </Placemark>
    <Placemark>
      <name>Oxford Plains Speedway - March 7, 1988</name>
      <description>
        <![CDATA[<b>Date:</b> March 7, 1988<br/>
      <b>Venue:</b> Oxford Plains Speedway<br/>
      <b>Location:</b> Oxford, Maine, United States<br/>
      
      <b>Setlist:</b> Hell in a Bucket, Sugaree, Walkin&#039; Blues, Tennessee Jed, Queen Jane Approximately, Bird Song | Touch of Grey, Hey Pocky A-Way, Looks Like Rain, Estimated Prophet, Eyes of the World, I Will Take You Home, Drums, Space, Going Down the Road Feeling Bad, I Need a Miracle, Dear Mr. Fantasy, Hey Jude | Not Fade Away<br/>]]>
      </description>
      <styleUrl>#deadIcon</styleUrl>
      <LookAt>
        <longitude>-70.48436970</longitude>
        <latitude>44.15405430</latitude>
        <altitude>0</altitude>
        <heading>0</heading>
        <tilt>0</tilt>
        <range>2000</range>
      </LookAt>
      <Point>
        <coordinates>-70.48436970,44.15405430,0</coordinates>
      </Point>
    </Placemark>
    <Placemark>
      <name>Capital Centre - March 9, 1988</name>
      <description>
        <![CDATA[<b>Date:</b> March 9, 1988<br/>
      <b>Venue:</b> Capital Centre<br/>
      <b>Location:</b> Landover, Maryland, United States<br/>
      
      <b>Setlist:</b> Good Times, Feel Like a Stranger, Franklin&#039;s Tower, The Little Red Rooster, Peggy-O, Me and My Uncle, Big River, Bird Song | Box of Rain, Victim or the Crime, Foolish Heart, Man Smart, Woman Smarter, Eyes of the World, Drums, Space, Going Down the Road Feeling Bad, I Need a Miracle, Morning Dew | One More Saturday Night, Ripple<br/>]]>
      </description>
      <styleUrl>#deadIcon</styleUrl>
      <LookAt>
        <longitude>-76.89663970</longitude>
        <latitude>38.93400020</latitude>
        <altitude>0</altitude>
        <heading>0</heading>
        <tilt>0</tilt>
        <range>2000</range>
      </LookAt>
      <Point>
        <coordinates>-76.89663970,38.93400020,0</coordinates>
      </Point>
    </Placemark>
    <Placemark>
      <name>Hartford Civic Center - April 4, 1988</name>
      <description>
        <![CDATA[<b>Date:</b> April 4, 1988<br/>
      <b>Venue:</b> Hartford Civic Center<br/>
      <b>Location:</b> Hartford, Connecticut, United States<br/>
      
      <b>Setlist:</b> Alabama Getaway, Johnny B. Goode, Never Trust a Woman, They Love Each Other, Queen Jane Approximately, When Push Comes to Shove, Cassidy, Don&#039;t Ease Me In | Touch of Grey, Looks Like Rain, Truckin&#039;, He&#039;s Gone, Drums, Space, The Other One, Stella Blue, Good Lovin&#039;, Dear Mr. Fantasy, Hey Jude | U.S. Blues<br/>]]>
      </description>
      <styleUrl>#deadIcon</styleUrl>
      <LookAt>
        <longitude>-72.67691180</longitude>
        <latitude>41.76848290</latitude>
        <altitude>0</altitude>
        <heading>0</heading>
        <tilt>0</tilt>
        <range>2000</range>
      </LookAt>
      <Point>
        <coordinates>-72.67691180,41.76848290,0</coordinates>
      </Point>
    </Placemark>
    <Placemark>
      <name>Hartford Civic Center - May 4, 1988</name>
      <description>
        <![CDATA[<b>Date:</b> May 4, 1988<br/>
      <b>Venue:</b> Hartford Civic Center<br/>
      <b>Location:</b> Hartford, Connecticut, United States<br/>
      
      <b>Setlist:</b> Hell in a Bucket, Sugaree, Walkin&#039; Blues, Dire Wolf, It&#039;s All Over Now, Bird Song, When I Paint My Masterpiece, Might as Well | Iko Iko, Louie Louie, Samson and Delilah, Ship of Fools, Smokestack Lightning, Drums, Space, I Need a Miracle, Wharf Rat, Throwing Stones, Not Fade Away | Knockin&#039; on Heaven&#039;s Door<br/>]]>
      </description>
      <styleUrl>#deadIcon</styleUrl>
      <LookAt>
        <longitude>-72.67691180</longitude>
        <latitude>41.76848290</latitude>
        <altitude>0</altitude>
        <heading>0</heading>
        <tilt>0</tilt>
        <range>2000</range>
      </LookAt>
      <Point>
        <coordinates>-72.67691180,41.76848290,0</coordinates>
      </Point>
    </Placemark>
    <Placemark>
      <name>Capital Centre - May 9, 1988</name>
      <description>
        <![CDATA[<b>Date:</b> May 9, 1988<br/>
      <b>Venue:</b> Capital Centre<br/>
      <b>Location:</b> Landover, Maryland, United States<br/>
      
      <b>Setlist:</b> Iko Iko, Walkin&#039; Blues, Ramble On Rose, Mama Tried, Mexicali Blues, Row Jimmy, Stuck Inside of Mobile With the Memphis Blues Again, When Push Comes to Shove, The Music Never Stopped | China Cat Sunflower, I Know You Rider, Playing in the Band, Uncle John&#039;s Band, Drums, Space, Gimme Some Lovin&#039;, Black Peter, Around and Around, Turn On Your Love Light | U.S. Blues<br/>]]>
      </description>
      <styleUrl>#deadIcon</styleUrl>
      <LookAt>
        <longitude>-76.89663970</longitude>
        <latitude>38.93400020</latitude>
        <altitude>0</altitude>
        <heading>0</heading>
        <tilt>0</tilt>
        <range>2000</range>
      </LookAt>
      <Point>
        <coordinates>-76.89663970,38.93400020,0</coordinates>
      </Point>
    </Placemark>
    <Placemark>
      <name>Capital Centre - June 9, 1988</name>
      <description>
        <![CDATA[<b>Date:</b> June 9, 1988<br/>
      <b>Venue:</b> Capital Centre<br/>
      <b>Location:</b> Landover, Maryland, United States<br/>
      
      <b>Setlist:</b> Jack Straw, Desolation Row, West L.A. Fadeaway, Beat It on Down the Line, Cumberland Blues, Stagger Lee, Cassidy, Deal | Touch of Grey, Samson and Delilah, Ship of Fools, Estimated Prophet, He&#039;s Gone, Drums, Space, The Other One, Wharf Rat, Throwing Stones, Not Fade Away | Brokedown Palace<br/>]]>
      </description>
      <styleUrl>#deadIcon</styleUrl>
      <LookAt>
        <longitude>-76.89663970</longitude>
        <latitude>38.93400020</latitude>
        <altitude>0</altitude>
        <heading>0</heading>
        <tilt>0</tilt>
        <range>2000</range>
      </LookAt>
      <Point>
        <coordinates>-76.89663970,38.93400020,0</coordinates>
      </Point>
    </Placemark>
    <Placemark>
      <name>Centrum in Worcester - July 4, 1988</name>
      <description>
        <![CDATA[<b>Date:</b> July 4, 1988<br/>
      <b>Venue:</b> Centrum in Worcester<br/>
      <b>Location:</b> Worcester, Massachusetts, United States<br/>
      
      <b>Setlist:</b> Touch of Grey, Feel Like a Stranger, Franklin&#039;s Tower, Minglewood Blues, Row Jimmy, Stuck Inside of Mobile With the Memphis Blues Again, Big Railroad Blues, Around and Around | Sugar Magnolia, Scarlet Begonias, Estimated Prophet, Eyes of the World, Drums, Space, The Wheel, Gimme Some Lovin&#039;, All Along the Watchtower, Black Peter, Sunshine Daydream | Box of Rain<br/>]]>
      </description>
      <styleUrl>#deadIcon</styleUrl>
      <LookAt>
        <longitude>-71.79854560</longitude>
        <latitude>42.26431310</latitude>
        <altitude>0</altitude>
        <heading>0</heading>
        <tilt>0</tilt>
        <range>2000</range>
      </LookAt>
      <Point>
        <coordinates>-71.79854560,42.26431310,0</coordinates>
      </Point>
    </Placemark>
    <Placemark>
      <name>Centrum in Worcester - August 4, 1988</name>
      <description>
        <![CDATA[<b>Date:</b> August 4, 1988<br/>
      <b>Venue:</b> Centrum in Worcester<br/>
      <b>Location:</b> Worcester, Massachusetts, United States<br/>
      
      <b>Setlist:</b> Jack Straw, West L.A. Fadeaway, The Little Red Rooster, Stagger Lee, Queen Jane Approximately, Loser, Let It Grow | Playing in the Band, Crazy Fingers, Uncle John&#039;s Band, Drums, The Other One, Black Peter, Turn On Your Love Light | Black Muddy River<br/>]]>
      </description>
      <styleUrl>#deadIcon</styleUrl>
      <LookAt>
        <longitude>-71.79854560</longitude>
        <latitude>42.26431310</latitude>
        <altitude>0</altitude>
        <heading>0</heading>
        <tilt>0</tilt>
        <range>2000</range>
      </LookAt>
      <Point>
        <coordinates>-71.79854560,42.26431310,0</coordinates>
      </Point>
    </Placemark>
    <Placemark>
      <name>Spectrum - August 9, 1988</name>
      <description>
        <![CDATA[<b>Date:</b> August 9, 1988<br/>
      <b>Venue:</b> Spectrum<br/>
      <b>Location:</b> Philadelphia, Pennsylvania, United States<br/>
      
      <b>Setlist:</b> Good Times, Shakedown Street, Walkin&#039; Blues, To Lay Me Down, It&#039;s All Over Now, Loser, Let It Grow | Bertha, Greatest Story Ever Told, Crazy Fingers, Truckin&#039;, Drums, Space, The Wheel, I Need a Miracle, Dear Mr. Fantasy, Hey Jude, Turn On Your Love Light | Black Muddy River<br/>]]>
      </description>
      <styleUrl>#deadIcon</styleUrl>
      <LookAt>
        <longitude>-75.47605530</longitude>
        <latitude>40.13540730</latitude>
        <altitude>0</altitude>
        <heading>0</heading>
        <tilt>0</tilt>
        <range>2000</range>
      </LookAt>
      <Point>
        <coordinates>-75.47605530,40.13540730,0</coordinates>
      </Point>
    </Placemark>
    <Placemark>
      <name>Centrum in Worcester - September 4, 1988</name>
      <description>
        <![CDATA[<b>Date:</b> September 4, 1988<br/>
      <b>Venue:</b> Centrum in Worcester<br/>
      <b>Location:</b> Worcester, Massachusetts, United States<br/>
      
      <b>Setlist:</b> Big Boss Man, Walkin&#039; Blues, Far From Me, Candyman, Me and My Uncle, Mexicali Blues, Tennessee Jed, When I Paint My Masterpiece, Deal | Hell in a Bucket, Iko Iko, Looks Like Rain, Terrapin Station, Drums, Space, Going Down the Road Feeling Bad, I Need a Miracle, Dear Mr. Fantasy, Hey Jude, Throwing Stones, Not Fade Away | One More Saturday Night<br/>]]>
      </description>
      <styleUrl>#deadIcon</styleUrl>
      <LookAt>
        <longitude>-71.79854560</longitude>
        <latitude>42.26431310</latitude>
        <altitude>0</altitude>
        <heading>0</heading>
        <tilt>0</tilt>
        <range>2000</range>
      </LookAt>
      <Point>
        <coordinates>-71.79854560,42.26431310,0</coordinates>
      </Point>
    </Placemark>
    <Placemark>
      <name>Spectrum - September 9, 1988</name>
      <description>
        <![CDATA[<b>Date:</b> September 9, 1988<br/>
      <b>Venue:</b> Spectrum<br/>
      <b>Location:</b> Philadelphia, Pennsylvania, United States<br/>
      
      <b>Setlist:</b> Hell in a Bucket, Sugaree, Minglewood Blues, Brown-Eyed Women, Me and My Uncle, Big River, Candyman, Queen Jane Approximately, Don&#039;t Ease Me In | China Cat Sunflower, I Know You Rider, Playing in the Band, Terrapin Station, Drums, Space, I Will Take You Home, All Along the Watchtower, Believe It or Not, Sugar Magnolia | Quinn the Eskimo (The Mighty Quinn)<br/>]]>
      </description>
      <styleUrl>#deadIcon</styleUrl>
      <LookAt>
        <longitude>-75.47605530</longitude>
        <latitude>40.13540730</latitude>
        <altitude>0</altitude>
        <heading>0</heading>
        <tilt>0</tilt>
        <range>2000</range>
      </LookAt>
      <Point>
        <coordinates>-75.47605530,40.13540730,0</coordinates>
      </Point>
    </Placemark>
    <Placemark>
      <name>Long Beach Arena - September 12, 1988</name>
      <description>
        <![CDATA[<b>Date:</b> September 12, 1988<br/>
      <b>Venue:</b> Long Beach Arena<br/>
      <b>Location:</b> Long Beach, California, United States<br/>
      
      <b>Setlist:</b> Good Times, Franklin&#039;s Tower, When I Paint My Masterpiece, Jack-A-Roe, Walkin&#039; Blues, High Time, Cassidy, Don&#039;t Ease Me In | Scarlet Begonias, Fire on the Mountain, Estimated Prophet, Eyes of the World, Drums, Space, The Wheel, Gimme Some Lovin&#039;, Wharf Rat, All Along the Watchtower | U.S. Blues<br/>]]>
      </description>
      <styleUrl>#deadIcon</styleUrl>
      <LookAt>
        <longitude>-118.18936880</longitude>
        <latitude>33.76480040</latitude>
        <altitude>0</altitude>
        <heading>0</heading>
        <tilt>0</tilt>
        <range>2000</range>
      </LookAt>
      <Point>
        <coordinates>-118.18936880,33.76480040,0</coordinates>
      </Point>
    </Placemark>
    <Placemark>
      <name>Long Beach Arena - October 12, 1988</name>
      <description>
        <![CDATA[<b>Date:</b> October 12, 1988<br/>
      <b>Venue:</b> Long Beach Arena<br/>
      <b>Location:</b> Long Beach, California, United States<br/>
      
      <b>Setlist:</b> Feel Like a Stranger, West L.A. Fadeaway, Me and My Uncle, Big River, Althea, Stuck Inside of Mobile With the Memphis Blues Again, Tennessee Jed, The Music Never Stopped | China Cat Sunflower, I Know You Rider, Playing in the Band, Terrapin Station, Drums, Space, The Other One, Stella Blue, Throwing Stones, Turn On Your Love Light | Knockin&#039; on Heaven&#039;s Door<br/>]]>
      </description>
      <styleUrl>#deadIcon</styleUrl>
      <LookAt>
        <longitude>-118.18936880</longitude>
        <latitude>33.76480040</latitude>
        <altitude>0</altitude>
        <heading>0</heading>
        <tilt>0</tilt>
        <range>2000</range>
      </LookAt>
      <Point>
        <coordinates>-118.18936880,33.76480040,0</coordinates>
      </Point>
    </Placemark>
    <Placemark>
      <name>Joe Louis Arena - November 4, 1988</name>
      <description>
        <![CDATA[<b>Date:</b> November 4, 1988<br/>
      <b>Venue:</b> Joe Louis Arena<br/>
      <b>Location:</b> Detroit, Michigan, United States<br/>
      
      <b>Setlist:</b> Hell in a Bucket, Sugaree, Minglewood Blues, It Must Have Been the Roses, Stuck Inside of Mobile With the Memphis Blues Again, To Lay Me Down, The Music Never Stopped | Touch of Grey, Man Smart, Woman Smarter, Ship of Fools, Truckin&#039;, Drums, Space, The Wheel, Gimme Some Lovin&#039;, All Along the Watchtower, Stella Blue, Turn On Your Love Light | Happy Birthday to You, Brokedown Palace<br/>]]>
      </description>
      <styleUrl>#deadIcon</styleUrl>
      <LookAt>
        <longitude>-83.05267080</longitude>
        <latitude>42.32523250</latitude>
        <altitude>0</altitude>
        <heading>0</heading>
        <tilt>0</tilt>
        <range>2000</range>
      </LookAt>
      <Point>
        <coordinates>-83.05267080,42.32523250,0</coordinates>
      </Point>
    </Placemark>
    <Placemark>
      <name>Spectrum - November 9, 1988</name>
      <description>
        <![CDATA[<b>Date:</b> November 9, 1988<br/>
      <b>Venue:</b> Spectrum<br/>
      <b>Location:</b> Philadelphia, Pennsylvania, United States<br/>
      
      <b>Setlist:</b> Iko Iko, Feel Like a Stranger, Franklin&#039;s Tower, The Little Red Rooster, Peggy-O, Stuck Inside of Mobile With the Memphis Blues Again, Tennessee Jed, Promised Land | Foolish Heart, Victim or the Crime, Scarlet Begonias, Fire on the Mountain, Drums, Space, The Wheel, Stella Blue, Throwing Stones, Not Fade Away | It&#039;s All Over Now, Baby Blue<br/>
      
      <b>Notes:</b> Mickey Hart&#039;s 45th birthday; Billy gives Mickey a pie in the face at the end of &#039;Drums&#039;.<br/>]]>
      </description>
      <styleUrl>#deadIcon</styleUrl>
      <LookAt>
        <longitude>-75.47605530</longitude>
        <latitude>40.13540730</latitude>
        <altitude>0</altitude>
        <heading>0</heading>
        <tilt>0</tilt>
        <range>2000</range>
      </LookAt>
      <Point>
        <coordinates>-75.47605530,40.13540730,0</coordinates>
      </Point>
    </Placemark>
    <Placemark>
      <name>Long Beach Arena - November 12, 1988</name>
      <description>
        <![CDATA[<b>Date:</b> November 12, 1988<br/>
      <b>Venue:</b> Long Beach Arena<br/>
      <b>Location:</b> Long Beach, California, United States<br/>
      
      <b>Setlist:</b> Iko Iko, Jack Straw, Row Jimmy, Queen Jane Approximately, Bird Song, Hell in a Bucket | Box of Rain, Victim or the Crime, Foolish Heart, Man Smart, Woman Smarter, Drums, Space, I Need a Miracle, Dear Mr. Fantasy, Hey Jude, Black Muddy River, Sugar Magnolia | Quinn the Eskimo (The Mighty Quinn)<br/>]]>
      </description>
      <styleUrl>#deadIcon</styleUrl>
      <LookAt>
        <longitude>-118.18936880</longitude>
        <latitude>33.76480040</latitude>
        <altitude>0</altitude>
        <heading>0</heading>
        <tilt>0</tilt>
        <range>2000</range>
      </LookAt>
      <Point>
        <coordinates>-118.18936880,33.76480040,0</coordinates>
      </Point>
    </Placemark>
    <Placemark>
      <name>San Francisco  Civic Auditorium - December 3, 1988</name>
      <description>
        <![CDATA[<b>Date:</b> December 3, 1988<br/>
      <b>Venue:</b> San Francisco  Civic Auditorium<br/>
      <b>Location:</b> San Francisco, California, United States<br/>
      
      <b>Setlist:</b> Good Morning, School Girl, Turn On Your Love Light, Long Tall Sally<br/>]]>
      </description>
      <styleUrl>#deadIcon</styleUrl>
      <LookAt>
        <longitude>-122.41734470</longitude>
        <latitude>37.77814540</latitude>
        <altitude>0</altitude>
        <heading>0</heading>
        <tilt>0</tilt>
        <range>2000</range>
      </LookAt>
      <Point>
        <coordinates>-122.41734470,37.77814540,0</coordinates>
      </Point>
    </Placemark>
    <Placemark>
      <name>Spectrum - December 9, 1988</name>
      <description>
        <![CDATA[<b>Date:</b> December 9, 1988<br/>
      <b>Venue:</b> Spectrum<br/>
      <b>Location:</b> Philadelphia, Pennsylvania, United States<br/>
      
      <b>Setlist:</b> Jack Straw, Althea, Never Trust a Woman, Dire Wolf, Cassidy, Dupree&#039;s Diamond Blues, When I Paint My Masterpiece, When Push Comes to Shove, The Music Never Stopped | Box of Rain, Cold Rain and Snow, Man Smart, Woman Smarter, Eyes of the World, Drums, Space, The Other One, Wharf Rat, Around and Around, Good Lovin&#039; | Knockin&#039; on Heaven&#039;s Door<br/>]]>
      </description>
      <styleUrl>#deadIcon</styleUrl>
      <LookAt>
        <longitude>-75.47605530</longitude>
        <latitude>40.13540730</latitude>
        <altitude>0</altitude>
        <heading>0</heading>
        <tilt>0</tilt>
        <range>2000</range>
      </LookAt>
      <Point>
        <coordinates>-75.47605530,40.13540730,0</coordinates>
      </Point>
    </Placemark>
    <Placemark>
      <name>Shoreline Amphitheatre - January 10, 1989</name>
      <description>
        <![CDATA[<b>Date:</b> January 10, 1989<br/>
      <b>Venue:</b> Shoreline Amphitheatre<br/>
      <b>Location:</b> Mountain View, California, United States<br/>
      
      <b>Setlist:</b> Jack Straw, Ramble On Rose, Walkin&#039; Blues, Built to Last, When I Paint My Masterpiece, Just a Little Light, Cassidy, Don&#039;t Ease Me In | Hell in a Bucket, Scarlet Begonias, Man Smart, Woman Smarter, He&#039;s Gone, Drums, Space, The Other One, Wharf Rat, Turn On Your Love Light | Knockin&#039; on Heaven&#039;s Door<br/>]]>
      </description>
      <styleUrl>#deadIcon</styleUrl>
      <LookAt>
        <longitude>-122.08070230</longitude>
        <latitude>37.42683420</latitude>
        <altitude>0</altitude>
        <heading>0</heading>
        <tilt>0</tilt>
        <range>2000</range>
      </LookAt>
      <Point>
        <coordinates>-122.08070230,37.42683420,0</coordinates>
      </Point>
    </Placemark>
    <Placemark>
      <name>Civic Arena - February 4, 1989</name>
      <description>
        <![CDATA[<b>Date:</b> February 4, 1989<br/>
      <b>Venue:</b> Civic Arena<br/>
      <b>Location:</b> Pittsburgh, Pennsylvania, United States<br/>
      
      <b>Setlist:</b> Iko Iko, The Little Red Rooster, Dire Wolf, It&#039;s All Over Now, We Can Run, Brown-Eyed Women, Queen Jane Approximately, Tennessee Jed, The Music Never Stopped | Shakedown Street, Man Smart, Woman Smarter, Foolish Heart, Drums, Space, The Wheel, Dear Mr. Fantasy, Hey Jude, Around and Around, Going Down the Road Feeling Bad, Turn On Your Love Light | It&#039;s All Over Now, Baby Blue<br/>]]>
      </description>
      <styleUrl>#deadIcon</styleUrl>
      <LookAt>
        <longitude>-79.91663020</longitude>
        <latitude>40.45714620</latitude>
        <altitude>0</altitude>
        <heading>0</heading>
        <tilt>0</tilt>
        <range>2000</range>
      </LookAt>
      <Point>
        <coordinates>-79.91663020,40.45714620,0</coordinates>
      </Point>
    </Placemark>
    <Placemark>
      <name>Sullivan Stadium - February 7, 1989</name>
      <description>
        <![CDATA[<b>Date:</b> February 7, 1989<br/>
      <b>Venue:</b> Sullivan Stadium<br/>
      <b>Location:</b> Foxborough, Massachusetts, United States<br/>
      
      <b>Setlist:</b> Playing in the Band, Crazy Fingers, Wang Dang Doodle, We Can Run, Tennessee Jed, Queen Jane Approximately, To Lay Me Down, Cassidy, Don&#039;t Ease Me In | Friend of the Devil, Truckin&#039;, He&#039;s Gone, Eyes of the World, Drums, Space, The Wheel, Dear Mr. Fantasy, Hey Jude, Sugar Magnolia | Quinn the Eskimo (The Mighty Quinn)<br/>]]>
      </description>
      <styleUrl>#deadIcon</styleUrl>
      <LookAt>
        <longitude>-71.23047910</longitude>
        <latitude>42.06793650</latitude>
        <altitude>0</altitude>
        <heading>0</heading>
        <tilt>0</tilt>
        <range>2000</range>
      </LookAt>
      <Point>
        <coordinates>-71.23047910,42.06793650,0</coordinates>
      </Point>
    </Placemark>
    <Placemark>
      <name>Civic Arena - March 4, 1989</name>
      <description>
        <![CDATA[<b>Date:</b> March 4, 1989<br/>
      <b>Venue:</b> Civic Arena<br/>
      <b>Location:</b> Pittsburgh, Pennsylvania, United States<br/>
      
      <b>Setlist:</b> Greatest Story Ever Told, Bertha, Walkin&#039; Blues, Jack-A-Roe, El Paso, Built to Last, Victim or the Crime, Just Like Tom Thumb&#039;s Blues, Don&#039;t Ease Me In | Blow Away, Estimated Prophet, Crazy Fingers, Uncle John&#039;s Band, Drums, Space, Gimme Some Lovin&#039;, I Need a Miracle, Stella Blue, Sugar Magnolia | Johnny B. Goode, Black Muddy River<br/>]]>
      </description>
      <styleUrl>#deadIcon</styleUrl>
      <LookAt>
        <longitude>-79.91663020</longitude>
        <latitude>40.45714620</latitude>
        <altitude>0</altitude>
        <heading>0</heading>
        <tilt>0</tilt>
        <range>2000</range>
      </LookAt>
      <Point>
        <coordinates>-79.91663020,40.45714620,0</coordinates>
      </Point>
    </Placemark>
    <Placemark>
      <name>Rich Stadium - April 7, 1989</name>
      <description>
        <![CDATA[<b>Date:</b> April 7, 1989<br/>
      <b>Venue:</b> Rich Stadium<br/>
      <b>Location:</b> Orchard Park, New York, United States<br/>
      
      <b>Setlist:</b> Bertha, Greatest Story Ever Told, Cold Rain and Snow, Walkin&#039; Blues, Row Jimmy, When I Paint My Masterpiece, Stagger Lee, Looks Like Rain, Deal | Touch of Grey, Man Smart, Woman Smarter, Ship of Fools, Playing in the Band, Terrapin Station, Drums, Space, I Will Take You Home, All Along the Watchtower, Morning Dew, Not Fade Away | U.S. Blues<br/>
      
      <b>Notes:</b> Officially released as &#039;Truckin&#039; Up to Buffalo&#039; in 2005 as the CD soundtrack to the DVD video of the same name.<br/>]]>
      </description>
      <styleUrl>#deadIcon</styleUrl>
      <LookAt>
        <longitude>-78.78697230</longitude>
        <latitude>42.77375460</latitude>
        <altitude>0</altitude>
        <heading>0</heading>
        <tilt>0</tilt>
        <range>2000</range>
      </LookAt>
      <Point>
        <coordinates>-78.78697230,42.77375460,0</coordinates>
      </Point>
    </Placemark>
    <Placemark>
      <name>Cal Expo Amphitheatre - April 8, 1989</name>
      <description>
        <![CDATA[<b>Date:</b> April 8, 1989<br/>
      <b>Venue:</b> Cal Expo Amphitheatre<br/>
      <b>Location:</b> Sacramento, California, United States<br/>
      
      <b>Setlist:</b> Bertha, Greatest Story Ever Told, Althea, Mama Tried, Mexicali Blues, Never Trust a Woman, Built to Last, Queen Jane Approximately, Jack-A-Roe, Cassidy, Deal | Truckin&#039;, Wang Dang Doodle, Crazy Fingers, Cumberland Blues, Eyes of the World, Drums, Space, The Wheel, I Need a Miracle, Stella Blue, Sugar Magnolia | It&#039;s All Over Now, Baby Blue<br/>]]>
      </description>
      <styleUrl>#deadIcon</styleUrl>
      <LookAt>
        <longitude>-121.42832160</longitude>
        <latitude>38.58909960</latitude>
        <altitude>0</altitude>
        <heading>0</heading>
        <tilt>0</tilt>
        <range>2000</range>
      </LookAt>
      <Point>
        <coordinates>-121.42832160,38.58909960,0</coordinates>
      </Point>
    </Placemark>
    <Placemark>
      <name>Henry J. Kaiser Convention Center - May 2, 1989</name>
      <description>
        <![CDATA[<b>Date:</b> May 2, 1989<br/>
      <b>Venue:</b> Henry J. Kaiser Convention Center<br/>
      <b>Location:</b> Oakland, California, United States<br/>
      
      <b>Setlist:</b> Touch of Grey, Feel Like a Stranger, Franklin&#039;s Tower, The Little Red Rooster, Althea, We Can Run, Desolation Row, Don&#039;t Ease Me In | Cold Rain and Snow, Man Smart, Woman Smarter, Standing on the Moon, Playing in the Band, Drums, Space, I Will Take You Home, He&#039;s Gone, I Need a Miracle, Morning Dew | Johnny B. Goode<br/>]]>
      </description>
      <styleUrl>#deadIcon</styleUrl>
      <LookAt>
        <longitude>-122.26149000</longitude>
        <latitude>37.79778700</latitude>
        <altitude>0</altitude>
        <heading>0</heading>
        <tilt>0</tilt>
        <range>2000</range>
      </LookAt>
      <Point>
        <coordinates>-122.26149000,37.79778700,0</coordinates>
      </Point>
    </Placemark>
    <Placemark>
      <name>Crisler Arena - May 4, 1989</name>
      <description>
        <![CDATA[<b>Date:</b> May 4, 1989<br/>
      <b>Venue:</b> Crisler Arena<br/>
      <b>Location:</b> Ann Arbor, Michigan, United States<br/>
      
      <b>Setlist:</b> Feel Like a Stranger, Franklin&#039;s Tower, Minglewood Blues, Candyman, Stuck Inside of Mobile With the Memphis Blues Again, Far From Me, Dupree&#039;s Diamond Blues, Let It Grow, U.S. Blues | Funiculì, funiculà, Samson and Delilah, Cumberland Blues, Man Smart, Woman Smarter, Terrapin Station, Drums, Space, China Doll, Throwing Stones, Not Fade Away | Quinn the Eskimo (The Mighty Quinn)<br/>]]>
      </description>
      <styleUrl>#deadIcon</styleUrl>
      <LookAt>
        <longitude>-83.74666800</longitude>
        <latitude>42.26504700</latitude>
        <altitude>0</altitude>
        <heading>0</heading>
        <tilt>0</tilt>
        <range>2000</range>
      </LookAt>
      <Point>
        <coordinates>-83.74666800,42.26504700,0</coordinates>
      </Point>
    </Placemark>
    <Placemark>
      <name>Cal Expo Amphitheatre - May 8, 1989</name>
      <description>
        <![CDATA[<b>Date:</b> May 8, 1989<br/>
      <b>Venue:</b> Cal Expo Amphitheatre<br/>
      <b>Location:</b> Sacramento, California, United States<br/>
      
      <b>Setlist:</b> One More Saturday Night, Cold Rain and Snow, We Can Run, Stagger Lee, Stuck Inside of Mobile With the Memphis Blues Again, Row Jimmy, Let It Grow | Hey Pocky A-Way, Playing in the Band, I Know You Rider, Terrapin Station, Drums, Space, Standing on the Moon, Throwing Stones, Not Fade Away | U.S. Blues<br/>]]>
      </description>
      <styleUrl>#deadIcon</styleUrl>
      <LookAt>
        <longitude>-121.42832160</longitude>
        <latitude>38.58909960</latitude>
        <altitude>0</altitude>
        <heading>0</heading>
        <tilt>0</tilt>
        <range>2000</range>
      </LookAt>
      <Point>
        <coordinates>-121.42832160,38.58909960,0</coordinates>
      </Point>
    </Placemark>
    <Placemark>
      <name>Henry J. Kaiser Convention Center - June 2, 1989</name>
      <description>
        <![CDATA[<b>Date:</b> June 2, 1989<br/>
      <b>Venue:</b> Henry J. Kaiser Convention Center<br/>
      <b>Location:</b> Oakland, California, United States<br/>
      
      <b>Setlist:</b> Not Fade Away, Sugaree, Wang Dang Doodle, Jack-A-Roe, Queen Jane Approximately, Brown-Eyed Women, Cassidy, Tennessee Jed | Hell in a Bucket, Scarlet Begonias, Looks Like Rain, Terrapin Station, Drums, Space, The Other One, Stella Blue, Turn On Your Love Light | Black Muddy River<br/>]]>
      </description>
      <styleUrl>#deadIcon</styleUrl>
      <LookAt>
        <longitude>-122.26149000</longitude>
        <latitude>37.79778700</latitude>
        <altitude>0</altitude>
        <heading>0</heading>
        <tilt>0</tilt>
        <range>2000</range>
      </LookAt>
      <Point>
        <coordinates>-122.26149000,37.79778700,0</coordinates>
      </Point>
    </Placemark>
    <Placemark>
      <name>Crisler Arena - June 4, 1989</name>
      <description>
        <![CDATA[<b>Date:</b> June 4, 1989<br/>
      <b>Venue:</b> Crisler Arena<br/>
      <b>Location:</b> Ann Arbor, Michigan, United States<br/>
      
      <b>Setlist:</b> Touch of Grey, The Little Red Rooster, Brown-Eyed Women, Mama Tried, Mexicali Blues, Althea, When I Paint My Masterpiece, Bird Song, Promised Land | Scarlet Begonias, Fire on the Mountain, Playing in the Band, Built to Last, Drums, Space, I Will Take You Home, The Other One, Wharf Rat, Around and Around | Brokedown Palace<br/>]]>
      </description>
      <styleUrl>#deadIcon</styleUrl>
      <LookAt>
        <longitude>-83.74666800</longitude>
        <latitude>42.26504700</latitude>
        <altitude>0</altitude>
        <heading>0</heading>
        <tilt>0</tilt>
        <range>2000</range>
      </LookAt>
      <Point>
        <coordinates>-83.74666800,42.26504700,0</coordinates>
      </Point>
    </Placemark>
    <Placemark>
      <name>Frost Amphitheater - June 5, 1989</name>
      <description>
        <![CDATA[<b>Date:</b> June 5, 1989<br/>
      <b>Venue:</b> Frost Amphitheater<br/>
      <b>Location:</b> Stanford, California, United States<br/>
      
      <b>Setlist:</b> Jack Straw, Peggy-O, Walkin&#039; Blues, They Love Each Other, The Race Is On, West L.A. Fadeaway, Just a Little Light, Queen Jane Approximately, China Cat Sunflower, I Know You Rider | Good Times, Hey Pocky A-Way, Samson and Delilah, Ship of Fools, Playing in the Band, Eyes of the World, Drums, Space, I Will Take You Home, The Wheel, I Need a Miracle, Wharf Rat, Around and Around, Not Fade Away | Black Muddy River<br/>]]>
      </description>
      <styleUrl>#deadIcon</styleUrl>
      <LookAt>
        <longitude>-122.16602680</longitude>
        <latitude>37.43072230</latitude>
        <altitude>0</altitude>
        <heading>0</heading>
        <tilt>0</tilt>
        <range>2000</range>
      </LookAt>
      <Point>
        <coordinates>-122.16602680,37.43072230,0</coordinates>
      </Point>
    </Placemark>
    <Placemark>
      <name>Cal Expo Amphitheatre - June 8, 1989</name>
      <description>
        <![CDATA[<b>Date:</b> June 8, 1989<br/>
      <b>Venue:</b> Cal Expo Amphitheatre<br/>
      <b>Location:</b> Sacramento, California, United States<br/>
      
      <b>Setlist:</b> Good Times, Feel Like a Stranger, Franklin&#039;s Tower, Walkin&#039; Blues, Ramble On Rose, When I Paint My Masterpiece, Bird Song | Scarlet Begonias, Fire on the Mountain, Samson and Delilah, Ship of Fools, Man Smart, Woman Smarter, Drums, Jam, I Will Take You Home, The Other One, Wharf Rat, Turn On Your Love Light, Johnny B. Goode | And We Bid You Goodnight<br/>]]>
      </description>
      <styleUrl>#deadIcon</styleUrl>
      <LookAt>
        <longitude>-121.42832160</longitude>
        <latitude>38.58909960</latitude>
        <altitude>0</altitude>
        <heading>0</heading>
        <tilt>0</tilt>
        <range>2000</range>
      </LookAt>
      <Point>
        <coordinates>-121.42832160,38.58909960,0</coordinates>
      </Point>
    </Placemark>
    <Placemark>
      <name>Oakland-Alameda County Coliseum Arena - June 12, 1989</name>
      <description>
        <![CDATA[<b>Date:</b> June 12, 1989<br/>
      <b>Venue:</b> Oakland-Alameda County Coliseum Arena<br/>
      <b>Location:</b> Oakland, California, United States<br/>
      
      <b>Setlist:</b> Shakedown Street, Walkin&#039; Blues, Friend of the Devil, Queen Jane Approximately, Jack-A-Roe, Just a Little Light, Victim or the Crime, Don&#039;t Ease Me In | Scarlet Begonias, Sugar Magnolia, Ship of Fools, Terrapin Station, Drums, Space, The Wheel, All Along the Watchtower, Standing on the Moon, Sunshine Daydream | Black Muddy River<br/>]]>
      </description>
      <styleUrl>#deadIcon</styleUrl>
      <LookAt>
        <longitude>-122.20304900</longitude>
        <latitude>37.75033800</latitude>
        <altitude>0</altitude>
        <heading>0</heading>
        <tilt>0</tilt>
        <range>2000</range>
      </LookAt>
      <Point>
        <coordinates>-122.20304900,37.75033800,0</coordinates>
      </Point>
    </Placemark>
    <Placemark>
      <name>Henry J. Kaiser Convention Center - July 2, 1989</name>
      <description>
        <![CDATA[<b>Date:</b> July 2, 1989<br/>
      <b>Venue:</b> Henry J. Kaiser Convention Center<br/>
      <b>Location:</b> Oakland, California, United States<br/>
      
      <b>Setlist:</b> Hey Pocky A-Way, Jack Straw, Loser, Walkin&#039; Blues, Just a Little Light, Standing on the Moon, Stuck Inside of Mobile With the Memphis Blues Again, Bird Song | Iko Iko, Victim or the Crime, We Can Run, Uncle John&#039;s Band, Drums, Space, The Wheel, Throwing Stones, Foolish Heart, Good Lovin&#039; | Knockin&#039; on Heaven&#039;s Door<br/>]]>
      </description>
      <styleUrl>#deadIcon</styleUrl>
      <LookAt>
        <longitude>-122.26149000</longitude>
        <latitude>37.79778700</latitude>
        <altitude>0</altitude>
        <heading>0</heading>
        <tilt>0</tilt>
        <range>2000</range>
      </LookAt>
      <Point>
        <coordinates>-122.26149000,37.79778700,0</coordinates>
      </Point>
    </Placemark>
    <Placemark>
      <name>Frost Amphitheater - July 5, 1989</name>
      <description>
        <![CDATA[<b>Date:</b> July 5, 1989<br/>
      <b>Venue:</b> Frost Amphitheater<br/>
      <b>Location:</b> Stanford, California, United States<br/>
      
      <b>Setlist:</b> Iko Iko, The Little Red Rooster, Bertha, Me and My Uncle, Mexicali Blues, Built to Last, Picasso Moon, Bird Song | Foolish Heart, Victim or the Crime, Crazy Fingers, Man Smart, Woman Smarter, He&#039;s Gone, Drums, Space, The Other One, Black Peter, Turn On Your Love Light | Knockin&#039; on Heaven&#039;s Door<br/>]]>
      </description>
      <styleUrl>#deadIcon</styleUrl>
      <LookAt>
        <longitude>-122.16602680</longitude>
        <latitude>37.43072230</latitude>
        <altitude>0</altitude>
        <heading>0</heading>
        <tilt>0</tilt>
        <range>2000</range>
      </LookAt>
      <Point>
        <coordinates>-122.16602680,37.43072230,0</coordinates>
      </Point>
    </Placemark>
    <Placemark>
      <name>John F. Kennedy Stadium - July 7, 1989</name>
      <description>
        <![CDATA[<b>Date:</b> July 7, 1989<br/>
      <b>Venue:</b> John F. Kennedy Stadium<br/>
      <b>Location:</b> Philadelphia, Pennsylvania, United States<br/>
      
      <b>Setlist:</b> Hell in a Bucket, Iko Iko, The Little Red Rooster, Ramble On Rose, Stuck Inside of Mobile With the Memphis Blues Again, Loser, Let It Grow, Blow Away | Box of Rain, Scarlet Begonias, Fire on the Mountain, Estimated Prophet, Standing on the Moon, Drums, Space, The Other One, Wharf Rat, Turn On Your Love Light | Knockin&#039; on Heaven&#039;s Door<br/>
      
      <b>Notes:</b> Complete concert officially released as &quot;Crimson White &amp; Indigo&quot; on DVD/CD in 2010. The last event held at John F. Kennedy Stadium, it was condemned 6 days after the show.<br/>]]>
      </description>
      <styleUrl>#deadIcon</styleUrl>
      <LookAt>
        <longitude>-75.16303080</longitude>
        <latitude>39.90668070</latitude>
        <altitude>0</altitude>
        <heading>0</heading>
        <tilt>0</tilt>
        <range>2000</range>
      </LookAt>
      <Point>
        <coordinates>-75.16303080,39.90668070,0</coordinates>
      </Point>
    </Placemark>
    <Placemark>
      <name>Riverfront Coliseum - August 4, 1989</name>
      <description>
        <![CDATA[<b>Date:</b> August 4, 1989<br/>
      <b>Venue:</b> Riverfront Coliseum<br/>
      <b>Location:</b> Cincinnati, Ohio, United States<br/>
      
      <b>Setlist:</b> Good Times, Wang Dang Doodle, West L.A. Fadeaway, Blow Away, Queen Jane Approximately, Loser, Cassidy, Don&#039;t Ease Me In | China Cat Sunflower, I Know You Rider, Looks Like Rain, Eyes of the World, Drums, Space, The Wheel, Dear Mr. Fantasy, Hey Jude, I Need a Miracle, Black Peter, One More Saturday Night | Box of Rain<br/>]]>
      </description>
      <styleUrl>#deadIcon</styleUrl>
      <LookAt>
        <longitude>-84.50447870</longitude>
        <latitude>39.09799060</latitude>
        <altitude>0</altitude>
        <heading>0</heading>
        <tilt>0</tilt>
        <range>2000</range>
      </LookAt>
      <Point>
        <coordinates>-84.50447870,39.09799060,0</coordinates>
      </Point>
    </Placemark>
    <Placemark>
      <name>Hampton Coliseum - August 10, 1989</name>
      <description>
        <![CDATA[<b>Date:</b> August 10, 1989<br/>
      <b>Venue:</b> Hampton Coliseum<br/>
      <b>Location:</b> Hampton, Virginia, United States<br/>
      
      <b>Setlist:</b> Foolish Heart, Walkin&#039; Blues, Candyman, Me and My Uncle, Big River, Stagger Lee, Queen Jane Approximately, Bird Song, Promised Land | Help on the Way, Slipknot!, Franklin&#039;s Tower, Victim or the Crime, Eyes of the World, Drums, Space, I Need a Miracle, The Wheel, Gimme Some Lovin&#039;, Morning Dew | And We Bid You Goodnight<br/>
      
      <b>Notes:</b> Billed as &#039;Formerly The Warlocks&#039;.<br/>]]>
      </description>
      <styleUrl>#deadIcon</styleUrl>
      <LookAt>
        <longitude>-76.38132000</longitude>
        <latitude>37.03472800</latitude>
        <altitude>0</altitude>
        <heading>0</heading>
        <tilt>0</tilt>
        <range>2000</range>
      </LookAt>
      <Point>
        <coordinates>-76.38132000,37.03472800,0</coordinates>
      </Point>
    </Placemark>
    <Placemark>
      <name>Great Western Forum - August 12, 1989</name>
      <description>
        <![CDATA[<b>Date:</b> August 12, 1989<br/>
      <b>Venue:</b> Great Western Forum<br/>
      <b>Location:</b> Inglewood, California, United States<br/>
      
      <b>Setlist:</b> Good Times, Feel Like a Stranger, Stagger Lee, Beat It on Down the Line, Ramble On Rose, Cassidy, Blow Away | Help on the Way, Slipknot!, Franklin&#039;s Tower, Looks Like Rain, He&#039;s Gone, Drums, Space, I Will Take You Home, The Other One, Wharf Rat, Throwing Stones, Not Fade Away | U.S. Blues<br/>]]>
      </description>
      <styleUrl>#deadIcon</styleUrl>
      <LookAt>
        <longitude>-118.34206210</longitude>
        <latitude>33.95808530</latitude>
        <altitude>0</altitude>
        <heading>0</heading>
        <tilt>0</tilt>
        <range>2000</range>
      </LookAt>
      <Point>
        <coordinates>-118.34206210,33.95808530,0</coordinates>
      </Point>
    </Placemark>
    <Placemark>
      <name>Freedom Hall - September 4, 1989</name>
      <description>
        <![CDATA[<b>Date:</b> September 4, 1989<br/>
      <b>Venue:</b> Freedom Hall<br/>
      <b>Location:</b> Louisville, Kentucky, United States<br/>
      
      <b>Setlist:</b> Hell in a Bucket, Sugaree, Walkin&#039; Blues, It Must Have Been the Roses, Me and My Uncle, Big River, Ramble On Rose, Desolation Row, Foolish Heart | Louie Louie, Man Smart, Woman Smarter, Ship of Fools, Estimated Prophet, Uncle John&#039;s Band, Drums, Space, The Other One, Stella Blue, Sugar Magnolia | Knockin&#039; on Heaven&#039;s Door<br/>]]>
      </description>
      <styleUrl>#deadIcon</styleUrl>
      <LookAt>
        <longitude>-85.74165090</longitude>
        <latitude>38.19961070</latitude>
        <altitude>0</altitude>
        <heading>0</heading>
        <tilt>0</tilt>
        <range>2000</range>
      </LookAt>
      <Point>
        <coordinates>-85.74165090,38.19961070,0</coordinates>
      </Point>
    </Placemark>
    <Placemark>
      <name>Giants Stadium - September 7, 1989</name>
      <description>
        <![CDATA[<b>Date:</b> September 7, 1989<br/>
      <b>Venue:</b> Giants Stadium<br/>
      <b>Location:</b> East Rutherford, New Jersey, United States<br/>
      
      <b>Setlist:</b> Shakedown Street, Jack Straw, West L.A. Fadeaway, Victim or the Crime, Brown-Eyed Women, Queen Jane Approximately, Bird Song | China Cat Sunflower, I Know You Rider, Samson and Delilah, Built to Last, Truckin&#039;, Drums, Space, Gimme Some Lovin&#039;, Going Down the Road Feeling Bad, Throwing Stones, Not Fade Away | Brokedown Palace<br/>]]>
      </description>
      <styleUrl>#deadIcon</styleUrl>
      <LookAt>
        <longitude>-74.07445700</longitude>
        <latitude>40.81350640</latitude>
        <altitude>0</altitude>
        <heading>0</heading>
        <tilt>0</tilt>
        <range>2000</range>
      </LookAt>
      <Point>
        <coordinates>-74.07445700,40.81350640,0</coordinates>
      </Point>
    </Placemark>
    <Placemark>
      <name>Hampton Coliseum - September 10, 1989</name>
      <description>
        <![CDATA[<b>Date:</b> September 10, 1989<br/>
      <b>Venue:</b> Hampton Coliseum<br/>
      <b>Location:</b> Hampton, Virginia, United States<br/>
      
      <b>Setlist:</b> Feel Like a Stranger, Built to Last, The Little Red Rooster, Ramble On Rose, We Can Run, Jack-A-Roe, Stuck Inside of Mobile With the Memphis Blues Again, Row Jimmy, The Music Never Stopped | Playing in the Band, Uncle John&#039;s Band, Dark Star, Drums, Space, Death Don&#039;t Have No Mercy, Dear Mr. Fantasy, Hey Jude, Throwing Stones, Good Lovin&#039; | Attics of My Life<br/>
      
      <b>Notes:</b> Billed as &#039;Formerly the Warlocks&#039;<br/>]]>
      </description>
      <styleUrl>#deadIcon</styleUrl>
      <LookAt>
        <longitude>-76.38132000</longitude>
        <latitude>37.03472800</latitude>
        <altitude>0</altitude>
        <heading>0</heading>
        <tilt>0</tilt>
        <range>2000</range>
      </LookAt>
      <Point>
        <coordinates>-76.38132000,37.03472800,0</coordinates>
      </Point>
    </Placemark>
    <Placemark>
      <name>Great Western Forum - September 12, 1989</name>
      <description>
        <![CDATA[<b>Date:</b> September 12, 1989<br/>
      <b>Venue:</b> Great Western Forum<br/>
      <b>Location:</b> Inglewood, California, United States<br/>
      
      <b>Setlist:</b> Touch of Grey, Minglewood Blues, Row Jimmy, Mexicali Blues, Cumberland Blues, Bird Song, One More Saturday Night | Foolish Heart, Playing in the Band, Crazy Fingers, Uncle John&#039;s Band, Drums, Space, Dear Mr. Fantasy, Hey Jude, Turn On Your Love Light | Knockin&#039; on Heaven&#039;s Door<br/>]]>
      </description>
      <styleUrl>#deadIcon</styleUrl>
      <LookAt>
        <longitude>-118.34206210</longitude>
        <latitude>33.95808530</latitude>
        <altitude>0</altitude>
        <heading>0</heading>
        <tilt>0</tilt>
        <range>2000</range>
      </LookAt>
      <Point>
        <coordinates>-118.34206210,33.95808530,0</coordinates>
      </Point>
    </Placemark>
    <Placemark>
      <name>Great Western Forum - October 2, 1989</name>
      <description>
        <![CDATA[<b>Date:</b> October 2, 1989<br/>
      <b>Venue:</b> Great Western Forum<br/>
      <b>Location:</b> Inglewood, California, United States<br/>
      
      <b>Setlist:</b> Feel Like a Stranger, Franklin&#039;s Tower, Walkin&#039; Blues, To Lay Me Down, When I Paint My Masterpiece, Friend of the Devil, Let It Grow | Just a Little Light, Truckin&#039;, Crazy Fingers, Playing in the Band, Drums, Space, The Wheel, Gimme Some Lovin&#039;, Wharf Rat, Sugar Magnolia | It&#039;s All Over Now, Baby Blue<br/>]]>
      </description>
      <styleUrl>#deadIcon</styleUrl>
      <LookAt>
        <longitude>-118.34206210</longitude>
        <latitude>33.95808530</latitude>
        <altitude>0</altitude>
        <heading>0</heading>
        <tilt>0</tilt>
        <range>2000</range>
      </LookAt>
      <Point>
        <coordinates>-118.34206210,33.95808530,0</coordinates>
      </Point>
    </Placemark>
    <Placemark>
      <name>Giants Stadium - October 7, 1989</name>
      <description>
        <![CDATA[<b>Date:</b> October 7, 1989<br/>
      <b>Venue:</b> Giants Stadium<br/>
      <b>Location:</b> East Rutherford, New Jersey, United States<br/>
      
      <b>Setlist:</b> Feel Like a Stranger, Franklin&#039;s Tower, Walkin&#039; Blues, Jack-A-Roe, When I Paint My Masterpiece, Tennessee Jed, The Music Never Stopped, Don&#039;t Ease Me In | Foolish Heart, Just a Little Light, Playing in the Band, Uncle John&#039;s Band, Drums, Space, Iko Iko, All Along the Watchtower, Morning Dew, Sugar Magnolia | Knockin&#039; on Heaven&#039;s Door<br/>]]>
      </description>
      <styleUrl>#deadIcon</styleUrl>
      <LookAt>
        <longitude>-74.07445700</longitude>
        <latitude>40.81350640</latitude>
        <altitude>0</altitude>
        <heading>0</heading>
        <tilt>0</tilt>
        <range>2000</range>
      </LookAt>
      <Point>
        <coordinates>-74.07445700,40.81350640,0</coordinates>
      </Point>
    </Placemark>
    <Placemark>
      <name>Great Western Forum - October 12, 1989</name>
      <description>
        <![CDATA[<b>Date:</b> October 12, 1989<br/>
      <b>Venue:</b> Great Western Forum<br/>
      <b>Location:</b> Inglewood, California, United States<br/>
      
      <b>Setlist:</b> Hell in a Bucket, Sugaree, We Can Run, When I Paint My Masterpiece, Loser, Victim or the Crime, See See Rider Blues, I&#039;m a Man | Jack Straw, China Cat Sunflower, I Know You Rider, Man Smart, Woman Smarter, Drums, Space, The Wheel, I Need a Miracle, Stella Blue, Good Lovin&#039; | It&#039;s All Over Now, Baby Blue<br/>]]>
      </description>
      <styleUrl>#deadIcon</styleUrl>
      <LookAt>
        <longitude>-118.34206210</longitude>
        <latitude>33.95808530</latitude>
        <altitude>0</altitude>
        <heading>0</heading>
        <tilt>0</tilt>
        <range>2000</range>
      </LookAt>
      <Point>
        <coordinates>-118.34206210,33.95808530,0</coordinates>
      </Point>
    </Placemark>
    <Placemark>
      <name>Great Western Forum - November 2, 1989</name>
      <description>
        <![CDATA[<b>Date:</b> November 2, 1989<br/>
      <b>Venue:</b> Great Western Forum<br/>
      <b>Location:</b> Inglewood, California, United States<br/>
      
      <b>Setlist:</b> Mississippi Half-Step Uptown Toodeloo, Minglewood Blues, Candyman, Big River, Built to Last, Queen Jane Approximately, We Can Run, Bird Song | China Cat Sunflower, I Know You Rider, Man Smart, Woman Smarter, Standing on the Moon, Estimated Prophet, I Will Take You Home, Drums, Space, Eyes of the World, I Need a Miracle, Black Peter, Turn On Your Love Light | Box of Rain<br/>]]>
      </description>
      <styleUrl>#deadIcon</styleUrl>
      <LookAt>
        <longitude>-118.34206210</longitude>
        <latitude>33.95808530</latitude>
        <altitude>0</altitude>
        <heading>0</heading>
        <tilt>0</tilt>
        <range>2000</range>
      </LookAt>
      <Point>
        <coordinates>-118.34206210,33.95808530,0</coordinates>
      </Point>
    </Placemark>
    <Placemark>
      <name>Rosemont Horizon - November 4, 1989</name>
      <description>
        <![CDATA[<b>Date:</b> November 4, 1989<br/>
      <b>Venue:</b> Rosemont Horizon<br/>
      <b>Location:</b> Rosemont, Illinois, United States<br/>
      
      <b>Setlist:</b> Shakedown Street, The Little Red Rooster, Friend of the Devil, Victim or the Crime, Built to Last, We Can Run, Stuck Inside of Mobile With the Memphis Blues Again, Deal | Samson and Delilah, Crazy Fingers, Playing in the Band, Terrapin Station, Drums, Space, Gimme Some Lovin&#039;, Standing on the Moon, Throwing Stones, Not Fade Away | U.S. Blues<br/>]]>
      </description>
      <styleUrl>#deadIcon</styleUrl>
      <LookAt>
        <longitude>-87.88783000</longitude>
        <latitude>42.00525900</latitude>
        <altitude>0</altitude>
        <heading>0</heading>
        <tilt>0</tilt>
        <range>2000</range>
      </LookAt>
      <Point>
        <coordinates>-87.88783000,42.00525900,0</coordinates>
      </Point>
    </Placemark>
    <Placemark>
      <name>Brendan Byrne Arena - November 10, 1989</name>
      <description>
        <![CDATA[<b>Date:</b> November 10, 1989<br/>
      <b>Venue:</b> Brendan Byrne Arena<br/>
      <b>Location:</b> East Rutherford, New Jersey, United States<br/>
      
      <b>Setlist:</b> Good Times, Bertha, Greatest Story Ever Told, Loser, When I Paint My Masterpiece, Althea, Cassidy, Just a Little Light, Don&#039;t Ease Me In | China Cat Sunflower, I Know You Rider, Estimated Prophet, Terrapin Station, Drums, Space, The Wheel, All Along the Watchtower, Black Peter, Turn On Your Love Light | It&#039;s All Over Now, Baby Blue<br/>]]>
      </description>
      <styleUrl>#deadIcon</styleUrl>
      <LookAt>
        <longitude>-74.06760300</longitude>
        <latitude>40.81168380</latitude>
        <altitude>0</altitude>
        <heading>0</heading>
        <tilt>0</tilt>
        <range>2000</range>
      </LookAt>
      <Point>
        <coordinates>-74.06760300,40.81168380,0</coordinates>
      </Point>
    </Placemark>
    <Placemark>
      <name>Great Western Forum - December 2, 1989</name>
      <description>
        <![CDATA[<b>Date:</b> December 2, 1989<br/>
      <b>Venue:</b> Great Western Forum<br/>
      <b>Location:</b> Inglewood, California, United States<br/>
      
      <b>Setlist:</b> Cold Rain and Snow, Hell in a Bucket, Row Jimmy, Beat It on Down the Line, Promised Land, West L.A. Fadeaway, How Long Blues, Gimme Some Lovin&#039; | Iko Iko, The Monkey and the Engineer, Alabama Getaway, Dire Wolf, Cassidy, Stuck Inside of Mobile With the Memphis Blues Again, Drums, Space, The Other One, Stella Blue, Foolish Heart | Not Fade Away, Knockin&#039; on Heaven&#039;s Door<br/>]]>
      </description>
      <styleUrl>#deadIcon</styleUrl>
      <LookAt>
        <longitude>-118.34206210</longitude>
        <latitude>33.95808530</latitude>
        <altitude>0</altitude>
        <heading>0</heading>
        <tilt>0</tilt>
        <range>2000</range>
      </LookAt>
      <Point>
        <coordinates>-118.34206210,33.95808530,0</coordinates>
      </Point>
    </Placemark>
    <Placemark>
      <name>Rosemont Horizon - December 4, 1989</name>
      <description>
        <![CDATA[<b>Date:</b> December 4, 1989<br/>
      <b>Venue:</b> Rosemont Horizon<br/>
      <b>Location:</b> Rosemont, Illinois, United States<br/>
      
      <b>Setlist:</b> Jack Straw, Row Jimmy, Minglewood Blues, Tennessee Jed, When I Paint My Masterpiece, Cumberland Blues, Let It Grow | Touch of Grey, Truckin&#039;, Smokestack Lightning, Spoonful, He&#039;s Gone, Drums, Space, I Will Take You Home, All Along the Watchtower, Wharf Rat, Turn On Your Love Light | Black Muddy River<br/>]]>
      </description>
      <styleUrl>#deadIcon</styleUrl>
      <LookAt>
        <longitude>-87.88783000</longitude>
        <latitude>42.00525900</latitude>
        <altitude>0</altitude>
        <heading>0</heading>
        <tilt>0</tilt>
        <range>2000</range>
      </LookAt>
      <Point>
        <coordinates>-87.88783000,42.00525900,0</coordinates>
      </Point>
    </Placemark>
    <Placemark>
      <name>Robert F. Kennedy Memorial Stadium - December 7, 1989</name>
      <description>
        <![CDATA[<b>Date:</b> December 7, 1989<br/>
      <b>Venue:</b> Robert F. Kennedy Memorial Stadium<br/>
      <b>Location:</b> Washington, Washington, D.C., United States<br/>
      
      <b>Setlist:</b> Touch of Grey, Minglewood Blues, Mississippi Half-Step Uptown Toodeloo, Just Like Tom Thumb&#039;s Blues, Far From Me, Cassidy, Friend of the Devil, Promised Land | Sugaree, Man Smart, Woman Smarter, Ship of Fools, Estimated Prophet, Eyes of the World, Drums, Space, I Need a Miracle, Dear Mr. Fantasy, Black Peter, Turn On Your Love Light | Black Muddy River<br/>]]>
      </description>
      <styleUrl>#deadIcon</styleUrl>
      <LookAt>
        <longitude>-76.97186980</longitude>
        <latitude>38.88985250</latitude>
        <altitude>0</altitude>
        <heading>0</heading>
        <tilt>0</tilt>
        <range>2000</range>
      </LookAt>
      <Point>
        <coordinates>-76.97186980,38.88985250,0</coordinates>
      </Point>
    </Placemark>
    <Placemark>
      <name>Brendan Byrne Arena - December 10, 1989</name>
      <description>
        <![CDATA[<b>Date:</b> December 10, 1989<br/>
      <b>Venue:</b> Brendan Byrne Arena<br/>
      <b>Location:</b> East Rutherford, New Jersey, United States<br/>
      
      <b>Setlist:</b> Hell in a Bucket, Sugaree, Blow Away, Tennessee Jed, Queen Jane Approximately, Bird Song, Jack Straw | Hey Pocky A-Way, Cumberland Blues, Looks Like Rain, He&#039;s Gone, Drums, Space, The Other One, Wharf Rat, Sugar Magnolia | Brokedown Palace<br/>]]>
      </description>
      <styleUrl>#deadIcon</styleUrl>
      <LookAt>
        <longitude>-74.06760300</longitude>
        <latitude>40.81168380</latitude>
        <altitude>0</altitude>
        <heading>0</heading>
        <tilt>0</tilt>
        <range>2000</range>
      </LookAt>
      <Point>
        <coordinates>-74.06760300,40.81168380,0</coordinates>
      </Point>
    </Placemark>
    <Placemark>
      <name>The Omni - January 4, 1990</name>
      <description>
        <![CDATA[<b>Date:</b> January 4, 1990<br/>
      <b>Venue:</b> The Omni<br/>
      <b>Location:</b> Atlanta, Georgia, United States<br/>
      
      <b>Setlist:</b> Touch of Grey, Walkin&#039; Blues, Just a Little Light, Candyman, Me and My Uncle, Big River, Althea, Victim or the Crime, To Lay Me Down, The Music Never Stopped | China Cat Sunflower, I Know You Rider, Ship of Fools, Man Smart, Woman Smarter, Drums, Space, Dear Mr. Fantasy, Hey Jude, Truckin&#039;, Stella Blue, Sugar Magnolia | It&#039;s All Over Now, Baby Blue<br/>]]>
      </description>
      <styleUrl>#deadIcon</styleUrl>
      <LookAt>
        <longitude>-84.46751140</longitude>
        <latitude>33.88942120</latitude>
        <altitude>0</altitude>
        <heading>0</heading>
        <tilt>0</tilt>
        <range>2000</range>
      </LookAt>
      <Point>
        <coordinates>-84.46751140,33.88942120,0</coordinates>
      </Point>
    </Placemark>
    <Placemark>
      <name>Wembley Arena - January 11, 1990</name>
      <description>
        <![CDATA[<b>Date:</b> January 11, 1990<br/>
      <b>Venue:</b> Wembley Arena<br/>
      <b>Location:</b> London, England, United Kingdom<br/>
      
      <b>Setlist:</b> Hell in a Bucket, Friend of the Devil, Walkin&#039; Blues, Cold Rain and Snow, Mama Tried, Maggie&#039;s Farm, Cassidy, Stander on the Mountain | Victim or the Crime, Touch of Grey, Playing in the Band, Dark Star, Drums, Space, Wharf Rat, Throwing Stones, Not Fade Away | U.S. Blues<br/>]]>
      </description>
      <styleUrl>#deadIcon</styleUrl>
      <LookAt>
        <longitude>-0.28275480</longitude>
        <latitude>51.55814410</latitude>
        <altitude>0</altitude>
        <heading>0</heading>
        <tilt>0</tilt>
        <range>2000</range>
      </LookAt>
      <Point>
        <coordinates>-0.28275480,51.55814410,0</coordinates>
      </Point>
    </Placemark>
    <Placemark>
      <name>The Omni - February 4, 1990</name>
      <description>
        <![CDATA[<b>Date:</b> February 4, 1990<br/>
      <b>Venue:</b> The Omni<br/>
      <b>Location:</b> Atlanta, Georgia, United States<br/>
      
      <b>Setlist:</b> Feel Like a Stranger, Mississippi Half-Step Uptown Toodeloo, The Weight, Queen Jane Approximately, Easy to Love You, Brown-Eyed Women, Let It Grow | Foolish Heart, Looks Like Rain, He&#039;s Gone, The Last Time, Drums, Space, The Other One, Death Don&#039;t Have No Mercy, Around and Around, Good Lovin&#039; | Black Muddy River<br/>]]>
      </description>
      <styleUrl>#deadIcon</styleUrl>
      <LookAt>
        <longitude>-84.46751140</longitude>
        <latitude>33.88942120</latitude>
        <altitude>0</altitude>
        <heading>0</heading>
        <tilt>0</tilt>
        <range>2000</range>
      </LookAt>
      <Point>
        <coordinates>-84.46751140,33.88942120,0</coordinates>
      </Point>
    </Placemark>
    <Placemark>
      <name>The Omni - March 4, 1990</name>
      <description>
        <![CDATA[<b>Date:</b> March 4, 1990<br/>
      <b>Venue:</b> The Omni<br/>
      <b>Location:</b> Atlanta, Georgia, United States<br/>
      
      <b>Setlist:</b> Shakedown Street, Hell in a Bucket, Sugaree, We Can Run, When I Paint My Masterpiece, Row Jimmy, Picasso Moon, Tennessee Jed, Promised Land | Estimated Prophet, Scarlet Begonias, Crazy Fingers, Playing in the Band, Drums, Space, I Will Take You Home, Going Down the Road Feeling Bad, Throwing Stones, Not Fade Away | And We Bid You Goodnight<br/>]]>
      </description>
      <styleUrl>#deadIcon</styleUrl>
      <LookAt>
        <longitude>-84.46751140</longitude>
        <latitude>33.88942120</latitude>
        <altitude>0</altitude>
        <heading>0</heading>
        <tilt>0</tilt>
        <range>2000</range>
      </LookAt>
      <Point>
        <coordinates>-84.46751140,33.88942120,0</coordinates>
      </Point>
    </Placemark>
    <Placemark>
      <name>Oakland-Alameda County Coliseum Arena - March 12, 1990</name>
      <description>
        <![CDATA[<b>Date:</b> March 12, 1990<br/>
      <b>Venue:</b> Oakland-Alameda County Coliseum Arena<br/>
      <b>Location:</b> Oakland, California, United States<br/>
      
      <b>Setlist:</b> Touch of Grey, Feel Like a Stranger, West L.A. Fadeaway, Queen Jane Approximately, Ramble On Rose, Cassidy, Althea, Stander on the Mountain | China Cat Sunflower, I Know You Rider, Estimated Prophet, Terrapin Station, Drums, Space, The Wheel, I Need a Miracle, Stella Blue, Sugar Magnolia | The Weight<br/>]]>
      </description>
      <styleUrl>#deadIcon</styleUrl>
      <LookAt>
        <longitude>-122.20304900</longitude>
        <latitude>37.75033800</latitude>
        <altitude>0</altitude>
        <heading>0</heading>
        <tilt>0</tilt>
        <range>2000</range>
      </LookAt>
      <Point>
        <coordinates>-122.20304900,37.75033800,0</coordinates>
      </Point>
    </Placemark>
    <Placemark>
      <name>Sandstone Amphitheater - April 7, 1990</name>
      <description>
        <![CDATA[<b>Date:</b> April 7, 1990<br/>
      <b>Venue:</b> Sandstone Amphitheater<br/>
      <b>Location:</b> Bonner Springs, Kansas, United States<br/>
      
      <b>Setlist:</b> Cold Rain and Snow, Walkin&#039; Blues, Mississippi Half-Step Uptown Toodeloo, Queen Jane Approximately, Loose Lucy, It&#039;s All Over Now, Loser, Promised Land | Victim or the Crime, Foolish Heart, Just a Little Light, Scarlet Begonias, Fire on the Mountain, Drums, Space, The Wheel, Gimme Some Lovin&#039;, Stella Blue, Sugar Magnolia | U.S. Blues<br/>]]>
      </description>
      <styleUrl>#deadIcon</styleUrl>
      <LookAt>
        <longitude>-94.87712550</longitude>
        <latitude>39.11404600</latitude>
        <altitude>0</altitude>
        <heading>0</heading>
        <tilt>0</tilt>
        <range>2000</range>
      </LookAt>
      <Point>
        <coordinates>-94.87712550,39.11404600,0</coordinates>
      </Point>
    </Placemark>
    <Placemark>
      <name>Oakland-Alameda County Coliseum Arena - April 12, 1990</name>
      <description>
        <![CDATA[<b>Date:</b> April 12, 1990<br/>
      <b>Venue:</b> Oakland-Alameda County Coliseum Arena<br/>
      <b>Location:</b> Oakland, California, United States<br/>
      
      <b>Setlist:</b> Jack Straw, Mississippi Half-Step Uptown Toodeloo, Walkin&#039; Blues, Candyman, Me and My Uncle, Big River, Brown-Eyed Women, When I Paint My Masterpiece, Bird Song, The Valley Road | Eyes of the World, Saint of Circumstance, Ship of Fools, Truckin&#039;, Smokestack Lightning, Drums, Space, The Other One, Wharf Rat, Turn On Your Love Light | It&#039;s All Over Now, Baby Blue<br/>]]>
      </description>
      <styleUrl>#deadIcon</styleUrl>
      <LookAt>
        <longitude>-122.20304900</longitude>
        <latitude>37.75033800</latitude>
        <altitude>0</altitude>
        <heading>0</heading>
        <tilt>0</tilt>
        <range>2000</range>
      </LookAt>
      <Point>
        <coordinates>-122.20304900,37.75033800,0</coordinates>
      </Point>
    </Placemark>
    <Placemark>
      <name>California State University, Dominguez Hills - May 5, 1990</name>
      <description>
        <![CDATA[<b>Date:</b> May 5, 1990<br/>
      <b>Venue:</b> California State University, Dominguez Hills<br/>
      <b>Location:</b> Carson, California, United States<br/>
      
      <b>Setlist:</b> Good Times, The Race Is On, Help on the Way, Slipknot!, Franklin&#039;s Tower, Queen Jane Approximately, Loser, Me and My Uncle, Mexicali Blues, Loose Lucy, One More Saturday Night | Truckin&#039;, Crazy Fingers, Playing in the Band, Uncle John&#039;s Band, Drums, Space, I Need a Miracle, Dear Mr. Fantasy, Going Down the Road Feeling Bad, Around and Around | Touch of Grey<br/>]]>
      </description>
      <styleUrl>#deadIcon</styleUrl>
      <LookAt>
        <longitude>-118.25441080</longitude>
        <latitude>33.86245810</latitude>
        <altitude>0</altitude>
        <heading>0</heading>
        <tilt>0</tilt>
        <range>2000</range>
      </LookAt>
      <Point>
        <coordinates>-118.25441080,33.86245810,0</coordinates>
      </Point>
    </Placemark>
    <Placemark>
      <name>California State University, Dominguez Hills - June 5, 1990</name>
      <description>
        <![CDATA[<b>Date:</b> June 5, 1990<br/>
      <b>Venue:</b> California State University, Dominguez Hills<br/>
      <b>Location:</b> Carson, California, United States<br/>
      
      <b>Setlist:</b> Mississippi Half-Step Uptown Toodeloo, Feel Like a Stranger, Easy to Love You, West L.A. Fadeaway, When I Paint My Masterpiece, Candyman, Victim or the Crime, Foolish Heart | Iko Iko, Samson and Delilah, The Weight, Blow Away, Terrapin Station, Drums, Space, The Other One, Standing on the Moon, Throwing Stones, Turn On Your Love Light | The Last Time<br/>]]>
      </description>
      <styleUrl>#deadIcon</styleUrl>
      <LookAt>
        <longitude>-118.25441080</longitude>
        <latitude>33.86245810</latitude>
        <altitude>0</altitude>
        <heading>0</heading>
        <tilt>0</tilt>
        <range>2000</range>
      </LookAt>
      <Point>
        <coordinates>-118.25441080,33.86245810,0</coordinates>
      </Point>
    </Placemark>
    <Placemark>
      <name>Cardinal Stadium - June 7, 1990</name>
      <description>
        <![CDATA[<b>Date:</b> June 7, 1990<br/>
      <b>Venue:</b> Cardinal Stadium<br/>
      <b>Location:</b> Louisville, Kentucky, United States<br/>
      
      <b>Setlist:</b> Hell in a Bucket, Sugaree, Easy to Love You, Peggy-O, Desolation Row, West L.A. Fadeaway, Picasso Moon, Ramble On Rose, The Music Never Stopped | China Cat Sunflower, I Know You Rider, Man Smart, Woman Smarter, Standing on the Moon, He&#039;s Gone, Drums, Space, Truckin&#039;, Wharf Rat, Going Down the Road Feeling Bad, Around and Around | It&#039;s All Over Now, Baby Blue<br/>]]>
      </description>
      <styleUrl>#deadIcon</styleUrl>
      <LookAt>
        <longitude>-85.75879820</longitude>
        <latitude>38.20591340</latitude>
        <altitude>0</altitude>
        <heading>0</heading>
        <tilt>0</tilt>
        <range>2000</range>
      </LookAt>
      <Point>
        <coordinates>-85.75879820,38.20591340,0</coordinates>
      </Point>
    </Placemark>
    <Placemark>
      <name>Richfield Coliseum - July 9, 1990</name>
      <description>
        <![CDATA[<b>Date:</b> July 9, 1990<br/>
      <b>Venue:</b> Richfield Coliseum<br/>
      <b>Location:</b> Richfield, Ohio, United States<br/>
      
      <b>Setlist:</b> Cold Rain and Snow, Walkin&#039; Blues, Ramble On Rose, Me and My Uncle, Big River, Althea, When I Paint My Masterpiece, Bird Song, Picasso Moon, U.S. Blues | China Cat Sunflower, I Know You Rider, Truckin&#039;, Crazy Fingers, Playing in the Band, Drums, Space, I Need a Miracle, Black Peter, Turn On Your Love Light | Knockin&#039; on Heaven&#039;s Door<br/>
      
      <b>Notes:</b> Vince Welnick&#039;s first show as a member of the Grateful Dead.<br/>]]>
      </description>
      <styleUrl>#deadIcon</styleUrl>
      <LookAt>
        <longitude>-81.59512000</longitude>
        <latitude>41.24890000</latitude>
        <altitude>0</altitude>
        <heading>0</heading>
        <tilt>0</tilt>
        <range>2000</range>
      </LookAt>
      <Point>
        <coordinates>-81.59512000,41.24890000,0</coordinates>
      </Point>
    </Placemark>
    <Placemark>
      <name>Cal Expo Amphitheatre - August 6, 1990</name>
      <description>
        <![CDATA[<b>Date:</b> August 6, 1990<br/>
      <b>Venue:</b> Cal Expo Amphitheatre<br/>
      <b>Location:</b> Sacramento, California, United States<br/>
      
      <b>Setlist:</b> Cold Rain and Snow, Walkin&#039; Blues, Easy to Love You, Jack-A-Roe, Queen Jane Approximately, High Time, It&#039;s All Over Now, Bird Song | Uncle John&#039;s Band, China Cat Sunflower, I Know You Rider, Estimated Prophet, Foolish Heart, Drums, Space, The Wheel, I Need a Miracle, Black Peter, Sugar Magnolia | U.S. Blues<br/>]]>
      </description>
      <styleUrl>#deadIcon</styleUrl>
      <LookAt>
        <longitude>-121.42832160</longitude>
        <latitude>38.58909960</latitude>
        <altitude>0</altitude>
        <heading>0</heading>
        <tilt>0</tilt>
        <range>2000</range>
      </LookAt>
      <Point>
        <coordinates>-121.42832160,38.58909960,0</coordinates>
      </Point>
    </Placemark>
    <Placemark>
      <name>Three Rivers Stadium - August 7, 1990</name>
      <description>
        <![CDATA[<b>Date:</b> August 7, 1990<br/>
      <b>Venue:</b> Three Rivers Stadium<br/>
      <b>Location:</b> Pittsburgh, Pennsylvania, United States<br/>
      
      <b>Setlist:</b> Touch of Grey, Greatest Story Ever Told, Jack-A-Roe, Minglewood Blues, Row Jimmy, Mama Tried, Mexicali Blues, Just Like Tom Thumb&#039;s Blues, Let It Grow | Samson and Delilah, Eyes of the World, Estimated Prophet, Terrapin Station, Jam, Drums, Space, I Need a Miracle, Wang Dang Doodle, Black Peter, Throwing Stones, Turn On Your Love Light | Knockin&#039; on Heaven&#039;s Door<br/>]]>
      </description>
      <styleUrl>#deadIcon</styleUrl>
      <LookAt>
        <longitude>-80.01325470</longitude>
        <latitude>40.44693990</latitude>
        <altitude>0</altitude>
        <heading>0</heading>
        <tilt>0</tilt>
        <range>2000</range>
      </LookAt>
      <Point>
        <coordinates>-80.01325470,40.44693990,0</coordinates>
      </Point>
    </Placemark>
    <Placemark>
      <name>Richfield Coliseum - August 9, 1990</name>
      <description>
        <![CDATA[<b>Date:</b> August 9, 1990<br/>
      <b>Venue:</b> Richfield Coliseum<br/>
      <b>Location:</b> Richfield, Ohio, United States<br/>
      
      <b>Setlist:</b> Hell in a Bucket, Sugaree, Minglewood Blues, Friend of the Devil, Queen Jane Approximately, Loser, Cassidy, Deal | Eyes of the World, Estimated Prophet, Terrapin Station, Drums, Space, All Along the Watchtower, Stella Blue, Throwing Stones, Not Fade Away | One More Saturday Night<br/>]]>
      </description>
      <styleUrl>#deadIcon</styleUrl>
      <LookAt>
        <longitude>-81.59512000</longitude>
        <latitude>41.24890000</latitude>
        <altitude>0</altitude>
        <heading>0</heading>
        <tilt>0</tilt>
        <range>2000</range>
      </LookAt>
      <Point>
        <coordinates>-81.59512000,41.24890000,0</coordinates>
      </Point>
    </Placemark>
    <Placemark>
      <name>Compton Terrace - August 12, 1990</name>
      <description>
        <![CDATA[<b>Date:</b> August 12, 1990<br/>
      <b>Venue:</b> Compton Terrace<br/>
      <b>Location:</b> Chandler, Arizona, United States<br/>
      
      <b>Setlist:</b> Cold Rain and Snow, Picasso Moon, Loser, Minglewood Blues, Row Jimmy, Desolation Row, Tennessee Jed, The Music Never Stopped | Victim or the Crime, Foolish Heart, Playing in the Band, Uncle John&#039;s Band, Drums, Space, All Along the Watchtower, Black Peter, Around and Around, One More Saturday Night | U.S. Blues<br/>]]>
      </description>
      <styleUrl>#deadIcon</styleUrl>
      <LookAt>
        <longitude>-111.95770970</longitude>
        <latitude>33.44715610</latitude>
        <altitude>0</altitude>
        <heading>0</heading>
        <tilt>0</tilt>
        <range>2000</range>
      </LookAt>
      <Point>
        <coordinates>-111.95770970,33.44715610,0</coordinates>
      </Point>
    </Placemark>
    <Placemark>
      <name>Cal Expo Amphitheatre - September 6, 1990</name>
      <description>
        <![CDATA[<b>Date:</b> September 6, 1990<br/>
      <b>Venue:</b> Cal Expo Amphitheatre<br/>
      <b>Location:</b> Sacramento, California, United States<br/>
      
      <b>Setlist:</b> Good Times, Feel Like a Stranger, Peggy-O, Me and My Uncle, Mexicali Blues, Loser, When I Paint My Masterpiece, Loose Lucy, Cassidy, Don&#039;t Ease Me In | Victim or the Crime, Touch of Grey, Looks Like Rain, Terrapin Station, Drums, Space, Dear Mr. Fantasy, Hey Jude, All Along the Watchtower, Stella Blue, Turn On Your Love Light | Black Muddy River<br/>]]>
      </description>
      <styleUrl>#deadIcon</styleUrl>
      <LookAt>
        <longitude>-121.42832160</longitude>
        <latitude>38.58909960</latitude>
        <altitude>0</altitude>
        <heading>0</heading>
        <tilt>0</tilt>
        <range>2000</range>
      </LookAt>
      <Point>
        <coordinates>-121.42832160,38.58909960,0</coordinates>
      </Point>
    </Placemark>
    <Placemark>
      <name>Compton Terrace - September 12, 1990</name>
      <description>
        <![CDATA[<b>Date:</b> September 12, 1990<br/>
      <b>Venue:</b> Compton Terrace<br/>
      <b>Location:</b> Chandler, Arizona, United States<br/>
      
      <b>Setlist:</b> Hell in a Bucket, Bertha, The Little Red Rooster, Jack-A-Roe, Maggie&#039;s Farm, Black-Throated Wind, Bird Song, The Valley Road | Samson and Delilah, Scarlet Begonias, Fire on the Mountain, Truckin&#039;, Spoonful, He&#039;s Gone, Drums, Space, The Wheel, Playing in the Band, Going Down the Road Feeling Bad, Good Lovin&#039; | Brokedown Palace<br/>]]>
      </description>
      <styleUrl>#deadIcon</styleUrl>
      <LookAt>
        <longitude>-111.95770970</longitude>
        <latitude>33.44715610</latitude>
        <altitude>0</altitude>
        <heading>0</heading>
        <tilt>0</tilt>
        <range>2000</range>
      </LookAt>
      <Point>
        <coordinates>-111.95770970,33.44715610,0</coordinates>
      </Point>
    </Placemark>
    <Placemark>
      <name>Cal Expo Amphitheatre - October 6, 1990</name>
      <description>
        <![CDATA[<b>Date:</b> October 6, 1990<br/>
      <b>Venue:</b> Cal Expo Amphitheatre<br/>
      <b>Location:</b> Sacramento, California, United States<br/>
      
      <b>Setlist:</b> Bertha, Jack Straw, Dire Wolf, Wang Dang Doodle, Row Jimmy, Picasso Moon, Tennessee Jed, Promised Land | Box of Rain, Eyes of the World, Playing in the Band, Crazy Fingers, Drums, Space, Gimme Some Lovin&#039;, Standing on the Moon, Throwing Stones, Not Fade Away | The Last Time<br/>]]>
      </description>
      <styleUrl>#deadIcon</styleUrl>
      <LookAt>
        <longitude>-121.42832160</longitude>
        <latitude>38.58909960</latitude>
        <altitude>0</altitude>
        <heading>0</heading>
        <tilt>0</tilt>
        <range>2000</range>
      </LookAt>
      <Point>
        <coordinates>-121.42832160,38.58909960,0</coordinates>
      </Point>
    </Placemark>
    <Placemark>
      <name>Carter-Finley Stadium - October 7, 1990</name>
      <description>
        <![CDATA[<b>Date:</b> October 7, 1990<br/>
      <b>Venue:</b> Carter-Finley Stadium<br/>
      <b>Location:</b> Raleigh, North Carolina, United States<br/>
      
      <b>Setlist:</b> Jack Straw, Loser, We Can Run, Me and My Uncle, Big River, Friend of the Devil, When I Paint My Masterpiece, Bird Song, Promised Land | Iko Iko, Playing in the Band, Uncle John&#039;s Band, Drums, Space, The Other One, Stella Blue, Not Fade Away | Brokedown Palace<br/>]]>
      </description>
      <styleUrl>#deadIcon</styleUrl>
      <LookAt>
        <longitude>-78.71956550</longitude>
        <latitude>35.80080010</latitude>
        <altitude>0</altitude>
        <heading>0</heading>
        <tilt>0</tilt>
        <range>2000</range>
      </LookAt>
      <Point>
        <coordinates>-78.71956550,35.80080010,0</coordinates>
      </Point>
    </Placemark>
    <Placemark>
      <name>Spectrum - October 9, 1990</name>
      <description>
        <![CDATA[<b>Date:</b> October 9, 1990<br/>
      <b>Venue:</b> Spectrum<br/>
      <b>Location:</b> Philadelphia, Pennsylvania, United States<br/>
      
      <b>Setlist:</b> Shakedown Street, The Little Red Rooster, Peggy-O, Mama Tried, Mexicali Blues, Row Jimmy, Stuck Inside of Mobile With the Memphis Blues Again, Foolish Heart, Promised Land | Victim or the Crime, Scarlet Begonias, Fire on the Mountain, Man Smart, Woman Smarter, Drums, Space, The Other One, Wharf Rat, Sugar Magnolia | U.S. Blues<br/>]]>
      </description>
      <styleUrl>#deadIcon</styleUrl>
      <LookAt>
        <longitude>-75.47605530</longitude>
        <latitude>40.13540730</latitude>
        <altitude>0</altitude>
        <heading>0</heading>
        <tilt>0</tilt>
        <range>2000</range>
      </LookAt>
      <Point>
        <coordinates>-75.47605530,40.13540730,0</coordinates>
      </Point>
    </Placemark>
    <Placemark>
      <name>Spectrum - November 9, 1990</name>
      <description>
        <![CDATA[<b>Date:</b> November 9, 1990<br/>
      <b>Venue:</b> Spectrum<br/>
      <b>Location:</b> Philadelphia, Pennsylvania, United States<br/>
      
      <b>Setlist:</b> Jack Straw, Bertha, Greatest Story Ever Told, Candyman, Queen Jane Approximately, Brown-Eyed Women, It&#039;s All Over Now, Tennessee Jed, Hell in a Bucket | China Cat Sunflower, I Know You Rider, Looks Like Rain, He&#039;s Gone, Spoonful, Jam, Drums, Space, The Wheel, I Need a Miracle, Black Peter, Around and Around | Knockin&#039; on Heaven&#039;s Door<br/>]]>
      </description>
      <styleUrl>#deadIcon</styleUrl>
      <LookAt>
        <longitude>-75.47605530</longitude>
        <latitude>40.13540730</latitude>
        <altitude>0</altitude>
        <heading>0</heading>
        <tilt>0</tilt>
        <range>2000</range>
      </LookAt>
      <Point>
        <coordinates>-75.47605530,40.13540730,0</coordinates>
      </Point>
    </Placemark>
    <Placemark>
      <name>Robert F. Kennedy Memorial Stadium - December 7, 1990</name>
      <description>
        <![CDATA[<b>Date:</b> December 7, 1990<br/>
      <b>Venue:</b> Robert F. Kennedy Memorial Stadium<br/>
      <b>Location:</b> Washington, Washington, D.C., United States<br/>
      
      <b>Setlist:</b> Good Times, Feel Like a Stranger, Bertha, Just a Little Light, Queen Jane Approximately, Stagger Lee, Cassidy, Tennessee Jed, The Music Never Stopped | Box of Rain, Victim or the Crime, Foolish Heart, Dark Star, Drums, Space, All Along the Watchtower, Dear Mr. Fantasy, Hey Jude, Touch of Grey | The Weight<br/>]]>
      </description>
      <styleUrl>#deadIcon</styleUrl>
      <LookAt>
        <longitude>-76.97186980</longitude>
        <latitude>38.88985250</latitude>
        <altitude>0</altitude>
        <heading>0</heading>
        <tilt>0</tilt>
        <range>2000</range>
      </LookAt>
      <Point>
        <coordinates>-76.97186980,38.88985250,0</coordinates>
      </Point>
    </Placemark>
    <Placemark>
      <name>Spectrum - December 9, 1990</name>
      <description>
        <![CDATA[<b>Date:</b> December 9, 1990<br/>
      <b>Venue:</b> Spectrum<br/>
      <b>Location:</b> Philadelphia, Pennsylvania, United States<br/>
      
      <b>Setlist:</b> Mississippi Half-Step Uptown Toodeloo, Walkin&#039; Blues, They Love Each Other, Me and My Uncle, Big River, High Time, When I Paint My Masterpiece, Althea, Let It Grow | Iko Iko, Playing in the Band, Crazy Fingers, Uncle John&#039;s Band, Drums, Space, The Handsome Cabin Boy, Morning Dew, Turn On Your Love Light | Brokedown Palace<br/>]]>
      </description>
      <styleUrl>#deadIcon</styleUrl>
      <LookAt>
        <longitude>-75.47605530</longitude>
        <latitude>40.13540730</latitude>
        <altitude>0</altitude>
        <heading>0</heading>
        <tilt>0</tilt>
        <range>2000</range>
      </LookAt>
      <Point>
        <coordinates>-75.47605530,40.13540730,0</coordinates>
      </Point>
    </Placemark>
    <Placemark>
      <name>McNichols Sports Arena - December 12, 1990</name>
      <description>
        <![CDATA[<b>Date:</b> December 12, 1990<br/>
      <b>Venue:</b> McNichols Sports Arena<br/>
      <b>Location:</b> Denver, Colorado, United States<br/>
      
      <b>Setlist:</b> Touch of Grey, Greatest Story Ever Told, Candyman, Walkin&#039; Blues, Loose Lucy, Mexicali Blues, Maggie&#039;s Farm, Queen Jane Approximately, Deal | China Cat Sunflower, I Know You Rider, Looks Like Rain, Iko Iko, Dark Star, Terrapin Station, Drums, Space, All Along the Watchtower, Stella Blue, Throwing Stones, Not Fade Away | The Weight<br/>]]>
      </description>
      <styleUrl>#deadIcon</styleUrl>
      <LookAt>
        <longitude>-105.02115490</longitude>
        <latitude>39.74202600</latitude>
        <altitude>0</altitude>
        <heading>0</heading>
        <tilt>0</tilt>
        <range>2000</range>
      </LookAt>
      <Point>
        <coordinates>-105.02115490,39.74202600,0</coordinates>
      </Point>
    </Placemark>
    <Placemark>
      <name>Greensboro Coliseum - January 4, 1991</name>
      <description>
        <![CDATA[<b>Date:</b> January 4, 1991<br/>
      <b>Venue:</b> Greensboro Coliseum<br/>
      <b>Location:</b> Greensboro, North Carolina, United States<br/>
      
      <b>Setlist:</b> Jack Straw, Peggy-O, It&#039;s All Over Now, Candyman, Just Like Tom Thumb&#039;s Blues, Picasso Moon, Bird Song | China Cat Sunflower, I Know You Rider, Looks Like Rain, Dark Star, Drums, Space, Playing in the Band, Black Peter, Turn On Your Love Light | It&#039;s All Over Now, Baby Blue<br/>]]>
      </description>
      <styleUrl>#deadIcon</styleUrl>
      <LookAt>
        <longitude>-79.82502330</longitude>
        <latitude>36.05469500</latitude>
        <altitude>0</altitude>
        <heading>0</heading>
        <tilt>0</tilt>
        <range>2000</range>
      </LookAt>
      <Point>
        <coordinates>-79.82502330,36.05469500,0</coordinates>
      </Point>
    </Placemark>
    <Placemark>
      <name>Los Angeles Memorial Coliseum - January 6, 1991</name>
      <description>
        <![CDATA[<b>Date:</b> January 6, 1991<br/>
      <b>Venue:</b> Los Angeles Memorial Coliseum<br/>
      <b>Location:</b> Los Angeles, California, United States<br/>
      
      <b>Setlist:</b> Shakedown Street, Walkin&#039; Blues, Bertha, Greatest Story Ever Told, Candyman, Queen Jane Approximately, Deal | Picasso Moon, Foolish Heart, Playing in the Band, Uncle John&#039;s Band, Drums, Space, I Need a Miracle, Black Peter, Throwing Stones, Not Fade Away | One More Saturday Night<br/>]]>
      </description>
      <styleUrl>#deadIcon</styleUrl>
      <LookAt>
        <longitude>-118.28783550</longitude>
        <latitude>34.01366470</latitude>
        <altitude>0</altitude>
        <heading>0</heading>
        <tilt>0</tilt>
        <range>2000</range>
      </LookAt>
      <Point>
        <coordinates>-118.28783550,34.01366470,0</coordinates>
      </Point>
    </Placemark>
    <Placemark>
      <name>The Omni - March 4, 1991</name>
      <description>
        <![CDATA[<b>Date:</b> March 4, 1991<br/>
      <b>Venue:</b> The Omni<br/>
      <b>Location:</b> Atlanta, Georgia, United States<br/>
      
      <b>Setlist:</b> Touch of Grey, Greatest Story Ever Told, Loser, The Little Red Rooster, Brown-Eyed Women, When I Paint My Masterpiece, Tennessee Jed, The Music Never Stopped, Don&#039;t Ease Me In | Victim or the Crime, Foolish Heart, Crazy Fingers, Truckin&#039;, Smokestack Lightning, Drums, Space, All Along the Watchtower, Stella Blue, Sugar Magnolia | The Weight<br/>]]>
      </description>
      <styleUrl>#deadIcon</styleUrl>
      <LookAt>
        <longitude>-84.46751140</longitude>
        <latitude>33.88942120</latitude>
        <altitude>0</altitude>
        <heading>0</heading>
        <tilt>0</tilt>
        <range>2000</range>
      </LookAt>
      <Point>
        <coordinates>-84.46751140,33.88942120,0</coordinates>
      </Point>
    </Placemark>
    <Placemark>
      <name>Cal Expo Amphitheatre - March 5, 1991</name>
      <description>
        <![CDATA[<b>Date:</b> March 5, 1991<br/>
      <b>Venue:</b> Cal Expo Amphitheatre<br/>
      <b>Location:</b> Sacramento, California, United States<br/>
      
      <b>Setlist:</b> Bertha, Greatest Story Ever Told, West L.A. Fadeaway, Queen Jane Approximately, Jack-A-Roe, It&#039;s All Over Now, Tennessee Jed, Let It Grow | China Cat Sunflower, I Know You Rider, Estimated Prophet, He&#039;s Gone, Drums, Space, The Wheel, All Along the Watchtower, Stella Blue, Turn On Your Love Light | U.S. Blues<br/>
      
      <b>Notes:</b> Rex Foundation benefit.<br/>]]>
      </description>
      <styleUrl>#deadIcon</styleUrl>
      <LookAt>
        <longitude>-121.42832160</longitude>
        <latitude>38.58909960</latitude>
        <altitude>0</altitude>
        <heading>0</heading>
        <tilt>0</tilt>
        <range>2000</range>
      </LookAt>
      <Point>
        <coordinates>-121.42832160,38.58909960,0</coordinates>
      </Point>
    </Placemark>
    <Placemark>
      <name>Golden Gate Park - March 11, 1991</name>
      <description>
        <![CDATA[<b>Date:</b> March 11, 1991<br/>
      <b>Venue:</b> Golden Gate Park<br/>
      <b>Location:</b> San Francisco, California, United States<br/>
      
      <b>Setlist:</b> Hell in a Bucket, China Cat Sunflower, I Know You Rider, Wang Dang Doodle, Born on the Bayou, Green River, Bad Moon Rising, Proud Mary, Truckin&#039;, The Other One, Wharf Rat, Sunshine Daydream | Forever Young, Touch of Grey<br/>
      
      <b>Notes:</b> Bill Graham Memorial Concert<br/>]]>
      </description>
      <styleUrl>#deadIcon</styleUrl>
      <LookAt>
        <longitude>-122.48297700</longitude>
        <latitude>37.76892030</latitude>
        <altitude>0</altitude>
        <heading>0</heading>
        <tilt>0</tilt>
        <range>2000</range>
      </LookAt>
      <Point>
        <coordinates>-122.48297700,37.76892030,0</coordinates>
      </Point>
    </Placemark>
    <Placemark>
      <name>The Omni - April 4, 1991</name>
      <description>
        <![CDATA[<b>Date:</b> April 4, 1991<br/>
      <b>Venue:</b> The Omni<br/>
      <b>Location:</b> Atlanta, Georgia, United States<br/>
      
      <b>Setlist:</b> Good Times, Feel Like a Stranger, They Love Each Other, Walkin&#039; Blues, Ramble On Rose, Stuck Inside of Mobile With the Memphis Blues Again, High Time, Promised Land | Help on the Way, Slipknot!, Franklin&#039;s Tower, Estimated Prophet, He&#039;s Gone, Jam, Drums, Space, I Need a Miracle, Standing on the Moon, Good Lovin&#039; | U.S. Blues<br/>]]>
      </description>
      <styleUrl>#deadIcon</styleUrl>
      <LookAt>
        <longitude>-84.46751140</longitude>
        <latitude>33.88942120</latitude>
        <altitude>0</altitude>
        <heading>0</heading>
        <tilt>0</tilt>
        <range>2000</range>
      </LookAt>
      <Point>
        <coordinates>-84.46751140,33.88942120,0</coordinates>
      </Point>
    </Placemark>
    <Placemark>
      <name>Cal Expo Amphitheatre - April 5, 1991</name>
      <description>
        <![CDATA[<b>Date:</b> April 5, 1991<br/>
      <b>Venue:</b> Cal Expo Amphitheatre<br/>
      <b>Location:</b> Sacramento, California, United States<br/>
      
      <b>Setlist:</b> Hell in a Bucket, Sugaree, Minglewood Blues, Loser, The Race Is On, Row Jimmy, When I Paint My Masterpiece, New Speedway Boogie, The Music Never Stopped | Victim or the Crime, Crazy Fingers, Playing in the Band, Uncle John&#039;s Band, Drums, Space, I Need a Miracle, Standing on the Moon, One More Saturday Night | Touch of Grey<br/>
      
      <b>Notes:</b> Rex Foundation benefit.<br/>]]>
      </description>
      <styleUrl>#deadIcon</styleUrl>
      <LookAt>
        <longitude>-121.42832160</longitude>
        <latitude>38.58909960</latitude>
        <altitude>0</altitude>
        <heading>0</heading>
        <tilt>0</tilt>
        <range>2000</range>
      </LookAt>
      <Point>
        <coordinates>-121.42832160,38.58909960,0</coordinates>
      </Point>
    </Placemark>
    <Placemark>
      <name>Richfield Coliseum - April 9, 1991</name>
      <description>
        <![CDATA[<b>Date:</b> April 9, 1991<br/>
      <b>Venue:</b> Richfield Coliseum<br/>
      <b>Location:</b> Richfield, Ohio, United States<br/>
      
      <b>Setlist:</b> Good Times, Jack Straw, Jack-A-Roe, Walkin&#039; Blues, Friend of the Devil, Black-Throated Wind, Tennessee Jed, When I Paint My Masterpiece, Cold Rain and Snow, Promised Land | Scarlet Begonias, Fire on the Mountain, Estimated Prophet, He&#039;s Gone, Drums, Space, China Doll, The Wheel, Throwing Stones, Not Fade Away | The Weight<br/>]]>
      </description>
      <styleUrl>#deadIcon</styleUrl>
      <LookAt>
        <longitude>-81.59512000</longitude>
        <latitude>41.24890000</latitude>
        <altitude>0</altitude>
        <heading>0</heading>
        <tilt>0</tilt>
        <range>2000</range>
      </LookAt>
      <Point>
        <coordinates>-81.59512000,41.24890000,0</coordinates>
      </Point>
    </Placemark>
    <Placemark>
      <name>The Omni - May 4, 1991</name>
      <description>
        <![CDATA[<b>Date:</b> May 4, 1991<br/>
      <b>Venue:</b> The Omni<br/>
      <b>Location:</b> Atlanta, Georgia, United States<br/>
      
      <b>Setlist:</b> Shakedown Street, Minglewood Blues, Stagger Lee, Mama Tried, Mexicali Blues, Friend of the Devil, Queen Jane Approximately, Deal | Iko Iko, Saint of Circumstance, Terrapin Station, Stir It Up, Drums, Space, The Other One, Wharf Rat, Throwing Stones, Not Fade Away | Quinn the Eskimo (The Mighty Quinn)<br/>]]>
      </description>
      <styleUrl>#deadIcon</styleUrl>
      <LookAt>
        <longitude>-84.46751140</longitude>
        <latitude>33.88942120</latitude>
        <altitude>0</altitude>
        <heading>0</heading>
        <tilt>0</tilt>
        <range>2000</range>
      </LookAt>
      <Point>
        <coordinates>-84.46751140,33.88942120,0</coordinates>
      </Point>
    </Placemark>
    <Placemark>
      <name>Cal Expo Amphitheatre - May 5, 1991</name>
      <description>
        <![CDATA[<b>Date:</b> May 5, 1991<br/>
      <b>Venue:</b> Cal Expo Amphitheatre<br/>
      <b>Location:</b> Sacramento, California, United States<br/>
      
      <b>Setlist:</b> Help on the Way, Slipknot!, Franklin&#039;s Tower, The Little Red Rooster, Ramble On Rose, Picasso Moon, Brown-Eyed Women, Promised Land | Eyes of the World, Man Smart, Woman Smarter, Ship of Fools, Truckin&#039;, Terrapin Station, Drums, Space, The Other One, Wharf Rat, Throwing Stones, Not Fade Away | Knockin&#039; on Heaven&#039;s Door<br/>
      
      <b>Notes:</b> Rex Foundation benefit.<br/>]]>
      </description>
      <styleUrl>#deadIcon</styleUrl>
      <LookAt>
        <longitude>-121.42832160</longitude>
        <latitude>38.58909960</latitude>
        <altitude>0</altitude>
        <heading>0</heading>
        <tilt>0</tilt>
        <range>2000</range>
      </LookAt>
      <Point>
        <coordinates>-121.42832160,38.58909960,0</coordinates>
      </Point>
    </Placemark>
    <Placemark>
      <name>Richfield Coliseum - May 9, 1991</name>
      <description>
        <![CDATA[<b>Date:</b> May 9, 1991<br/>
      <b>Venue:</b> Richfield Coliseum<br/>
      <b>Location:</b> Richfield, Ohio, United States<br/>
      
      <b>Setlist:</b> Mississippi Half-Step Uptown Toodeloo, The Little Red Rooster, Stagger Lee, Queen Jane Approximately, Ramble On Rose, Cassidy, Don&#039;t Ease Me In | China Cat Sunflower, I Know You Rider, Man Smart, Woman Smarter, Ship of Fools, Truckin&#039;, Smokestack Lightning, Drums, Space, I Need a Miracle, Black Peter, Sugar Magnolia | U.S. Blues<br/>]]>
      </description>
      <styleUrl>#deadIcon</styleUrl>
      <LookAt>
        <longitude>-81.59512000</longitude>
        <latitude>41.24890000</latitude>
        <altitude>0</altitude>
        <heading>0</heading>
        <tilt>0</tilt>
        <range>2000</range>
      </LookAt>
      <Point>
        <coordinates>-81.59512000,41.24890000,0</coordinates>
      </Point>
    </Placemark>
    <Placemark>
      <name>Deer Creek Music Center - June 6, 1991</name>
      <description>
        <![CDATA[<b>Date:</b> June 6, 1991<br/>
      <b>Venue:</b> Deer Creek Music Center<br/>
      <b>Location:</b> Noblesville, Indiana, United States<br/>
      
      <b>Setlist:</b> Jack Straw, They Love Each Other, Wang Dang Doodle, Row Jimmy, Black-Throated Wind, Big Railroad Blues, Cassidy, Might as Well | China Cat Sunflower, I Know You Rider, Estimated Prophet, Uncle John&#039;s Band, Drums, Space, The Wheel, All Along the Watchtower, Stella Blue, Turn On Your Love Light | Box of Rain<br/>]]>
      </description>
      <styleUrl>#deadIcon</styleUrl>
      <LookAt>
        <longitude>-85.93080130</longitude>
        <latitude>40.00485610</latitude>
        <altitude>0</altitude>
        <heading>0</heading>
        <tilt>0</tilt>
        <range>2000</range>
      </LookAt>
      <Point>
        <coordinates>-85.93080130,40.00485610,0</coordinates>
      </Point>
    </Placemark>
    <Placemark>
      <name>Richfield Coliseum - June 9, 1991</name>
      <description>
        <![CDATA[<b>Date:</b> June 9, 1991<br/>
      <b>Venue:</b> Richfield Coliseum<br/>
      <b>Location:</b> Richfield, Ohio, United States<br/>
      
      <b>Setlist:</b> Feel Like a Stranger, Bertha, Wang Dang Doodle, Peggy-O, Just Like Tom Thumb&#039;s Blues, It&#039;s All Over Now, Bird Song | Victim or the Crime, Crazy Fingers, Playing in the Band, Terrapin Station, Drums, Space, All Along the Watchtower, Stella Blue, Around and Around | Knockin&#039; on Heaven&#039;s Door<br/>]]>
      </description>
      <styleUrl>#deadIcon</styleUrl>
      <LookAt>
        <longitude>-81.59512000</longitude>
        <latitude>41.24890000</latitude>
        <altitude>0</altitude>
        <heading>0</heading>
        <tilt>0</tilt>
        <range>2000</range>
      </LookAt>
      <Point>
        <coordinates>-81.59512000,41.24890000,0</coordinates>
      </Point>
    </Placemark>
    <Placemark>
      <name>Orlando Arena - July 4, 1991</name>
      <description>
        <![CDATA[<b>Date:</b> July 4, 1991<br/>
      <b>Venue:</b> Orlando Arena<br/>
      <b>Location:</b> Orlando, Florida, United States<br/>
      
      <b>Setlist:</b> Jack Straw, Sugaree, Wang Dang Doodle, Row Jimmy, Black-Throated Wind, Rubin and Cherise, Promised Land | Crazy Fingers, Playing in the Band, Uncle John&#039;s Band, Jam, Drums, Space, Box of Rain, Going Down the Road Feeling Bad, Turn On Your Love Light | It&#039;s All Over Now, Baby Blue<br/>]]>
      </description>
      <styleUrl>#deadIcon</styleUrl>
      <LookAt>
        <longitude>-81.37892690</longitude>
        <latitude>28.53838320</latitude>
        <altitude>0</altitude>
        <heading>0</heading>
        <tilt>0</tilt>
        <range>2000</range>
      </LookAt>
      <Point>
        <coordinates>-81.37892690,28.53838320,0</coordinates>
      </Point>
    </Placemark>
    <Placemark>
      <name>Deer Creek Music Center - July 6, 1991</name>
      <description>
        <![CDATA[<b>Date:</b> July 6, 1991<br/>
      <b>Venue:</b> Deer Creek Music Center<br/>
      <b>Location:</b> Noblesville, Indiana, United States<br/>
      
      <b>Setlist:</b> Mississippi Half-Step Uptown Toodeloo, The Little Red Rooster, Stagger Lee, Me and My Uncle, Maggie&#039;s Farm, Loser, The Music Never Stopped, Don&#039;t Ease Me In | Scarlet Begonias, Fire on the Mountain, Truckin&#039;, New Speedway Boogie, Drums, Space, I Need a Miracle, Standing on the Moon, Sugar Magnolia | The Weight<br/>]]>
      </description>
      <styleUrl>#deadIcon</styleUrl>
      <LookAt>
        <longitude>-85.93080130</longitude>
        <latitude>40.00485610</latitude>
        <altitude>0</altitude>
        <heading>0</heading>
        <tilt>0</tilt>
        <range>2000</range>
      </LookAt>
      <Point>
        <coordinates>-85.93080130,40.00485610,0</coordinates>
      </Point>
    </Placemark>
    <Placemark>
      <name>Orlando Arena - August 4, 1991</name>
      <description>
        <![CDATA[<b>Date:</b> August 4, 1991<br/>
      <b>Venue:</b> Orlando Arena<br/>
      <b>Location:</b> Orlando, Florida, United States<br/>
      
      <b>Setlist:</b> Mississippi Half-Step Uptown Toodeloo, Walkin&#039; Blues, Peggy-O, Me and My Uncle, Maggie&#039;s Farm, Dire Wolf, Picasso Moon, Might as Well | Eyes of the World, Man Smart, Woman Smarter, Ship of Fools, Truckin&#039;, Drums, Space, The Wheel, I Need a Miracle, Morning Dew | Johnny B. Goode<br/>]]>
      </description>
      <styleUrl>#deadIcon</styleUrl>
      <LookAt>
        <longitude>-81.37892690</longitude>
        <latitude>28.53838320</latitude>
        <altitude>0</altitude>
        <heading>0</heading>
        <tilt>0</tilt>
        <range>2000</range>
      </LookAt>
      <Point>
        <coordinates>-81.37892690,28.53838320,0</coordinates>
      </Point>
    </Placemark>
    <Placemark>
      <name>Madison Square Garden - August 9, 1991</name>
      <description>
        <![CDATA[<b>Date:</b> August 9, 1991<br/>
      <b>Venue:</b> Madison Square Garden<br/>
      <b>Location:</b> New York, New York, United States<br/>
      
      <b>Setlist:</b> Touch of Grey, Greatest Story Ever Told, Loser, Minglewood Blues, Candyman, Big River, Maggie&#039;s Farm, Row Jimmy, Let It Grow | Samson and Delilah, Eyes of the World, Saint of Circumstance, Drums, Space, The Other One, Wharf Rat, Good Lovin&#039; | Attics of My Life<br/>]]>
      </description>
      <styleUrl>#deadIcon</styleUrl>
      <LookAt>
        <longitude>-73.99343870</longitude>
        <latitude>40.75050450</latitude>
        <altitude>0</altitude>
        <heading>0</heading>
        <tilt>0</tilt>
        <range>2000</range>
      </LookAt>
      <Point>
        <coordinates>-73.99343870,40.75050450,0</coordinates>
      </Point>
    </Placemark>
    <Placemark>
      <name>Orlando Arena - September 4, 1991</name>
      <description>
        <![CDATA[<b>Date:</b> September 4, 1991<br/>
      <b>Venue:</b> Orlando Arena<br/>
      <b>Location:</b> Orlando, Florida, United States<br/>
      
      <b>Setlist:</b> Hell in a Bucket, Cold Rain and Snow, The Little Red Rooster, Loose Lucy, When I Paint My Masterpiece, It Must Have Been the Roses, Let It Grow | China Cat Sunflower, I Know You Rider, Saint of Circumstance, Foolish Heart, Drums, Space, The Other One, Wharf Rat, Throwing Stones, Not Fade Away | Brokedown Palace<br/>]]>
      </description>
      <styleUrl>#deadIcon</styleUrl>
      <LookAt>
        <longitude>-81.37892690</longitude>
        <latitude>28.53838320</latitude>
        <altitude>0</altitude>
        <heading>0</heading>
        <tilt>0</tilt>
        <range>2000</range>
      </LookAt>
      <Point>
        <coordinates>-81.37892690,28.53838320,0</coordinates>
      </Point>
    </Placemark>
    <Placemark>
      <name>Buckeye Lake Music Center - September 6, 1991</name>
      <description>
        <![CDATA[<b>Date:</b> September 6, 1991<br/>
      <b>Venue:</b> Buckeye Lake Music Center<br/>
      <b>Location:</b> Thornville, Ohio, United States<br/>
      
      <b>Setlist:</b> Picasso Moon, Sugaree, Minglewood Blues, Ramble On Rose, When I Paint My Masterpiece, Rubin and Cherise, Let It Grow | Samson and Delilah, Crazy Fingers, Playing in the Band, He&#039;s Gone, Drums, Space, The Other One, Wharf Rat, Around and Around | Knockin&#039; on Heaven&#039;s Door<br/>]]>
      </description>
      <styleUrl>#deadIcon</styleUrl>
      <LookAt>
        <longitude>-82.42015390</longitude>
        <latitude>39.89645400</latitude>
        <altitude>0</altitude>
        <heading>0</heading>
        <tilt>0</tilt>
        <range>2000</range>
      </LookAt>
      <Point>
        <coordinates>-82.42015390,39.89645400,0</coordinates>
      </Point>
    </Placemark>
    <Placemark>
      <name>Madison Square Garden - September 9, 1991</name>
      <description>
        <![CDATA[<b>Date:</b> September 9, 1991<br/>
      <b>Venue:</b> Madison Square Garden<br/>
      <b>Location:</b> New York, New York, United States<br/>
      
      <b>Setlist:</b> Picasso Moon, Sugaree, Me and My Uncle, Mexicali Blues, They Love Each Other, Stuck Inside of Mobile With the Memphis Blues Again, Loose Lucy, The Music Never Stopped | Iko Iko, Looks Like Rain, New Speedway Boogie, Playing in the Band, Uncle John&#039;s Band, Drums, Space, The Last Time, Morning Dew | Quinn the Eskimo (The Mighty Quinn)<br/>]]>
      </description>
      <styleUrl>#deadIcon</styleUrl>
      <LookAt>
        <longitude>-73.99343870</longitude>
        <latitude>40.75050450</latitude>
        <altitude>0</altitude>
        <heading>0</heading>
        <tilt>0</tilt>
        <range>2000</range>
      </LookAt>
      <Point>
        <coordinates>-73.99343870,40.75050450,0</coordinates>
      </Point>
    </Placemark>
    <Placemark>
      <name>Shoreline Amphitheatre - October 5, 1991</name>
      <description>
        <![CDATA[<b>Date:</b> October 5, 1991<br/>
      <b>Venue:</b> Shoreline Amphitheatre<br/>
      <b>Location:</b> Mountain View, California, United States<br/>
      
      <b>Setlist:</b> Jack Straw, They Love Each Other, Walkin&#039; Blues, Stagger Lee, Me and My Uncle, Maggie&#039;s Farm, Cold Rain and Snow, Desolation Row, Don&#039;t Ease Me In | Foolish Heart, Saint of Circumstance, Crazy Fingers, Truckin&#039;, New Speedway Boogie, Drums, Space, The Wheel, All Along the Watchtower, Black Peter, Sugar Magnolia | It&#039;s All Over Now, Baby Blue<br/>]]>
      </description>
      <styleUrl>#deadIcon</styleUrl>
      <LookAt>
        <longitude>-122.08070230</longitude>
        <latitude>37.42683420</latitude>
        <altitude>0</altitude>
        <heading>0</heading>
        <tilt>0</tilt>
        <range>2000</range>
      </LookAt>
      <Point>
        <coordinates>-122.08070230,37.42683420,0</coordinates>
      </Point>
    </Placemark>
    <Placemark>
      <name>Madison Square Garden - October 9, 1991</name>
      <description>
        <![CDATA[<b>Date:</b> October 9, 1991<br/>
      <b>Venue:</b> Madison Square Garden<br/>
      <b>Location:</b> New York, New York, United States<br/>
      
      <b>Setlist:</b> Shakedown Street, See See Rider Blues, It Takes a Lot to Laugh, It Takes a Train to Cry, Black-Throated Wind, High Time, Cassidy, Deal | Help on the Way, Slipknot!, Franklin&#039;s Tower, Estimated Prophet, Dark Star, Drums, Space, I Need a Miracle, Standing on the Moon, Turn On Your Love Light | It&#039;s All Over Now, Baby Blue<br/>
      
      <b>Notes:</b> Entire show with Branford Marsalis.<br/>]]>
      </description>
      <styleUrl>#deadIcon</styleUrl>
      <LookAt>
        <longitude>-73.99343870</longitude>
        <latitude>40.75050450</latitude>
        <altitude>0</altitude>
        <heading>0</heading>
        <tilt>0</tilt>
        <range>2000</range>
      </LookAt>
      <Point>
        <coordinates>-73.99343870,40.75050450,0</coordinates>
      </Point>
    </Placemark>
    <Placemark>
      <name>Shoreline Amphitheatre - November 5, 1991</name>
      <description>
        <![CDATA[<b>Date:</b> November 5, 1991<br/>
      <b>Venue:</b> Shoreline Amphitheatre<br/>
      <b>Location:</b> Mountain View, California, United States<br/>
      
      <b>Setlist:</b> Mississippi Half-Step Uptown Toodeloo, Wang Dang Doodle, Peggy-O, Queen Jane Approximately, Bird Song, Promised Land | One More Saturday Night, Iko Iko, Playing in the Band, Uncle John&#039;s Band, Drums, Space, I Need a Miracle, Morning Dew, Around and Around | Quinn the Eskimo (The Mighty Quinn)<br/>]]>
      </description>
      <styleUrl>#deadIcon</styleUrl>
      <LookAt>
        <longitude>-122.08070230</longitude>
        <latitude>37.42683420</latitude>
        <altitude>0</altitude>
        <heading>0</heading>
        <tilt>0</tilt>
        <range>2000</range>
      </LookAt>
      <Point>
        <coordinates>-122.08070230,37.42683420,0</coordinates>
      </Point>
    </Placemark>
    <Placemark>
      <name>Charlotte Coliseum - November 6, 1991</name>
      <description>
        <![CDATA[<b>Date:</b> November 6, 1991<br/>
      <b>Venue:</b> Charlotte Coliseum<br/>
      <b>Location:</b> Charlotte, North Carolina, United States<br/>
      
      <b>Setlist:</b> Iko Iko, Walkin&#039; Blues, Jack-A-Roe, Mama Tried, Mexicali Blues, West L.A. Fadeaway, Queen Jane Approximately, Bird Song, Promised Land | Victim or the Crime, Eyes of the World, Looks Like Rain, Terrapin Station, Drums, Space, Playing in the Band, The Wheel, Throwing Stones, Not Fade Away | U.S. Blues<br/>]]>
      </description>
      <styleUrl>#deadIcon</styleUrl>
      <LookAt>
        <longitude>-80.79517330</longitude>
        <latitude>35.20509250</latitude>
        <altitude>0</altitude>
        <heading>0</heading>
        <tilt>0</tilt>
        <range>2000</range>
      </LookAt>
      <Point>
        <coordinates>-80.79517330,35.20509250,0</coordinates>
      </Point>
    </Placemark>
    <Placemark>
      <name>Shoreline Amphitheatre - December 5, 1991</name>
      <description>
        <![CDATA[<b>Date:</b> December 5, 1991<br/>
      <b>Venue:</b> Shoreline Amphitheatre<br/>
      <b>Location:</b> Mountain View, California, United States<br/>
      
      <b>Setlist:</b> Picasso Moon, Althea, See See Rider Blues, It Takes a Lot to Laugh, It Takes a Train to Cry, El Paso, High Time, Black-Throated Wind, Deal | Help on the Way, Slipknot!, Franklin&#039;s Tower, Looks Like Rain, Terrapin Station, Drums, Space, Going Down the Road Feeling Bad, Throwing Stones, Turn On Your Love Light | The Weight<br/>]]>
      </description>
      <styleUrl>#deadIcon</styleUrl>
      <LookAt>
        <longitude>-122.08070230</longitude>
        <latitude>37.42683420</latitude>
        <altitude>0</altitude>
        <heading>0</heading>
        <tilt>0</tilt>
        <range>2000</range>
      </LookAt>
      <Point>
        <coordinates>-122.08070230,37.42683420,0</coordinates>
      </Point>
    </Placemark>
    <Placemark>
      <name>Charlotte Coliseum - December 6, 1991</name>
      <description>
        <![CDATA[<b>Date:</b> December 6, 1991<br/>
      <b>Venue:</b> Charlotte Coliseum<br/>
      <b>Location:</b> Charlotte, North Carolina, United States<br/>
      
      <b>Setlist:</b> Feel Like a Stranger, Peggy-O, See See Rider Blues, Althea, Desolation Row, Loose Lucy, Hell in a Bucket, Don&#039;t Ease Me In | Touch of Grey, Saint of Circumstance, Ship of Fools, Man Smart, Woman Smarter, Drums, Space, Going Down the Road Feeling Bad, All Along the Watchtower, Morning Dew | Brokedown Palace<br/>]]>
      </description>
      <styleUrl>#deadIcon</styleUrl>
      <LookAt>
        <longitude>-80.79517330</longitude>
        <latitude>35.20509250</latitude>
        <altitude>0</altitude>
        <heading>0</heading>
        <tilt>0</tilt>
        <range>2000</range>
      </LookAt>
      <Point>
        <coordinates>-80.79517330,35.20509250,0</coordinates>
      </Point>
    </Placemark>
    <Placemark>
      <name>Cal Expo Amphitheatre - December 8, 1991</name>
      <description>
        <![CDATA[<b>Date:</b> December 8, 1991<br/>
      <b>Venue:</b> Cal Expo Amphitheatre<br/>
      <b>Location:</b> Sacramento, California, United States<br/>
      
      <b>Setlist:</b> Iko Iko, Minglewood Blues, Althea, Me and My Uncle, Big River, Bird Song, Promised Land | China Cat Sunflower, I Know You Rider, Playing in the Band, Terrapin Station, Drums, Space, The Wheel, I Need a Miracle, Stella Blue, Turn On Your Love Light | The Weight<br/>]]>
      </description>
      <styleUrl>#deadIcon</styleUrl>
      <LookAt>
        <longitude>-121.42832160</longitude>
        <latitude>38.58909960</latitude>
        <altitude>0</altitude>
        <heading>0</heading>
        <tilt>0</tilt>
        <range>2000</range>
      </LookAt>
      <Point>
        <coordinates>-121.42832160,38.58909960,0</coordinates>
      </Point>
    </Placemark>
    <Placemark>
      <name>Madison Square Garden - December 9, 1991</name>
      <description>
        <![CDATA[<b>Date:</b> December 9, 1991<br/>
      <b>Venue:</b> Madison Square Garden<br/>
      <b>Location:</b> New York, New York, United States<br/>
      
      <b>Setlist:</b> Hell in a Bucket, Bertha, Walkin&#039; Blues, Ramble On Rose, Beat It on Down the Line, Big Railroad Blues, Just Like Tom Thumb&#039;s Blues, Let It Grow | Sugar Magnolia, Foolish Heart, Playing in the Band, Terrapin Station, Drums, Space, The Wheel, Black Peter, Around and Around, Sunshine Daydream | Box of Rain<br/>]]>
      </description>
      <styleUrl>#deadIcon</styleUrl>
      <LookAt>
        <longitude>-73.99343870</longitude>
        <latitude>40.75050450</latitude>
        <altitude>0</altitude>
        <heading>0</heading>
        <tilt>0</tilt>
        <range>2000</range>
      </LookAt>
      <Point>
        <coordinates>-73.99343870,40.75050450,0</coordinates>
      </Point>
    </Placemark>
    <Placemark>
      <name>The Omni - January 3, 1992</name>
      <description>
        <![CDATA[<b>Date:</b> January 3, 1992<br/>
      <b>Venue:</b> The Omni<br/>
      <b>Location:</b> Atlanta, Georgia, United States<br/>
      
      <b>Setlist:</b> Jack Straw, Althea, Wang Dang Doodle, Row Jimmy, Stuck Inside of Mobile With the Memphis Blues Again, So Many Roads, Picasso Moon, Don&#039;t Ease Me In | Saint of Circumstance, Way to Go Home, Scarlet Begonias, Fire on the Mountain, Drums, Space, The Last Time, Black Peter, Sugar Magnolia | The Weight<br/>]]>
      </description>
      <styleUrl>#deadIcon</styleUrl>
      <LookAt>
        <longitude>-84.46751140</longitude>
        <latitude>33.88942120</latitude>
        <altitude>0</altitude>
        <heading>0</heading>
        <tilt>0</tilt>
        <range>2000</range>
      </LookAt>
      <Point>
        <coordinates>-84.46751140,33.88942120,0</coordinates>
      </Point>
    </Placemark>
    <Placemark>
      <name>Buckeye Lake Music Center - January 7, 1992</name>
      <description>
        <![CDATA[<b>Date:</b> January 7, 1992<br/>
      <b>Venue:</b> Buckeye Lake Music Center<br/>
      <b>Location:</b> Thornville, Ohio, United States<br/>
      
      <b>Setlist:</b> Touch of Grey, Greatest Story Ever Told, Stagger Lee, When I Paint My Masterpiece, Brown-Eyed Women, Picasso Moon, Bird Song, Promised Land | Saint of Circumstance, In the Midnight Hour, West L.A. Fadeaway, Truckin&#039;, Spoonful, Drums, Space, I Need a Miracle, Wharf Rat, Turn On Your Love Light | Baba O&#039;Riley, Tomorrow Never Knows<br/>
      
      <b>Notes:</b> soundcheck included &#039;Book Of Rules&#039;<br/>]]>
      </description>
      <styleUrl>#deadIcon</styleUrl>
      <LookAt>
        <longitude>-82.42015390</longitude>
        <latitude>39.89645400</latitude>
        <altitude>0</altitude>
        <heading>0</heading>
        <tilt>0</tilt>
        <range>2000</range>
      </LookAt>
      <Point>
        <coordinates>-82.42015390,39.89645400,0</coordinates>
      </Point>
    </Placemark>
    <Placemark>
      <name>The Omni - February 3, 1992</name>
      <description>
        <![CDATA[<b>Date:</b> February 3, 1992<br/>
      <b>Venue:</b> The Omni<br/>
      <b>Location:</b> Atlanta, Georgia, United States<br/>
      
      <b>Setlist:</b> Cold Rain and Snow, The Little Red Rooster, Brown-Eyed Women, It&#039;s All Over Now, Loser, When I Paint My Masterpiece, Deal | China Cat Sunflower, I Know You Rider, Man Smart, Woman Smarter, Terrapin Station, Drums, Space, The Other One, Stella Blue, Around and Around | Knockin&#039; on Heaven&#039;s Door<br/>]]>
      </description>
      <styleUrl>#deadIcon</styleUrl>
      <LookAt>
        <longitude>-84.46751140</longitude>
        <latitude>33.88942120</latitude>
        <altitude>0</altitude>
        <heading>0</heading>
        <tilt>0</tilt>
        <range>2000</range>
      </LookAt>
      <Point>
        <coordinates>-84.46751140,33.88942120,0</coordinates>
      </Point>
    </Placemark>
    <Placemark>
      <name>McNichols Sports Arena - February 12, 1992</name>
      <description>
        <![CDATA[<b>Date:</b> February 12, 1992<br/>
      <b>Venue:</b> McNichols Sports Arena<br/>
      <b>Location:</b> Denver, Colorado, United States<br/>
      
      <b>Setlist:</b> Feel Like a Stranger, They Love Each Other, The Same Thing, Jack-A-Roe, It&#039;s All Over Now, So Many Roads, Let It Grow | China Cat Sunflower, I Know You Rider, Way to Go Home, Truckin&#039;, He&#039;s Gone, Drums, Space, I Need a Miracle, Wharf Rat, Turn On Your Love Light | Rain<br/>]]>
      </description>
      <styleUrl>#deadIcon</styleUrl>
      <LookAt>
        <longitude>-105.02115490</longitude>
        <latitude>39.74202600</latitude>
        <altitude>0</altitude>
        <heading>0</heading>
        <tilt>0</tilt>
        <range>2000</range>
      </LookAt>
      <Point>
        <coordinates>-105.02115490,39.74202600,0</coordinates>
      </Point>
    </Placemark>
    <Placemark>
      <name>The Omni - March 3, 1992</name>
      <description>
        <![CDATA[<b>Date:</b> March 3, 1992<br/>
      <b>Venue:</b> The Omni<br/>
      <b>Location:</b> Atlanta, Georgia, United States<br/>
      
      <b>Setlist:</b> Hell in a Bucket, Sugaree, Walkin&#039; Blues, Candyman, Queen Jane Approximately, Tennessee Jed, Corrina | Iko Iko, Playing in the Band, Uncle John&#039;s Band, Wave to the Wind, Drums, Space, China Doll, Throwing Stones, Turn On Your Love Light | Brokedown Palace<br/>]]>
      </description>
      <styleUrl>#deadIcon</styleUrl>
      <LookAt>
        <longitude>-84.46751140</longitude>
        <latitude>33.88942120</latitude>
        <altitude>0</altitude>
        <heading>0</heading>
        <tilt>0</tilt>
        <range>2000</range>
      </LookAt>
      <Point>
        <coordinates>-84.46751140,33.88942120,0</coordinates>
      </Point>
    </Placemark>
    <Placemark>
      <name>McNichols Sports Arena - March 12, 1992</name>
      <description>
        <![CDATA[<b>Date:</b> March 12, 1992<br/>
      <b>Venue:</b> McNichols Sports Arena<br/>
      <b>Location:</b> Denver, Colorado, United States<br/>
      
      <b>Setlist:</b> Touch of Grey, The Little Red Rooster, Peggy-O, Queen Jane Approximately, Ramble On Rose, Cassidy, Don&#039;t Ease Me In | Playing in the Band, Eyes of the World, Corrina, Terrapin Station, Drums, Space, The Other One, Morning Dew | Gloria<br/>]]>
      </description>
      <styleUrl>#deadIcon</styleUrl>
      <LookAt>
        <longitude>-105.02115490</longitude>
        <latitude>39.74202600</latitude>
        <altitude>0</altitude>
        <heading>0</heading>
        <tilt>0</tilt>
        <range>2000</range>
      </LookAt>
      <Point>
        <coordinates>-105.02115490,39.74202600,0</coordinates>
      </Point>
    </Placemark>
    <Placemark>
      <name>Hampton Coliseum - May 3, 1992</name>
      <description>
        <![CDATA[<b>Date:</b> May 3, 1992<br/>
      <b>Venue:</b> Hampton Coliseum<br/>
      <b>Location:</b> Hampton, Virginia, United States<br/>
      
      <b>Setlist:</b> Help on the Way, Slipknot!, Franklin&#039;s Tower, The Same Thing, Jack-A-Roe, Just Like Tom Thumb&#039;s Blues, Let It Grow | Eyes of the World, Way to Go Home, Estimated Prophet, He&#039;s Gone, Drums, Space, The Wheel, I Need a Miracle, So Many Roads, Good Lovin&#039; | U.S. Blues<br/>]]>
      </description>
      <styleUrl>#deadIcon</styleUrl>
      <LookAt>
        <longitude>-76.38132000</longitude>
        <latitude>37.03472800</latitude>
        <altitude>0</altitude>
        <heading>0</heading>
        <tilt>0</tilt>
        <range>2000</range>
      </LookAt>
      <Point>
        <coordinates>-76.38132000,37.03472800,0</coordinates>
      </Point>
    </Placemark>
    <Placemark>
      <name>Compton Terrace - May 12, 1992</name>
      <description>
        <![CDATA[<b>Date:</b> May 12, 1992<br/>
      <b>Venue:</b> Compton Terrace<br/>
      <b>Location:</b> Chandler, Arizona, United States<br/>
      
      <b>Setlist:</b> Good Times, Hell in a Bucket, Sugaree, Minglewood Blues, Tennessee Jed, Just Like Tom Thumb&#039;s Blues, Candyman, The Music Never Stopped | Scarlet Begonias, Fire on the Mountain, Estimated Prophet, Drums, Space, The Wheel, All Along the Watchtower, Black Peter, One More Saturday Night | The Weight<br/>]]>
      </description>
      <styleUrl>#deadIcon</styleUrl>
      <LookAt>
        <longitude>-111.95770970</longitude>
        <latitude>33.44715610</latitude>
        <altitude>0</altitude>
        <heading>0</heading>
        <tilt>0</tilt>
        <range>2000</range>
      </LookAt>
      <Point>
        <coordinates>-111.95770970,33.44715610,0</coordinates>
      </Point>
    </Placemark>
    <Placemark>
      <name>Hampton Coliseum - June 3, 1992</name>
      <description>
        <![CDATA[<b>Date:</b> June 3, 1992<br/>
      <b>Venue:</b> Hampton Coliseum<br/>
      <b>Location:</b> Hampton, Virginia, United States<br/>
      
      <b>Setlist:</b> Feel Like a Stranger, Friend of the Devil, Mexicali Blues, Maggie&#039;s Farm, Stagger Lee, Picasso Moon, Bird Song | New Speedway Boogie, Truckin&#039;, Crazy Fingers, Corrina, Drums, Space, The Last Time, Wharf Rat, Sugar Magnolia | The Weight<br/>]]>
      </description>
      <styleUrl>#deadIcon</styleUrl>
      <LookAt>
        <longitude>-76.38132000</longitude>
        <latitude>37.03472800</latitude>
        <altitude>0</altitude>
        <heading>0</heading>
        <tilt>0</tilt>
        <range>2000</range>
      </LookAt>
      <Point>
        <coordinates>-76.38132000,37.03472800,0</coordinates>
      </Point>
    </Placemark>
    <Placemark>
      <name>Rich Stadium - June 6, 1992</name>
      <description>
        <![CDATA[<b>Date:</b> June 6, 1992<br/>
      <b>Venue:</b> Rich Stadium<br/>
      <b>Location:</b> Orchard Park, New York, United States<br/>
      
      <b>Setlist:</b> Touch of Grey, Greatest Story Ever Told, Althea, It&#039;s All Over Now, Friend of the Devil, When I Paint My Masterpiece, Ramble On Rose, Let It Grow | Iko Iko, Estimated Prophet, The Same Thing, He&#039;s Gone, Drums, Space, The Other One, The Wheel, Throwing Stones, One More Saturday Night | Baba O&#039;Riley, Tomorrow Never Knows<br/>]]>
      </description>
      <styleUrl>#deadIcon</styleUrl>
      <LookAt>
        <longitude>-78.78697230</longitude>
        <latitude>42.77375460</latitude>
        <altitude>0</altitude>
        <heading>0</heading>
        <tilt>0</tilt>
        <range>2000</range>
      </LookAt>
      <Point>
        <coordinates>-78.78697230,42.77375460,0</coordinates>
      </Point>
    </Placemark>
    <Placemark>
      <name>Compton Terrace - June 12, 1992</name>
      <description>
        <![CDATA[<b>Date:</b> June 12, 1992<br/>
      <b>Venue:</b> Compton Terrace<br/>
      <b>Location:</b> Chandler, Arizona, United States<br/>
      
      <b>Setlist:</b> Here Comes Sunshine, Greatest Story Ever Told, Friend of the Devil, Me and My Uncle, Maggie&#039;s Farm, Althea, When I Paint My Masterpiece, Deal | Samson and Delilah, Crazy Fingers, Uncle John&#039;s Band, Playing in the Band, Drums, Space, The Last Time, China Doll, Throwing Stones, Not Fade Away | Brokedown Palace<br/>]]>
      </description>
      <styleUrl>#deadIcon</styleUrl>
      <LookAt>
        <longitude>-111.95770970</longitude>
        <latitude>33.44715610</latitude>
        <altitude>0</altitude>
        <heading>0</heading>
        <tilt>0</tilt>
        <range>2000</range>
      </LookAt>
      <Point>
        <coordinates>-111.95770970,33.44715610,0</coordinates>
      </Point>
    </Placemark>
    <Placemark>
      <name>Capital Centre - August 3, 1992</name>
      <description>
        <![CDATA[<b>Date:</b> August 3, 1992<br/>
      <b>Venue:</b> Capital Centre<br/>
      <b>Location:</b> Landover, Maryland, United States<br/>
      
      <b>Setlist:</b> Good Times, Touch of Grey, Minglewood Blues, Ramble On Rose, Black-Throated Wind, Loose Lucy, Desolation Row, Big Railroad Blues, The Music Never Stopped | Samson and Delilah, Way to Go Home, Foolish Heart, Looks Like Rain, Wave to the Wind, Drums, Space, All Along the Watchtower, So Many Roads, Throwing Stones, Not Fade Away | Quinn the Eskimo (The Mighty Quinn)<br/>]]>
      </description>
      <styleUrl>#deadIcon</styleUrl>
      <LookAt>
        <longitude>-76.89663970</longitude>
        <latitude>38.93400020</latitude>
        <altitude>0</altitude>
        <heading>0</heading>
        <tilt>0</tilt>
        <range>2000</range>
      </LookAt>
      <Point>
        <coordinates>-76.89663970,38.93400020,0</coordinates>
      </Point>
    </Placemark>
    <Placemark>
      <name>Richfield Coliseum - August 6, 1992</name>
      <description>
        <![CDATA[<b>Date:</b> August 6, 1992<br/>
      <b>Venue:</b> Richfield Coliseum<br/>
      <b>Location:</b> Richfield, Ohio, United States<br/>
      
      <b>Setlist:</b> Feel Like a Stranger, Loser, The Little Red Rooster, So Many Roads, Just Like Tom Thumb&#039;s Blues, Black-Throated Wind, Don&#039;t Ease Me In | China Cat Sunflower, I Know You Rider, Crazy Fingers, Corrina, Drums, Space, Dark Star, The Last Time, Stella Blue, Sugar Magnolia | U.S. Blues<br/>]]>
      </description>
      <styleUrl>#deadIcon</styleUrl>
      <LookAt>
        <longitude>-81.59512000</longitude>
        <latitude>41.24890000</latitude>
        <altitude>0</altitude>
        <heading>0</heading>
        <tilt>0</tilt>
        <range>2000</range>
      </LookAt>
      <Point>
        <coordinates>-81.59512000,41.24890000,0</coordinates>
      </Point>
    </Placemark>
    <Placemark>
      <name>Capital Centre - September 3, 1992</name>
      <description>
        <![CDATA[<b>Date:</b> September 3, 1992<br/>
      <b>Venue:</b> Capital Centre<br/>
      <b>Location:</b> Landover, Maryland, United States<br/>
      
      <b>Setlist:</b> Jack Straw, West L.A. Fadeaway, Me and My Uncle, Big River, Row Jimmy, Cassidy, Deal | Victim or the Crime, Iko Iko, Corrina, Jam, Dark Star, Drums, Space, Jam, I Need a Miracle, Morning Dew | (I Can&#039;t Get No) Satisfaction<br/>]]>
      </description>
      <styleUrl>#deadIcon</styleUrl>
      <LookAt>
        <longitude>-76.89663970</longitude>
        <latitude>38.93400020</latitude>
        <altitude>0</altitude>
        <heading>0</heading>
        <tilt>0</tilt>
        <range>2000</range>
      </LookAt>
      <Point>
        <coordinates>-76.89663970,38.93400020,0</coordinates>
      </Point>
    </Placemark>
    <Placemark>
      <name>Richfield Coliseum - September 6, 1992</name>
      <description>
        <![CDATA[<b>Date:</b> September 6, 1992<br/>
      <b>Venue:</b> Richfield Coliseum<br/>
      <b>Location:</b> Richfield, Ohio, United States<br/>
      
      <b>Setlist:</b> Cold Rain and Snow, Wang Dang Doodle, Peggy-O, Me and My Uncle, Big River, Stagger Lee, Cassidy, Deal | Victim or the Crime, Ship of Fools, Way to Go Home, Eyes of the World, Drums, Space, All Along the Watchtower, Black Peter, Turn On Your Love Light | Brokedown Palace<br/>]]>
      </description>
      <styleUrl>#deadIcon</styleUrl>
      <LookAt>
        <longitude>-81.59512000</longitude>
        <latitude>41.24890000</latitude>
        <altitude>0</altitude>
        <heading>0</heading>
        <tilt>0</tilt>
        <range>2000</range>
      </LookAt>
      <Point>
        <coordinates>-81.59512000,41.24890000,0</coordinates>
      </Point>
    </Placemark>
    <Placemark>
      <name>Nassau Veterans Memorial Coliseum - November 3, 1992</name>
      <description>
        <![CDATA[<b>Date:</b> November 3, 1992<br/>
      <b>Venue:</b> Nassau Veterans Memorial Coliseum<br/>
      <b>Location:</b> Uniondale, New York, United States<br/>
      
      <b>Setlist:</b> Cold Rain and Snow, Wang Dang Doodle, Dire Wolf, Queen Jane Approximately, Althea, It&#039;s All Over Now, So Many Roads, Picasso Moon | China Cat Sunflower, I Know You Rider, Playing in the Band, Terrapin Station, Drums, Space, The Last Time, Black Peter, Around and Around | Knockin&#039; on Heaven&#039;s Door<br/>]]>
      </description>
      <styleUrl>#deadIcon</styleUrl>
      <LookAt>
        <longitude>-73.59065280</longitude>
        <latitude>40.72327780</latitude>
        <altitude>0</altitude>
        <heading>0</heading>
        <tilt>0</tilt>
        <range>2000</range>
      </LookAt>
      <Point>
        <coordinates>-73.59065280,40.72327780,0</coordinates>
      </Point>
    </Placemark>
    <Placemark>
      <name>Knickerbocker Arena - November 6, 1992</name>
      <description>
        <![CDATA[<b>Date:</b> November 6, 1992<br/>
      <b>Venue:</b> Knickerbocker Arena<br/>
      <b>Location:</b> Albany, New York, United States<br/>
      
      <b>Setlist:</b> Bertha, Minglewood Blues, Row Jimmy, Queen Jane Approximately, Dire Wolf, Beat It on Down the Line, Loose Lucy, The Music Never Stopped | Foolish Heart, Playing in the Band, Uncle John&#039;s Band, Drums, Space, I Need a Miracle, Wharf Rat, Around and Around | Quinn the Eskimo (The Mighty Quinn)<br/>]]>
      </description>
      <styleUrl>#deadIcon</styleUrl>
      <LookAt>
        <longitude>-73.75487810</longitude>
        <latitude>42.64860970</latitude>
        <altitude>0</altitude>
        <heading>0</heading>
        <tilt>0</tilt>
        <range>2000</range>
      </LookAt>
      <Point>
        <coordinates>-73.75487810,42.64860970,0</coordinates>
      </Point>
    </Placemark>
    <Placemark>
      <name>Oakland-Alameda County Coliseum Arena - November 12, 1992</name>
      <description>
        <![CDATA[<b>Date:</b> November 12, 1992<br/>
      <b>Venue:</b> Oakland-Alameda County Coliseum Arena<br/>
      <b>Location:</b> Oakland, California, United States<br/>
      
      <b>Setlist:</b> Cold Rain and Snow, Wang Dang Doodle, Althea, When I Paint My Masterpiece, Stagger Lee, Cassidy, Deal | Iko Iko, Looks Like Rain, Eyes of the World, Corrina, Drums, Space, The Wheel, Stella Blue, Sugar Magnolia | U.S. Blues<br/>]]>
      </description>
      <styleUrl>#deadIcon</styleUrl>
      <LookAt>
        <longitude>-122.20304900</longitude>
        <latitude>37.75033800</latitude>
        <altitude>0</altitude>
        <heading>0</heading>
        <tilt>0</tilt>
        <range>2000</range>
      </LookAt>
      <Point>
        <coordinates>-122.20304900,37.75033800,0</coordinates>
      </Point>
    </Placemark>
    <Placemark>
      <name>Nassau Veterans Memorial Coliseum - December 3, 1992</name>
      <description>
        <![CDATA[<b>Date:</b> December 3, 1992<br/>
      <b>Venue:</b> Nassau Veterans Memorial Coliseum<br/>
      <b>Location:</b> Uniondale, New York, United States<br/>
      
      <b>Setlist:</b> Greatest Story Ever Told, Bertha, Walkin&#039; Blues, Stagger Lee, Beat It on Down the Line, Just Like Tom Thumb&#039;s Blues, Tennessee Jed, Promised Land | Saint of Circumstance, Ship of Fools, Corrina, Playing in the Band, Drums, Space, The Other One, Stella Blue, Sugar Magnolia | It&#039;s All Over Now, Baby Blue<br/>]]>
      </description>
      <styleUrl>#deadIcon</styleUrl>
      <LookAt>
        <longitude>-73.59065280</longitude>
        <latitude>40.72327780</latitude>
        <altitude>0</altitude>
        <heading>0</heading>
        <tilt>0</tilt>
        <range>2000</range>
      </LookAt>
      <Point>
        <coordinates>-73.59065280,40.72327780,0</coordinates>
      </Point>
    </Placemark>
    <Placemark>
      <name>Knickerbocker Arena - December 6, 1992</name>
      <description>
        <![CDATA[<b>Date:</b> December 6, 1992<br/>
      <b>Venue:</b> Knickerbocker Arena<br/>
      <b>Location:</b> Albany, New York, United States<br/>
      
      <b>Setlist:</b> Jack Straw, Sugaree, Mexicali Blues, Maggie&#039;s Farm, Brown-Eyed Women, Black-Throated Wind, New Speedway Boogie, Promised Land | Scarlet Begonias, Fire on the Mountain, Way to Go Home, Truckin&#039;, Smokestack Lightning, Drums, Space, The Last Time, China Doll, Sugar Magnolia | Attics of My Life<br/>]]>
      </description>
      <styleUrl>#deadIcon</styleUrl>
      <LookAt>
        <longitude>-73.75487810</longitude>
        <latitude>42.64860970</latitude>
        <altitude>0</altitude>
        <heading>0</heading>
        <tilt>0</tilt>
        <range>2000</range>
      </LookAt>
      <Point>
        <coordinates>-73.75487810,42.64860970,0</coordinates>
      </Point>
    </Placemark>
    <Placemark>
      <name>Oakland-Alameda County Coliseum Arena - December 12, 1992</name>
      <description>
        <![CDATA[<b>Date:</b> December 12, 1992<br/>
      <b>Venue:</b> Oakland-Alameda County Coliseum Arena<br/>
      <b>Location:</b> Oakland, California, United States<br/>
      
      <b>Setlist:</b> Jack Straw, Bertha, The Little Red Rooster, Friend of the Devil, Desolation Row, Bird Song | Picasso Moon, Crazy Fingers, Man Smart, Woman Smarter, Dark Star, Drums, Space, I Need a Miracle, Standing on the Moon, One More Saturday Night | Rain<br/>]]>
      </description>
      <styleUrl>#deadIcon</styleUrl>
      <LookAt>
        <longitude>-122.20304900</longitude>
        <latitude>37.75033800</latitude>
        <altitude>0</altitude>
        <heading>0</heading>
        <tilt>0</tilt>
        <range>2000</range>
      </LookAt>
      <Point>
        <coordinates>-122.20304900,37.75033800,0</coordinates>
      </Point>
    </Placemark>
    <Placemark>
      <name>Nassau Veterans Memorial Coliseum - January 4, 1993</name>
      <description>
        <![CDATA[<b>Date:</b> January 4, 1993<br/>
      <b>Venue:</b> Nassau Veterans Memorial Coliseum<br/>
      <b>Location:</b> Uniondale, New York, United States<br/>
      
      <b>Setlist:</b> Jack Straw, They Love Each Other, Minglewood Blues, Candyman, Desolation Row, Stagger Lee, Eternity, Liberty | Iko Iko, Saint of Circumstance, Crazy Fingers, Wave to the Wind, Drums, Space, Way to Go Home, Days Between, Turn On Your Love Light | Rain<br/>]]>
      </description>
      <styleUrl>#deadIcon</styleUrl>
      <LookAt>
        <longitude>-73.59065280</longitude>
        <latitude>40.72327780</latitude>
        <altitude>0</altitude>
        <heading>0</heading>
        <tilt>0</tilt>
        <range>2000</range>
      </LookAt>
      <Point>
        <coordinates>-73.59065280,40.72327780,0</coordinates>
      </Point>
    </Placemark>
    <Placemark>
      <name>Nassau Veterans Memorial Coliseum - February 4, 1993</name>
      <description>
        <![CDATA[<b>Date:</b> February 4, 1993<br/>
      <b>Venue:</b> Nassau Veterans Memorial Coliseum<br/>
      <b>Location:</b> Uniondale, New York, United States<br/>
      
      <b>Setlist:</b> Help on the Way, Slipknot!, Franklin&#039;s Tower, The Same Thing, Jack-A-Roe, Queen Jane Approximately, Brown-Eyed Women, Picasso Moon | Scarlet Begonias, Fire on the Mountain, Man Smart, Woman Smarter, Terrapin Station, Corrina, Drums, Space, The Last Time, Black Peter, Around and Around | Brokedown Palace<br/>]]>
      </description>
      <styleUrl>#deadIcon</styleUrl>
      <LookAt>
        <longitude>-73.59065280</longitude>
        <latitude>40.72327780</latitude>
        <altitude>0</altitude>
        <heading>0</heading>
        <tilt>0</tilt>
        <range>2000</range>
      </LookAt>
      <Point>
        <coordinates>-73.59065280,40.72327780,0</coordinates>
      </Point>
    </Placemark>
    <Placemark>
      <name>Nassau Veterans Memorial Coliseum - April 4, 1993</name>
      <description>
        <![CDATA[<b>Date:</b> April 4, 1993<br/>
      <b>Venue:</b> Nassau Veterans Memorial Coliseum<br/>
      <b>Location:</b> Uniondale, New York, United States<br/>
      
      <b>Setlist:</b> In the Midnight Hour, Sugaree, Walkin&#039; Blues, Dire Wolf, When I Paint My Masterpiece, So Many Roads, Eternity, Bird Song | Eyes of the World, Samson and Delilah, Broken Arrow, Estimated Prophet, Drums, Space, The Other One, Attics of My Life, Throwing Stones, Not Fade Away | Liberty<br/>
      
      <b>Notes:</b> This show was added after the March 13th Richfield, OH cancellation.<br/>]]>
      </description>
      <styleUrl>#deadIcon</styleUrl>
      <LookAt>
        <longitude>-73.59065280</longitude>
        <latitude>40.72327780</latitude>
        <altitude>0</altitude>
        <heading>0</heading>
        <tilt>0</tilt>
        <range>2000</range>
      </LookAt>
      <Point>
        <coordinates>-73.59065280,40.72327780,0</coordinates>
      </Point>
    </Placemark>
    <Placemark>
      <name>Nassau Veterans Memorial Coliseum - May 4, 1993</name>
      <description>
        <![CDATA[<b>Date:</b> May 4, 1993<br/>
      <b>Venue:</b> Nassau Veterans Memorial Coliseum<br/>
      <b>Location:</b> Uniondale, New York, United States<br/>
      
      <b>Setlist:</b> Touch of Grey, Greatest Story Ever Told, Lazy River Road, Just Like Tom Thumb&#039;s Blues, Black-Throated Wind, Tennessee Jed, The Music Never Stopped, Deal | I Fought the Law, Way to Go Home, Corrina, He&#039;s Gone, Drums, Space, I Need a Miracle, Wharf Rat, Gloria | U.S. Blues<br/>
      
      <b>Notes:</b> This show was added after the March 13th Richfield, OH cancellation.<br/>]]>
      </description>
      <styleUrl>#deadIcon</styleUrl>
      <LookAt>
        <longitude>-73.59065280</longitude>
        <latitude>40.72327780</latitude>
        <altitude>0</altitude>
        <heading>0</heading>
        <tilt>0</tilt>
        <range>2000</range>
      </LookAt>
      <Point>
        <coordinates>-73.59065280,40.72327780,0</coordinates>
      </Point>
    </Placemark>
    <Placemark>
      <name>Giants Stadium - May 6, 1993</name>
      <description>
        <![CDATA[<b>Date:</b> May 6, 1993<br/>
      <b>Venue:</b> Giants Stadium<br/>
      <b>Location:</b> East Rutherford, New Jersey, United States<br/>
      
      <b>Setlist:</b> Hell in a Bucket, Sugaree, Wang Dang Doodle, Peggy-O, Eternity, Candyman, The Music Never Stopped, Easy Answers | Scarlet Begonias, Fire on the Mountain, Way to Go Home, Crazy Fingers, Estimated Prophet, Drums, Space, The Other One, Stella Blue, One More Saturday Night | Box of Rain<br/>]]>
      </description>
      <styleUrl>#deadIcon</styleUrl>
      <LookAt>
        <longitude>-74.07445700</longitude>
        <latitude>40.81350640</latitude>
        <altitude>0</altitude>
        <heading>0</heading>
        <tilt>0</tilt>
        <range>2000</range>
      </LookAt>
      <Point>
        <coordinates>-74.07445700,40.81350640,0</coordinates>
      </Point>
    </Placemark>
    <Placemark>
      <name>Giants Stadium - June 6, 1993</name>
      <description>
        <![CDATA[<b>Date:</b> June 6, 1993<br/>
      <b>Venue:</b> Giants Stadium<br/>
      <b>Location:</b> East Rutherford, New Jersey, United States<br/>
      
      <b>Setlist:</b> Here Comes Sunshine, Minglewood Blues, Ramble On Rose, Broken Arrow, When I Paint My Masterpiece, Lazy River Road, Let It Grow | Bertha, Good Lovin&#039;, Uncle John&#039;s Band, Playing in the Band, Drums, Space, Corrina, Attics of My Life, Throwing Stones, Not Fade Away | Liberty<br/>]]>
      </description>
      <styleUrl>#deadIcon</styleUrl>
      <LookAt>
        <longitude>-74.07445700</longitude>
        <latitude>40.81350640</latitude>
        <altitude>0</altitude>
        <heading>0</heading>
        <tilt>0</tilt>
        <range>2000</range>
      </LookAt>
      <Point>
        <coordinates>-74.07445700,40.81350640,0</coordinates>
      </Point>
    </Placemark>
    <Placemark>
      <name>The Palace of Auburn Hills - August 6, 1993</name>
      <description>
        <![CDATA[<b>Date:</b> August 6, 1993<br/>
      <b>Venue:</b> The Palace of Auburn Hills<br/>
      <b>Location:</b> Auburn Hills, Michigan, United States<br/>
      
      <b>Setlist:</b> Picasso Moon, Althea, Queen Jane Approximately, It Must Have Been the Roses, It&#039;s All Over Now, Bird Song | Truckin&#039;, New Speedway Boogie, That Would Be Something, Way to Go Home, Saint of Circumstance, He&#039;s Gone, Drums, Space, The Last Time, Standing on the Moon, Turn On Your Love Light | I Fought the Law<br/>]]>
      </description>
      <styleUrl>#deadIcon</styleUrl>
      <LookAt>
        <longitude>-83.24259630</longitude>
        <latitude>42.69852790</latitude>
        <altitude>0</altitude>
        <heading>0</heading>
        <tilt>0</tilt>
        <range>2000</range>
      </LookAt>
      <Point>
        <coordinates>-83.24259630,42.69852790,0</coordinates>
      </Point>
    </Placemark>
    <Placemark>
      <name>Richfield Coliseum - August 9, 1993</name>
      <description>
        <![CDATA[<b>Date:</b> August 9, 1993<br/>
      <b>Venue:</b> Richfield Coliseum<br/>
      <b>Location:</b> Richfield, Ohio, United States<br/>
      
      <b>Setlist:</b> Feel Like a Stranger, Peggy-O, Wang Dang Doodle, Brown-Eyed Women, When I Paint My Masterpiece, Liberty, Johnny B. Goode | Foolish Heart, Estimated Prophet, Eyes of the World, Drums, Space, I Need a Miracle, Black Peter, Sugar Magnolia | The Weight<br/>]]>
      </description>
      <styleUrl>#deadIcon</styleUrl>
      <LookAt>
        <longitude>-81.59512000</longitude>
        <latitude>41.24890000</latitude>
        <altitude>0</altitude>
        <heading>0</heading>
        <tilt>0</tilt>
        <range>2000</range>
      </LookAt>
      <Point>
        <coordinates>-81.59512000,41.24890000,0</coordinates>
      </Point>
    </Placemark>
    <Placemark>
      <name>Los Angeles Sports Arena - August 12, 1993</name>
      <description>
        <![CDATA[<b>Date:</b> August 12, 1993<br/>
      <b>Venue:</b> Los Angeles Sports Arena<br/>
      <b>Location:</b> Los Angeles, California, United States<br/>
      
      <b>Setlist:</b> Rain, Good Times, I&#039;m a King Bee, Stagger Lee, Me and My Uncle, Mexicali Blues, Lazy River Road, When I Paint My Masterpiece, Row Jimmy, Picasso Moon | Iko Iko, Way to Go Home, Playing in the Band, Uncle John&#039;s Band, Drums, Space, The Last Time, Morning Dew, Sugar Magnolia | I Fought the Law<br/>]]>
      </description>
      <styleUrl>#deadIcon</styleUrl>
      <LookAt>
        <longitude>-118.30376520</longitude>
        <latitude>34.01097870</latitude>
        <altitude>0</altitude>
        <heading>0</heading>
        <tilt>0</tilt>
        <range>2000</range>
      </LookAt>
      <Point>
        <coordinates>-118.30376520,34.01097870,0</coordinates>
      </Point>
    </Placemark>
    <Placemark>
      <name>Rosemont Horizon - September 3, 1993</name>
      <description>
        <![CDATA[<b>Date:</b> September 3, 1993<br/>
      <b>Venue:</b> Rosemont Horizon<br/>
      <b>Location:</b> Rosemont, Illinois, United States<br/>
      
      <b>Setlist:</b> Here Comes Sunshine, Wang Dang Doodle, Loose Lucy, Me and My Uncle, Mexicali Blues, Broken Arrow, Row Jimmy, Eternity, Liberty | China Cat Sunflower, I Know You Rider, Victim or the Crime, Ship of Fools, Playing in the Band, Drums, Space, The Last Time, Black Peter, Sugar Magnolia | Knockin&#039; on Heaven&#039;s Door<br/>]]>
      </description>
      <styleUrl>#deadIcon</styleUrl>
      <LookAt>
        <longitude>-87.88783000</longitude>
        <latitude>42.00525900</latitude>
        <altitude>0</altitude>
        <heading>0</heading>
        <tilt>0</tilt>
        <range>2000</range>
      </LookAt>
      <Point>
        <coordinates>-87.88783000,42.00525900,0</coordinates>
      </Point>
    </Placemark>
    <Placemark>
      <name>The Palace of Auburn Hills - September 6, 1993</name>
      <description>
        <![CDATA[<b>Date:</b> September 6, 1993<br/>
      <b>Venue:</b> The Palace of Auburn Hills<br/>
      <b>Location:</b> Auburn Hills, Michigan, United States<br/>
      
      <b>Setlist:</b> Help on the Way, Slipknot!, Franklin&#039;s Tower, The Little Red Rooster, Loose Lucy, Easy Answers, Bertha | China Cat Sunflower, I Know You Rider, Man Smart, Woman Smarter, Wave to the Wind, Terrapin Station, Drums, Space, I Need a Miracle, Wharf Rat, Around and Around | Liberty<br/>]]>
      </description>
      <styleUrl>#deadIcon</styleUrl>
      <LookAt>
        <longitude>-83.24259630</longitude>
        <latitude>42.69852790</latitude>
        <altitude>0</altitude>
        <heading>0</heading>
        <tilt>0</tilt>
        <range>2000</range>
      </LookAt>
      <Point>
        <coordinates>-83.24259630,42.69852790,0</coordinates>
      </Point>
    </Placemark>
    <Placemark>
      <name>Richfield Coliseum - September 9, 1993</name>
      <description>
        <![CDATA[<b>Date:</b> September 9, 1993<br/>
      <b>Venue:</b> Richfield Coliseum<br/>
      <b>Location:</b> Richfield, Ohio, United States<br/>
      
      <b>Setlist:</b> Here Comes Sunshine, Spoonful, Stagger Lee, Queen Jane Approximately, Tennessee Jed, Easy Answers, Don&#039;t Ease Me In | Victim or the Crime, Crazy Fingers, Saint of Circumstance, Terrapin Station, Drums, Space, The Last Time, Morning Dew | I Fought the Law<br/>]]>
      </description>
      <styleUrl>#deadIcon</styleUrl>
      <LookAt>
        <longitude>-81.59512000</longitude>
        <latitude>41.24890000</latitude>
        <altitude>0</altitude>
        <heading>0</heading>
        <tilt>0</tilt>
        <range>2000</range>
      </LookAt>
      <Point>
        <coordinates>-81.59512000,41.24890000,0</coordinates>
      </Point>
    </Placemark>
    <Placemark>
      <name>Los Angeles Sports Arena - September 12, 1993</name>
      <description>
        <![CDATA[<b>Date:</b> September 12, 1993<br/>
      <b>Venue:</b> Los Angeles Sports Arena<br/>
      <b>Location:</b> Los Angeles, California, United States<br/>
      
      <b>Setlist:</b> Touch of Grey, Wang Dang Doodle, Peggy-O, Queen Jane Approximately, Broken Arrow, Loose Lucy, Easy Answers, Don&#039;t Ease Me In | China Cat Sunflower, I Know You Rider, Estimated Prophet, Wave to the Wind, He&#039;s Gone, Drums, Space, The Other One, Wharf Rat, Turn On Your Love Light | Liberty<br/>]]>
      </description>
      <styleUrl>#deadIcon</styleUrl>
      <LookAt>
        <longitude>-118.30376520</longitude>
        <latitude>34.01097870</latitude>
        <altitude>0</altitude>
        <heading>0</heading>
        <tilt>0</tilt>
        <range>2000</range>
      </LookAt>
      <Point>
        <coordinates>-118.30376520,34.01097870,0</coordinates>
      </Point>
    </Placemark>
    <Placemark>
      <name>Rosemont Horizon - October 3, 1993</name>
      <description>
        <![CDATA[<b>Date:</b> October 3, 1993<br/>
      <b>Venue:</b> Rosemont Horizon<br/>
      <b>Location:</b> Rosemont, Illinois, United States<br/>
      
      <b>Setlist:</b> Feel Like a Stranger, Stagger Lee, The Same Thing, Peggy-O, Queen Jane Approximately, Ramble On Rose, Let It Grow | Eyes of the World, Way to Go Home, Lazy River Road, Corrina, Drums, Space, The Wheel, All Along the Watchtower, Standing on the Moon, Not Fade Away | It&#039;s All Over Now, Baby Blue<br/>]]>
      </description>
      <styleUrl>#deadIcon</styleUrl>
      <LookAt>
        <longitude>-87.88783000</longitude>
        <latitude>42.00525900</latitude>
        <altitude>0</altitude>
        <heading>0</heading>
        <tilt>0</tilt>
        <range>2000</range>
      </LookAt>
      <Point>
        <coordinates>-87.88783000,42.00525900,0</coordinates>
      </Point>
    </Placemark>
    <Placemark>
      <name>Richfield Coliseum - October 9, 1993</name>
      <description>
        <![CDATA[<b>Date:</b> October 9, 1993<br/>
      <b>Venue:</b> Richfield Coliseum<br/>
      <b>Location:</b> Richfield, Ohio, United States<br/>
      
      <b>Setlist:</b> Jack Straw, They Love Each Other, The Little Red Rooster, Just Like Tom Thumb&#039;s Blues, Ramble On Rose, Black-Throated Wind, Bertha | China Cat Sunflower, I Know You Rider, Way to Go Home, Corrina, Uncle John&#039;s Band, Drums, Space, The Wheel, All Along the Watchtower, Attics of My Life, Not Fade Away | U.S. Blues<br/>]]>
      </description>
      <styleUrl>#deadIcon</styleUrl>
      <LookAt>
        <longitude>-81.59512000</longitude>
        <latitude>41.24890000</latitude>
        <altitude>0</altitude>
        <heading>0</heading>
        <tilt>0</tilt>
        <range>2000</range>
      </LookAt>
      <Point>
        <coordinates>-81.59512000,41.24890000,0</coordinates>
      </Point>
    </Placemark>
    <Placemark>
      <name>Los Angeles Sports Arena - October 12, 1993</name>
      <description>
        <![CDATA[<b>Date:</b> October 12, 1993<br/>
      <b>Venue:</b> Los Angeles Sports Arena<br/>
      <b>Location:</b> Los Angeles, California, United States<br/>
      
      <b>Setlist:</b> Hell in a Bucket, Sugaree, Loser, The Little Red Rooster, So Many Roads, Just Like Tom Thumb&#039;s Blues, Eternity, Bertha | Scarlet Begonias, Fire on the Mountain, Corrina, Terrapin Station, Drums, Space, I Need a Miracle, Standing on the Moon, Not Fade Away | Brokedown Palace<br/>
      
      <b>Notes:</b> Branford Marsalis joins for whole show (doesn&#039;t play on Corrina)<br/>]]>
      </description>
      <styleUrl>#deadIcon</styleUrl>
      <LookAt>
        <longitude>-118.30376520</longitude>
        <latitude>34.01097870</latitude>
        <altitude>0</altitude>
        <heading>0</heading>
        <tilt>0</tilt>
        <range>2000</range>
      </LookAt>
      <Point>
        <coordinates>-118.30376520,34.01097870,0</coordinates>
      </Point>
    </Placemark>
    <Placemark>
      <name>Rosemont Horizon - November 3, 1993</name>
      <description>
        <![CDATA[<b>Date:</b> November 3, 1993<br/>
      <b>Venue:</b> Rosemont Horizon<br/>
      <b>Location:</b> Rosemont, Illinois, United States<br/>
      
      <b>Setlist:</b> Help on the Way, Slipknot!, Franklin&#039;s Tower, The Little Red Rooster, Althea, When I Paint My Masterpiece, So Many Roads, The Music Never Stopped | Iko Iko, Wave to the Wind, Truckin&#039;, Spoonful, He&#039;s Gone, Drums, Space, The Other One, Days Between, Around and Around | Liberty<br/>]]>
      </description>
      <styleUrl>#deadIcon</styleUrl>
      <LookAt>
        <longitude>-87.88783000</longitude>
        <latitude>42.00525900</latitude>
        <altitude>0</altitude>
        <heading>0</heading>
        <tilt>0</tilt>
        <range>2000</range>
      </LookAt>
      <Point>
        <coordinates>-87.88783000,42.00525900,0</coordinates>
      </Point>
    </Placemark>
    <Placemark>
      <name>Buckeye Lake Music Center - November 6, 1993</name>
      <description>
        <![CDATA[<b>Date:</b> November 6, 1993<br/>
      <b>Venue:</b> Buckeye Lake Music Center<br/>
      <b>Location:</b> Thornville, Ohio, United States<br/>
      
      <b>Setlist:</b> Jack Straw, Foolish Heart, The Same Thing, Lazy River Road, Just Like Tom Thumb&#039;s Blues, When I Paint My Masterpiece, So Many Roads, Promised Land | Eyes of the World, Playing in the Band, Uncle John&#039;s Band, Corrina, Drums, Space, The Wheel, All Along the Watchtower, Black Peter, Sugar Magnolia | Brokedown Palace<br/>]]>
      </description>
      <styleUrl>#deadIcon</styleUrl>
      <LookAt>
        <longitude>-82.42015390</longitude>
        <latitude>39.89645400</latitude>
        <altitude>0</altitude>
        <heading>0</heading>
        <tilt>0</tilt>
        <range>2000</range>
      </LookAt>
      <Point>
        <coordinates>-82.42015390,39.89645400,0</coordinates>
      </Point>
    </Placemark>
    <Placemark>
      <name>Spectrum - December 9, 1993</name>
      <description>
        <![CDATA[<b>Date:</b> December 9, 1993<br/>
      <b>Venue:</b> Spectrum<br/>
      <b>Location:</b> Philadelphia, Pennsylvania, United States<br/>
      
      <b>Setlist:</b> Touch of Grey, Walkin&#039; Blues, Loser, Desolation Row, Cumberland Blues, Eternity, Loose Lucy, Picasso Moon | Samson and Delilah, Lazy River Road, Truckin&#039;, He&#039;s Gone, Drums, Space, The Other One, Stella Blue, Throwing Stones, Turn On Your Love Light | Knockin&#039; on Heaven&#039;s Door<br/>]]>
      </description>
      <styleUrl>#deadIcon</styleUrl>
      <LookAt>
        <longitude>-75.47605530</longitude>
        <latitude>40.13540730</latitude>
        <altitude>0</altitude>
        <heading>0</heading>
        <tilt>0</tilt>
        <range>2000</range>
      </LookAt>
      <Point>
        <coordinates>-75.47605530,40.13540730,0</coordinates>
      </Point>
    </Placemark>
    <Placemark>
      <name>San Diego Sports Arena - December 12, 1993</name>
      <description>
        <![CDATA[<b>Date:</b> December 12, 1993<br/>
      <b>Venue:</b> San Diego Sports Arena<br/>
      <b>Location:</b> San Diego, California, United States<br/>
      
      <b>Setlist:</b> Cold Rain and Snow, Minglewood Blues, Friend of the Devil, Black-Throated Wind, Althea, Beat It on Down the Line, Bird Song, Promised Land | Shakedown Street, Samson and Delilah, Ship of Fools, Truckin&#039;, Nobody&#039;s Fault but Mine, That Would Be Something, Drums, Space, The Wheel, All Along the Watchtower, Stella Blue, Around and Around | I Fought the Law<br/>]]>
      </description>
      <styleUrl>#deadIcon</styleUrl>
      <LookAt>
        <longitude>-117.21222610</longitude>
        <latitude>32.75532680</latitude>
        <altitude>0</altitude>
        <heading>0</heading>
        <tilt>0</tilt>
        <range>2000</range>
      </LookAt>
      <Point>
        <coordinates>-117.21222610,32.75532680,0</coordinates>
      </Point>
    </Placemark>
    <Placemark>
      <name>The Omni - January 4, 1994</name>
      <description>
        <![CDATA[<b>Date:</b> January 4, 1994<br/>
      <b>Venue:</b> The Omni<br/>
      <b>Location:</b> Atlanta, Georgia, United States<br/>
      
      <b>Setlist:</b> Picasso Moon, Deal, Wang Dang Doodle, Dire Wolf, Black-Throated Wind, Bird Song | China Cat Sunflower, I Know You Rider, Box of Rain, Estimated Prophet, He&#039;s Gone, That Would Be Something, Drums, Space, The Other One, Wharf Rat, Turn On Your Love Light | Brokedown Palace<br/>]]>
      </description>
      <styleUrl>#deadIcon</styleUrl>
      <LookAt>
        <longitude>-84.46751140</longitude>
        <latitude>33.88942120</latitude>
        <altitude>0</altitude>
        <heading>0</heading>
        <tilt>0</tilt>
        <range>2000</range>
      </LookAt>
      <Point>
        <coordinates>-84.46751140,33.88942120,0</coordinates>
      </Point>
    </Placemark>
    <Placemark>
      <name>Shoreline Amphitheatre - January 7, 1994</name>
      <description>
        <![CDATA[<b>Date:</b> January 7, 1994<br/>
      <b>Venue:</b> Shoreline Amphitheatre<br/>
      <b>Location:</b> Mountain View, California, United States<br/>
      
      <b>Setlist:</b> Cold Rain and Snow, Wang Dang Doodle, Dire Wolf, Queen Jane Approximately, Stagger Lee, Black-Throated Wind, Bertha, Picasso Moon, Don&#039;t Ease Me In | Foolish Heart, I Want to Tell You, Man Smart, Woman Smarter, Ship of Fools, Samba in the Rain, Playing in the Band, Drums, Space, The Last Time, Attics of My Life, Sugar Magnolia<br/>
      
      <b>Notes:</b> No Encore<br/>]]>
      </description>
      <styleUrl>#deadIcon</styleUrl>
      <LookAt>
        <longitude>-122.08070230</longitude>
        <latitude>37.42683420</latitude>
        <altitude>0</altitude>
        <heading>0</heading>
        <tilt>0</tilt>
        <range>2000</range>
      </LookAt>
      <Point>
        <coordinates>-122.08070230,37.42683420,0</coordinates>
      </Point>
    </Placemark>
    <Placemark>
      <name>The Palace of Auburn Hills - January 8, 1994</name>
      <description>
        <![CDATA[<b>Date:</b> January 8, 1994<br/>
      <b>Venue:</b> The Palace of Auburn Hills<br/>
      <b>Location:</b> Auburn Hills, Michigan, United States<br/>
      
      <b>Setlist:</b> Picasso Moon, Peggy-O, The Same Thing, Stagger Lee, Childhood&#039;s End, The Music Never Stopped | Victim or the Crime, Scarlet Begonias, Fire on the Mountain, Samba in the Rain, Estimated Prophet, Drums, Space, All Along the Watchtower, Stella Blue, (I Can&#039;t Get No) Satisfaction | Liberty<br/>
      
      <b>Notes:</b> Jerry Garcia&#039;s 52nd birthday.<br/>]]>
      </description>
      <styleUrl>#deadIcon</styleUrl>
      <LookAt>
        <longitude>-83.24259630</longitude>
        <latitude>42.69852790</latitude>
        <altitude>0</altitude>
        <heading>0</heading>
        <tilt>0</tilt>
        <range>2000</range>
      </LookAt>
      <Point>
        <coordinates>-83.24259630,42.69852790,0</coordinates>
      </Point>
    </Placemark>
    <Placemark>
      <name>Boston Garden - January 10, 1994</name>
      <description>
        <![CDATA[<b>Date:</b> January 10, 1994<br/>
      <b>Venue:</b> Boston Garden<br/>
      <b>Location:</b> Boston, Massachusetts, United States<br/>
      
      <b>Setlist:</b> Help on the Way, Slipknot!, Franklin&#039;s Tower, Walkin&#039; Blues, Althea, Me and My Uncle, Big River, Just Like Tom Thumb&#039;s Blues, So Many Roads, Promised Land | Scarlet Begonias, Fire on the Mountain, Way to Go Home, Saint of Circumstance, Terrapin Station, Drums, Space, The Last Time, Stella Blue, One More Saturday Night | Liberty<br/>]]>
      </description>
      <styleUrl>#deadIcon</styleUrl>
      <LookAt>
        <longitude>-71.06222950</longitude>
        <latitude>42.36618640</latitude>
        <altitude>0</altitude>
        <heading>0</heading>
        <tilt>0</tilt>
        <range>2000</range>
      </LookAt>
      <Point>
        <coordinates>-71.06222950,42.36618640,0</coordinates>
      </Point>
    </Placemark>
    <Placemark>
      <name>McNichols Sports Arena - January 12, 1994</name>
      <description>
        <![CDATA[<b>Date:</b> January 12, 1994<br/>
      <b>Venue:</b> McNichols Sports Arena<br/>
      <b>Location:</b> Denver, Colorado, United States<br/>
      
      <b>Setlist:</b> Hell in a Bucket, Sugaree, Wang Dang Doodle, Loser, If the Shoe Fits, When I Paint My Masterpiece, Bird Song | Here Comes Sunshine, Saint of Circumstance, Way to Go Home, Eyes of the World, Drums, Space, All Along the Watchtower, Days Between, Throwing Stones, Not Fade Away | Brokedown Palace<br/>]]>
      </description>
      <styleUrl>#deadIcon</styleUrl>
      <LookAt>
        <longitude>-105.02115490</longitude>
        <latitude>39.74202600</latitude>
        <altitude>0</altitude>
        <heading>0</heading>
        <tilt>0</tilt>
        <range>2000</range>
      </LookAt>
      <Point>
        <coordinates>-105.02115490,39.74202600,0</coordinates>
      </Point>
    </Placemark>
    <Placemark>
      <name>Shoreline Amphitheatre - February 7, 1994</name>
      <description>
        <![CDATA[<b>Date:</b> February 7, 1994<br/>
      <b>Venue:</b> Shoreline Amphitheatre<br/>
      <b>Location:</b> Mountain View, California, United States<br/>
      
      <b>Setlist:</b> The Music Never Stopped, Sugaree, Friend of the Devil, Desolation Row, Tennessee Jed, Eternity | Help on the Way, Slipknot!, Franklin&#039;s Tower, If the Shoe Fits, Truckin&#039;, Smokestack Lightning, He&#039;s Gone, Drums, Space, Stella Blue, Throwing Stones, One More Saturday Night<br/>
      
      <b>Notes:</b> There was no encore performed at this show.<br/>]]>
      </description>
      <styleUrl>#deadIcon</styleUrl>
      <LookAt>
        <longitude>-122.08070230</longitude>
        <latitude>37.42683420</latitude>
        <altitude>0</altitude>
        <heading>0</heading>
        <tilt>0</tilt>
        <range>2000</range>
      </LookAt>
      <Point>
        <coordinates>-122.08070230,37.42683420,0</coordinates>
      </Point>
    </Placemark>
    <Placemark>
      <name>Boston Garden - February 10, 1994</name>
      <description>
        <![CDATA[<b>Date:</b> February 10, 1994<br/>
      <b>Venue:</b> Boston Garden<br/>
      <b>Location:</b> Boston, Massachusetts, United States<br/>
      
      <b>Setlist:</b> Jack Straw, Loser, It&#039;s All Over Now, Row Jimmy, Broken Arrow, Mama Tried, Mexicali Blues, Tennessee Jed, Picasso Moon | Iko Iko, Samba in the Rain, If the Shoe Fits, Samson and Delilah, Crazy Fingers, Truckin&#039;, That Would Be Something, Drums, Space, Days Between, Throwing Stones, Not Fade Away | U.S. Blues<br/>]]>
      </description>
      <styleUrl>#deadIcon</styleUrl>
      <LookAt>
        <longitude>-71.06222950</longitude>
        <latitude>42.36618640</latitude>
        <altitude>0</altitude>
        <heading>0</heading>
        <tilt>0</tilt>
        <range>2000</range>
      </LookAt>
      <Point>
        <coordinates>-71.06222950,42.36618640,0</coordinates>
      </Point>
    </Placemark>
    <Placemark>
      <name>Shoreline Amphitheatre - March 7, 1994</name>
      <description>
        <![CDATA[<b>Date:</b> March 7, 1994<br/>
      <b>Venue:</b> Shoreline Amphitheatre<br/>
      <b>Location:</b> Mountain View, California, United States<br/>
      
      <b>Setlist:</b> Here Comes Sunshine, It&#039;s All Over Now, Althea, When I Paint My Masterpiece, Bird Song, Promised Land | Samson and Delilah, Eyes of the World, Fire on the Mountain, Box of Rain, Terrapin Station, Drums, Space, Corrina, Days Between, Good Lovin&#039; | Liberty<br/>]]>
      </description>
      <styleUrl>#deadIcon</styleUrl>
      <LookAt>
        <longitude>-122.08070230</longitude>
        <latitude>37.42683420</latitude>
        <altitude>0</altitude>
        <heading>0</heading>
        <tilt>0</tilt>
        <range>2000</range>
      </LookAt>
      <Point>
        <coordinates>-122.08070230,37.42683420,0</coordinates>
      </Point>
    </Placemark>
    <Placemark>
      <name>Giants Stadium - March 8, 1994</name>
      <description>
        <![CDATA[<b>Date:</b> March 8, 1994<br/>
      <b>Venue:</b> Giants Stadium<br/>
      <b>Location:</b> East Rutherford, New Jersey, United States<br/>
      
      <b>Setlist:</b> Mississippi Half-Step Uptown Toodeloo, The Little Red Rooster, Lazy River Road, El Paso, If the Shoe Fits, Bird Song, Promised Land | Foolish Heart, Easy Answers, Samba in the Rain, Crazy Fingers, Corrina, Drums, Space, The Other One, Attics of My Life, Sugar Magnolia | Liberty<br/>]]>
      </description>
      <styleUrl>#deadIcon</styleUrl>
      <LookAt>
        <longitude>-74.07445700</longitude>
        <latitude>40.81350640</latitude>
        <altitude>0</altitude>
        <heading>0</heading>
        <tilt>0</tilt>
        <range>2000</range>
      </LookAt>
      <Point>
        <coordinates>-74.07445700,40.81350640,0</coordinates>
      </Point>
    </Placemark>
    <Placemark>
      <name>Boston Garden - March 10, 1994</name>
      <description>
        <![CDATA[<b>Date:</b> March 10, 1994<br/>
      <b>Venue:</b> Boston Garden<br/>
      <b>Location:</b> Boston, Massachusetts, United States<br/>
      
      <b>Setlist:</b> Touch of Grey, Beat It on Down the Line, Loose Lucy, The Little Red Rooster, Childhood&#039;s End, Dire Wolf, Black-Throated Wind, Bird Song | Box of Rain, Shakedown Street, Cassidy, Going Down the Road Feeling Bad, Drums, Space, The Wheel, All Along the Watchtower, Attics of My Life, Around and Around | Brokedown Palace<br/>]]>
      </description>
      <styleUrl>#deadIcon</styleUrl>
      <LookAt>
        <longitude>-71.06222950</longitude>
        <latitude>42.36618640</latitude>
        <altitude>0</altitude>
        <heading>0</heading>
        <tilt>0</tilt>
        <range>2000</range>
      </LookAt>
      <Point>
        <coordinates>-71.06222950,42.36618640,0</coordinates>
      </Point>
    </Placemark>
    <Placemark>
      <name>Blockbuster Desert Sky Pavilion - April 3, 1994</name>
      <description>
        <![CDATA[<b>Date:</b> April 3, 1994<br/>
      <b>Venue:</b> Blockbuster Desert Sky Pavilion<br/>
      <b>Location:</b> Phoenix, Arizona, United States<br/>
      
      <b>Setlist:</b> Mississippi Half-Step Uptown Toodeloo, The Little Red Rooster, Ramble On Rose, Me and My Uncle, Big River, Bird Song, Promised Land | Iko Iko, Looks Like Rain, Crazy Fingers, Estimated Prophet, Drums, Space, I Need a Miracle, Black Peter, Throwing Stones | U.S. Blues<br/>]]>
      </description>
      <styleUrl>#deadIcon</styleUrl>
      <LookAt>
        <longitude>-112.23285240</longitude>
        <latitude>33.47151550</latitude>
        <altitude>0</altitude>
        <heading>0</heading>
        <tilt>0</tilt>
        <range>2000</range>
      </LookAt>
      <Point>
        <coordinates>-112.23285240,33.47151550,0</coordinates>
      </Point>
    </Placemark>
    <Placemark>
      <name>Orlando Arena - April 4, 1994</name>
      <description>
        <![CDATA[<b>Date:</b> April 4, 1994<br/>
      <b>Venue:</b> Orlando Arena<br/>
      <b>Location:</b> Orlando, Florida, United States<br/>
      
      <b>Setlist:</b> Help on the Way, Slipknot!, Franklin&#039;s Tower, The Little Red Rooster, Brown-Eyed Women, When I Paint My Masterpiece, Loose Lucy, Cassidy, Don&#039;t Ease Me In | Iko Iko, Way to Go Home, Truckin&#039;, Terrapin Station, Drums, Space, Days Between, Throwing Stones, Not Fade Away | I Fought the Law<br/>]]>
      </description>
      <styleUrl>#deadIcon</styleUrl>
      <LookAt>
        <longitude>-81.37892690</longitude>
        <latitude>28.53838320</latitude>
        <altitude>0</altitude>
        <heading>0</heading>
        <tilt>0</tilt>
        <range>2000</range>
      </LookAt>
      <Point>
        <coordinates>-81.37892690,28.53838320,0</coordinates>
      </Point>
    </Placemark>
    <Placemark>
      <name>Giants Stadium - April 8, 1994</name>
      <description>
        <![CDATA[<b>Date:</b> April 8, 1994<br/>
      <b>Venue:</b> Giants Stadium<br/>
      <b>Location:</b> East Rutherford, New Jersey, United States<br/>
      
      <b>Setlist:</b> Box of Rain, Jack Straw, Jack-A-Roe, Walkin&#039; Blues, So Many Roads, Eternity, Childhood&#039;s End, Deal | Picasso Moon, China Cat Sunflower, I Know You Rider, Way to Go Home, Playing in the Band, Uncle John&#039;s Band, Drums, Space, I Need a Miracle, Days Between, Throwing Stones, Not Fade Away | Brokedown Palace<br/>
      
      <b>Notes:</b> Set 2 with Bruce Hornsby on accordion.<br/>]]>
      </description>
      <styleUrl>#deadIcon</styleUrl>
      <LookAt>
        <longitude>-74.07445700</longitude>
        <latitude>40.81350640</latitude>
        <altitude>0</altitude>
        <heading>0</heading>
        <tilt>0</tilt>
        <range>2000</range>
      </LookAt>
      <Point>
        <coordinates>-74.07445700,40.81350640,0</coordinates>
      </Point>
    </Placemark>
    <Placemark>
      <name>Desert Sky Pavilion - May 3, 1994</name>
      <description>
        <![CDATA[<b>Date:</b> May 3, 1994<br/>
      <b>Venue:</b> Desert Sky Pavilion<br/>
      <b>Location:</b> Phoenix, Arizona, United States<br/>
      
      <b>Setlist:</b> Feel Like a Stranger, Stagger Lee, El Paso, Loose Lucy, Broken Arrow, Eternity, Bertha | China Cat Sunflower, I Know You Rider, Way to Go Home, Saint of Circumstance, He&#039;s Gone, Drums, Space, All Along the Watchtower, Stella Blue, One More Saturday Night | I Fought the Law<br/>]]>
      </description>
      <styleUrl>#deadIcon</styleUrl>
      <LookAt>
        <longitude>-112.23285240</longitude>
        <latitude>33.47151550</latitude>
        <altitude>0</altitude>
        <heading>0</heading>
        <tilt>0</tilt>
        <range>2000</range>
      </LookAt>
      <Point>
        <coordinates>-112.23285240,33.47151550,0</coordinates>
      </Point>
    </Placemark>
    <Placemark>
      <name>CoreStates Spectrum - May 10, 1994</name>
      <description>
        <![CDATA[<b>Date:</b> May 10, 1994<br/>
      <b>Venue:</b> CoreStates Spectrum<br/>
      <b>Location:</b> Philadelphia, Pennsylvania, United States<br/>
      
      <b>Setlist:</b> Jack Straw, Friend of the Devil, Wang Dang Doodle, Jack-A-Roe, Queen Jane Approximately, Lazy River Road, Eternity, Deal | In the Midnight Hour, Cumberland Blues, Playing in the Band, Uncle John&#039;s Band, Drums, Space, I Need a Miracle, Standing on the Moon, Sugar Magnolia | Quinn the Eskimo (The Mighty Quinn)<br/>]]>
      </description>
      <styleUrl>#deadIcon</styleUrl>
      <LookAt>
        <longitude>-75.17197950</longitude>
        <latitude>39.90120150</latitude>
        <altitude>0</altitude>
        <heading>0</heading>
        <tilt>0</tilt>
        <range>2000</range>
      </LookAt>
      <Point>
        <coordinates>-75.17197950,39.90120150,0</coordinates>
      </Point>
    </Placemark>
    <Placemark>
      <name>Desert Sky Pavilion - June 3, 1994</name>
      <description>
        <![CDATA[<b>Date:</b> June 3, 1994<br/>
      <b>Venue:</b> Desert Sky Pavilion<br/>
      <b>Location:</b> Phoenix, Arizona, United States<br/>
      
      <b>Setlist:</b> Help on the Way, Slipknot!, Franklin&#039;s Tower, Spoonful, Jack-A-Roe, When I Paint My Masterpiece, Brown-Eyed Women, Let It Grow | Easy Answers, Lazy River Road, Playing in the Band, Eyes of the World, Drums, Space, The Wheel, Attics of My Life, Good Lovin&#039; | Liberty<br/>]]>
      </description>
      <styleUrl>#deadIcon</styleUrl>
      <LookAt>
        <longitude>-112.23285240</longitude>
        <latitude>33.47151550</latitude>
        <altitude>0</altitude>
        <heading>0</heading>
        <tilt>0</tilt>
        <range>2000</range>
      </LookAt>
      <Point>
        <coordinates>-112.23285240,33.47151550,0</coordinates>
      </Point>
    </Placemark>
    <Placemark>
      <name>Miami Arena - June 4, 1994</name>
      <description>
        <![CDATA[<b>Date:</b> June 4, 1994<br/>
      <b>Venue:</b> Miami Arena<br/>
      <b>Location:</b> Miami, Florida, United States<br/>
      
      <b>Setlist:</b> Jack Straw, Jack-A-Roe, Wang Dang Doodle, Broken Arrow, West L.A. Fadeaway, El Paso, Row Jimmy, Promised Land | Here Comes Sunshine, Samson and Delilah, Cumberland Blues, Way to Go Home, Man Smart, Woman Smarter, Drums, Space, The Wheel, All Along the Watchtower, Standing on the Moon | Johnny B. Goode<br/>
      
      <b>Notes:</b> The Days Between, Comes a Time and Easy Answers were soundchecked.<br/>]]>
      </description>
      <styleUrl>#deadIcon</styleUrl>
      <LookAt>
        <longitude>-80.19179020</longitude>
        <latitude>25.76167980</latitude>
        <altitude>0</altitude>
        <heading>0</heading>
        <tilt>0</tilt>
        <range>2000</range>
      </LookAt>
      <Point>
        <coordinates>-80.19179020,25.76167980,0</coordinates>
      </Point>
    </Placemark>
    <Placemark>
      <name>CoreStates Spectrum - June 10, 1994</name>
      <description>
        <![CDATA[<b>Date:</b> June 10, 1994<br/>
      <b>Venue:</b> CoreStates Spectrum<br/>
      <b>Location:</b> Philadelphia, Pennsylvania, United States<br/>
      
      <b>Setlist:</b> Mississippi Half-Step Uptown Toodeloo, Minglewood Blues, Peggy-O, If the Shoe Fits, When I Paint My Masterpiece, Ramble On Rose, Easy Answers, Don&#039;t Ease Me In | China Cat Sunflower, I Know You Rider, Way to Go Home, New Speedway Boogie, Truckin&#039;, Drums, Space, The Other One, Wharf Rat, Good Lovin&#039; | Liberty<br/>]]>
      </description>
      <styleUrl>#deadIcon</styleUrl>
      <LookAt>
        <longitude>-75.17197950</longitude>
        <latitude>39.90120150</latitude>
        <altitude>0</altitude>
        <heading>0</heading>
        <tilt>0</tilt>
        <range>2000</range>
      </LookAt>
      <Point>
        <coordinates>-75.17197950,39.90120150,0</coordinates>
      </Point>
    </Placemark>
    <Placemark>
      <name>Miami Arena - July 4, 1994</name>
      <description>
        <![CDATA[<b>Date:</b> July 4, 1994<br/>
      <b>Venue:</b> Miami Arena<br/>
      <b>Location:</b> Miami, Florida, United States<br/>
      
      <b>Setlist:</b> Shakedown Street, Walkin&#039; Blues, Friend of the Devil, Queen Jane Approximately, Ramble On Rose, The Music Never Stopped | Eyes of the World, Playing in the Band, Terrapin Station, Drums, Space, The Last Time, Stella Blue, Sugar Magnolia | Liberty<br/>]]>
      </description>
      <styleUrl>#deadIcon</styleUrl>
      <LookAt>
        <longitude>-80.19179020</longitude>
        <latitude>25.76167980</latitude>
        <altitude>0</altitude>
        <heading>0</heading>
        <tilt>0</tilt>
        <range>2000</range>
      </LookAt>
      <Point>
        <coordinates>-80.19179020,25.76167980,0</coordinates>
      </Point>
    </Placemark>
    <Placemark>
      <name>CoreStates Spectrum - July 10, 1994</name>
      <description>
        <![CDATA[<b>Date:</b> July 10, 1994<br/>
      <b>Venue:</b> CoreStates Spectrum<br/>
      <b>Location:</b> Philadelphia, Pennsylvania, United States<br/>
      
      <b>Setlist:</b> Feel Like a Stranger, Sugaree, The Same Thing, Brown-Eyed Women, El Paso, Tennessee Jed, The Music Never Stopped | Victim or the Crime, Samba in the Rain, Foolish Heart, Corrina, Drums, Space, The Last Time, That Would Be Something, Morning Dew | Johnny B. Goode<br/>
      
      <b>Notes:</b> The Grateful Dead&#039;s 50th show in this building. A banner was hung from the rafters to commemorate the occasion.<br/>]]>
      </description>
      <styleUrl>#deadIcon</styleUrl>
      <LookAt>
        <longitude>-75.17197950</longitude>
        <latitude>39.90120150</latitude>
        <altitude>0</altitude>
        <heading>0</heading>
        <tilt>0</tilt>
        <range>2000</range>
      </LookAt>
      <Point>
        <coordinates>-75.17197950,39.90120150,0</coordinates>
      </Point>
    </Placemark>
    <Placemark>
      <name>Miami Arena - August 4, 1994</name>
      <description>
        <![CDATA[<b>Date:</b> August 4, 1994<br/>
      <b>Venue:</b> Miami Arena<br/>
      <b>Location:</b> Miami, Florida, United States<br/>
      
      <b>Setlist:</b> Hell in a Bucket, Peggy-O, It&#039;s All Over Now, So Many Roads, When I Paint My Masterpiece, Bird Song | Scarlet Begonias, Fire on the Mountain, Saint of Circumstance, Lazy River Road, Corrina, Drums, Space, I Need a Miracle, Days Between, Around and Around | I Fought the Law<br/>]]>
      </description>
      <styleUrl>#deadIcon</styleUrl>
      <LookAt>
        <longitude>-80.19179020</longitude>
        <latitude>25.76167980</latitude>
        <altitude>0</altitude>
        <heading>0</heading>
        <tilt>0</tilt>
        <range>2000</range>
      </LookAt>
      <Point>
        <coordinates>-80.19179020,25.76167980,0</coordinates>
      </Point>
    </Placemark>
    <Placemark>
      <name>Cal Expo Amphitheatre - August 6, 1994</name>
      <description>
        <![CDATA[<b>Date:</b> August 6, 1994<br/>
      <b>Venue:</b> Cal Expo Amphitheatre<br/>
      <b>Location:</b> Sacramento, California, United States<br/>
      
      <b>Setlist:</b> Mississippi Half-Step Uptown Toodeloo, Walkin&#039; Blues, Peggy-O, Me and My Uncle, Big River, Stagger Lee, Cassidy, Don&#039;t Ease Me In | Picasso Moon, Big Railroad Blues, Playing in the Band, Uncle John&#039;s Band, Drums, Space, Samba in the Rain, All Along the Watchtower, Standing on the Moon, Turn On Your Love Light | I Fought the Law<br/>]]>
      </description>
      <styleUrl>#deadIcon</styleUrl>
      <LookAt>
        <longitude>-121.42832160</longitude>
        <latitude>38.58909960</latitude>
        <altitude>0</altitude>
        <heading>0</heading>
        <tilt>0</tilt>
        <range>2000</range>
      </LookAt>
      <Point>
        <coordinates>-121.42832160,38.58909960,0</coordinates>
      </Point>
    </Placemark>
    <Placemark>
      <name>Oakland-Alameda County Coliseum Arena - August 12, 1994</name>
      <description>
        <![CDATA[<b>Date:</b> August 12, 1994<br/>
      <b>Venue:</b> Oakland-Alameda County Coliseum Arena<br/>
      <b>Location:</b> Oakland, California, United States<br/>
      
      <b>Setlist:</b> Bertha, Spoonful, Jack-A-Roe, It&#039;s All Over Now, So Many Roads, Eternity, Don&#039;t Ease Me In | China Cat Sunflower, I Know You Rider, Looks Like Rain, Cumberland Blues, Corrina, Drums, Space, The Other One, Lucy in the Sky With Diamonds, Around and Around | It&#039;s All Over Now, Baby Blue<br/>]]>
      </description>
      <styleUrl>#deadIcon</styleUrl>
      <LookAt>
        <longitude>-122.20304900</longitude>
        <latitude>37.75033800</latitude>
        <altitude>0</altitude>
        <heading>0</heading>
        <tilt>0</tilt>
        <range>2000</range>
      </LookAt>
      <Point>
        <coordinates>-122.20304900,37.75033800,0</coordinates>
      </Point>
    </Placemark>
    <Placemark>
      <name>Cal Expo Amphitheatre - September 6, 1994</name>
      <description>
        <![CDATA[<b>Date:</b> September 6, 1994<br/>
      <b>Venue:</b> Cal Expo Amphitheatre<br/>
      <b>Location:</b> Sacramento, California, United States<br/>
      
      <b>Setlist:</b> Jack Straw, Friend of the Devil, Wang Dang Doodle, Ramble On Rose, If the Shoe Fits, Deal | China Cat Sunflower, I Know You Rider, Estimated Prophet, He&#039;s Gone, Drums, Space, The Last Time, Stella Blue, Throwing Stones, Not Fade Away | Box of Rain<br/>]]>
      </description>
      <styleUrl>#deadIcon</styleUrl>
      <LookAt>
        <longitude>-121.42832160</longitude>
        <latitude>38.58909960</latitude>
        <altitude>0</altitude>
        <heading>0</heading>
        <tilt>0</tilt>
        <range>2000</range>
      </LookAt>
      <Point>
        <coordinates>-121.42832160,38.58909960,0</coordinates>
      </Point>
    </Placemark>
    <Placemark>
      <name>USAir Arena - September 10, 1994</name>
      <description>
        <![CDATA[<b>Date:</b> September 10, 1994<br/>
      <b>Venue:</b> USAir Arena<br/>
      <b>Location:</b> Landover, Maryland, United States<br/>
      
      <b>Setlist:</b> Hell in a Bucket, Bertha, Spoonful, Stagger Lee, Broken Arrow, Me and My Uncle, Big River, So Many Roads, Promised Land | Here Comes Sunshine, Samson and Delilah, Way to Go Home, Ship of Fools, Saint of Circumstance, Drums, Space, I Need a Miracle, Comes a Time, Throwing Stones, Turn On Your Love Light | Rain<br/>]]>
      </description>
      <styleUrl>#deadIcon</styleUrl>
      <LookAt>
        <longitude>-76.89663970</longitude>
        <latitude>38.93400020</latitude>
        <altitude>0</altitude>
        <heading>0</heading>
        <tilt>0</tilt>
        <range>2000</range>
      </LookAt>
      <Point>
        <coordinates>-76.89663970,38.93400020,0</coordinates>
      </Point>
    </Placemark>
    <Placemark>
      <name>Oakland-Alameda County Coliseum Arena - September 12, 1994</name>
      <description>
        <![CDATA[<b>Date:</b> September 12, 1994<br/>
      <b>Venue:</b> Oakland-Alameda County Coliseum Arena<br/>
      <b>Location:</b> Oakland, California, United States<br/>
      
      <b>Setlist:</b> Feel Like a Stranger, Stagger Lee, The Same Thing, Loose Lucy, El Paso, Broken Arrow, Ramble On Rose, The Music Never Stopped | Scarlet Begonias, Fire on the Mountain, Way to Go Home, Truckin&#039;, That Would Be Something, He&#039;s Gone, Drums, Space, Box of Rain | Johnny B. Goode<br/>]]>
      </description>
      <styleUrl>#deadIcon</styleUrl>
      <LookAt>
        <longitude>-122.20304900</longitude>
        <latitude>37.75033800</latitude>
        <altitude>0</altitude>
        <heading>0</heading>
        <tilt>0</tilt>
        <range>2000</range>
      </LookAt>
      <Point>
        <coordinates>-122.20304900,37.75033800,0</coordinates>
      </Point>
    </Placemark>
    <Placemark>
      <name>Cal Expo Amphitheatre - October 6, 1994</name>
      <description>
        <![CDATA[<b>Date:</b> October 6, 1994<br/>
      <b>Venue:</b> Cal Expo Amphitheatre<br/>
      <b>Location:</b> Sacramento, California, United States<br/>
      
      <b>Setlist:</b> Here Comes Sunshine, The Same Thing, Lazy River Road, El Paso, Loser, Easy Answers, Don&#039;t Ease Me In | Sugar Magnolia, Touch of Grey, Looks Like Rain, Way to Go Home, Drums, Space, The Other One, Wharf Rat, Around and Around, Sunshine Daydream | Brokedown Palace<br/>]]>
      </description>
      <styleUrl>#deadIcon</styleUrl>
      <LookAt>
        <longitude>-121.42832160</longitude>
        <latitude>38.58909960</latitude>
        <altitude>0</altitude>
        <heading>0</heading>
        <tilt>0</tilt>
        <range>2000</range>
      </LookAt>
      <Point>
        <coordinates>-121.42832160,38.58909960,0</coordinates>
      </Point>
    </Placemark>
    <Placemark>
      <name>USAir Arena - October 10, 1994</name>
      <description>
        <![CDATA[<b>Date:</b> October 10, 1994<br/>
      <b>Venue:</b> USAir Arena<br/>
      <b>Location:</b> Landover, Maryland, United States<br/>
      
      <b>Setlist:</b> Iko Iko, Walkin&#039; Blues, Althea, Desolation Row, Loose Lucy, Eternity | Help on the Way, Slipknot!, Franklin&#039;s Tower, Estimated Prophet, Terrapin Station, Drums, Space, All Along the Watchtower, Stella Blue, Not Fade Away | I Fought the Law<br/>]]>
      </description>
      <styleUrl>#deadIcon</styleUrl>
      <LookAt>
        <longitude>-76.89663970</longitude>
        <latitude>38.93400020</latitude>
        <altitude>0</altitude>
        <heading>0</heading>
        <tilt>0</tilt>
        <range>2000</range>
      </LookAt>
      <Point>
        <coordinates>-76.89663970,38.93400020,0</coordinates>
      </Point>
    </Placemark>
    <Placemark>
      <name>USAir Arena - November 10, 1994</name>
      <description>
        <![CDATA[<b>Date:</b> November 10, 1994<br/>
      <b>Venue:</b> USAir Arena<br/>
      <b>Location:</b> Landover, Maryland, United States<br/>
      
      <b>Setlist:</b> Picasso Moon, Jack-A-Roe, It&#039;s All Over Now, High Time, If the Shoe Fits, Lazy River Road, Easy Answers, Deal | Eyes of the World, Man Smart, Woman Smarter, Samba in the Rain, He&#039;s Gone, Drums, Space, China Doll, Sugar Magnolia | Lucy in the Sky With Diamonds<br/>]]>
      </description>
      <styleUrl>#deadIcon</styleUrl>
      <LookAt>
        <longitude>-76.89663970</longitude>
        <latitude>38.93400020</latitude>
        <altitude>0</altitude>
        <heading>0</heading>
        <tilt>0</tilt>
        <range>2000</range>
      </LookAt>
      <Point>
        <coordinates>-76.89663970,38.93400020,0</coordinates>
      </Point>
    </Placemark>
    <Placemark>
      <name>Oakland-Alameda County Coliseum Arena - November 12, 1994</name>
      <description>
        <![CDATA[<b>Date:</b> November 12, 1994<br/>
      <b>Venue:</b> Oakland-Alameda County Coliseum Arena<br/>
      <b>Location:</b> Oakland, California, United States<br/>
      
      <b>Setlist:</b> Help on the Way, Slipknot!, Franklin&#039;s Tower, The Little Red Rooster, Lazy River Road, Black-Throated Wind, If the Shoe Fits, Tennessee Jed, Promised Land | Here Comes Sunshine, Samson and Delilah, Samba in the Rain, Eyes of the World, Drums, Space, All Along the Watchtower, Days Between, Sugar Magnolia | Liberty<br/>]]>
      </description>
      <styleUrl>#deadIcon</styleUrl>
      <LookAt>
        <longitude>-122.20304900</longitude>
        <latitude>37.75033800</latitude>
        <altitude>0</altitude>
        <heading>0</heading>
        <tilt>0</tilt>
        <range>2000</range>
      </LookAt>
      <Point>
        <coordinates>-122.20304900,37.75033800,0</coordinates>
      </Point>
    </Placemark>
    <Placemark>
      <name>Oakland-Alameda County Coliseum Arena - December 12, 1994</name>
      <description>
        <![CDATA[<b>Date:</b> December 12, 1994<br/>
      <b>Venue:</b> Oakland-Alameda County Coliseum Arena<br/>
      <b>Location:</b> Oakland, California, United States<br/>
      
      <b>Setlist:</b> Jack Straw, Althea, Me and My Uncle, Maggie&#039;s Farm, Candyman, Easy Answers, Bird Song | Iko Iko, Childhood&#039;s End, Playing in the Band, Uncle John&#039;s Band, Terrapin Station, Drums, Space, Standing on the Moon, Throwing Stones, Not Fade Away | Brokedown Palace<br/>]]>
      </description>
      <styleUrl>#deadIcon</styleUrl>
      <LookAt>
        <longitude>-122.20304900</longitude>
        <latitude>37.75033800</latitude>
        <altitude>0</altitude>
        <heading>0</heading>
        <tilt>0</tilt>
        <range>2000</range>
      </LookAt>
      <Point>
        <coordinates>-122.20304900,37.75033800,0</coordinates>
      </Point>
    </Placemark>
    <Placemark>
      <name>The Pyramid Arena - January 4, 1995</name>
      <description>
        <![CDATA[<b>Date:</b> January 4, 1995<br/>
      <b>Venue:</b> The Pyramid Arena<br/>
      <b>Location:</b> Memphis, Tennessee, United States<br/>
      
      <b>Setlist:</b> Hell in a Bucket, Candyman, Take Me to the River, Lazy River Road, When I Paint My Masterpiece, Childhood&#039;s End, Deal | Foolish Heart, Way to Go Home, Saint of Circumstance, Eyes of the World, Drums, Space, The Wheel, All Along the Watchtower, Standing on the Moon | One More Saturday Night<br/>]]>
      </description>
      <styleUrl>#deadIcon</styleUrl>
      <LookAt>
        <longitude>-90.05177500</longitude>
        <latitude>35.15625940</latitude>
        <altitude>0</altitude>
        <heading>0</heading>
        <tilt>0</tilt>
        <range>2000</range>
      </LookAt>
      <Point>
        <coordinates>-90.05177500,35.15625940,0</coordinates>
      </Point>
    </Placemark>
    <Placemark>
      <name>The Pyramid Arena - February 4, 1995</name>
      <description>
        <![CDATA[<b>Date:</b> February 4, 1995<br/>
      <b>Venue:</b> The Pyramid Arena<br/>
      <b>Location:</b> Memphis, Tennessee, United States<br/>
      
      <b>Setlist:</b> Shakedown Street, The Same Thing, Althea, Stuck Inside of Mobile With the Memphis Blues Again, Tennessee Jed, Promised Land | Here Comes Sunshine, Eternity, Crazy Fingers, Estimated Prophet, Drums, Space, The Last Time, Wharf Rat, Not Fade Away | Unbroken Chain<br/>]]>
      </description>
      <styleUrl>#deadIcon</styleUrl>
      <LookAt>
        <longitude>-90.05177500</longitude>
        <latitude>35.15625940</latitude>
        <altitude>0</altitude>
        <heading>0</heading>
        <tilt>0</tilt>
        <range>2000</range>
      </LookAt>
      <Point>
        <coordinates>-90.05177500,35.15625940,0</coordinates>
      </Point>
    </Placemark>
    <Placemark>
      <name>Shoreline Amphitheatre - February 6, 1995</name>
      <description>
        <![CDATA[<b>Date:</b> February 6, 1995<br/>
      <b>Venue:</b> Shoreline Amphitheatre<br/>
      <b>Location:</b> Mountain View, California, United States<br/>
      
      <b>Setlist:</b> Alabama Getaway, Greatest Story Ever Told, Candyman, Good Morning, School Girl, Ramble On Rose, El Paso, Bird Song, Promised Land | New Speedway Boogie, That Would Be Something, Way to Go Home, Saint of Circumstance, He&#039;s Gone, Drums, Space, Easy Answers, Standing on the Moon, Around and Around | Lucy in the Sky With Diamonds<br/>]]>
      </description>
      <styleUrl>#deadIcon</styleUrl>
      <LookAt>
        <longitude>-122.08070230</longitude>
        <latitude>37.42683420</latitude>
        <altitude>0</altitude>
        <heading>0</heading>
        <tilt>0</tilt>
        <range>2000</range>
      </LookAt>
      <Point>
        <coordinates>-122.08070230,37.42683420,0</coordinates>
      </Point>
    </Placemark>
    <Placemark>
      <name>Deer Creek Music Center - February 7, 1995</name>
      <description>
        <![CDATA[<b>Date:</b> February 7, 1995<br/>
      <b>Venue:</b> Deer Creek Music Center<br/>
      <b>Location:</b> Noblesville, Indiana, United States<br/>
      
      <b>Setlist:</b> Here Comes Sunshine, Walkin&#039; Blues, Dire Wolf, It&#039;s All Over Now, Broken Arrow, Desolation Row, Tennessee Jed, Let It Grow | Scarlet Begonias, Fire on the Mountain, Victim or the Crime, It&#039;s All Too Much, New Speedway Boogie, Drums, Space, Attics of My Life, Sugar Magnolia | Quinn the Eskimo (The Mighty Quinn)<br/>]]>
      </description>
      <styleUrl>#deadIcon</styleUrl>
      <LookAt>
        <longitude>-85.93080130</longitude>
        <latitude>40.00485610</latitude>
        <altitude>0</altitude>
        <heading>0</heading>
        <tilt>0</tilt>
        <range>2000</range>
      </LookAt>
      <Point>
        <coordinates>-85.93080130,40.00485610,0</coordinates>
      </Point>
    </Placemark>
    <Placemark>
      <name>Shoreline Amphitheatre - March 6, 1995</name>
      <description>
        <![CDATA[<b>Date:</b> March 6, 1995<br/>
      <b>Venue:</b> Shoreline Amphitheatre<br/>
      <b>Location:</b> Mountain View, California, United States<br/>
      
      <b>Setlist:</b> Hell in a Bucket, Althea, The Little Red Rooster, Brown-Eyed Women, Broken Arrow, Stagger Lee, Eternity | China Cat Sunflower, I Know You Rider, Samba in the Rain, Playing in the Band, Uncle John&#039;s Band, Drums, Space, Box of Rain, Stella Blue, Throwing Stones, One More Saturday Night | Liberty<br/>]]>
      </description>
      <styleUrl>#deadIcon</styleUrl>
      <LookAt>
        <longitude>-122.08070230</longitude>
        <latitude>37.42683420</latitude>
        <altitude>0</altitude>
        <heading>0</heading>
        <tilt>0</tilt>
        <range>2000</range>
      </LookAt>
      <Point>
        <coordinates>-122.08070230,37.42683420,0</coordinates>
      </Point>
    </Placemark>
    <Placemark>
      <name>Birmingham-Jefferson Civic Center Coliseum - April 4, 1995</name>
      <description>
        <![CDATA[<b>Date:</b> April 4, 1995<br/>
      <b>Venue:</b> Birmingham-Jefferson Civic Center Coliseum<br/>
      <b>Location:</b> Birmingham, Alabama, United States<br/>
      
      <b>Setlist:</b> Feel Like a Stranger, Sugaree, Minglewood Blues, Ramble On Rose, Black-Throated Wind, Don&#039;t Ease Me In | Victim or the Crime, Iko Iko, Corrina, Terrapin Station, Drums, Space, Easy Answers, Stella Blue, Around and Around | Quinn the Eskimo (The Mighty Quinn)<br/>]]>
      </description>
      <styleUrl>#deadIcon</styleUrl>
      <LookAt>
        <longitude>-86.81150930</longitude>
        <latitude>33.52556020</latitude>
        <altitude>0</altitude>
        <heading>0</heading>
        <tilt>0</tilt>
        <range>2000</range>
      </LookAt>
      <Point>
        <coordinates>-86.81150930,33.52556020,0</coordinates>
      </Point>
    </Placemark>
    <Placemark>
      <name>Shoreline Amphitheatre - April 6, 1995</name>
      <description>
        <![CDATA[<b>Date:</b> April 6, 1995<br/>
      <b>Venue:</b> Shoreline Amphitheatre<br/>
      <b>Location:</b> Mountain View, California, United States<br/>
      
      <b>Setlist:</b> Bertha, Wang Dang Doodle, Peggy-O, Queen Jane Approximately, Loose Lucy, Mama Tried, Mexicali Blues, Lazy River Road, Cassidy | Here Comes Sunshine, Victim or the Crime, Unbroken Chain, Eyes of the World, Drums, Space, I Need a Miracle, Days Between, Not Fade Away | Brokedown Palace<br/>]]>
      </description>
      <styleUrl>#deadIcon</styleUrl>
      <LookAt>
        <longitude>-122.08070230</longitude>
        <latitude>37.42683420</latitude>
        <altitude>0</altitude>
        <heading>0</heading>
        <tilt>0</tilt>
        <range>2000</range>
      </LookAt>
      <Point>
        <coordinates>-122.08070230,37.42683420,0</coordinates>
      </Point>
    </Placemark>
    <Placemark>
      <name>Birmingham-Jefferson Civic Center Coliseum - May 4, 1995</name>
      <description>
        <![CDATA[<b>Date:</b> May 4, 1995<br/>
      <b>Venue:</b> Birmingham-Jefferson Civic Center Coliseum<br/>
      <b>Location:</b> Birmingham, Alabama, United States<br/>
      
      <b>Setlist:</b> Touch of Grey, Wang Dang Doodle, Stagger Lee, Me and My Uncle, Maggie&#039;s Farm, Row Jimmy, The Music Never Stopped | Here Comes Sunshine, Way to Go Home, Truckin&#039;, That Would Be Something, Uncle John&#039;s Band, Matilda, Drums, Space, I Need a Miracle, Morning Dew | Johnny B. Goode<br/>]]>
      </description>
      <styleUrl>#deadIcon</styleUrl>
      <LookAt>
        <longitude>-86.81150930</longitude>
        <latitude>33.52556020</latitude>
        <altitude>0</altitude>
        <heading>0</heading>
        <tilt>0</tilt>
        <range>2000</range>
      </LookAt>
      <Point>
        <coordinates>-86.81150930,33.52556020,0</coordinates>
      </Point>
    </Placemark>
    <Placemark>
      <name>Riverport Amphitheatre - May 7, 1995</name>
      <description>
        <![CDATA[<b>Date:</b> May 7, 1995<br/>
      <b>Venue:</b> Riverport Amphitheatre<br/>
      <b>Location:</b> Maryland Heights, Missouri, United States<br/>
      
      <b>Setlist:</b> Feel Like a Stranger, Peggy-O, The Same Thing, Loose Lucy, Childhood&#039;s End, El Paso, Don&#039;t Ease Me In | Iko Iko, Playing in the Band, Crazy Fingers, Corrina, Drums, Space, Going Down the Road Feeling Bad, Throwing Stones, Not Fade Away | Black Muddy River<br/>]]>
      </description>
      <styleUrl>#deadIcon</styleUrl>
      <LookAt>
        <longitude>-90.46960750</longitude>
        <latitude>38.74437560</latitude>
        <altitude>0</altitude>
        <heading>0</heading>
        <tilt>0</tilt>
        <range>2000</range>
      </LookAt>
      <Point>
        <coordinates>-90.46960750,38.74437560,0</coordinates>
      </Point>
    </Placemark>
    <Placemark>
      <name>Riverport Amphitheatre - June 7, 1995</name>
      <description>
        <![CDATA[<b>Date:</b> June 7, 1995<br/>
      <b>Venue:</b> Riverport Amphitheatre<br/>
      <b>Location:</b> Maryland Heights, Missouri, United States<br/>
      
      <b>Setlist:</b> Mississippi Half-Step Uptown Toodeloo, Take Me to the River, Big Boss Man, Me and My Uncle, Big River, Brown-Eyed Women, Cassidy | Eyes of the World, Unbroken Chain, Samba in the Rain, Truckin&#039;, He&#039;s Gone, Drums, Space, The Last Time, Stella Blue, Around and Around | Liberty<br/>]]>
      </description>
      <styleUrl>#deadIcon</styleUrl>
      <LookAt>
        <longitude>-90.46960750</longitude>
        <latitude>38.74437560</latitude>
        <altitude>0</altitude>
        <heading>0</heading>
        <tilt>0</tilt>
        <range>2000</range>
      </LookAt>
      <Point>
        <coordinates>-90.46960750,38.74437560,0</coordinates>
      </Point>
    </Placemark>
    <Placemark>
      <name>Tampa Stadium - July 4, 1995</name>
      <description>
        <![CDATA[<b>Date:</b> July 4, 1995<br/>
      <b>Venue:</b> Tampa Stadium<br/>
      <b>Location:</b> Tampa, Florida, United States<br/>
      
      <b>Setlist:</b> Jack Straw, Peggy-O, The Little Red Rooster, Loose Lucy, When I Paint My Masterpiece, Visions of Johanna, Promised Land | Eyes of the World, Saint of Circumstance, Samba in the Rain, Unbroken Chain, Corrina, Drums, Space, Easy Answers, Days Between, Not Fade Away | U.S. Blues<br/>]]>
      </description>
      <styleUrl>#deadIcon</styleUrl>
      <LookAt>
        <longitude>-82.50547200</longitude>
        <latitude>27.96083100</latitude>
        <altitude>0</altitude>
        <heading>0</heading>
        <tilt>0</tilt>
        <range>2000</range>
      </LookAt>
      <Point>
        <coordinates>-82.50547200,27.96083100,0</coordinates>
      </Point>
    </Placemark>
    <Placemark>
      <name>Soldier Field - August 7, 1995</name>
      <description>
        <![CDATA[<b>Date:</b> August 7, 1995<br/>
      <b>Venue:</b> Soldier Field<br/>
      <b>Location:</b> Chicago, Illinois, United States<br/>
      
      <b>Setlist:</b> Jack Straw, Sugaree, Wang Dang Doodle, Althea, Queen Jane Approximately, Tennessee Jed, Eternity, Don&#039;t Ease Me In | China Cat Sunflower, I Know You Rider, It&#039;s All Too Much, Saint of Circumstance, Terrapin Station, Drums, Space, The Other One, Visions of Johanna, One More Saturday Night | U.S. Blues<br/>]]>
      </description>
      <styleUrl>#deadIcon</styleUrl>
      <LookAt>
        <longitude>-87.61668840</longitude>
        <latitude>41.86231320</latitude>
        <altitude>0</altitude>
        <heading>0</heading>
        <tilt>0</tilt>
        <range>2000</range>
      </LookAt>
      <Point>
        <coordinates>-87.61668840,41.86231320,0</coordinates>
      </Point>
    </Placemark>
    <Placemark>
      <name>Soldier Field - September 7, 1995</name>
      <description>
        <![CDATA[<b>Date:</b> September 7, 1995<br/>
      <b>Venue:</b> Soldier Field<br/>
      <b>Location:</b> Chicago, Illinois, United States<br/>
      
      <b>Setlist:</b> Touch of Grey, The Little Red Rooster, Lazy River Road, When I Paint My Masterpiece, Childhood&#039;s End, Cumberland Blues, Promised Land | Shakedown Street, Samson and Delilah, So Many Roads, Samba in the Rain, Corrina, Drums, Space, Unbroken Chain, Sugar Magnolia | Black Muddy River, Box of Rain, The Star-Spangled Banner<br/>
      
      <b>Notes:</b> Grateful Dead&#039;s last show with Jerry Garcia.<br/>]]>
      </description>
      <styleUrl>#deadIcon</styleUrl>
      <LookAt>
        <longitude>-87.61668840</longitude>
        <latitude>41.86231320</latitude>
        <altitude>0</altitude>
        <heading>0</heading>
        <tilt>0</tilt>
        <range>2000</range>
      </LookAt>
      <Point>
        <coordinates>-87.61668840,41.86231320,0</coordinates>
      </Point>
    </Placemark>
    <Placemark>
      <name>Soldier Field - March 7, 2015</name>
      <description>
        <![CDATA[<b>Date:</b> March 7, 2015<br/>
      <b>Venue:</b> Soldier Field<br/>
      <b>Location:</b> Chicago, Illinois, United States<br/>
      
      <b>Setlist:</b> Box of Rain, Jack Straw, Bertha, Passenger, The Wheel, Crazy Fingers, The Music Never Stopped | Mason&#039;s Children, Scarlet Begonias, Fire on the Mountain, Drums, Space, New Potato Caboose, Playing in the Band, Let It Grow, Help on the Way, Slipknot!, Franklin&#039;s Tower | Ripple<br/>
      
      <b>Notes:</b> Billed as &quot;Fare Thee Well: Celebrating 50 Years of Grateful Dead&quot;. Featuring Phil Lesh, Bob Weir, Mickey Hart, Bill Kreutzmann, Trey Anastasio, Bruce Hornsby, and Jeff Chimenti. Entire concert simulcast live in multiple formats and locations.<br/>]]>
      </description>
      <styleUrl>#deadIcon</styleUrl>
      <LookAt>
        <longitude>-87.61668840</longitude>
        <latitude>41.86231320</latitude>
        <altitude>0</altitude>
        <heading>0</heading>
        <tilt>0</tilt>
        <range>2000</range>
      </LookAt>
      <Point>
        <coordinates>-87.61668840,41.86231320,0</coordinates>
      </Point>
    </Placemark>
    <Placemark>
      <name>Soldier Field - April 7, 2015</name>
      <description>
        <![CDATA[<b>Date:</b> April 7, 2015<br/>
      <b>Venue:</b> Soldier Field<br/>
      <b>Location:</b> Chicago, Illinois, United States<br/>
      
      <b>Setlist:</b> Shakedown Street, Liberty, Standing on the Moon, Me and My Uncle, Tennessee Jed, Cumberland Blues, The Little Red Rooster, Friend of the Devil, Deal | Bird Song, The Golden Road (to Unlimited Devotion), Lost Sailor, Saint of Circumstance, West L.A. Fadeaway, Foolish Heart, Drums, Space, Stella Blue, One More Saturday Night | U.S. Blues<br/>
      
      <b>Notes:</b> Billed as &quot;Fare Thee Well: Celebrating 50 Years of Grateful Dead&quot;. Featuring Phil Lesh, Bob Weir, Mickey Hart, Bill Kreutzmann, Trey Anastasio, Bruce Hornsby, and Jeff Chimenti. Entire concert simulcast live in multiple formats and locations.<br/>]]>
      </description>
      <styleUrl>#deadIcon</styleUrl>
      <LookAt>
        <longitude>-87.61668840</longitude>
        <latitude>41.86231320</latitude>
        <altitude>0</altitude>
        <heading>0</heading>
        <tilt>0</tilt>
        <range>2000</range>
      </LookAt>
      <Point>
        <coordinates>-87.61668840,41.86231320,0</coordinates>
      </Point>
    </Placemark>
    <Placemark>
      <name>Soldier Field - May 7, 2015</name>
      <description>
        <![CDATA[<b>Date:</b> May 7, 2015<br/>
      <b>Venue:</b> Soldier Field<br/>
      <b>Location:</b> Chicago, Illinois, United States<br/>
      
      <b>Setlist:</b> China Cat Sunflower, I Know You Rider, Estimated Prophet, Built to Last, Samson and Delilah, Mountains of the Moon, Throwing Stones | Truckin&#039;, Cassidy, Althea, Terrapin Station, Drums, Space, Unbroken Chain, Days Between, Not Fade Away | Touch of Grey | Attics of My Life<br/>
      
      <b>Notes:</b> Billed as &quot;Fare Thee Well: Celebrating 50 Years of Grateful Dead&quot;. Featuring Phil Lesh, Bob Weir, Mickey Hart, Bill Kreutzmann, Trey Anastasio, Bruce Hornsby and Jeff Chimenti. Second set was preceded by another fireworks display. Video montage of past/present band members during &quot;Attics of My Life&quot;. Entire concert simulcast live in multiple formats and locations.<br/>]]>
      </description>
      <styleUrl>#deadIcon</styleUrl>
      <LookAt>
        <longitude>-87.61668840</longitude>
        <latitude>41.86231320</latitude>
        <altitude>0</altitude>
        <heading>0</heading>
        <tilt>0</tilt>
        <range>2000</range>
      </LookAt>
      <Point>
        <coordinates>-87.61668840,41.86231320,0</coordinates>
      </Point>
    </Placemark>
  </Document>
</kml>